i,G,S,U,V,D,Y
1,2,0,0,1,-0.6328628789340867,1
2,1,1,1,1,0.8364946975287466,0
3,1,0,1,0,1.9719460172435466,0
4,1,1,1,1,-inf,1
5,3,0,0,0,-0.578637013742096,1
6,3,0,0,0,1.382507837410631,0
7,2,1,0,1,0.4308975500351353,1
8,3,0,1,1,2.684227329543825,1
9,2,1,0,0,-0.5290100051327179,0
10,3,0,0,1,3.6472230839338433,1
11,3,1,0,1,1.074959954712578,0
12,1,0,0,1,2.2166902183294814,1
13,3,1,0,0,0.008643913236600076,0
14,1,0,1,1,-0.20526874723920152,0
15,3,1,1,1,3.0538756161982525,1
16,1,0,0,0,1.222163316795736,1
17,3,1,1,1,0.9279780693647169,1
18,2,0,0,0,0.9022030831506784,0
19,1,1,1,1,0.47872513589271165,1
20,2,1,0,1,0.24919403745378377,0
21,1,0,0,0,0.6377138356069366,1
22,1,1,0,1,-1.7584717433703305,1
23,2,1,0,1,0.8365649843637357,1
24,2,1,1,1,-0.35333953243564065,1
25,2,0,0,1,2.763939070401523,1
26,2,0,0,0,0.4612906684448409,0
27,3,1,1,0,1.842753985614767,1
28,3,0,0,0,-3.735920325025924,0
29,2,0,1,0,2.2315492064550253,1
30,2,0,1,1,2.722366910036212,1
31,2,1,0,0,0.18489833117151788,1
32,2,0,0,0,1.7039519454360348,1
33,1,1,1,0,-1.379325035987991,0
34,3,0,1,0,0.41549439955066875,0
35,2,1,1,1,2.9689952112339064,1
36,2,1,1,0,1.142592526609729,0
37,2,1,1,0,-0.11708474926019935,0
38,3,1,0,1,3.3150229782292366,1
39,3,1,1,0,-1.5362369648624068,0
40,2,0,1,0,1.1746770088135103,0
41,2,0,1,0,-1.830510114473536,1
42,2,0,0,1,0.214275181722409,0
43,2,1,0,1,-2.1018868737675933,0
44,2,0,0,1,-0.11769891101478726,0
45,2,0,0,0,1.518389840475888,1
46,3,1,1,1,0.1485192726516702,0
47,1,1,1,1,-0.11876840037440428,1
48,2,1,1,0,2.011682302797321,0
49,1,1,1,0,-0.45652190562681444,0
50,3,0,1,1,1.2918069571028317,1
51,3,0,0,1,2.8707864105460708,1
52,1,0,0,0,-1.7744639994798623,0
53,3,1,0,1,1.6386458039926204,1
54,1,0,0,1,-2.051758692372972,1
55,2,1,0,0,-1.1367874578653305,0
56,1,0,1,0,-1.35270317845378,0
57,2,1,1,1,0.9362493178534153,1
58,3,0,0,0,1.975810958051933,1
59,1,1,1,1,0.9535884963146439,1
60,1,0,1,1,-inf,0
61,2,1,1,1,1.3915038437113167,0
62,1,0,0,1,-1.7482973415565557,1
63,1,0,0,0,-2.0495166374824723,0
64,2,0,0,0,-2.9660490653520375,0
65,1,0,1,0,0.024668105959393505,1
66,2,1,1,0,1.0824684470726154,0
67,1,0,0,0,-0.26446929973475247,1
68,3,0,0,1,1.0452180601559606,1
69,2,1,1,1,1.812294946150339,1
70,1,0,1,0,-inf,0
71,2,1,0,1,1.2526077322548888,0
72,3,1,0,0,0.3012401940148525,1
73,2,0,0,0,-1.6707695157346913,0
74,3,1,0,0,-inf,0
75,2,1,1,0,-1.5947921408913244,0
76,2,1,0,0,-inf,1
77,2,0,0,0,0.3272051495175625,0
78,3,1,0,1,-inf,1
79,3,1,0,1,0.7413552306483817,0
80,2,0,1,1,3.7978340802477994,1
81,3,1,0,0,-0.9054738078567314,0
82,2,0,1,0,0.30205529894843,0
83,2,1,0,0,1.1453244913593625,0
84,3,1,0,0,1.599836912293541,0
85,2,0,0,0,0.6126365369475136,0
86,3,1,0,1,2.416186630923591,1
87,3,0,1,1,1.6180140153047091,1
88,3,1,0,0,0.410792242253614,0
89,1,1,1,1,1.497713287546861,1
90,3,1,0,0,1.6458643004663647,0
91,3,0,0,0,-1.7088631334228004,0
92,3,1,0,0,-inf,0
93,1,1,1,0,1.4193521770913664,1
94,3,0,0,0,-inf,1
95,3,0,1,0,0.9681234112055898,0
96,3,1,1,0,-1.1378753650225382,0
97,1,1,1,0,1.611790104324901,1
98,3,1,1,1,2.1912960832411184,1
99,3,1,0,0,-1.0680476027705983,0
100,3,1,0,1,2.4239449631377763,1
101,2,1,1,1,1.92670781228514,1
102,1,0,1,1,0.3417933934864156,1
103,3,0,1,1,0.9607739187211715,0
104,3,0,0,0,1.9566880663442758,1
105,1,0,0,1,-0.6947530324803769,0
106,2,1,0,0,2.689367795392574,1
107,2,1,1,1,2.1689888899013625,0
108,3,1,1,1,1.141679514803456,1
109,1,1,1,0,0.48888559668109166,0
110,3,0,0,0,2.0460752484146045,0
111,2,1,0,0,1.316248937053877,0
112,1,0,0,0,-1.6477724620982754,0
113,3,0,0,0,0.07774159178891936,0
114,1,1,0,0,-2.705230944646414,0
115,3,0,1,0,0.7910405513336982,1
116,2,1,1,1,2.290480939986844,1
117,3,1,0,1,0.5288545017986412,0
118,1,1,0,1,1.7862363541228934,1
119,3,0,0,0,0.9716454534643986,1
120,1,1,1,0,-inf,0
121,2,1,1,1,2.4005096132159496,0
122,2,1,0,0,-0.7932751953582634,0
123,3,0,1,1,1.7778869972700064,0
124,2,1,0,0,-1.4302920082969863,0
125,1,0,1,1,-1.3691879248671845,0
126,1,0,1,1,1.1270993444441169,1
127,3,0,1,0,-inf,1
128,1,0,1,1,-1.478476947265131,1
129,1,0,0,1,-inf,1
130,1,0,1,0,1.4161139101437596,1
131,2,1,0,1,1.0901869980598153,0
132,2,1,1,0,0.08467795166150544,0
133,3,1,0,1,1.3838957786599546,1
134,2,0,1,1,2.0302154482633097,1
135,1,0,1,0,0.4295273003620823,0
136,2,1,0,0,2.8150978696512263,0
137,3,1,1,1,1.2120662008378877,1
138,2,0,1,1,0.17225886133554136,0
139,3,0,0,0,1.016203789756555,1
140,2,0,1,0,-2.67381021106955,0
141,2,1,0,0,-1.4450840809444068,0
142,2,1,0,1,-inf,1
143,3,0,1,1,2.2548773909830997,1
144,1,0,1,1,2.6643611693283784,1
145,2,0,0,1,-0.9259809029736001,1
146,3,0,1,0,-2.293865373012791,0
147,1,0,1,0,-inf,0
148,3,0,0,0,-2.759381475548125,0
149,2,0,1,1,2.0553357587426326,0
150,3,0,0,0,-0.16226342904238553,0
151,1,1,0,0,-0.36713329582786963,0
152,2,0,1,1,0.6387363343445538,1
153,1,1,1,0,-1.5768114985081503,0
154,2,1,1,1,2.2426027254939607,0
155,1,1,1,0,-1.0098279458809991,0
156,3,1,0,0,0.3670596152906108,0
157,3,0,0,0,-0.056777627282769305,1
158,1,0,1,1,-0.6407376042145179,0
159,3,1,0,0,-0.2572799614488279,0
160,1,0,1,0,-0.6775371713818618,0
161,2,0,1,1,1.5704766445898597,1
162,2,1,1,1,3.7907694330890527,1
163,2,0,0,1,1.1398530173226513,0
164,3,1,0,1,0.3299723407196919,1
165,3,1,0,1,0.2567951934420317,1
166,2,1,0,1,-0.10183989660983817,1
167,1,1,1,1,1.4710045325043186,1
168,3,1,1,0,-inf,1
169,3,1,1,0,0.12374892135554194,0
170,2,1,1,0,1.680470114791305,1
171,2,1,1,0,3.221832469101253,0
172,3,1,1,1,1.4669613525993412,1
173,2,0,1,1,1.300874824988159,1
174,1,1,0,1,2.227219496761341,1
175,3,1,0,1,2.228713847283399,0
176,3,1,0,0,0.9151069573698425,0
177,2,0,0,0,-0.5373606684766923,1
178,3,1,0,0,0.6554407891023701,0
179,3,1,1,0,-inf,1
180,3,1,1,1,3.5519120931305364,1
181,3,0,0,1,2.1958752634577796,1
182,1,0,1,0,0.7637867691136091,0
183,1,0,1,1,1.0575092809346203,1
184,2,1,1,0,-0.20803017692356585,1
185,3,1,0,1,1.4491117794440342,1
186,1,0,0,0,1.1773886171204624,0
187,2,0,0,1,0.5148625273177635,1
188,3,0,0,0,0.5713719345080732,0
189,2,0,0,1,3.022885797193185,0
190,2,1,0,1,-0.05613024199536654,1
191,1,0,1,1,-2.4076761912761877,0
192,2,1,0,1,0.5107228093696379,1
193,2,0,0,1,-inf,1
194,1,0,1,1,1.6776648385570945,1
195,3,1,0,0,0.47904890350657503,0
196,2,0,1,0,1.3086355006828287,1
197,1,0,1,1,0.5618015658529318,1
198,3,0,0,0,0.9174757173766421,0
199,3,1,0,0,-0.08258567627986502,1
200,2,0,0,1,2.2131051276194476,1
201,2,1,1,0,-0.9194140659683279,0
202,1,1,1,0,-1.0945762061695807,0
203,2,0,0,0,1.4665337802934788,0
204,1,0,1,0,-0.36970692331650623,0
205,2,1,0,1,-inf,0
206,2,1,1,0,-0.734604273801764,1
207,3,1,1,0,2.934580333916512,1
208,1,1,0,1,0.79826503812588,1
209,2,1,0,1,1.5121317141448962,1
210,3,0,0,1,0.47603108439272135,1
211,1,1,1,1,-1.4170703606597166,0
212,2,1,0,1,0.18726445564468763,0
213,1,0,0,1,-0.59286871326821,0
214,3,1,0,1,2.2575611329669374,1
215,1,1,1,1,-1.5967131945335908,0
216,2,1,0,0,1.6863884024147064,0
217,3,1,0,1,0.8417447150852817,1
218,2,0,0,1,2.5090084208601042,1
219,3,1,0,0,0.369013963774685,0
220,3,1,0,1,1.5820138896313403,1
221,3,0,0,0,0.7269530637178129,0
222,1,0,0,1,-inf,1
223,1,1,0,1,0.6031465109732599,1
224,1,0,1,1,2.6429164615858323,1
225,3,1,0,1,1.788719699196332,1
226,2,1,0,1,0.26585937788372493,1
227,2,0,0,0,1.46923402509319,0
228,1,1,1,1,1.2582905088059806,1
229,2,1,0,1,-0.07261867407027256,1
230,2,1,1,1,2.3871071876934247,0
231,3,1,0,0,-0.45650818233561663,0
232,2,0,0,0,0.708194160261133,0
233,2,0,0,0,-0.7508564158067309,0
234,3,1,1,1,1.7595796472387555,0
235,1,0,0,1,0.023349890698888265,1
236,2,0,1,1,1.8773396857884819,1
237,1,0,0,1,-0.3473848943053568,1
238,3,1,0,0,1.3286847753423654,0
239,2,1,0,1,1.642315146861914,1
240,3,1,0,0,-1.4307821259031916,0
241,1,0,0,1,-0.7070983747433663,1
242,3,1,1,0,1.5655560323730826,0
243,3,1,1,0,1.57456107309366,0
244,2,1,1,0,-inf,0
245,3,1,1,1,1.3822112440225591,1
246,2,0,1,1,0.2881527143875594,0
247,2,0,1,1,1.654698494115127,1
248,3,0,1,1,2.4079508191574748,1
249,1,0,1,0,-inf,0
250,3,0,0,1,2.677609365716593,1
251,2,1,1,1,1.9239495504809292,1
252,2,1,0,1,-inf,1
253,3,0,1,1,3.250878711415282,1
254,3,1,0,0,-0.8766669040334224,0
255,2,1,0,0,-2.1295237847951216,0
256,2,1,0,0,-2.1028265683952716,0
257,3,0,0,0,1.0566493777930401,0
258,1,1,1,0,0.46277601796228474,0
259,3,0,0,1,0.4587486907041103,1
260,3,1,0,1,-inf,1
261,3,1,0,1,4.1277392565456275,1
262,2,0,1,0,-inf,1
263,3,0,0,0,-inf,0
264,1,1,0,0,-2.1149189329652938,1
265,2,0,0,0,0.3268320949404557,0
266,2,0,0,0,-1.0320952001521484,0
267,2,1,0,1,1.415488458465611,1
268,1,1,0,0,-0.7869580279249088,0
269,2,1,1,0,1.3691140425429533,0
270,1,0,0,0,-1.5808663748511504,1
271,3,0,1,0,2.659104497477762,0
272,3,1,0,1,0.9795220853608562,0
273,1,0,1,0,-inf,0
274,3,1,0,1,0.08875224239512502,1
275,3,1,0,0,-inf,0
276,3,0,0,1,-0.09308601990032872,0
277,3,0,1,0,1.4277399552445944,0
278,2,0,1,0,-0.5313082358606473,0
279,3,0,0,1,2.2898396678695123,1
280,3,1,1,1,3.782566889194977,1
281,2,0,1,1,1.8246877867182292,1
282,3,0,1,1,2.7778318847504746,1
283,3,1,1,1,1.4842664323791308,1
284,2,0,0,1,0.2718466186645153,1
285,3,1,0,1,-inf,1
286,3,1,1,1,2.1245527718882435,1
287,1,0,0,0,-0.3900591090570691,1
288,3,1,0,0,1.7584102311896253,1
289,2,1,0,0,-1.2928112287906277,0
290,1,0,1,0,-1.3339891899591847,0
291,2,0,0,1,1.8542349755955623,1
292,1,0,0,0,-0.5130799397436312,0
293,2,0,1,0,-0.30866075142528404,1
294,2,1,1,1,-0.2884443627158071,0
295,2,0,0,0,0.03255157572474865,0
296,2,1,1,0,-2.3121321914908415,0
297,1,0,1,1,0.34116488023426594,1
298,3,1,1,1,2.3990974037244044,1
299,2,0,0,1,1.1978843039733498,1
300,3,1,0,1,-1.3553758475239348,0
301,3,1,0,1,1.7921855876475052,1
302,2,1,0,1,0.15709312588661573,1
303,1,0,0,1,-2.4080624025489508,1
304,3,1,0,0,4.3675856805903095,0
305,2,0,1,0,0.2259996394645048,1
306,3,0,0,1,2.402068683130463,1
307,2,0,1,1,1.94511313764092,0
308,3,1,0,0,-0.7061732545990071,1
309,3,0,1,0,0.10711228008394436,1
310,2,0,1,1,2.2973884698546256,1
311,1,1,1,1,0.4657794987993478,1
312,2,0,0,0,-1.0200868011700153,0
313,3,1,1,1,2.0376188743816317,1
314,2,1,1,0,2.379958577232598,0
315,2,1,0,0,-0.5911482823556093,1
316,1,1,1,1,2.1776445620075653,1
317,3,0,0,1,2.2019996707721647,1
318,1,0,0,0,-0.7778311487797116,1
319,1,1,0,0,-3.8559731081656734,0
320,3,1,0,0,1.0868530744029519,0
321,2,1,0,1,2.0788669694124584,1
322,2,1,0,1,-1.0268577917491883,1
323,3,0,1,0,-1.0071693489959483,1
324,1,1,0,1,-0.4341429799055156,1
325,2,1,1,1,1.3673039167217984,1
326,2,0,1,0,0.1504610517489381,0
327,1,0,1,0,0.800842315291329,0
328,2,1,0,0,-1.266919867656197,1
329,2,1,0,1,0.2853613400554208,1
330,2,1,0,1,-inf,0
331,3,1,1,0,-0.1933442873436001,0
332,1,0,1,1,1.6854828370442887,1
333,2,1,0,0,-1.6292437950083698,0
334,1,0,0,0,-2.341846101442569,0
335,1,0,1,1,2.9597799648892966,1
336,3,1,1,1,3.6243541647710784,1
337,3,0,0,0,0.21024986188357336,0
338,2,1,0,1,0.8311772117287025,1
339,1,0,0,0,-inf,0
340,2,0,0,0,-inf,1
341,1,1,0,0,-0.739203863902374,0
342,3,0,0,1,0.8852886641525296,0
343,3,0,0,0,0.6405683871897981,1
344,2,1,1,1,2.0029425532190954,1
345,2,0,0,1,-0.9365404458848172,1
346,1,1,1,1,2.6591753397597024,1
347,1,0,0,1,-inf,1
348,2,0,0,1,-1.4910499116360971,1
349,2,1,1,0,2.571016828991549,0
350,3,1,0,1,1.3776027583025783,1
351,3,1,0,0,1.242432622052308,1
352,1,0,0,1,-inf,1
353,2,0,0,0,1.8954565237498464,1
354,2,0,1,1,0.31188882456367384,1
355,1,1,0,1,-0.4517808101852683,0
356,2,0,0,1,1.5151051778252715,0
357,3,0,0,0,0.6139086735656611,1
358,3,0,0,0,-2.382897537692351,0
359,2,1,1,1,1.7012069126590799,1
360,1,1,0,1,1.3405381958240312,0
361,3,0,1,0,-1.5624795950276327,0
362,2,0,0,0,-0.9178945926952058,0
363,2,0,1,0,-0.3331784842908334,1
364,1,0,0,1,0.7327394524659083,0
365,1,1,0,1,1.6242391595781958,0
366,1,1,1,1,2.1383603962771405,1
367,2,1,1,1,0.7933092856909614,1
368,1,0,0,1,-1.1672478783269853,0
369,3,0,1,0,0.7439456156111317,0
370,1,1,0,1,1.383881672578981,1
371,2,0,0,1,1.9634974599436414,1
372,2,0,1,1,1.5906028519077016,1
373,1,1,1,1,1.3693258950718024,1
374,3,0,0,0,-inf,1
375,2,0,1,1,-0.25188843048987797,1
376,3,1,0,1,1.1900071058775867,1
377,1,0,0,0,-inf,0
378,2,1,1,0,-inf,0
379,2,0,0,0,-0.6790061867153674,0
380,2,0,0,0,-3.00693974956922,1
381,1,1,1,0,0.499098877160131,1
382,1,0,1,1,1.064257588499908,1
383,3,1,0,1,1.4834426523404174,0
384,1,1,1,0,-2.8083554637157757,0
385,3,1,1,1,2.606342431156425,1
386,3,1,0,0,-1.0361714499113193,0
387,2,0,1,1,3.7957271003520727,0
388,2,1,1,1,3.6058605820193153,1
389,3,1,0,1,-inf,1
390,2,0,1,0,0.06185706158022852,0
391,3,0,1,0,0.4819647773319905,1
392,3,1,0,0,0.670977878014895,0
393,2,0,1,0,-0.635943653031943,0
394,3,1,0,0,1.1145258900703843,1
395,3,0,0,1,0.6777187696359602,1
396,1,0,0,0,0.2836223868630114,0
397,3,1,1,0,1.3357126111137303,0
398,1,1,0,0,-1.4808660596302747,0
399,2,0,0,0,0.802039295108808,1
400,2,1,1,0,0.754546736365859,0
401,1,0,1,0,-inf,0
402,3,0,0,1,1.9998145503793856,1
403,1,1,1,0,-1.1539192097988014,1
404,1,0,0,0,-1.5299296563710576,0
405,2,0,0,0,-1.2278883751378626,0
406,3,0,0,0,-1.8608509515550742,0
407,1,0,0,0,-1.6610698466036895,0
408,3,0,1,0,1.908269877838644,0
409,1,1,1,1,0.48713955111536855,1
410,2,1,0,0,0.1689784580239876,0
411,3,0,1,1,2.293294887870547,1
412,3,1,0,1,2.121513850245065,0
413,3,0,1,1,1.8533436546249935,1
414,2,1,0,1,0.4728419449832042,1
415,3,1,0,1,1.7632053116636557,1
416,3,1,0,0,1.4273073907073939,1
417,3,0,0,0,1.3179467406470118,0
418,3,1,1,0,2.187168576233804,0
419,2,1,0,0,1.4563584544935186,0
420,2,1,1,1,-inf,1
421,2,0,0,1,0.21799588971705547,1
422,1,0,0,1,1.0953010466478141,0
423,3,1,1,1,0.8589935997984125,1
424,1,0,1,0,1.0549305850072077,1
425,2,1,1,1,0.6570814558783467,0
426,2,0,1,0,0.10257936509073518,1
427,2,0,0,0,-0.7666860214558388,1
428,3,1,0,0,-inf,0
429,1,0,1,0,0.4837653353244561,0
430,2,0,0,1,3.5768901659476287,1
431,2,0,1,1,2.1427879279153474,1
432,2,0,0,0,0.37295597330843977,0
433,2,1,1,0,-0.7346705921423283,0
434,2,0,1,0,0.10264592656851951,0
435,3,0,1,0,3.127235613826948,0
436,2,0,1,1,-inf,0
437,2,1,1,1,-inf,1
438,1,0,1,0,-2.9428435924158514,0
439,1,0,1,1,1.9918369903802702,0
440,2,1,1,0,0.41473424632560213,0
441,2,1,1,0,-inf,0
442,1,1,1,1,2.801061958722635,1
443,3,1,0,1,1.4363717687489252,1
444,2,1,0,0,-1.8660472282247682,0
445,2,0,1,1,-0.74718943014488,0
446,3,1,0,0,-0.5595150730096554,0
447,2,1,1,1,1.5902703057844911,1
448,2,1,0,0,-0.4046492082455465,0
449,1,1,0,1,-1.1423279704236569,1
450,1,1,0,0,-0.722470897943649,1
451,3,1,0,0,0.1588893385947523,0
452,3,0,1,1,1.50125980385927,1
453,2,1,1,1,2.0694172412234235,1
454,2,0,0,0,-0.11938535141719078,0
455,2,0,0,1,1.166662900955048,1
456,2,1,0,0,0.17148218198733295,0
457,3,0,1,1,0.7907679814082947,0
458,2,0,0,0,0.14726754810360188,1
459,1,1,1,1,1.254619080438717,1
460,3,0,0,0,2.7569249442096297,0
461,3,1,0,0,-1.0703614469589526,1
462,1,0,0,0,0.8459510867121504,1
463,1,1,1,0,0.014464643247787845,0
464,2,0,1,0,2.5346989631461834,0
465,3,0,1,0,0.6828481105905482,0
466,2,0,0,0,-1.272829085514237,0
467,1,0,0,0,-1.1221480477163488,0
468,1,0,0,1,-1.1965168226017848,1
469,2,0,1,1,0.3792130349758229,0
470,3,1,0,1,3.225396887485652,1
471,1,1,1,0,-1.3715237472712216,1
472,1,0,0,0,-0.9164366936223332,0
473,2,1,0,1,2.5106314883139484,0
474,1,0,0,0,0.363061199515767,0
475,1,0,1,0,0.15004823500429,0
476,3,1,1,1,1.250202997617281,1
477,3,0,0,1,2.743223818221253,1
478,2,0,0,0,-0.666752495565068,0
479,1,0,1,1,-0.13057044038736185,1
480,1,1,1,1,-inf,0
481,2,0,0,1,1.9652956648699573,1
482,2,1,0,1,-0.40278194148167157,1
483,2,1,1,0,-0.8976303351941005,1
484,2,1,1,1,-0.10009078545192729,1
485,2,1,0,0,0.918705337493613,0
486,2,0,0,1,0.6665341462820811,0
487,2,1,0,0,-0.510565523509696,0
488,2,1,1,1,1.2767332799625568,1
489,2,1,0,0,-inf,0
490,2,1,0,0,0.5902485906515464,1
491,2,0,1,1,4.363251105036411,1
492,2,1,1,0,-1.4609580650180969,0
493,2,1,1,0,0.9245874863304588,1
494,2,1,1,0,-inf,0
495,2,0,1,1,1.1909822509775718,0
496,2,1,0,1,0.7913507020955088,1
497,2,1,1,0,1.1157362154333064,0
498,3,0,0,0,-0.667636996556995,0
499,2,1,1,0,0.9443651271694093,0
500,3,1,0,0,2.110947478596111,1
501,1,0,1,0,1.3906940954187617,1
502,3,1,1,1,2.545376823911554,1
503,3,0,0,0,0.5844898751523485,0
504,1,0,0,0,-1.2619232137959369,0
505,1,1,0,1,-0.41778565260344946,1
506,2,0,0,0,-0.09144099632559222,0
507,1,1,1,1,0.04119024982043787,1
508,3,1,1,0,0.5659764899067975,0
509,3,0,1,0,0.6705116937565925,1
510,3,0,1,0,0.8835802147185678,0
511,2,1,1,0,-0.49863920370589326,1
512,2,1,0,0,-0.40599854726121853,0
513,3,0,0,0,1.871623686175433,0
514,2,0,1,0,0.6485919468227194,0
515,1,1,0,0,-2.1644041817306423,1
516,3,1,1,0,-0.5308815224375867,0
517,2,1,0,0,0.6726881665519936,0
518,3,1,0,0,-0.18196545590620994,0
519,2,0,0,0,0.48930055484471,1
520,1,1,0,1,-1.0619471842829924,0
521,1,1,1,1,2.2406540494591702,1
522,2,1,1,1,-inf,0
523,1,0,1,0,-0.8726351037628475,0
524,1,0,0,0,1.5545900501492484,0
525,2,0,1,1,-0.735894426707187,1
526,3,0,1,1,1.7881229882577465,0
527,2,0,0,0,0.6434467575296962,1
528,2,0,1,1,1.640263150851326,1
529,3,0,0,0,-0.6963626866044039,1
530,2,0,1,1,2.7563574884598054,1
531,3,0,1,0,-inf,1
532,3,1,0,1,1.6636389860312082,1
533,3,0,1,0,-inf,0
534,1,1,0,1,-inf,1
535,1,0,1,0,1.5749848760611902,0
536,1,0,0,1,-1.3042252704387127,1
537,2,1,1,1,0.5672433953363188,0
538,2,0,1,0,0.40798256666097776,1
539,1,0,0,1,-0.7484822997279881,1
540,3,0,0,1,3.307483969126932,1
541,3,1,1,0,1.301711920608629,0
542,2,1,0,0,1.0118639668410525,1
543,2,0,0,0,1.5975528663594052,0
544,2,0,1,0,0.6421444012334873,1
545,3,1,0,0,1.1703593070876597,0
546,1,0,1,1,-inf,1
547,1,1,0,0,-0.7549839504753799,0
548,3,1,1,1,1.7779295004521076,1
549,2,0,0,0,1.145135372349219,1
550,3,0,0,0,2.225628216412585,0
551,2,0,1,0,-0.307951460613921,0
552,2,1,0,0,-0.15148641538059804,1
553,2,1,1,0,-1.1796326861508994,0
554,1,0,1,1,-0.22019178482524027,1
555,2,1,1,1,2.508774812427435,0
556,1,1,1,0,0.5573791931706354,0
557,3,0,0,1,1.6665657645554104,1
558,1,1,0,1,1.8523840089473649,1
559,2,0,0,1,0.5233086347315381,0
560,2,0,1,0,3.218428823917358,1
561,2,0,0,1,-0.24892750347547143,0
562,3,0,0,0,1.0443233692111566,1
563,1,1,1,1,0.6353043109472603,0
564,1,1,0,1,1.5730138523327826,1
565,1,1,0,1,-0.5154577229512705,0
566,1,0,1,0,2.0958751353317773,1
567,2,1,0,1,-0.7881877826264814,0
568,1,0,1,1,-0.19028882821961046,1
569,3,0,1,0,3.029159375059549,1
570,1,1,1,0,-0.6437284096877027,1
571,2,1,1,1,-inf,1
572,2,0,0,1,0.6948728196525233,1
573,1,0,0,1,-0.18119994635165565,0
574,2,0,1,1,2.9226954394956897,0
575,1,1,1,1,1.033868293241913,1
576,1,0,0,0,-0.8555361523315229,0
577,3,0,1,0,0.5385509538205155,0
578,2,1,0,1,-inf,1
579,2,0,0,0,1.0081543078165118,1
580,2,1,0,1,-0.004865976649330528,0
581,2,1,0,1,-0.8289534635527376,0
582,2,0,1,1,0.31909778762354457,1
583,1,1,0,0,-inf,1
584,2,0,0,1,-2.353778494596439,0
585,3,0,0,0,2.225978610903001,0
586,3,0,0,0,0.5407880417358741,0
587,2,0,0,0,-0.5529842456489136,0
588,1,1,1,0,0.11791701621945892,0
589,1,0,0,0,-0.620197062310243,0
590,2,0,1,0,1.4366405178820996,0
591,3,1,0,0,-0.004629186196375867,1
592,2,0,1,1,-1.64401849080659,0
593,3,0,0,1,1.5209284463963544,1
594,2,0,1,0,2.2134892876105488,0
595,3,1,1,0,-1.2435955449667337,0
596,2,1,0,1,1.859125929905769,1
597,3,1,1,1,-inf,0
598,2,0,1,0,1.7733568470903736,1
599,3,0,0,0,1.593048854039478,1
600,1,0,1,0,-inf,0
601,1,0,1,0,1.2896487429512948,1
602,3,1,1,1,1.3229250986063452,1
603,2,1,1,0,0.21134435115427155,0
604,2,1,1,1,2.4113455858521733,1
605,2,1,0,0,1.5304696588061308,1
606,2,0,0,1,1.5597557522616596,0
607,1,0,1,1,-1.0188292469659017,1
608,2,1,0,1,2.0125394498000375,1
609,1,1,1,1,1.0796022173568336,0
610,1,1,0,0,0.3354737915470629,0
611,2,0,0,1,1.1181665579674518,0
612,2,1,1,0,4.2429443048486055,0
613,1,0,0,1,0.12051390396563433,0
614,2,1,0,1,2.491645895506715,1
615,2,0,1,0,0.052180191093235684,1
616,2,1,0,0,-0.0467793086817212,0
617,3,1,1,0,2.636463855424243,1
618,1,1,0,0,-0.8333803228231088,0
619,1,0,1,0,0.6224584287371712,0
620,3,1,1,1,1.3269488003302579,0
621,2,1,1,0,-0.8147531882141176,0
622,2,0,1,1,3.6832991474664527,1
623,1,0,1,0,0.003297799560208592,0
624,2,1,0,1,1.218676400681022,1
625,3,0,1,1,3.1801291603976294,1
626,1,1,0,0,-inf,0
627,2,0,0,1,1.2877223728494176,1
628,2,0,0,0,-0.6605712094508444,0
629,3,0,0,0,-inf,0
630,3,1,0,0,0.4584846370413751,1
631,1,0,0,0,-0.9851936198069,0
632,3,0,1,0,0.5993831874824146,0
633,1,0,0,0,-inf,0
634,1,0,1,1,1.7056324674302972,1
635,1,1,1,0,0.7216427937455644,0
636,3,0,0,1,-0.6882841869364311,0
637,2,1,0,1,2.8542774940571407,1
638,2,0,0,0,-inf,0
639,1,0,1,0,0.8256078813009262,1
640,3,1,0,0,0.4575774377366244,0
641,1,1,1,0,-inf,1
642,1,0,0,1,-0.07045987207299576,0
643,3,0,0,0,0.47814220910123495,0
644,2,0,1,0,1.551866186888151,0
645,3,1,0,1,3.023892627711618,1
646,2,0,1,0,-0.6179652070545183,0
647,3,0,1,1,2.3470938362107687,1
648,1,1,0,0,-2.416215289410746,0
649,2,0,0,0,-0.9238030647465536,0
650,2,0,1,1,2.758124416773223,1
651,2,1,0,0,0.1828551576503079,0
652,2,1,1,0,3.259601226536625,1
653,3,0,0,1,0.7158647909557294,1
654,1,1,0,0,-2.908559853847318,0
655,3,1,1,1,0.8843229152922697,1
656,3,1,0,0,0.6695082753213641,0
657,1,1,1,1,0.9665480630155213,1
658,1,1,1,1,1.4734108718590866,1
659,1,0,1,0,1.157848263277425,0
660,2,1,0,0,-1.4736746147918072,0
661,3,1,0,0,1.088102032297478,1
662,1,0,1,1,2.4999561710421228,1
663,3,1,0,0,0.25893181195400494,0
664,2,1,1,1,2.2889571704977314,1
665,1,0,0,1,0.20774537814998906,0
666,2,0,1,1,0.35368637809854553,1
667,2,0,0,0,-0.2936534946471,0
668,1,0,1,0,-1.2549392792381073,1
669,1,1,1,0,0.43849128155170836,0
670,2,1,0,0,-0.2592249887012078,0
671,3,1,1,1,3.0538284887910367,1
672,2,1,1,1,1.0989882999950196,1
673,3,0,1,0,1.3251538973296937,0
674,1,0,1,0,-inf,0
675,1,0,1,1,1.4266582534549364,1
676,1,0,1,0,-0.5132280460044178,0
677,2,1,1,0,3.3038600882275695,0
678,1,1,0,1,-inf,0
679,2,0,1,0,-1.2511160064965188,1
680,3,1,1,1,0.6668539882240168,1
681,2,0,0,0,-0.25700912510417473,0
682,1,1,1,1,1.271801931853302,1
683,3,1,0,0,1.5025115169431291,0
684,2,0,1,0,2.4650835731182172,0
685,1,0,1,0,-1.0073623952072266,0
686,1,0,0,0,-0.8214330392039693,1
687,3,0,1,0,0.42822173220338317,0
688,3,0,0,0,1.2149155546991284,0
689,3,1,1,1,-inf,1
690,2,1,0,1,0.2924709795256643,1
691,1,0,0,0,-2.303921068740431,0
692,1,0,1,1,2.1084561197597855,1
693,2,0,0,0,2.95314951388625,1
694,3,0,1,1,2.365413479532923,1
695,2,1,1,1,0.9143014644670227,1
696,1,0,0,0,-0.5966356239045216,0
697,3,1,1,1,0.09627375471231625,0
698,2,1,0,1,1.031688677438509,1
699,3,1,0,0,1.198291919038125,0
700,2,1,1,1,1.3453839114858577,1
701,3,0,1,1,2.6532576735309976,1
702,1,1,1,1,1.2116283777319163,1
703,3,0,0,1,3.1501510406616813,1
704,2,0,1,0,0.3239468452630542,0
705,2,0,0,0,-0.101059992494415,0
706,1,0,1,1,1.0091922708026744,1
707,3,1,1,0,2.2046810965681165,0
708,1,0,0,0,-0.6423168948806779,0
709,2,0,0,0,-2.3073873349124363,1
710,2,1,0,1,-0.5329522698795256,0
711,3,1,1,0,2.611494928273702,0
712,2,1,0,0,0.5269473203825488,0
713,3,0,0,0,0.3601693419907718,0
714,2,0,1,1,2.700188155740538,1
715,3,1,0,0,0.1149919221406647,0
716,3,1,0,0,1.3800463808775347,1
717,3,1,0,0,1.219253551561259,1
718,3,1,1,0,0.5645937637952385,0
719,3,0,0,0,1.1681611082644872,0
720,1,1,1,1,-0.5980063781342564,0
721,1,1,1,0,0.605789295239761,0
722,2,0,0,0,-1.1391945237778467,0
723,1,0,1,1,-0.458274791390462,0
724,2,1,0,1,-inf,1
725,1,1,0,0,-1.053535902139326,0
726,3,0,0,1,0.909140278696608,1
727,3,1,0,1,-1.0597453052087424,0
728,1,1,1,0,-0.9610500538605903,0
729,2,0,1,0,-1.6806845943673663,0
730,2,1,0,0,1.3701136447327416,1
731,3,0,0,1,0.6695486661507175,1
732,2,0,0,1,2.7355585054330325,1
733,3,0,0,0,0.441994092861674,0
734,2,0,0,1,1.9920149837075227,1
735,3,1,0,0,1.8962140863363164,0
736,2,0,0,0,-0.4528830432816718,0
737,3,1,1,0,-0.16711535676603734,0
738,2,1,1,0,-0.6063897218162251,0
739,1,1,0,0,-1.130062891375275,0
740,3,1,0,1,-inf,1
741,1,0,1,1,-1.7572300895865072,0
742,2,0,0,1,2.290105454378252,1
743,2,0,1,0,1.313786934497668,0
744,1,1,1,1,0.1873107139851149,1
745,1,1,1,0,0.8444958267688808,0
746,3,0,0,1,4.0226886702028235,1
747,3,1,1,0,2.0110231643669487,0
748,1,1,1,1,-0.3332926918565786,0
749,3,1,1,1,1.8005606665859768,1
750,1,0,0,0,0.041074022909403096,1
751,1,1,0,1,2.2433824489992666,1
752,3,0,1,1,1.1527234906084174,0
753,3,1,1,0,-0.11779887948278389,0
754,3,1,0,0,-inf,1
755,1,0,0,1,-1.6715685585716598,1
756,3,1,1,1,2.5883084283670748,0
757,2,1,1,1,-inf,1
758,2,0,1,1,2.2989941126414806,1
759,3,1,1,0,1.2476332472495928,0
760,3,1,1,0,-inf,0
761,2,0,0,1,2.4246620805900125,1
762,1,0,1,1,0.24182320541450864,1
763,3,1,1,0,2.383342750310191,1
764,3,0,0,0,1.479840779443084,0
765,1,1,0,1,-0.8659531165375576,1
766,3,0,0,1,0.09566889180371552,1
767,1,1,1,0,0.9350822856267742,0
768,3,0,0,1,2.976253559265801,1
769,3,1,0,0,-0.1179214117929675,1
770,1,1,1,0,-2.1007699902074632,0
771,1,1,1,0,-inf,0
772,2,1,1,0,0.7956289357905889,1
773,2,0,1,1,3.435479596978549,1
774,3,0,0,0,-0.6204849995869534,0
775,2,0,0,1,3.3717109486941217,1
776,1,1,1,1,0.009659315548400563,0
777,2,1,1,1,1.4627254895710624,1
778,1,0,1,0,-inf,1
779,1,0,1,0,-0.03739021721891486,1
780,1,1,0,1,-0.22808228848774467,1
781,2,1,1,1,0.14149679314978414,0
782,1,0,0,1,-1.0673782483676053,1
783,3,0,0,0,0.5480682716722471,0
784,1,1,1,0,1.5976936446116152,1
785,1,1,1,0,-1.5757085606165506,1
786,2,0,0,0,-1.191006888358234,0
787,3,0,0,1,3.1659310954404463,1
788,2,1,0,0,0.8753224434553115,1
789,2,1,1,0,0.2750231355390751,0
790,1,1,0,1,0.6860864633065994,1
791,3,0,0,0,0.170308742343523,0
792,2,0,0,0,0.07781547450914017,1
793,1,1,1,1,0.28789252122748804,1
794,2,1,1,1,2.574661699279367,1
795,3,1,0,1,0.049072585904436916,1
796,2,1,0,0,-0.5705779918932439,0
797,1,0,1,0,1.4020799606362488,1
798,2,0,0,0,0.6617093116438515,0
799,2,1,0,1,0.1093645075768595,0
800,3,0,0,0,0.445852717164283,1
801,3,1,1,1,4.638980000641948,1
802,2,0,1,0,1.7291356854696742,0
803,1,0,1,1,2.695727106948605,1
804,2,1,1,1,0.9913926766972001,0
805,3,0,1,0,1.3411210357569898,1
806,1,0,0,0,-1.7567180551503996,0
807,2,1,0,0,-0.30693947600954874,0
808,2,0,0,0,0.6829032259659154,0
809,2,1,1,1,2.353025292767088,1
810,2,0,0,1,1.206999259004858,1
811,1,0,1,1,0.4733101192192657,0
812,2,1,0,1,-0.002114511127233376,1
813,3,0,1,1,2.2679909605272943,0
814,1,0,1,1,1.9573160714634936,0
815,2,0,0,0,-2.0138502872100625,1
816,2,1,0,1,0.440678339081881,0
817,2,1,0,1,-0.0364895751374934,1
818,3,0,0,0,1.0248189512795551,0
819,2,1,1,1,1.0092274565630863,1
820,3,0,1,0,1.4162968465360815,0
821,2,1,0,1,0.04118636673674397,1
822,2,1,0,1,0.91461353594876,1
823,1,0,1,1,0.728047485131781,0
824,3,0,0,0,0.5057335649080069,0
825,2,0,0,1,4.469785983250026,1
826,1,0,1,0,2.6224720964878356,1
827,1,1,1,0,0.8801827179420626,1
828,1,1,1,1,2.1464267446175915,1
829,3,0,1,1,1.320299386426647,0
830,2,0,0,1,2.3457150538470866,1
831,3,0,1,0,-inf,1
832,3,0,0,0,1.051792836942782,0
833,1,0,0,1,1.277490639818808,1
834,1,1,1,1,-0.4388132016373947,1
835,1,0,1,1,1.8554426082959052,1
836,3,1,0,0,-1.071664752322337,1
837,1,1,0,0,-0.9346155072860742,0
838,2,0,1,0,-0.10230135347969449,0
839,1,1,1,1,-0.08867217317890341,1
840,3,1,0,0,0.9276719580598612,0
841,2,1,1,1,3.5517394934595945,1
842,2,0,1,1,1.1030550335014193,1
843,1,1,0,1,-0.9313842707119611,0
844,2,1,0,1,1.8864878660098645,1
845,1,0,0,0,-0.5631605068342629,0
846,3,0,0,1,0.8066901108911035,1
847,3,1,0,1,-inf,0
848,3,0,1,1,3.4126533326925084,0
849,2,1,1,0,0.17158478779460404,0
850,3,1,1,1,1.7323231854197156,1
851,1,1,1,0,-inf,0
852,2,1,1,1,1.3274498710849723,1
853,3,0,0,0,1.2040284850295229,1
854,2,0,1,1,1.7787892387340296,1
855,3,0,0,1,-0.3180876373094702,0
856,1,1,1,0,-inf,0
857,2,0,0,0,-1.1006734982202007,1
858,2,0,0,1,1.5844889289588258,1
859,2,0,1,0,1.7090577649489942,0
860,1,1,1,1,-inf,1
861,1,0,1,1,2.611217984835448,1
862,2,0,1,0,-0.40235468444225386,0
863,2,0,1,1,1.2210660822202606,1
864,1,0,1,1,1.413585685052732,1
865,3,1,0,1,1.2454080640812815,0
866,3,1,1,1,2.2843805150107617,1
867,2,1,1,0,-1.4670298518215423,0
868,3,1,0,1,2.772925366841632,1
869,2,0,1,0,-inf,1
870,3,1,0,0,0.911459133772442,0
871,3,0,0,0,2.3551354294818587,1
872,3,1,0,0,0.40194316962596544,0
873,1,1,1,1,1.6085718731792524,0
874,1,1,1,1,-2.6922759629435813,1
875,2,1,0,0,0.6416926967496377,1
876,2,1,1,1,-inf,1
877,3,1,0,1,1.4148567434922126,1
878,3,1,0,0,1.6237451523365873,0
879,2,0,1,1,2.9714128595822515,1
880,2,1,0,1,1.7500575765390443,1
881,3,1,0,1,1.8077261003089997,0
882,3,0,1,0,0.9924654080335025,0
883,2,1,1,0,-0.02262920833079568,1
884,3,1,0,1,0.12138755092808906,0
885,2,1,1,0,-inf,0
886,2,0,1,1,0.5994727191691013,1
887,2,0,1,1,3.611707992124262,1
888,3,1,1,0,0.34223690041490507,0
889,2,1,0,1,1.6732681089394836,1
890,3,1,0,1,2.297375419535277,0
891,2,1,0,1,0.5917788789850292,1
892,1,1,1,0,-0.5390656974575536,0
893,2,1,1,1,1.3857517232096974,1
894,1,0,0,1,-0.3270863081667633,1
895,2,1,0,0,-1.3445565661371828,1
896,3,0,0,0,1.2091045710488022,0
897,1,1,1,1,1.9532429311545347,1
898,2,0,1,1,0.18486828506695252,1
899,2,1,1,0,0.3229118589902418,1
900,3,0,1,0,1.316185778231447,1
901,3,1,0,1,0.7491411000087128,1
902,2,1,1,1,-0.8541432221758228,0
903,3,0,1,1,1.316654173688671,0
904,2,0,1,1,1.0916081040032393,0
905,3,0,1,1,2.6122345077105766,1
906,3,0,0,0,0.37453810682361127,0
907,2,0,0,0,-0.18052745507302814,1
908,1,1,0,0,-2.5176037110224936,0
909,2,1,1,0,-1.410805130260265,1
910,1,0,0,0,-inf,1
911,3,0,0,0,-1.4553857221144546,0
912,2,0,0,0,-inf,1
913,3,0,0,0,2.85683823555242,1
914,1,0,0,0,-1.8418928211513617,0
915,2,0,0,0,2.693899524056305,0
916,2,0,0,1,-1.2385520668759569,0
917,2,1,0,0,-0.08694768803728592,0
918,2,0,1,1,3.489724543546563,0
919,2,0,0,0,1.0106151884165548,0
920,1,0,1,1,-inf,1
921,2,0,0,0,-0.599095414584813,0
922,1,0,0,0,0.8876790261262228,0
923,2,0,0,1,1.0374910186560073,1
924,2,1,0,0,0.20286959783588882,0
925,1,0,1,0,-inf,0
926,1,0,0,1,0.09988726062158508,1
927,3,1,0,1,3.0779164548381037,1
928,3,1,0,1,1.719195403813426,1
929,2,0,0,1,3.4080755292130647,1
930,3,0,0,0,-0.05797668230842512,1
931,1,1,0,1,1.0505591807818893,1
932,3,1,0,1,0.37809792995211156,1
933,2,1,0,0,-2.0195956241272612,1
934,2,0,1,0,-0.7599513205537584,0
935,2,0,1,0,-inf,0
936,1,1,0,0,-0.0645840914218966,0
937,1,1,1,0,-1.2645025945914388,1
938,1,0,1,1,-0.5763348820418015,1
939,2,1,1,0,1.7748372185970256,1
940,3,0,0,0,1.2050985377209325,0
941,2,1,1,0,-1.565772491737372,0
942,3,0,0,0,0.6382482761513301,0
943,1,0,1,1,1.0619830274149709,1
944,1,0,0,0,-1.3617445096966339,0
945,3,0,1,0,1.9797454462138833,0
946,2,0,0,1,-0.9794753463936582,1
947,2,0,0,1,0.2457869329771673,0
948,2,0,0,0,-2.1310225449318705,0
949,2,0,0,0,-1.0433615788834176,1
950,1,1,1,0,-0.01053932125179502,0
951,3,1,1,1,1.847330688032231,1
952,1,1,1,1,1.257434585330699,1
953,2,1,1,0,1.9104420717806287,0
954,2,0,0,1,1.3656781417320718,1
955,2,1,1,1,1.0213383095083834,1
956,2,1,1,0,-inf,0
957,2,1,1,0,-1.3093117217045576,0
958,1,0,0,0,0.6569866968444642,0
959,3,1,0,1,-1.0600415370550587,1
960,2,0,1,0,-2.2786956871607424,0
961,3,0,0,0,1.4899605337556892,0
962,2,0,0,0,-inf,0
963,3,0,0,1,2.67955463827405,0
964,2,1,0,0,-1.2538116308333356,1
965,1,0,0,1,-inf,0
966,2,0,1,1,1.4899288284245529,1
967,1,0,1,0,1.7571977947393962,0
968,3,0,1,1,-inf,0
969,2,0,0,1,0.8626347569139086,1
970,3,0,0,0,0.6932631925845385,1
971,2,1,1,0,0.8816301131289028,1
972,1,1,0,0,-1.771698194588843,0
973,2,1,0,0,-0.8791200591652883,0
974,3,1,0,0,0.44677482530755097,0
975,3,0,0,1,2.3203067796346777,1
976,2,0,0,1,-0.8327948654334132,0
977,2,1,1,1,-inf,0
978,3,0,0,1,-inf,1
979,2,0,1,1,2.02457098806747,1
980,2,0,0,1,1.0778369001773251,1
981,3,0,1,1,2.321891404452073,1
982,3,1,0,1,0.5056504360590461,1
983,3,1,0,0,-inf,0
984,1,0,1,1,-inf,1
985,1,0,1,0,-1.6260983746860989,0
986,3,0,0,0,1.5191653461941839,1
987,1,1,1,1,0.3407883720962149,1
988,1,0,0,1,-0.2735112036896294,0
989,2,0,0,0,0.0680665269302343,1
990,3,1,1,1,2.0761058341641445,1
991,2,0,0,0,-inf,0
992,2,0,0,1,1.3148085413595778,1
993,2,1,0,0,-0.2211459967615247,1
994,1,0,1,0,1.069904048111507,0
995,2,0,1,1,0.5566643570399064,0
996,3,0,1,1,0.8045782960743936,1
997,1,0,0,0,-0.7852480085955793,1
998,2,1,0,0,-inf,0
999,1,1,1,0,1.3008859748670683,0
1000,2,1,1,1,2.0177676643300626,1
1001,1,0,1,0,-0.40044655684525177,1
1002,3,1,0,0,-inf,0
1003,2,0,0,0,0.9619615153005718,1
1004,2,1,0,1,-inf,1
1005,2,0,0,1,0.47078445868924057,1
1006,3,1,0,1,0.8755119148251402,1
1007,1,1,0,0,-1.9354732348782642,1
1008,1,1,0,0,-1.1914723648275183,0
1009,1,1,1,1,0.6429237956254967,0
1010,1,1,1,1,0.44570655233444356,0
1011,1,0,0,1,0.18580384428522986,1
1012,1,0,1,0,0.0026158374918541227,1
1013,2,1,1,0,-1.5364716065577766,0
1014,1,1,0,1,-0.17653430832385353,0
1015,1,1,0,1,1.4002954107873637,0
1016,3,0,0,1,3.9806383658085944,1
1017,1,1,1,1,1.8446583816504711,1
1018,1,0,0,0,-1.8196490918055281,1
1019,3,0,1,0,0.9659654580367305,0
1020,2,0,0,1,-inf,1
1021,3,0,1,0,0.602185821534867,0
1022,2,0,0,1,-0.6633509434317371,1
1023,1,1,1,0,-1.3536479447155878,0
1024,3,1,0,0,0.7642545697302998,0
1025,2,0,0,1,2.2625421038104307,1
1026,2,1,0,1,1.6761773800247286,1
1027,1,0,1,1,1.2133903963477248,1
1028,1,0,0,1,0.5186631820862351,1
1029,2,1,1,1,0.4677637545942846,1
1030,2,0,1,0,0.155460355533372,1
1031,2,1,0,1,0.6699795284347358,1
1032,2,0,1,1,-0.3079203264530028,1
1033,3,0,1,0,4.173899327827706,0
1034,2,1,0,1,0.7073087013583635,1
1035,2,0,0,1,3.3561919501380375,0
1036,1,1,0,1,-0.564991655221601,0
1037,2,1,0,0,-0.6530608248967581,1
1038,2,0,0,0,1.5726699473424994,0
1039,3,1,1,1,1.4824501087441222,1
1040,2,0,0,0,-inf,1
1041,1,0,1,1,2.458705444729465,1
1042,1,1,0,0,-0.6550886585370348,0
1043,1,1,1,0,-0.5345390384888676,0
1044,2,0,1,1,1.6670461272661028,1
1045,2,1,0,0,0.009010374407350294,0
1046,2,1,0,1,0.8458144117561477,1
1047,2,1,1,1,0.9718320340208202,1
1048,2,1,0,0,-1.1657860583000905,0
1049,1,1,1,0,-0.5284453273981142,0
1050,1,1,0,1,0.14954136822010766,0
1051,2,0,1,1,-inf,1
1052,2,1,1,0,2.0344123804435412,1
1053,1,0,0,0,-1.5142682132909484,0
1054,3,1,0,0,-0.21680812425566898,0
1055,2,0,0,1,0.9028372624833298,1
1056,3,1,0,1,-inf,1
1057,1,1,1,1,-2.5541044483387947,1
1058,3,1,1,1,3.507094513012579,1
1059,1,0,0,1,-1.6649243875739597,1
1060,3,1,1,1,2.4588061176896527,1
1061,1,0,0,1,-inf,0
1062,1,0,1,1,-inf,0
1063,3,0,1,1,2.454232288483685,0
1064,2,0,0,0,-inf,0
1065,3,1,1,1,1.9897728999232838,1
1066,3,1,1,1,1.7961579331646464,1
1067,3,0,0,0,1.9558528878438917,0
1068,2,0,0,1,-0.4545020579764114,1
1069,3,1,0,1,1.5980484513574267,1
1070,2,1,0,1,-2.2447418006812154,1
1071,1,1,1,0,-inf,0
1072,3,1,1,0,1.1989877870152668,1
1073,3,1,1,1,0.5352123165112604,1
1074,1,0,1,0,-1.3494647324610072,1
1075,3,0,0,0,0.10880087583914815,0
1076,2,1,1,1,2.3500678287942622,1
1077,3,0,1,1,2.536785142275446,1
1078,1,0,1,1,2.5185280377297206,0
1079,1,1,1,1,1.3819008966387327,1
1080,3,1,0,1,-inf,0
1081,2,0,1,0,1.9512499593898056,1
1082,1,0,0,0,-inf,0
1083,2,1,1,1,1.9091719426322011,1
1084,3,1,0,0,-inf,0
1085,2,0,0,0,-inf,1
1086,2,1,1,1,3.5370064254231606,1
1087,2,0,1,0,1.5437271170942328,0
1088,3,1,0,0,-0.8945060105318929,1
1089,2,0,0,0,-3.860104985985302,0
1090,3,1,0,1,3.104490526892259,1
1091,2,1,1,1,0.7964244698046692,0
1092,3,1,0,0,-inf,1
1093,1,0,1,0,0.5579980000834609,0
1094,3,1,0,0,2.1836344618026295,1
1095,1,0,0,0,-0.4056501297882288,0
1096,1,0,0,1,0.45494554152561406,0
1097,1,1,0,1,-0.16479248415835682,1
1098,3,1,1,1,2.0532238768620803,0
1099,2,0,0,1,2.198582967173368,1
1100,2,0,1,1,2.2876731370019874,1
1101,1,1,1,1,-inf,1
1102,2,1,1,0,-1.7861767540736706,1
1103,1,0,1,0,-0.5784297056578818,0
1104,1,1,0,0,-0.32148743738273966,1
1105,3,0,0,0,2.929739465841134,1
1106,1,1,0,1,0.18766283939809375,1
1107,1,0,1,1,0.6863514469255999,0
1108,2,0,0,1,3.9673866558095754,0
1109,1,1,1,1,0.08414319933466807,1
1110,1,1,1,1,0.7510827542358031,0
1111,3,0,1,0,1.3867172063499895,0
1112,2,1,0,0,-2.61371652626462,0
1113,3,0,0,1,-1.016213037131409,1
1114,3,0,0,0,-inf,0
1115,1,1,1,0,-0.1035428383050705,0
1116,1,1,0,1,0.6519891023195782,0
1117,1,0,0,1,2.968258886394649,1
1118,2,1,1,1,2.7586442053697904,1
1119,2,1,1,0,-0.002780616816838888,1
1120,3,0,1,1,2.7131105704504668,1
1121,2,1,0,1,1.221424393409117,0
1122,2,1,1,1,1.8480016251260951,1
1123,2,1,0,0,-0.2718279882636121,0
1124,3,1,0,1,-inf,1
1125,2,0,0,0,0.3216490853486397,0
1126,2,0,0,0,-2.36327739184955,0
1127,3,1,0,0,-0.42624936733334384,1
1128,2,1,0,0,-0.9192206712147872,0
1129,1,0,1,1,-inf,1
1130,3,1,1,0,3.427759923830981,0
1131,2,1,0,1,4.150741322109036,1
1132,2,1,1,0,0.31712433196682205,0
1133,3,1,0,1,3.2952863096574987,1
1134,3,0,1,1,2.4311149948305033,1
1135,3,1,0,1,1.1915114283701524,1
1136,1,0,1,0,-0.8722663761486554,0
1137,2,1,0,1,0.7808925769547735,0
1138,1,1,0,1,-inf,1
1139,3,0,1,0,2.3628694063888176,0
1140,3,0,1,0,0.4843563700133211,0
1141,1,1,0,0,-0.287755454293633,0
1142,1,0,1,0,0.5036184946955025,0
1143,3,0,0,1,3.59444400735549,1
1144,2,1,1,0,-inf,0
1145,3,0,0,1,1.0937743582373247,0
1146,3,0,1,0,0.4363919775630727,1
1147,2,0,0,0,0.3505064658636446,0
1148,2,0,1,0,2.82230574424594,0
1149,1,0,1,1,1.8610481829670362,1
1150,3,0,0,0,0.0028427690025059626,1
1151,2,1,1,1,1.3892243482976796,0
1152,1,0,1,1,3.3278424073464405,1
1153,2,1,1,0,0.5682345300187592,1
1154,2,0,1,0,-0.19298510753413609,0
1155,2,0,1,0,1.4758967255045454,0
1156,1,0,0,0,-1.554661693811914,0
1157,1,1,0,1,1.496738264475807,1
1158,2,1,1,1,-inf,0
1159,2,0,1,1,2.8844164069672265,0
1160,1,1,0,1,0.24080970985941497,0
1161,2,0,0,0,-0.9083103908809965,0
1162,3,1,1,0,2.065404701546668,0
1163,1,1,0,1,1.7119818443254697,1
1164,2,1,1,1,1.5335404250663107,1
1165,3,0,0,0,1.2272639626818678,0
1166,3,0,0,1,1.627807858355478,1
1167,1,1,1,1,0.8857548010209116,1
1168,3,1,0,1,2.3041138869914297,1
1169,2,0,0,1,-0.023899024802122,1
1170,3,0,1,0,1.480099474950317,1
1171,2,0,0,1,1.6344422374495546,1
1172,3,1,1,0,-inf,0
1173,3,0,0,1,0.31864679035842247,0
1174,3,1,0,0,0.1360124871768037,1
1175,3,1,0,0,-1.4713851331290462,0
1176,2,1,0,0,0.8435800520717253,0
1177,3,1,0,1,0.5779415167949602,0
1178,1,0,1,1,2.06576195156872,1
1179,1,0,0,1,-0.2427257963730325,1
1180,2,0,0,1,0.8116618516714571,0
1181,3,0,1,1,1.3568990451406806,1
1182,1,0,0,0,0.410039002249514,0
1183,1,0,1,1,0.30622084058603255,1
1184,2,1,0,1,1.6421077727704558,1
1185,3,1,0,1,2.80193517615689,1
1186,1,0,1,0,0.6056528691392561,0
1187,3,1,0,0,1.104220148624619,0
1188,2,0,1,0,0.47300004429126496,0
1189,2,1,0,1,0.8240564247534179,0
1190,3,1,0,1,0.7375251517670802,1
1191,1,1,0,1,-0.15047446644338655,1
1192,2,1,1,0,-inf,1
1193,1,0,1,0,0.1735284146753436,0
1194,3,0,0,1,2.397297029897474,1
1195,3,1,0,1,-inf,1
1196,1,1,1,1,1.091312406352857,1
1197,3,1,0,0,-inf,1
1198,1,1,0,1,0.13661711711099,0
1199,2,1,1,1,1.953936392018842,0
1200,1,1,0,0,-1.9958960515068909,0
1201,2,1,0,1,0.8087323717998419,1
1202,2,1,0,1,0.6648317047974024,1
1203,2,1,0,1,0.7454508190786497,0
1204,2,0,1,1,2.912734903373626,1
1205,2,0,1,1,-0.047048972551236135,0
1206,2,0,0,1,0.27602357290598684,1
1207,3,1,0,1,-0.018685220053380025,0
1208,1,0,1,0,-0.02859881939600456,0
1209,1,1,1,1,1.2833331850269287,1
1210,1,1,0,1,0.9139179969569513,1
1211,2,0,1,0,0.5477286167000117,0
1212,3,1,0,0,-0.052415484244179904,1
1213,2,1,1,0,-inf,1
1214,2,1,0,0,0.7001271257651602,0
1215,1,1,0,0,-inf,0
1216,2,0,1,1,-1.5925242585347181,0
1217,2,1,1,1,4.443511945535395,1
1218,2,0,0,0,-0.248909320878515,0
1219,3,0,0,0,2.472740289727432,0
1220,1,0,1,1,1.2028374148221548,1
1221,1,1,1,0,0.36185950629012215,0
1222,2,0,0,0,-0.1818103486058671,1
1223,2,0,1,0,3.8221108758517546,1
1224,1,0,1,1,-0.0786449419510995,1
1225,3,0,0,1,1.592263677666319,1
1226,2,1,0,0,-0.40836771240908665,0
1227,2,0,0,0,-inf,0
1228,3,1,0,0,0.09944768106429602,0
1229,2,1,1,0,1.0741301445747373,1
1230,2,1,0,0,0.24214547305613182,1
1231,2,0,1,1,-inf,1
1232,1,1,1,0,0.8460397400270139,0
1233,2,1,1,1,0.7784829978774109,1
1234,2,1,1,1,-0.0770321568221104,1
1235,3,0,0,0,-0.012967345451090073,0
1236,3,1,0,1,1.807252846658372,1
1237,2,1,1,1,-inf,1
1238,1,1,1,0,-0.1815073899300954,1
1239,1,0,1,1,2.2346611889376815,1
1240,1,0,0,0,-0.8650006545921373,0
1241,2,1,1,1,2.641316679209328,1
1242,2,0,0,0,-2.3274610221424386,1
1243,2,0,0,1,-inf,1
1244,2,0,1,0,0.07644047597493445,0
1245,2,1,1,1,3.247174710448696,1
1246,2,1,0,0,1.5439396424962666,1
1247,1,0,1,0,1.3719921749076132,0
1248,3,1,1,1,2.712386660589064,1
1249,1,1,0,1,-2.13455375352286,1
1250,1,0,0,1,0.48293508858005474,1
1251,1,1,0,1,2.1025698856955533,1
1252,1,1,1,0,-inf,1
1253,3,0,0,1,1.684666412167386,0
1254,1,0,0,1,-0.19588907089958052,1
1255,2,1,0,1,1.0056903448205725,1
1256,1,1,0,0,0.4577987380827877,0
1257,3,1,1,0,2.6230943704455836,0
1258,2,1,1,1,0.11965236276293678,1
1259,3,0,1,1,1.7385058656501047,0
1260,3,0,1,1,0.5219827346787296,1
1261,3,1,0,1,4.049670970410616,1
1262,1,0,0,1,-1.8522998862027178,0
1263,2,0,1,1,2.452449776689767,1
1264,3,1,0,0,1.0756712257909333,1
1265,2,1,0,0,-1.7291915166093148,1
1266,3,1,1,0,3.713772106337503,1
1267,2,0,1,1,-inf,1
1268,2,0,1,1,4.989201246161792,1
1269,2,1,1,1,1.142386088264565,0
1270,1,1,1,0,-1.6227231741891248,0
1271,2,1,0,0,-1.3706770000286959,0
1272,1,1,1,0,0.2957478019621671,1
1273,3,1,1,0,1.4217819396742983,0
1274,1,0,1,0,0.26487747541408174,0
1275,2,0,0,1,3.444838934694418,1
1276,2,0,0,1,-inf,1
1277,1,1,1,1,1.2285560407008216,1
1278,2,0,1,1,2.3098988555992213,1
1279,3,1,1,1,2.7741835129554513,1
1280,2,1,0,1,0.20051663145706805,1
1281,2,1,1,0,1.225430187145799,1
1282,3,1,0,1,-inf,1
1283,1,1,0,0,0.7910586002016617,1
1284,3,0,0,1,2.3335162711577717,0
1285,2,0,1,1,-1.1933925571649437,0
1286,2,0,1,0,1.5055571530266465,0
1287,1,0,0,1,1.206916999309088,1
1288,3,0,0,1,-inf,1
1289,2,0,0,0,-0.8555267947356564,1
1290,2,0,1,0,2.220249606293502,0
1291,2,1,0,0,-0.8898900939669293,1
1292,1,1,1,1,-0.16384100080035852,1
1293,1,1,0,1,-1.3539868694085315,0
1294,3,0,0,0,0.6090609652864707,0
1295,1,1,0,1,-0.45072343702346424,1
1296,1,1,1,0,-1.340869185238743,0
1297,2,0,1,0,-0.7075338627656861,0
1298,3,1,1,1,0.4083687345903631,1
1299,3,0,0,0,1.707828351919749,0
1300,3,0,0,0,2.43040916697947,1
1301,3,1,1,1,2.6190084256471966,1
1302,2,0,0,1,0.35467744759311287,0
1303,2,0,1,0,1.403621722624485,1
1304,3,1,1,1,3.4311026389824093,0
1305,1,0,0,1,-2.1156557116752355,0
1306,1,1,1,1,-1.4407548425002463,1
1307,2,1,1,0,2.050241629907564,1
1308,2,1,1,1,2.9601329093830753,1
1309,1,1,0,1,-0.2705814256934642,1
1310,2,0,1,1,0.7717503566302417,1
1311,2,1,0,0,-0.6077388341819028,0
1312,3,0,0,0,-1.4152465930375118,1
1313,2,1,0,1,0.7362255860754991,0
1314,2,0,0,0,-1.2666129763975718,0
1315,2,1,0,1,1.1965665900302371,1
1316,1,1,1,1,1.9967692176430711,1
1317,2,1,0,0,0.7373730616174693,0
1318,2,0,1,0,2.4489127853915895,1
1319,1,1,1,0,-inf,0
1320,1,1,1,1,0.34995939830494416,0
1321,1,0,1,0,-0.7698127902018462,1
1322,1,0,1,1,3.5152891792366896,0
1323,1,1,0,1,0.8735961400656511,1
1324,1,0,1,1,1.372185841431942,1
1325,1,0,0,1,1.2249570306487787,1
1326,2,0,0,0,-0.8462130496759971,0
1327,1,0,0,0,0.3869214944299455,0
1328,1,1,1,0,0.02268602471253489,1
1329,1,0,0,0,1.2524730598149982,0
1330,3,0,0,0,2.9438672625554148,0
1331,1,1,1,1,1.2487288270638028,1
1332,1,0,1,1,-inf,0
1333,2,0,1,0,0.9968955057566873,0
1334,2,0,0,0,-0.5652432192108116,0
1335,2,0,0,1,-inf,0
1336,3,1,0,0,-0.28943042701324456,1
1337,3,1,0,0,2.663701471392337,0
1338,2,1,1,0,1.1157837427760313,1
1339,2,1,0,1,1.9717860156129596,1
1340,2,1,1,1,0.7615123245888694,0
1341,1,0,0,0,-inf,0
1342,1,0,1,0,-1.5065139642055083,1
1343,2,1,1,1,1.7164130458341278,1
1344,2,1,1,1,-inf,1
1345,1,0,0,1,0.9861606429270208,1
1346,1,0,1,0,-0.8127583726607917,0
1347,3,1,1,1,4.533722566545744,1
1348,2,1,1,0,1.3224507874135805,1
1349,2,1,0,1,0.48162510596145836,1
1350,1,0,0,1,0.027373496401804698,0
1351,2,0,0,1,1.5896649170672856,1
1352,1,0,0,1,0.40544915107211077,1
1353,1,0,0,1,-0.6884778682049307,1
1354,2,0,0,0,-1.0766353064149436,0
1355,2,0,1,0,2.7746255599207075,0
1356,1,1,1,0,-inf,0
1357,2,1,1,1,-inf,1
1358,3,0,0,0,2.258799759070218,1
1359,3,1,0,0,1.9107828285960695,0
1360,2,0,1,1,1.301930106418332,0
1361,2,1,0,0,-0.33308820189018856,0
1362,3,0,1,0,0.9372289047818053,0
1363,1,1,1,1,2.6533837573159325,1
1364,1,1,1,0,0.561927830165253,0
1365,3,0,0,1,2.7070297531368386,1
1366,3,0,1,1,2.786788319879441,1
1367,3,0,1,1,2.0952268492521156,1
1368,2,0,0,0,-inf,1
1369,1,0,0,1,0.9724378390488266,0
1370,3,1,0,1,-0.10681271335423914,1
1371,3,1,1,0,3.9302552548461125,1
1372,3,1,0,0,-0.1365697022905412,1
1373,1,0,0,0,-1.4973306366054995,0
1374,3,1,0,0,0.2976529940735865,0
1375,2,1,1,1,2.6896411832755502,1
1376,2,0,1,1,0.8165629418842677,1
1377,3,0,1,0,1.8213555236190344,0
1378,1,1,0,0,-0.41157537834452645,1
1379,3,0,0,0,0.46010609365547617,1
1380,1,0,0,0,-inf,1
1381,1,1,1,1,0.9296309101861637,0
1382,2,0,1,0,-0.31205468302339145,1
1383,3,0,1,1,3.073566787211387,1
1384,3,0,0,0,0.2737511407959913,1
1385,3,1,1,0,1.4346995171369707,0
1386,3,1,1,1,2.6283896157833544,1
1387,2,1,1,1,1.7603249151603202,1
1388,2,0,0,0,-0.19815419606318868,1
1389,2,1,1,0,-3.2621936834011533,0
1390,2,1,1,0,-inf,1
1391,3,0,1,1,0.5180136881333681,1
1392,2,1,1,0,-0.12958832576102913,0
1393,3,1,1,0,-1.200805063196539,0
1394,2,1,1,1,0.9786473979414234,0
1395,3,1,0,0,-1.0323726868871335,0
1396,3,1,1,0,1.245858322589708,0
1397,1,0,1,0,-2.2210055694440336,0
1398,3,1,1,0,2.234579148081494,1
1399,3,0,0,1,2.259435028353657,0
1400,3,0,0,0,2.8371219550698585,1
1401,3,0,0,1,-inf,1
1402,1,0,0,1,-inf,0
1403,2,0,0,0,-0.16561183929602688,0
1404,2,1,0,1,0.6980743185985299,1
1405,3,0,0,0,2.277804084244231,1
1406,1,1,1,1,0.77878562435665,1
1407,2,1,0,1,0.6409081688033051,1
1408,3,0,0,0,-2.054178143371949,0
1409,1,0,0,1,1.1583283252689398,1
1410,3,1,1,1,0.3138740117848009,1
1411,2,0,1,1,2.839975885472832,1
1412,3,1,1,0,1.3795205276178795,1
1413,3,0,0,1,0.7659356156826782,1
1414,3,0,1,1,2.555785495753928,0
1415,1,1,1,1,0.32337739105460694,0
1416,3,0,0,0,2.570240271779148,0
1417,3,1,0,1,1.165700978278382,0
1418,3,0,0,0,0.8372942247704962,1
1419,2,1,1,0,-inf,0
1420,2,1,1,0,-0.0522747238738388,0
1421,2,1,1,1,1.135237094549753,1
1422,1,0,1,1,2.0332987352377687,1
1423,3,1,0,0,-0.24256810292400982,1
1424,3,1,0,0,-2.3381360827517375,0
1425,2,1,0,0,-0.2205628799871659,0
1426,3,1,1,0,2.791952383834929,0
1427,3,1,0,0,0.954896295760458,0
1428,2,0,1,1,2.9031258625114478,1
1429,3,0,1,1,-inf,1
1430,2,1,1,0,-0.7521539275552894,1
1431,2,0,0,1,-inf,1
1432,1,0,0,1,0.057862721029380726,1
1433,3,1,0,1,1.6978406410245208,0
1434,1,1,1,0,0.09161509844559279,0
1435,1,0,1,0,0.33100814643293175,0
1436,2,0,0,0,-1.5232037355644872,0
1437,3,0,1,0,1.7549475697746453,0
1438,1,0,0,0,-0.7931327537173132,1
1439,3,1,1,0,2.6651235848851513,0
1440,1,1,0,0,-1.563073336172741,0
1441,3,0,0,0,0.3674873568078928,0
1442,1,1,1,0,-inf,0
1443,1,1,1,1,-inf,1
1444,3,1,1,0,1.0767113821629724,0
1445,2,1,1,0,0.07129536621795618,0
1446,1,1,1,1,1.0439460188938199,1
1447,1,1,1,0,-0.28087547944310043,0
1448,2,1,1,1,3.5684108014387945,1
1449,2,0,0,0,-2.228834894368828,1
1450,2,1,1,0,0.6947785600584344,0
1451,2,1,0,1,0.6096939776692822,0
1452,1,0,1,1,1.530027818332925,1
1453,2,1,0,1,1.2619219735209,1
1454,1,1,0,0,-1.0187904529542633,0
1455,3,0,0,1,1.0795490017381777,1
1456,2,0,1,1,2.2296898748513323,1
1457,2,0,0,0,1.2216732894647409,1
1458,1,1,0,0,0.20002490967099362,0
1459,1,0,1,0,1.2091475618793834,0
1460,1,0,0,0,-0.6540900306424977,0
1461,1,1,0,0,0.16362490882954805,0
1462,2,0,0,0,-0.10151280379637212,1
1463,3,1,1,0,-inf,0
1464,1,1,1,1,2.3452201358145546,1
1465,1,0,1,1,0.8209577726532473,1
1466,3,0,0,1,2.7583606899866044,0
1467,2,0,0,1,1.6881554616184824,0
1468,3,0,0,1,1.1606786229600834,0
1469,2,1,0,0,1.3108320665348432,0
1470,2,0,0,0,1.0114972944597027,0
1471,1,1,1,0,0.9197537118091017,0
1472,3,1,1,1,-inf,1
1473,1,1,0,0,-inf,0
1474,2,1,0,1,1.8177340395757364,1
1475,2,1,0,1,0.41771907872865754,1
1476,3,1,0,0,-1.3897874986652283,0
1477,3,0,0,0,0.7693415018626062,1
1478,1,0,1,0,0.6722618865807184,1
1479,3,0,0,1,0.11863602112961869,1
1480,3,0,0,1,-inf,1
1481,2,1,0,1,0.01961304855091106,0
1482,2,0,1,1,2.3817878582754832,1
1483,2,1,1,0,-0.6485363399362476,0
1484,1,0,0,1,-1.058072541616304,1
1485,2,1,0,0,-1.2156158945213922,0
1486,3,0,1,1,1.7681905707940244,0
1487,2,1,1,0,-1.669375136086129,0
1488,1,0,0,0,-1.3998892808281325,0
1489,2,0,1,1,1.920477580394629,1
1490,2,1,1,0,0.9070174545764205,0
1491,3,1,0,1,0.11523803612658207,0
1492,2,0,0,1,0.545779261450739,1
1493,1,1,0,1,0.6961271918391175,1
1494,3,1,1,1,3.7086871597835693,1
1495,1,1,1,1,-inf,1
1496,3,0,1,0,-0.5114660815662981,0
1497,2,1,1,1,0.25695165576498125,1
1498,3,1,0,1,1.0278947321632979,0
1499,3,1,1,0,2.552722280549044,0
1500,2,1,1,1,1.2288883948348364,1
1501,1,1,0,1,-0.8281311953199173,1
1502,2,0,1,1,-inf,1
1503,1,1,1,0,-2.1948712630717058,0
1504,1,1,0,1,0.14125621514178754,1
1505,1,0,0,0,-0.1387495531680622,0
1506,2,1,0,0,1.6487573996596137,0
1507,3,0,1,0,-inf,0
1508,1,1,0,1,-1.3008165473665738,1
1509,2,1,0,0,-0.3207318767708982,0
1510,2,1,0,0,-0.8485543510025368,0
1511,3,1,0,1,0.8754273145603664,1
1512,2,1,0,0,-inf,0
1513,2,0,0,0,0.049418709740816524,0
1514,3,0,0,0,3.2470506013757743,0
1515,2,1,0,1,-0.1760554618710608,1
1516,2,1,1,1,2.0481136163880027,1
1517,3,0,0,0,-2.078780754709846,1
1518,2,0,0,1,2.1748461010713998,1
1519,2,1,1,1,1.943204846540234,1
1520,3,0,0,0,-1.5527130418210147,0
1521,2,1,0,0,-0.7132494130066902,0
1522,2,1,0,0,-0.19994528710789983,0
1523,1,0,1,0,-0.9622629987443532,1
1524,1,0,1,1,-inf,1
1525,3,0,0,0,-0.644224511914743,0
1526,3,0,0,1,-inf,1
1527,1,1,0,1,0.2382813831332018,0
1528,1,0,1,1,0.790133016737095,0
1529,2,0,1,0,2.583921630098826,0
1530,1,0,0,1,0.6173337237293043,1
1531,2,1,0,1,-1.6170711919608127,1
1532,1,1,1,1,1.999532914366641,1
1533,2,1,0,1,1.7013807040437074,0
1534,2,1,0,0,0.026663536659299325,0
1535,1,0,0,0,-0.34274952933983655,0
1536,3,1,0,1,0.2622638432211561,0
1537,2,0,1,1,0.6517985788805181,1
1538,3,1,1,0,1.3021004734086468,0
1539,1,0,0,1,0.3597263843932932,1
1540,3,1,0,1,1.6832296039277304,1
1541,1,0,1,1,0.88475007444821,1
1542,1,0,1,0,2.550761410783237,1
1543,3,0,1,1,1.6757466822845664,1
1544,1,1,1,0,-1.2318228887652336,0
1545,3,1,0,1,0.04524364588024288,1
1546,1,1,1,1,2.167006477248947,1
1547,2,1,0,1,1.0470294807792992,1
1548,3,0,1,0,0.99940608494129,0
1549,1,1,1,1,1.668354028302867,1
1550,2,1,1,1,2.0848804846355384,1
1551,2,0,1,1,2.912507141190852,1
1552,2,1,1,0,0.6602084313051455,0
1553,2,0,0,1,1.913179757223189,1
1554,1,1,0,0,-1.2337367102185275,0
1555,3,1,0,0,0.5976977678162876,0
1556,1,0,0,1,0.3724178686448113,1
1557,3,1,0,1,1.663253418312525,1
1558,1,0,0,0,0.1466365094932368,1
1559,1,1,0,1,-inf,1
1560,3,1,0,0,1.030772419725431,1
1561,3,1,0,0,-inf,1
1562,2,0,1,0,-inf,0
1563,1,1,0,0,-2.6071360919248576,0
1564,1,1,0,1,2.2927320265745106,1
1565,1,0,0,1,-inf,0
1566,3,1,0,1,-inf,0
1567,2,0,0,0,1.3559580969140712,1
1568,3,1,0,0,0.09656040779294359,1
1569,3,1,0,0,1.2789748544015977,0
1570,2,0,0,0,0.5457803532690609,0
1571,3,0,0,1,0.9254763909241073,0
1572,2,0,1,1,-inf,1
1573,2,0,1,0,1.7666094450380452,0
1574,2,1,0,1,1.5148797884378675,1
1575,2,1,1,1,0.04738352742078267,1
1576,2,1,0,1,-0.3250963406105265,1
1577,1,1,1,1,-0.5290752944551318,1
1578,2,1,0,1,1.9212504161978943,0
1579,2,0,1,1,2.302099883957925,1
1580,1,0,1,1,-0.289564369629039,1
1581,1,0,0,0,-1.436923841990819,1
1582,3,1,0,1,-0.07954332025572969,1
1583,2,1,1,1,2.537557892984838,1
1584,2,1,1,1,2.1401924278496134,1
1585,3,1,0,0,1.7531097182314135,1
1586,2,1,0,0,-1.0350275608188346,0
1587,3,1,1,0,0.43597384491815805,1
1588,1,0,1,0,-inf,0
1589,1,0,0,0,0.5625046703682239,0
1590,1,0,1,0,1.07052080097635,0
1591,3,1,1,1,5.220505209635155,1
1592,3,0,1,0,1.9916782624376128,1
1593,2,0,0,0,-0.6826633618473507,0
1594,3,0,0,1,1.6445580555821644,1
1595,3,1,0,0,0.8537937125565748,0
1596,2,0,1,1,3.0874339340273376,0
1597,2,0,0,0,0.22951555564304396,0
1598,3,1,1,0,0.9953695019273419,0
1599,3,1,0,1,1.4316275577928799,1
1600,1,1,1,0,-1.7416442287162213,0
1601,2,0,0,1,0.8141789363962656,1
1602,3,0,0,0,0.3035215548485922,0
1603,2,1,1,0,3.0760019156411307,1
1604,2,0,1,1,0.7222357470148256,1
1605,3,0,0,1,2.175111782370734,1
1606,2,1,1,0,0.0267520605652667,0
1607,2,1,0,0,-1.0174933293874844,0
1608,1,1,0,1,-inf,1
1609,3,0,0,1,4.134788064914052,1
1610,3,0,0,0,-2.27429986770147,0
1611,3,1,0,0,0.7083282964381654,0
1612,3,1,0,0,-2.9282735888758675,0
1613,2,1,1,1,3.0179852127579503,1
1614,3,1,0,0,1.4720757764890744,1
1615,2,1,0,1,-0.6989559926949034,0
1616,1,1,1,1,1.9978201757848966,1
1617,1,1,1,1,0.6884603892989534,1
1618,2,0,0,1,-inf,1
1619,3,0,0,0,-1.941113561573357,0
1620,2,1,0,1,-0.17938727531019122,1
1621,1,0,1,0,0.9299376351351327,0
1622,1,0,0,0,-1.109496562244593,0
1623,2,1,1,1,3.1061597365148956,0
1624,1,1,0,0,-0.4308130345429173,0
1625,2,1,0,0,1.8089514463719882,1
1626,1,1,0,0,-2.3882986663642294,0
1627,2,1,0,1,0.7301548420687405,1
1628,1,1,1,1,0.9436705499508733,0
1629,2,1,0,0,-0.7465140973026126,0
1630,2,0,1,0,-0.7716244754817447,0
1631,2,1,0,0,0.5063156666301778,0
1632,1,0,1,1,2.049668637642503,1
1633,3,0,1,0,1.293774910157945,0
1634,3,1,0,0,1.364691171675782,1
1635,1,0,0,1,-0.7865645925309173,0
1636,1,1,1,0,-inf,1
1637,1,0,1,1,-inf,1
1638,2,0,0,1,0.9274717052658963,0
1639,1,1,1,0,-0.4884796387093579,0
1640,1,1,1,0,-inf,0
1641,2,1,0,0,-0.6174862465287991,1
1642,1,0,1,0,0.6205464011394028,0
1643,1,1,1,1,2.9842352840322484,1
1644,3,1,0,0,0.9306151940266829,0
1645,1,0,1,1,1.5174972173965173,1
1646,1,0,0,0,-2.421216065209548,0
1647,3,1,0,1,2.2745140448456396,1
1648,3,0,0,0,1.146411758581803,0
1649,2,1,0,1,-0.4298481990632692,1
1650,3,0,0,1,2.0457053602659836,1
1651,2,1,0,1,0.2964900058024762,0
1652,2,0,0,0,-inf,0
1653,1,1,0,1,-inf,1
1654,2,0,1,1,2.3264882718330937,1
1655,1,0,1,1,2.5761561512838167,0
1656,3,1,0,0,-1.794552352015059,0
1657,1,0,1,0,-inf,0
1658,3,1,1,1,1.9594898349857366,1
1659,3,0,0,1,2.54224325689083,1
1660,3,1,0,1,2.2170563483615897,1
1661,3,0,0,0,1.4726077132931943,0
1662,2,0,1,0,2.4271972977265186,0
1663,1,0,0,0,-inf,0
1664,3,0,0,0,-inf,0
1665,2,0,0,0,1.63285825901322,1
1666,1,0,1,0,-0.7391888281293354,1
1667,3,0,0,1,2.587795608101046,1
1668,2,1,0,0,0.8110912112659729,1
1669,3,1,0,1,2.916917853781042,1
1670,3,1,0,0,1.586749311103837,0
1671,2,0,0,0,1.1586111205065226,0
1672,3,1,0,0,1.658842736409707,1
1673,2,0,0,0,-2.5887128320167223,0
1674,1,1,1,1,2.265275373642338,1
1675,3,0,1,1,0.9803825257167235,1
1676,2,0,0,1,2.6813813032203635,1
1677,1,0,1,0,0.5059335009338535,0
1678,2,1,0,1,-0.3918931089392402,1
1679,1,1,1,0,-1.8037965522847443,1
1680,2,1,0,0,1.1943179724694026,0
1681,2,1,1,1,1.8421936522709477,0
1682,2,1,0,0,0.023706859561240412,1
1683,2,0,0,1,0.49818768971604355,0
1684,1,1,1,0,-0.36250753112952805,0
1685,3,0,1,0,3.344581365524624,0
1686,1,0,1,0,-1.7306043121967578,0
1687,1,0,0,0,-0.27717380711041967,0
1688,2,0,0,1,-1.2851351660865378,1
1689,2,1,0,0,0.5711138683041879,0
1690,2,0,1,1,1.0784119856109562,1
1691,3,1,0,0,1.883633990905941,1
1692,1,1,1,0,-0.12767221515386273,0
1693,1,0,0,0,0.2647554593102278,1
1694,3,0,0,0,0.6179446681825611,1
1695,2,0,1,0,1.2517196044658334,1
1696,2,0,1,1,-inf,1
1697,3,1,0,1,-0.5858683938847766,1
1698,2,1,1,1,3.050107031177645,1
1699,3,0,1,1,1.9460569971043626,1
1700,1,1,1,0,0.9942726421902478,0
1701,2,1,0,0,0.9053286899627033,0
1702,1,0,1,0,1.5576410733560098,1
1703,1,1,1,0,-0.9104615465458907,0
1704,2,0,0,0,-0.33452534575706305,1
1705,2,0,0,0,-1.1857695609130023,0
1706,2,1,1,0,3.300729925346733,0
1707,1,0,1,1,0.898070744437255,1
1708,2,0,0,1,1.8351570158162793,1
1709,1,0,1,0,-inf,1
1710,3,0,0,1,1.3903430610291898,1
1711,2,0,0,0,1.6749469880846939,1
1712,3,1,0,0,0.4486347537511013,0
1713,2,0,1,1,2.5322503417570417,0
1714,1,0,0,0,-1.4682144354801454,0
1715,2,0,0,0,-1.9924354612672424,0
1716,3,0,0,0,-inf,1
1717,2,0,1,0,1.0569882394951078,1
1718,1,0,0,0,0.9399663234238265,0
1719,3,1,1,1,2.66490149697996,1
1720,3,1,0,1,1.6193057161601483,1
1721,3,1,1,1,0.3497220649697955,1
1722,2,0,0,0,-0.36253153914832026,0
1723,3,1,0,0,0.9943898710684261,0
1724,2,0,0,1,-0.5083495963557094,1
1725,2,0,0,1,3.2195067184854564,1
1726,3,1,1,1,1.9135078790002509,0
1727,1,1,1,1,-0.2944972612802558,1
1728,3,1,1,1,2.3620231500815145,0
1729,1,0,0,1,-inf,0
1730,2,0,0,0,2.2407404031720217,1
1731,3,1,0,1,0.24180340769531933,1
1732,1,1,1,1,2.9115305418366235,1
1733,2,1,1,0,-1.3572708628406303,0
1734,2,0,1,1,0.6058497431272218,1
1735,2,1,1,1,0.29831338853232103,1
1736,3,0,0,0,1.7749615466609405,0
1737,1,1,0,0,-2.9387877765144346,0
1738,2,0,0,0,0.4782733795947516,1
1739,2,1,1,0,-inf,0
1740,1,1,1,0,-2.544062918565854,0
1741,1,1,0,0,-1.0478996847836142,1
1742,3,0,1,0,1.3843697847570335,0
1743,2,1,1,1,-inf,1
1744,2,0,1,0,1.4105726538995405,0
1745,3,0,1,1,0.567192959152903,1
1746,3,0,0,1,1.9172103231438262,1
1747,2,0,0,1,-inf,0
1748,1,1,0,0,-1.553080629791202,1
1749,1,1,1,0,-0.5958548080063701,0
1750,3,1,1,1,4.209570440404097,1
1751,2,0,1,1,0.28436923641626066,1
1752,3,1,0,0,-inf,0
1753,2,1,1,0,1.3285680903082593,0
1754,3,0,0,1,2.0115722851306796,1
1755,2,1,0,1,3.028165979379806,1
1756,1,0,1,0,-0.4078375488655297,0
1757,2,1,1,1,-0.8316529966413915,0
1758,3,0,0,0,0.4940426546604273,0
1759,1,1,0,0,-0.1289076986354765,0
1760,1,1,0,0,0.1085631335518259,0
1761,2,0,0,1,0.3807298381544295,1
1762,2,0,0,0,0.2987941457754709,0
1763,3,1,0,0,1.1373457347520437,1
1764,2,0,1,0,0.6018917469668045,0
1765,2,1,1,1,2.9136171961792385,0
1766,3,1,0,1,2.512219149070228,1
1767,2,0,1,0,1.9530865346717774,1
1768,2,0,0,0,-0.8444231870705552,0
1769,1,0,0,1,2.600580881803736,0
1770,3,0,0,0,1.6220010297966698,1
1771,2,0,0,0,0.16026748565831886,1
1772,2,1,0,1,1.346398639352342,0
1773,1,1,1,0,-0.41111055128206486,0
1774,1,0,1,0,0.0463754080842097,0
1775,3,0,0,0,0.01996107262500893,0
1776,2,0,1,0,3.172677086415396,0
1777,1,0,1,1,0.5810732193415672,0
1778,3,0,0,1,0.6919462479571648,1
1779,2,1,1,0,-inf,1
1780,3,0,0,1,1.707278846182531,1
1781,3,0,0,0,-0.19130022045184164,1
1782,2,0,0,0,-inf,0
1783,1,0,1,0,-inf,1
1784,2,0,0,1,0.4551652238185472,1
1785,2,1,1,1,2.366343262752064,1
1786,2,1,0,1,0.4146117773790848,1
1787,1,0,0,0,0.20854433479433043,1
1788,2,1,1,1,0.6237101727129413,0
1789,1,1,1,1,-1.5219439247096367,0
1790,3,0,1,0,3.4648977096012787,0
1791,1,0,0,1,-0.7684867445643055,0
1792,2,0,0,1,0.8664414015491759,1
1793,1,0,1,1,2.441025166507284,1
1794,3,1,1,1,3.4744777458392644,1
1795,1,1,1,0,-inf,1
1796,1,1,1,1,2.6979094033563444,1
1797,3,0,0,1,-1.6525066968633202,1
1798,1,1,1,1,-inf,0
1799,1,1,0,0,0.17377519118449258,0
1800,2,0,0,0,1.2436130301376231,0
1801,1,1,1,1,3.445778764253594,1
1802,2,0,1,0,3.00974131845699,1
1803,1,0,0,1,-inf,0
1804,2,0,1,1,2.0146732428896317,1
1805,2,1,0,0,-0.024154063360327216,1
1806,1,0,1,1,1.580385583598948,1
1807,1,1,0,1,-inf,0
1808,2,1,0,0,-0.685539751168001,0
1809,1,1,0,0,-0.598427943468328,1
1810,3,0,0,0,1.9656595674199664,0
1811,2,1,1,0,0.4829054181512109,0
1812,1,0,0,0,-0.7237969576643103,0
1813,3,0,0,1,1.7647406208813798,1
1814,1,1,0,1,-0.4259069406572552,0
1815,2,0,1,0,0.8195609568429669,1
1816,1,1,1,1,0.43350373231455436,0
1817,2,0,1,0,0.4843472858682134,1
1818,2,1,0,0,-inf,0
1819,1,1,1,0,8.443461474161307e-06,0
1820,3,0,0,1,3.0922787303124424,1
1821,2,1,0,1,0.3265400546633185,1
1822,1,1,1,0,-0.8295791963404316,0
1823,3,0,0,1,1.4845571650921665,1
1824,1,0,1,1,1.2033838619917958,1
1825,2,0,0,1,1.4493802820222506,1
1826,1,1,0,1,0.8349217220601866,1
1827,2,0,1,1,1.8978796388846053,1
1828,2,0,0,1,-0.44957085725230206,1
1829,3,0,0,1,0.03438104131718367,1
1830,2,1,1,1,0.9663204803820927,1
1831,2,0,1,1,2.77814937576736,1
1832,1,0,1,0,-inf,1
1833,1,1,1,0,0.6458065214541473,1
1834,2,0,0,0,-0.7659500258542529,0
1835,1,0,1,1,0.40181236154429456,1
1836,1,0,1,0,-0.13919738385432928,0
1837,2,0,1,1,2.67778475048148,0
1838,1,1,0,0,-1.4956173257017786,0
1839,2,1,0,1,0.8635001513786571,1
1840,1,0,1,0,1.6567187145243223,0
1841,3,0,0,0,0.1671509938367406,1
1842,3,0,1,1,3.718119831724216,1
1843,1,1,1,1,0.9123971490645688,1
1844,2,0,0,1,0.8793294275670102,1
1845,2,0,1,0,0.3736881510199441,1
1846,3,0,0,1,1.8230804637796167,1
1847,1,0,0,0,0.23876120572049492,1
1848,1,1,0,0,-0.36288322642758997,0
1849,3,0,1,0,2.096653182104582,0
1850,1,0,1,0,-inf,0
1851,2,0,0,0,-1.2199474900740495,0
1852,1,1,1,1,0.8227994008567164,0
1853,2,1,0,1,0.041065362933789484,1
1854,2,0,0,1,1.7382356547086482,0
1855,2,1,0,0,-2.0949684058552664,0
1856,2,0,0,0,-inf,0
1857,3,1,0,0,-0.24556367612005153,0
1858,3,0,0,0,1.1009561741594214,1
1859,3,1,0,1,1.3993893160082325,1
1860,1,0,1,0,0.6342632964997831,0
1861,2,1,0,1,0.2525175398120815,1
1862,2,0,1,1,-inf,1
1863,1,0,0,1,1.6617627579499972,1
1864,1,1,1,1,-inf,0
1865,1,1,1,0,0.44791294273703086,0
1866,2,0,0,1,0.3008788436509785,0
1867,2,1,0,0,-1.9279901985576398,0
1868,3,1,1,1,1.628712550959235,1
1869,2,1,1,0,2.285517682841712,0
1870,3,1,0,1,1.5779955712999052,1
1871,1,0,0,0,1.1062803619776158,0
1872,1,1,1,1,1.1610914133640802,1
1873,3,0,1,0,-inf,0
1874,2,1,1,1,2.0803422106061378,1
1875,2,1,1,0,0.3516773943687853,0
1876,1,0,0,1,-2.456100235299343,0
1877,2,1,0,0,1.2229195258600787,0
1878,1,1,1,0,0.2691484665627337,1
1879,3,0,0,0,1.9267745536849858,1
1880,2,1,0,0,-0.7123336342377556,0
1881,1,0,1,1,-0.8495499140103963,1
1882,3,0,0,0,2.556026990702231,0
1883,2,1,0,0,1.1276419793096732,1
1884,2,1,1,0,-inf,0
1885,1,0,0,1,1.217994798476489,0
1886,2,0,0,0,-1.4708979678190848,0
1887,2,1,1,1,3.0805489339922847,1
1888,2,1,1,1,0.9845872706797383,1
1889,3,1,1,0,0.6633892796430032,0
1890,2,1,0,1,1.7804181679874727,1
1891,2,0,0,0,1.1005765967414967,0
1892,1,1,0,1,-0.07833227268153653,0
1893,2,1,1,1,3.359963835599107,1
1894,2,1,1,0,-0.27772474719948115,0
1895,1,0,1,0,-inf,0
1896,1,0,1,0,-1.633784673074829,0
1897,1,0,1,0,0.8456236717614952,0
1898,2,1,0,1,-1.5985778917623792,0
1899,1,1,1,0,-1.6062050587415195,0
1900,2,1,0,0,1.6245855291119833,1
1901,1,0,0,0,0.3385163171129388,0
1902,1,0,1,1,-inf,1
1903,1,0,0,0,-0.21469456526728514,0
1904,1,1,1,1,1.1063454468793987,1
1905,3,0,0,1,-inf,1
1906,1,1,0,1,0.7197928740232948,1
1907,3,1,1,0,-0.7872535909937475,0
1908,3,0,1,1,1.7997169348698296,0
1909,3,1,1,1,2.50297338390887,1
1910,3,1,1,1,-inf,1
1911,1,0,0,1,-inf,0
1912,3,1,0,0,1.9448399232598443,1
1913,3,0,0,0,0.3500737927297305,0
1914,2,1,0,1,0.948651880238992,0
1915,2,0,0,0,-inf,0
1916,1,0,0,0,1.4923893251644635,0
1917,1,0,1,1,-0.10300593753723042,1
1918,3,1,0,0,-0.02034682687013939,0
1919,1,1,1,0,0.6574756052825775,1
1920,3,1,0,0,-inf,0
1921,1,1,1,0,-0.988306153393724,0
1922,3,0,0,1,2.0466191800674434,1
1923,1,1,1,0,-2.796723820105423,0
1924,2,0,1,1,2.0713720134596616,1
1925,2,0,0,0,2.906917469520907,1
1926,1,1,0,0,-1.7547164572157785,0
1927,1,1,1,0,0.4980290367003953,0
1928,1,1,0,1,-1.0380093426530133,1
1929,3,0,0,1,2.037585724085152,1
1930,3,1,1,0,-0.8778970122012231,0
1931,1,1,0,1,-0.05558481546117015,0
1932,3,0,1,1,1.9795133175806867,1
1933,3,0,0,0,1.233620690919016,0
1934,3,1,0,1,0.9967635917479492,1
1935,2,0,1,0,1.0752811825079909,0
1936,1,0,1,1,1.8493210630671861,1
1937,2,1,0,0,-0.5845692480068232,0
1938,3,1,0,0,1.4227812156667907,1
1939,2,0,0,1,2.171386617403508,1
1940,1,1,0,1,-0.4401632907455107,1
1941,2,0,0,0,0.48053779517029405,1
1942,1,0,1,1,-inf,1
1943,3,0,0,0,1.0183093047989038,0
1944,2,0,1,0,0.37724091620369005,1
1945,2,0,1,0,-inf,1
1946,1,0,1,1,-0.20732667146499684,1
1947,1,0,0,0,-inf,1
1948,2,0,0,1,1.8748568226942934,1
1949,2,1,1,0,2.1855494878521915,1
1950,2,0,0,0,-1.514616379448912,0
1951,1,0,0,1,-inf,1
1952,2,1,0,0,-2.6515011280567005,0
1953,1,1,0,0,-0.5461314265684456,0
1954,2,0,0,0,-0.10804891472314204,0
1955,2,0,0,1,0.5569013174728213,1
1956,2,0,1,1,1.856516480983819,1
1957,1,0,1,1,1.826615204537357,0
1958,3,1,0,1,-inf,0
1959,1,1,1,0,-0.3920730190037204,1
1960,1,0,1,0,1.3183483966454923,0
1961,2,1,1,1,0.7120241471137689,1
1962,2,0,0,1,0.13018938181751327,1
1963,1,0,0,1,-0.0491692262459586,0
1964,1,0,1,0,1.402116255482142,1
1965,1,0,1,0,-0.18850655068703268,0
1966,3,0,1,1,1.4311838628326554,1
1967,1,0,0,1,-0.18768805400524644,0
1968,2,1,0,1,-0.08894014655777721,1
1969,1,1,1,0,0.7267572420180342,0
1970,2,1,1,0,-0.7689257289485996,1
1971,3,1,0,0,-0.9102790111921673,1
1972,3,0,0,1,0.8545674501274838,1
1973,2,0,0,1,0.022697735327973034,0
1974,1,0,1,1,1.4410396618088432,1
1975,3,1,1,1,0.5107940815562506,1
1976,2,1,1,1,3.7058181327513915,1
1977,3,0,0,1,1.3144490816559156,1
1978,1,1,1,1,1.2183706222542212,1
1979,1,0,0,1,1.774182874680265,0
1980,2,1,1,0,2.4220354158935633,1
1981,2,1,1,0,-1.8543208837871672,0
1982,2,1,0,1,1.9540418732627836,1
1983,2,1,1,0,0.41623863803212857,0
1984,2,0,1,0,1.124108914984723,0
1985,2,0,0,1,0.8185811928146383,1
1986,2,0,0,1,-0.9121108963605297,0
1987,1,1,0,1,-0.3669506003987844,1
1988,2,0,0,1,1.143358336968183,1
1989,1,1,1,0,-1.3613521763843763,1
1990,3,0,0,0,-0.8007827796551603,0
1991,3,1,0,0,2.1406715119422564,1
1992,1,1,0,1,-inf,1
1993,3,1,1,0,1.9857492390234788,0
1994,1,1,1,0,1.2293673768250277,1
1995,2,1,1,1,2.181147673387523,1
1996,1,1,1,1,1.007111923136651,1
1997,3,1,1,1,2.7500252143486312,1
1998,2,1,0,0,-inf,0
1999,1,0,1,0,0.7802678100633852,0
2000,2,1,1,1,0.6107022754148522,1
2001,3,1,0,0,-0.21942934433884786,0
2002,1,0,1,1,0.3978138507768252,1
2003,3,1,0,0,-inf,0
2004,1,1,1,0,-0.10853362333612404,1
2005,1,1,1,0,0.45438826301484764,0
2006,2,0,0,0,0.04490587805004276,0
2007,3,1,0,1,1.5158711466260975,1
2008,2,1,1,1,-inf,0
2009,2,0,1,1,1.9642939471291379,0
2010,1,0,1,1,2.013823241047265,1
2011,2,1,0,1,0.4381973195952381,1
2012,1,0,1,1,1.748907607946987,1
2013,2,1,0,1,2.2111545464433826,1
2014,2,0,1,0,0.12343594155098914,1
2015,1,0,1,1,1.8330239223748428,0
2016,3,1,1,1,-inf,1
2017,3,1,1,0,1.1347629433518267,1
2018,3,1,0,1,-inf,1
2019,1,1,0,1,-0.6556931391654326,1
2020,3,0,1,1,-inf,0
2021,2,0,1,0,-0.3016454006500371,0
2022,3,1,1,1,0.19975459216638602,1
2023,1,1,1,0,0.7285144998004187,1
2024,3,0,0,1,1.200771253291402,1
2025,1,0,0,0,0.16079364694544895,1
2026,3,1,1,1,2.0651895763114467,1
2027,3,1,1,1,0.8133892652852351,1
2028,3,1,1,0,-0.7060465999220358,0
2029,1,1,1,1,1.7440008896970371,1
2030,3,1,0,1,0.9860180846451735,1
2031,2,1,1,1,3.363442120094053,1
2032,1,1,0,1,1.42018212823633,1
2033,1,1,1,1,1.0635911928841097,1
2034,1,1,1,1,-inf,1
2035,3,0,1,0,-inf,0
2036,2,0,0,0,-0.26193063364517266,0
2037,1,1,1,1,-1.4806738175903222,0
2038,2,0,1,0,-0.260023232808298,0
2039,2,0,0,1,2.204630134387988,1
2040,2,1,1,0,1.3999499712472985,0
2041,1,0,0,1,0.5899083050389339,1
2042,2,0,1,1,-inf,1
2043,1,1,0,0,-0.12075049410596655,1
2044,2,1,1,0,0.4639400568371941,0
2045,2,0,0,0,-1.3530912020865662,0
2046,1,1,1,1,0.2829511601810093,1
2047,1,1,0,0,-3.1239866142399246,0
2048,2,0,0,1,3.004246741320947,1
2049,1,0,1,0,-0.02340979702985202,0
2050,3,0,0,1,-inf,0
2051,1,1,1,1,2.0719125945597003,1
2052,2,0,1,1,0.3940305435234283,1
2053,3,1,0,1,1.7366620748612855,1
2054,3,0,0,0,1.2849520023814116,1
2055,2,1,0,1,1.4937518752455836,1
2056,2,0,0,1,-1.0359054916468518,0
2057,1,1,0,1,0.42685975925629016,0
2058,2,1,0,0,-0.5032395629450903,0
2059,2,0,0,0,1.2261891028820058,1
2060,2,0,0,1,0.8102077977143057,0
2061,1,0,0,1,0.33250532212427686,1
2062,2,0,0,1,-1.345744537097235,1
2063,1,0,1,1,2.120232291438894,1
2064,2,0,0,0,-0.8602022314355284,0
2065,2,1,0,0,0.006968474996046914,0
2066,3,0,0,0,-0.8663259993986667,0
2067,1,1,0,1,-0.9911103507885025,1
2068,2,1,1,0,0.5945480423671193,0
2069,1,1,0,0,-0.19700106092856334,0
2070,2,1,0,1,1.7336070878363063,1
2071,3,1,1,1,-inf,1
2072,2,1,0,0,-1.197452135925284,1
2073,2,1,1,1,1.2186241089000902,1
2074,3,1,0,0,-inf,0
2075,3,1,1,0,2.2465468438476637,0
2076,2,1,0,0,-0.49909009674285276,1
2077,1,0,0,0,-inf,0
2078,2,1,0,0,0.7152179941454319,0
2079,1,1,0,1,-inf,1
2080,3,1,1,0,1.1793487465512178,1
2081,2,1,0,1,0.011078287136088216,0
2082,2,1,0,0,-1.2846951674431362,0
2083,1,0,0,1,2.7735019196557946,1
2084,3,1,0,1,1.501971718789814,1
2085,1,0,0,0,-0.8574274388937773,0
2086,2,0,0,1,-inf,0
2087,2,0,1,0,-inf,0
2088,1,1,1,1,0.22560894407106202,1
2089,3,0,0,0,-0.3243510715482516,0
2090,2,1,0,0,-0.7294984018915118,1
2091,2,1,1,0,0.8473712333033426,0
2092,1,1,1,1,2.197931704314602,1
2093,1,0,0,1,2.7641744503889045,1
2094,3,0,0,0,0.45039160103741016,0
2095,1,0,1,0,0.4114112714776304,0
2096,1,1,0,1,1.4332247334681139,1
2097,2,1,1,1,-inf,1
2098,1,1,1,1,-inf,1
2099,3,0,1,0,2.2968407183170445,1
2100,1,1,1,0,-0.5928200750715574,0
2101,1,0,1,0,0.25115738921359343,1
2102,2,0,1,0,-0.39487539577439046,1
2103,3,1,0,0,0.6159661755662299,0
2104,1,1,0,0,-2.2021755678464197,1
2105,1,1,1,1,-0.0788901438541463,1
2106,2,1,1,0,0.2924408204701892,0
2107,2,1,0,0,0.440662127276106,0
2108,2,0,0,1,3.613908881571294,1
2109,1,1,0,1,1.4750268197067027,1
2110,3,0,0,0,-1.007631392020137,0
2111,3,1,1,0,1.6269086418445307,1
2112,2,0,1,0,0.7761742071066509,1
2113,3,1,1,1,0.718809188637417,0
2114,3,1,0,1,0.307925337570944,1
2115,1,0,0,0,-2.1127255375136467,0
2116,3,1,0,1,0.8874200040317545,1
2117,2,1,0,0,0.8781440993344927,0
2118,2,1,1,0,1.9772014203037498,1
2119,1,1,1,1,0.5240571238868588,1
2120,2,1,0,0,-1.9326923310150874,1
2121,1,1,0,1,0.486363820084337,1
2122,2,1,1,0,1.2148371263954383,0
2123,2,0,0,0,-inf,0
2124,3,1,0,0,0.99493208457721,1
2125,1,0,1,0,-0.026419397300084857,0
2126,2,0,0,0,0.490448056524683,1
2127,1,1,1,1,0.45981745761584536,1
2128,1,1,1,1,0.5332514210550334,1
2129,3,1,0,1,-1.3449751106500338,1
2130,2,0,0,1,0.2319602341928406,1
2131,1,0,1,0,-1.995983967649546,1
2132,3,1,0,1,2.9851840512944863,1
2133,2,1,1,1,0.003379837089539317,1
2134,1,0,0,1,3.1839777152191004,1
2135,2,1,1,1,0.9049771511648843,1
2136,2,0,0,0,-inf,0
2137,2,1,0,0,0.2232179527303791,0
2138,2,1,0,0,-0.49742287991450596,0
2139,2,1,1,0,0.48930312025417994,0
2140,3,0,1,0,-inf,1
2141,3,1,0,1,1.8157003473833608,1
2142,2,1,0,0,-0.14418297917320733,0
2143,2,0,0,1,0.684866081254112,1
2144,3,1,0,0,2.6184935730341565,0
2145,3,1,0,0,-0.6302999161710523,1
2146,1,0,0,0,-1.087352482349711,0
2147,1,0,0,0,1.6815418113659417,0
2148,3,1,1,0,0.26838367692105886,0
2149,2,0,0,0,0.319957161942779,0
2150,1,1,1,0,-0.9062355479039533,0
2151,2,1,0,0,1.158117762822234,0
2152,1,1,1,0,0.3690047478824237,0
2153,1,1,1,0,0.21139400435655298,0
2154,2,1,0,0,-0.5125250729517995,1
2155,2,0,1,1,-0.3646275993430531,0
2156,3,0,0,1,-inf,1
2157,3,1,1,0,-0.28090193590506324,1
2158,2,1,1,0,1.0918777595017775,0
2159,3,1,0,1,-0.26609525225439473,0
2160,1,0,0,1,1.6777001923931079,1
2161,2,1,0,0,2.44299609909664,0
2162,1,1,0,0,-1.6501327654478626,1
2163,3,1,0,1,1.9702975184426341,1
2164,2,0,0,1,1.7800842602743507,1
2165,1,1,0,0,-0.79286229648067,0
2166,1,0,0,0,-2.8636161256811152,0
2167,1,0,1,0,-inf,1
2168,1,1,1,1,2.4723243989975536,0
2169,2,0,0,0,0.46199635552161744,0
2170,2,1,0,1,0.5906267372900053,1
2171,2,1,1,0,0.4810385998551839,1
2172,2,1,1,0,-0.5003409325222266,0
2173,1,0,1,1,2.6934671746457375,1
2174,2,0,0,1,-0.2979469624558336,0
2175,2,1,1,0,-0.376117726213542,0
2176,3,1,1,1,2.9324132235120786,1
2177,3,1,0,1,0.487823099510564,1
2178,2,1,1,0,-inf,0
2179,2,1,0,0,0.3004519385435785,0
2180,3,1,0,1,1.1578424071169002,0
2181,1,0,1,1,2.390600895638392,1
2182,3,0,1,1,1.462165951753454,1
2183,2,1,1,1,1.5512084939734516,1
2184,3,1,0,0,-inf,0
2185,1,1,1,0,-inf,0
2186,3,0,0,1,3.3922166614863296,1
2187,3,0,1,0,1.608930597509114,0
2188,2,1,0,1,-0.4134454425200226,1
2189,1,0,0,0,-inf,0
2190,2,0,0,0,-1.5962633878231194,0
2191,2,1,1,1,0.2856569987220472,1
2192,2,0,0,0,-0.4538215552842993,1
2193,3,1,1,0,-inf,0
2194,2,0,0,0,0.54906114199929,1
2195,1,1,0,1,1.1332400840210108,1
2196,3,0,0,0,3.219873620460957,0
2197,2,0,0,1,0.48959054315937495,1
2198,1,0,1,1,2.250495860314576,1
2199,2,0,0,0,0.6330492534781208,1
2200,3,0,0,0,1.1926607760293586,1
2201,1,1,1,1,-0.18863257033608075,1
2202,2,0,1,1,2.5237970695793654,1
2203,3,0,1,1,-1.3007105588134076,1
2204,2,0,0,1,1.7641965216880884,1
2205,2,1,1,0,0.8588521547223571,1
2206,2,1,1,1,0.8832672351735957,0
2207,3,0,1,0,-inf,0
2208,2,1,1,0,-1.3595565040818043,1
2209,1,1,0,0,-1.5282724083422752,0
2210,3,1,1,1,-inf,1
2211,2,0,1,0,4.27363310572856,1
2212,3,0,0,0,0.9696185748660737,0
2213,2,1,1,1,-0.8961150039830184,0
2214,1,1,0,0,-1.126281491667874,0
2215,3,1,0,0,-1.6452124842774634,0
2216,3,1,0,0,2.221436184029697,0
2217,2,1,1,0,0.7063079172073022,1
2218,1,1,0,0,-1.9819286246525223,0
2219,1,1,1,1,0.8379489555800426,1
2220,1,1,0,0,-3.1995913265920706,1
2221,2,0,0,1,1.2969884599256316,1
2222,1,0,0,1,0.06794498682878067,1
2223,2,1,1,0,2.6788695314853888,1
2224,3,0,0,0,2.0404371614531227,0
2225,2,0,0,0,-1.3133279360883863,1
2226,2,1,0,0,0.28634700971020255,0
2227,1,1,0,0,-2.6256341303031103,0
2228,2,1,1,1,0.22535851035645027,0
2229,1,0,1,1,1.7499458705872635,1
2230,2,1,1,0,0.6334217327325071,1
2231,2,1,0,1,0.5423382742350328,1
2232,2,0,0,0,-0.08310629739551412,0
2233,2,1,0,1,1.2620985638965063,0
2234,2,1,0,0,0.2707310513773288,1
2235,2,1,0,0,-0.19430399191517173,0
2236,2,1,1,0,-0.7802488501026386,0
2237,3,0,0,0,-0.3393169966632359,0
2238,2,1,0,1,-0.2765464991773048,0
2239,1,0,0,1,-1.3156046629529223,1
2240,2,1,0,1,0.6940414050310029,0
2241,1,1,0,0,-0.2633463610731517,1
2242,2,1,1,1,0.2731411510147388,0
2243,3,1,0,0,1.5568201073972407,0
2244,3,1,0,0,0.2750655453616414,0
2245,1,0,0,0,-0.8743412687456814,0
2246,2,0,1,1,1.6582164739176304,1
2247,2,0,0,1,3.6006341708558525,1
2248,2,0,0,0,-0.7884488934952025,0
2249,2,0,0,1,1.024827751355975,1
2250,2,0,0,0,-inf,0
2251,1,0,0,1,2.032506210777692,1
2252,1,1,1,1,1.17603182238325,1
2253,2,1,0,1,-0.3031455487795818,0
2254,1,1,1,1,1.2619949044726688,1
2255,2,1,1,0,1.4531019486838312,0
2256,3,1,0,0,0.48069631630897214,0
2257,1,0,0,0,-0.8149666260965193,0
2258,3,0,1,0,2.5343326755649427,0
2259,2,0,0,1,1.8682290401847919,1
2260,1,0,1,0,1.6087012564062562,0
2261,3,1,1,0,1.7749757802479222,0
2262,2,1,0,0,-2.497002818024674,0
2263,1,0,1,1,1.1546349517349799,0
2264,3,1,0,0,-0.19755173000313142,1
2265,2,0,0,0,1.9249335960477407,1
2266,2,1,1,0,0.007358248898623965,0
2267,2,0,0,1,1.07102818642733,1
2268,1,0,1,1,1.4831819800996384,1
2269,3,1,1,1,2.995720678270089,1
2270,3,1,0,1,0.06303253206952819,1
2271,1,0,1,1,-inf,1
2272,2,1,0,1,0.5672239494093654,1
2273,1,1,1,1,1.3493203294541714,1
2274,3,0,0,1,2.2571133936286807,0
2275,1,0,0,0,-2.652520891750509,0
2276,2,0,0,1,1.6037028770047628,1
2277,3,0,0,0,-1.035552103856408,1
2278,1,0,0,0,-0.08711275545027344,1
2279,2,1,1,0,-0.6776043240177188,0
2280,1,1,0,1,0.925580720140849,0
2281,2,0,1,0,0.5121555041306707,1
2282,3,1,0,1,0.7836056735972621,1
2283,2,0,0,1,1.5348467070370437,1
2284,3,0,0,0,1.4557280892700066,1
2285,2,0,0,0,0.5424464787804271,0
2286,2,1,0,0,1.971187777909649,0
2287,1,1,1,1,2.970026780820091,1
2288,2,0,1,0,1.9839554391893428,1
2289,3,0,0,1,-inf,1
2290,2,0,1,0,-0.19605300670410053,1
2291,3,1,0,1,2.634194565199147,1
2292,2,0,0,1,0.08859065083822737,1
2293,2,0,1,1,1.003499052894161,1
2294,1,1,1,1,0.4526342646118756,0
2295,3,0,0,0,0.5593989315857004,0
2296,1,0,1,0,0.08161434369126735,1
2297,2,1,1,0,1.8036136373417837,1
2298,2,0,1,0,1.8206314848528968,0
2299,2,1,1,1,1.1836203472637934,1
2300,2,1,0,0,-1.3433585133227814,0
2301,3,0,0,0,0.8896193715528102,0
2302,3,1,0,1,0.760889813258168,0
2303,1,1,1,0,-2.2490391141436366,0
2304,1,0,0,0,-1.489610781086111,1
2305,2,1,0,0,-0.002166170204118023,0
2306,3,1,0,0,0.8166561982989731,0
2307,2,0,1,0,-0.008262096821979065,1
2308,2,0,1,0,-inf,0
2309,2,0,1,1,4.821595093568254,1
2310,3,0,0,0,1.9678413114761253,0
2311,1,1,0,0,-0.024196238806007186,0
2312,2,0,0,1,1.6213477229547986,1
2313,3,1,1,1,4.66918227925224,0
2314,2,1,0,1,1.7838845441843063,1
2315,2,0,0,1,2.0044421520221603,1
2316,2,1,1,1,1.529565310898839,0
2317,2,1,0,1,0.8847022493938539,1
2318,2,1,1,0,-inf,0
2319,1,1,1,1,1.6953909937413403,1
2320,1,0,0,0,-0.03576328138474727,0
2321,2,0,1,0,-0.5430567350382681,0
2322,1,0,1,1,-inf,1
2323,1,0,1,0,-0.7088714937050735,0
2324,2,0,0,1,-0.4901276466555061,1
2325,2,1,0,1,0.9913154963664486,1
2326,3,1,1,0,0.7334946727099015,0
2327,1,1,1,1,-0.9793595700662499,1
2328,3,0,1,1,3.1499548663498427,0
2329,3,0,1,1,2.5349728534958134,0
2330,2,0,0,1,-inf,1
2331,1,0,1,1,1.427296497780559,1
2332,2,0,0,0,0.1700469720430995,1
2333,1,0,1,0,0.8215226414226611,0
2334,3,0,1,1,2.2910415638979673,0
2335,1,1,1,1,0.21460248478856353,1
2336,3,1,0,0,-1.0634322704659902,0
2337,2,0,0,1,-0.032608497039173456,1
2338,2,0,0,0,-2.2484276484579087,0
2339,1,0,1,1,2.01338641401408,0
2340,2,0,0,0,-inf,1
2341,2,1,1,1,0.9100735703156579,1
2342,1,0,1,1,-inf,1
2343,1,1,0,0,-0.566134027273312,0
2344,2,0,0,0,0.21393095612744073,0
2345,1,0,0,0,-0.39279142172443676,1
2346,1,0,0,1,0.7135606247537232,0
2347,3,1,0,1,-inf,1
2348,3,1,1,1,4.311516911134252,1
2349,3,1,0,1,1.1372101760550168,1
2350,3,0,0,0,1.1367098202290455,1
2351,1,1,0,1,-2.641892706696911,1
2352,3,0,0,1,1.2965994554714841,1
2353,1,0,1,0,-2.1617352380892383,0
2354,2,1,0,1,2.0358131002170055,1
2355,1,0,1,1,1.175555200154592,0
2356,3,1,0,1,1.934026551290877,0
2357,3,1,0,1,1.6884279820689831,1
2358,2,1,0,1,1.8966317927605074,1
2359,2,1,0,1,3.4388844336327984,0
2360,2,1,1,1,3.4134537159798186,1
2361,3,0,1,1,2.2117783526064647,1
2362,3,0,0,1,1.6186121905718518,1
2363,3,1,1,1,3.9485129327165316,1
2364,2,1,1,1,0.7854147810879163,1
2365,1,1,0,1,0.4586684463159976,0
2366,2,1,0,1,1.151865191142139,0
2367,3,1,0,1,1.9814453411105006,1
2368,1,1,1,1,2.256507296441324,1
2369,2,1,1,0,-inf,0
2370,3,0,0,1,4.179545333327774,1
2371,1,0,1,1,1.6675131860990546,0
2372,3,0,0,0,-1.9879287145912936,0
2373,1,1,0,1,-0.03691226103088807,0
2374,2,0,1,1,1.316275733126525,1
2375,1,0,1,0,0.11522188860803223,0
2376,3,1,0,1,-0.804576808503106,1
2377,3,0,0,1,3.276093966762887,1
2378,2,0,1,0,0.07387426126734697,0
2379,3,0,1,1,0.9065094321362257,0
2380,2,0,1,0,1.3681301301849165,0
2381,3,0,1,1,-0.46732605899064783,0
2382,3,0,0,0,1.5127814153747257,1
2383,3,0,1,1,-inf,0
2384,1,1,0,0,-2.0283227142839144,0
2385,3,0,0,1,1.4243174651095942,1
2386,3,1,0,0,-0.781674288189271,0
2387,2,1,0,1,0.23140796815275977,1
2388,2,1,0,0,0.15103231296028674,1
2389,1,0,1,0,0.44170828482765845,0
2390,1,1,1,0,0.6654202523653445,1
2391,2,1,1,1,-inf,0
2392,2,1,1,1,1.0643860520890511,1
2393,3,1,0,1,2.2882419046813274,1
2394,3,1,0,0,1.2783740842200557,0
2395,2,1,0,1,-0.09978065485036366,1
2396,1,1,0,0,1.2731715862621693,1
2397,3,0,1,1,2.5564104788331403,1
2398,1,0,1,1,1.5784091261506874,1
2399,2,1,1,1,1.5415733938867018,1
2400,2,1,1,0,0.24908255605180718,0
2401,2,1,0,1,2.044547054666436,1
2402,1,0,0,0,-1.0879610805516324,1
2403,2,0,0,1,0.7746244797763291,1
2404,3,0,1,1,0.22676488909848302,0
2405,1,1,0,0,1.4533182092231685,0
2406,3,0,1,1,2.8128849074144537,1
2407,2,0,1,1,1.7136804576773645,0
2408,3,1,0,0,-inf,1
2409,2,1,1,1,1.0844370404799724,1
2410,1,1,0,0,-inf,0
2411,1,0,1,0,-0.01729031393374192,0
2412,1,1,1,0,-inf,1
2413,1,0,1,0,0.3014995519803952,0
2414,2,0,0,0,0.5877242660433647,0
2415,2,1,0,0,0.5785834516569405,0
2416,3,0,0,1,0.5254328942553029,1
2417,2,1,1,0,0.5759675313865867,1
2418,2,1,0,1,0.023516095414010396,0
2419,1,0,1,0,0.9477103762159398,1
2420,3,0,1,0,2.3659082010065946,0
2421,2,1,0,0,0.54474755223308,0
2422,3,1,0,1,0.04040263623302198,0
2423,2,0,0,1,0.6283153318101399,0
2424,2,1,0,0,-1.1798308798470445,0
2425,1,0,0,0,-0.46265024703213287,1
2426,3,0,1,0,1.531811414192531,0
2427,2,0,0,1,1.840145389539528,1
2428,2,1,0,0,-0.4294839738829707,0
2429,3,0,1,1,2.2606311421703094,1
2430,1,1,0,0,0.5983952698955268,1
2431,2,1,0,0,0.203746543103094,1
2432,3,1,1,1,2.41198626995697,1
2433,3,0,1,1,1.5372914044478931,1
2434,3,1,1,0,0.8030373364747396,0
2435,2,1,0,0,-0.9086623912927447,1
2436,1,0,1,1,0.14897579383776832,1
2437,2,1,1,1,0.16493379296748567,1
2438,3,0,0,1,1.3798664959434752,1
2439,1,1,1,1,-0.6260157797675716,0
2440,2,1,0,0,-inf,1
2441,1,1,0,1,0.3176469623516579,1
2442,1,0,0,1,1.8442889046975868,1
2443,3,1,1,1,2.582461859771308,1
2444,2,0,0,0,-1.495070703938294,0
2445,2,1,1,0,1.4734501887353229,1
2446,3,1,1,0,-0.7464529493683949,0
2447,1,1,1,0,1.0331880477933029,0
2448,2,0,0,1,0.20944099107865313,1
2449,3,1,0,0,1.949194456505742,0
2450,3,1,0,1,-0.5132896799703112,1
2451,3,0,0,0,0.38281947820381557,0
2452,3,1,1,1,2.5841571316880074,1
2453,2,0,1,1,2.131233186773405,1
2454,2,1,1,0,-0.7818646294090332,1
2455,1,0,1,0,1.0223249240717949,0
2456,2,0,1,0,0.6466977780306737,0
2457,3,1,1,1,-inf,0
2458,2,0,0,1,1.1419962750755006,1
2459,3,0,0,0,-0.4805630177636667,0
2460,3,1,1,0,0.6406447733823177,0
2461,3,1,0,1,-inf,1
2462,2,1,0,0,0.6324676389411779,0
2463,3,0,0,0,-inf,1
2464,2,1,1,1,2.8578582439422173,1
2465,3,1,1,0,0.565628732291507,1
2466,1,1,1,1,0.5563320899206116,1
2467,3,1,0,1,-0.06574751609594123,1
2468,2,0,0,1,2.925919953692938,1
2469,1,1,0,0,-1.2690295471059028,0
2470,1,0,1,0,-0.07087359788096567,0
2471,3,0,0,0,0.7000916220222578,1
2472,1,1,0,1,1.3188085323902201,1
2473,3,0,0,0,-inf,1
2474,2,1,1,1,-inf,1
2475,3,0,0,0,-inf,0
2476,2,1,1,0,1.7846850829825365,0
2477,2,0,0,0,-0.38551450483539984,1
2478,2,0,0,1,-0.7603771750195131,1
2479,2,0,1,1,1.2839180909295431,1
2480,2,1,1,0,0.4548137554040901,0
2481,3,0,0,0,0.04535099389709071,1
2482,1,0,1,1,1.541015463643113,1
2483,1,1,0,1,-0.6876795198895291,1
2484,1,0,0,0,-1.9707981569085211,0
2485,1,0,0,0,-0.24970799819115422,0
2486,1,1,0,1,-1.5444230964047803,0
2487,3,1,0,0,-0.04753524716753385,1
2488,3,1,0,0,-2.0322516502736923,0
2489,2,1,0,1,2.2098093363162787,1
2490,3,1,0,0,1.8262981603497654,0
2491,1,1,1,0,-1.1013409937735401,0
2492,1,1,0,0,-0.46779023698544553,0
2493,2,0,0,1,0.7191218416350742,0
2494,3,1,1,0,-inf,0
2495,1,1,1,1,-1.3873493273119881,1
2496,3,0,0,1,1.7052574749414033,0
2497,2,0,1,0,3.058265871305906,0
2498,3,0,0,1,2.2245305146807377,1
2499,2,1,0,0,-inf,0
2500,1,0,0,1,-inf,1
2501,3,1,0,1,-1.757251142117567,1
2502,1,0,1,1,1.7774466796370714,0
2503,3,0,1,0,0.8045059614208679,1
2504,2,0,1,1,3.692356902163887,1
2505,2,0,0,0,-0.8374043885764361,1
2506,1,0,0,0,-2.101874779695642,1
2507,1,0,1,0,0.33159360931503934,0
2508,3,1,0,1,0.8586181688813024,1
2509,1,0,1,1,0.7569769789823758,1
2510,1,1,1,1,1.8048243611381845,1
2511,1,0,0,1,-0.1866522936602481,0
2512,1,0,1,1,2.3960503715657966,1
2513,3,1,1,0,2.170190621695914,1
2514,2,0,0,1,2.335309329118211,1
2515,3,0,0,1,1.0852310978300088,1
2516,3,1,1,1,1.208671871257879,1
2517,1,0,1,1,2.9315217413387606,1
2518,1,0,1,0,1.01016180895956,0
2519,3,0,1,0,0.44117791612593027,0
2520,2,1,0,0,-0.5461563936954786,0
2521,3,1,0,0,0.4235684135917228,1
2522,3,1,0,0,-1.2235953194048774,0
2523,3,1,0,1,1.3024336136626045,1
2524,3,0,0,1,1.5581743290277217,1
2525,2,0,0,0,0.8897124251128583,1
2526,2,1,1,0,0.2022044314810223,0
2527,1,1,0,0,-1.202792813804448,0
2528,1,1,0,0,1.854724862764205,0
2529,2,0,0,0,2.3546972801741894,0
2530,1,1,0,1,0.03937875626107465,1
2531,2,0,1,1,-inf,1
2532,1,0,1,1,0.4790565505779456,1
2533,2,1,1,1,-inf,0
2534,3,0,1,0,2.1689559415330626,0
2535,1,0,0,1,0.027795406814277612,1
2536,1,0,1,0,1.684808955417079,1
2537,3,1,0,1,0.2898840380778415,0
2538,2,1,0,0,-2.1651011312053736,0
2539,2,0,1,0,-0.4471927146512947,0
2540,2,1,1,1,1.5357363501773134,1
2541,1,1,1,0,-1.8454299955495543,0
2542,2,1,1,0,1.4670801574049817,0
2543,1,0,1,0,-inf,0
2544,1,1,1,0,2.402034304464175,0
2545,2,0,0,0,-inf,0
2546,1,1,1,0,-2.90294203385649,0
2547,2,1,1,1,0.3802377211169964,0
2548,2,1,0,0,-0.7058999511747259,0
2549,3,1,0,0,0.6772684625698591,0
2550,1,1,0,1,0.19472135493190912,0
2551,2,0,0,1,-inf,1
2552,1,1,0,0,-0.9678625206760669,1
2553,1,1,0,0,-1.896736896921599,1
2554,3,0,0,1,1.8911889315726476,1
2555,2,1,1,1,1.3249189701011228,1
2556,3,1,0,1,1.4292466488641018,1
2557,1,1,0,0,0.9991812555460196,1
2558,2,0,1,0,-inf,0
2559,2,1,1,0,-1.025858385145926,0
2560,2,1,1,1,-0.8243788055095064,0
2561,2,1,0,0,-1.8819074572168293,0
2562,2,0,1,1,2.7577354315197464,1
2563,1,0,1,0,1.4590646640675071,0
2564,3,1,0,1,0.2843482922157796,0
2565,2,0,0,0,1.8882065191050637,1
2566,1,1,0,0,-1.5236025066635157,0
2567,2,0,1,1,2.563555792902741,1
2568,1,1,1,1,0.044361074920959004,1
2569,3,1,1,0,1.942606795534269,1
2570,2,0,0,1,0.3239949698168644,1
2571,2,1,0,0,1.7451325544966743,0
2572,1,0,0,0,-inf,0
2573,2,1,0,1,1.355136604327567,1
2574,2,1,1,0,-1.2535783713497741,0
2575,3,1,0,0,1.8796696323287034,0
2576,2,0,0,0,0.6328843230506589,0
2577,3,0,0,1,-inf,1
2578,2,0,1,1,1.3800739069210746,1
2579,1,1,1,0,1.087555800058496,0
2580,2,1,1,0,0.7843622572528368,0
2581,3,1,0,1,0.41995014868019376,1
2582,1,1,0,1,1.528691224525613,1
2583,2,1,0,1,1.1273818578651411,1
2584,3,1,0,0,0.7214468979898548,0
2585,1,1,0,0,-3.1639702599847377,0
2586,2,0,0,1,2.155096934239509,1
2587,2,0,0,0,-0.3615010633648163,1
2588,2,0,1,0,1.0741040887010864,1
2589,2,1,0,0,-0.25242236727043843,0
2590,2,0,1,1,2.659271078901412,1
2591,2,1,1,0,1.2628180156403368,0
2592,1,0,1,0,-0.09784112921870791,0
2593,2,1,0,1,0.8852022137366571,1
2594,1,1,1,0,-0.8320421801164217,0
2595,2,1,0,0,0.9800664766365649,1
2596,3,1,0,0,2.2311560895811526,1
2597,1,1,1,0,-inf,1
2598,2,0,0,1,-0.39030759867922704,1
2599,3,0,0,0,1.751784925397362,1
2600,3,1,0,1,1.1977159020633297,1
2601,3,0,0,0,-0.23900866307149207,0
2602,3,0,0,1,1.1203902854160226,1
2603,1,1,0,0,-0.13526983445464155,1
2604,2,0,1,1,1.1841251182803225,1
2605,3,0,0,0,2.128011437250145,1
2606,3,1,1,0,2.1815067053713655,1
2607,2,0,1,1,1.935478733074074,1
2608,2,0,0,1,0.2031557223336739,1
2609,2,0,0,0,0.5359875394821856,0
2610,3,0,1,1,2.976453553380752,1
2611,2,0,1,0,1.3689313582586942,1
2612,3,0,0,0,1.8518770823014183,0
2613,3,1,0,1,1.442163532072389,0
2614,3,1,0,1,1.3127247279681962,1
2615,2,1,1,0,-0.6949727700319638,0
2616,2,0,0,1,1.5055366039137166,1
2617,2,1,0,0,-1.100347233235044,0
2618,1,1,0,0,-0.677882128963075,0
2619,2,0,1,0,0.5583115176576545,0
2620,2,1,1,1,0.8720245656310607,1
2621,1,0,1,0,0.3774869046885333,1
2622,2,1,1,0,-0.2696067235673598,1
2623,3,0,0,1,1.9491513853970495,1
2624,2,1,0,1,0.5911381611603117,1
2625,3,1,0,1,1.6923394879207305,1
2626,2,0,1,1,2.2392576005476568,0
2627,3,0,0,0,0.2543479567299477,0
2628,1,0,1,1,-0.11821701163012788,1
2629,2,1,1,0,-0.05083850267161627,0
2630,1,0,0,0,-1.0485528698499287,1
2631,3,0,0,0,0.9079485179973278,0
2632,3,0,1,0,2.1593395949912275,1
2633,1,0,1,0,2.497228780178337,0
2634,3,1,0,0,0.9665577122886571,1
2635,2,0,0,0,0.5259703798939818,1
2636,3,1,1,1,4.007610772506266,1
2637,3,0,0,0,1.597148252109467,1
2638,2,1,0,0,-1.0759639540030512,0
2639,3,1,0,1,0.9752331385742968,1
2640,3,1,0,1,1.5981731446607728,0
2641,3,1,0,0,-1.7432161176360061,0
2642,1,0,1,0,-1.0901043868663896,0
2643,3,1,1,1,1.6985449838245852,1
2644,2,0,1,1,-inf,1
2645,1,1,0,0,0.7632065478746617,0
2646,1,1,1,1,-2.2629659421395996,1
2647,1,0,1,0,0.6366087188570547,1
2648,3,1,0,1,-1.8822995711797805,1
2649,2,0,0,1,0.09856907821475835,0
2650,1,1,1,1,0.935820337160783,1
2651,2,1,1,0,3.358449814627151,0
2652,1,0,1,0,-1.5165048001605936,0
2653,2,0,0,0,0.702061277260126,1
2654,2,1,1,1,1.8016803068115748,0
2655,3,1,0,0,-0.6762642484755718,0
2656,2,1,1,0,4.169163335617463,1
2657,3,1,1,1,2.3732595216621926,1
2658,2,0,1,1,2.2142383028466037,0
2659,2,0,0,0,-inf,0
2660,1,1,0,0,1.0154569753189817,0
2661,2,1,1,0,-0.5605628946406066,1
2662,3,1,0,0,0.6954408601798477,0
2663,1,1,1,1,2.3307862074253203,1
2664,2,1,0,1,2.2542640937647827,0
2665,2,0,0,0,-0.005648110819412744,1
2666,3,0,0,0,0.5116319870764526,1
2667,2,0,0,0,-0.2668090080257721,0
2668,2,0,0,0,-0.4881986501418084,1
2669,1,1,1,1,1.3856715801293633,1
2670,2,0,0,1,0.2502012713511418,1
2671,3,0,0,1,1.5233102169169064,1
2672,1,1,0,1,-0.06691611727362123,1
2673,2,1,0,0,0.8234847497463542,0
2674,1,0,1,1,-0.40447607474475256,1
2675,3,0,0,1,1.3059859425188538,1
2676,2,0,1,1,-inf,1
2677,2,0,1,1,0.9061741801761088,0
2678,2,0,0,0,0.1720188858661778,0
2679,2,0,0,1,1.5499051786493303,1
2680,1,0,1,0,-1.5045698843317474,0
2681,3,0,1,0,0.8067252658399103,0
2682,1,1,0,0,-1.463981942649309,0
2683,2,1,0,1,1.1125078988418633,1
2684,2,1,0,0,0.4193064666298679,1
2685,1,1,0,1,-0.8935801528248509,1
2686,1,0,1,0,2.7395212929221286,0
2687,1,1,0,0,-2.931039958940503,0
2688,1,1,1,1,-0.3164955748749334,1
2689,2,0,0,1,2.833673416665845,1
2690,2,1,1,1,0.23515434068977453,1
2691,1,1,0,0,0.7725259467517427,0
2692,3,0,0,0,1.8467091645759477,0
2693,1,0,1,1,-0.020995235196597684,1
2694,1,1,0,1,-1.563600393647522,0
2695,2,1,0,1,1.0944988644791298,0
2696,1,0,0,0,0.03776922000291873,1
2697,2,1,0,1,-inf,1
2698,1,0,0,0,0.08455068510800999,1
2699,2,1,0,0,0.6377986586225864,0
2700,2,1,0,1,1.309062091882745,1
2701,1,0,1,0,-0.7193920396156632,0
2702,1,0,0,1,1.2334715631934001,0
2703,1,0,1,1,-0.061341390931451134,0
2704,2,0,0,1,-0.7510307137756965,1
2705,2,1,0,1,1.6290857226566984,1
2706,2,1,1,1,0.02052513364819253,0
2707,1,0,1,1,1.1650042633116726,0
2708,3,0,0,0,-0.25246122564765594,0
2709,1,0,1,0,0.6521487673726191,1
2710,2,0,1,1,0.9945657699117124,0
2711,1,0,0,0,-3.014358778842472,0
2712,1,1,1,1,2.841514150361349,0
2713,2,0,1,0,1.0424596330769516,1
2714,1,1,0,0,-1.3590409291540702,0
2715,2,0,0,1,0.9672305006515884,0
2716,2,1,1,1,1.0661226889142152,1
2717,2,1,0,1,-0.9338311314906234,1
2718,3,1,1,1,2.6943112204605475,1
2719,2,1,1,0,-0.13368200614117365,1
2720,3,0,0,0,0.7071460648005292,0
2721,2,0,1,0,1.8569296880081463,1
2722,3,1,1,1,0.8476034870802671,1
2723,2,0,0,1,-0.6028315113402739,1
2724,2,0,0,0,1.0253447343427018,1
2725,3,0,0,1,2.1605452655015585,1
2726,2,0,1,1,0.07075639305395853,0
2727,2,1,1,0,-0.2856209181976598,0
2728,1,1,0,0,0.7779873046949164,1
2729,1,1,1,0,0.5109503748708004,0
2730,3,0,1,0,2.059146471170214,0
2731,1,0,1,1,0.21163512143939545,1
2732,2,0,0,0,-0.07388606168110767,0
2733,2,1,1,1,1.3345755121974474,1
2734,3,0,0,1,4.146522467684312,1
2735,1,1,0,0,-2.8146221248956804,1
2736,1,1,0,0,-1.5198700048507636,0
2737,2,0,1,1,2.644261226712262,1
2738,3,0,0,1,0.13227789190998812,1
2739,1,0,0,1,0.3869993355633011,1
2740,2,1,0,0,0.12676226785543832,0
2741,3,1,0,0,-0.6481457092098073,0
2742,2,1,1,1,1.301760164213938,0
2743,3,1,0,1,-inf,1
2744,2,0,0,0,-1.4852268901655177,0
2745,3,0,0,1,1.957167532518924,0
2746,1,0,1,0,-0.7731915340393963,0
2747,1,1,1,0,-1.6591058394471703,1
2748,2,0,1,0,-1.210853668877924,1
2749,2,0,1,1,1.2358992902819765,0
2750,2,1,1,0,-inf,1
2751,2,1,0,0,1.5545909800834083,1
2752,1,0,0,0,-3.4178883661626203,0
2753,2,1,1,0,-inf,1
2754,3,1,0,1,1.5827460153700856,1
2755,1,0,0,1,2.185261389597796,0
2756,2,1,1,0,-inf,1
2757,3,0,1,1,1.3054909894001527,1
2758,1,1,1,0,0.7546042537442018,0
2759,3,1,1,1,-0.07525885568990964,0
2760,1,1,0,1,-0.35689416009402014,1
2761,2,0,0,0,1.7566943192967197,0
2762,1,0,1,0,3.2697406813934933,0
2763,2,1,0,0,-0.30536314211955307,0
2764,3,1,0,1,-inf,1
2765,1,1,0,1,-inf,1
2766,3,1,0,1,-inf,1
2767,2,1,1,0,-1.5398717010707323,0
2768,2,1,1,0,0.7710376985869398,0
2769,1,1,0,0,-3.6236751378376924,0
2770,3,1,1,1,0.8994237746751034,0
2771,1,1,0,1,-0.620341476310029,1
2772,3,1,1,0,-0.24238060868530942,0
2773,2,1,0,0,-1.1565773876133885,0
2774,2,1,1,0,0.733462518768683,0
2775,2,1,0,1,2.525049685257419,1
2776,3,0,1,1,1.6095506815428526,1
2777,3,0,0,0,-0.25172804794129744,0
2778,1,1,0,0,-2.4459017497599542,0
2779,1,1,1,0,0.9271547731023573,1
2780,1,1,0,0,-1.411987500973906,1
2781,2,0,0,1,1.392622244766911,1
2782,1,1,1,0,0.6880417714680225,1
2783,1,0,1,1,1.25715262324021,1
2784,1,1,0,0,-0.3874903731596653,0
2785,3,1,1,1,3.238386191828863,1
2786,2,0,0,1,-0.5440497790024472,0
2787,2,0,1,1,3.653044184247127,0
2788,2,1,0,1,3.101327724455613,1
2789,3,1,0,1,2.3820036320195777,0
2790,2,1,0,1,-0.2520602077383045,1
2791,3,0,0,0,0.19977029728805473,0
2792,2,0,1,1,2.439251221080002,1
2793,1,0,0,1,2.1453537558277946,1
2794,2,1,1,0,0.7522091302637722,0
2795,1,1,0,1,-0.8264272218174337,1
2796,1,0,0,0,-0.14969759104023045,0
2797,2,1,0,1,0.27460677991873683,1
2798,3,1,0,1,-0.41609426943860406,1
2799,3,1,1,1,2.4402415121535252,0
2800,2,1,1,1,3.100910115698404,1
2801,2,1,1,0,-0.569413467498647,0
2802,1,1,1,1,2.881344462510609,1
2803,2,1,1,1,1.8253137918645308,1
2804,2,0,0,0,0.7815988141923695,1
2805,3,0,0,1,0.4283042998641656,0
2806,1,1,1,1,0.17347980415190484,0
2807,2,1,1,0,-0.04573318170798257,1
2808,3,1,1,1,2.4536150409166666,0
2809,2,0,1,1,1.340283078108877,1
2810,2,1,0,1,-inf,0
2811,3,0,0,0,-0.6013258726193638,1
2812,3,0,0,0,-inf,0
2813,3,0,1,0,2.4571973839500627,1
2814,3,0,1,0,1.566546095545141,1
2815,2,0,0,0,1.5165673456594846,0
2816,2,1,0,0,-1.482097045446376,1
2817,1,1,0,0,-inf,0
2818,3,1,0,1,2.8736776601450726,1
2819,1,1,1,1,2.4773080470464657,1
2820,3,1,0,0,0.0648134465937964,0
2821,2,0,1,0,0.9380530502478281,1
2822,2,0,1,0,-inf,0
2823,2,1,1,1,1.7476803697747556,0
2824,1,0,0,0,0.39249183527010445,0
2825,3,1,0,0,0.8541773698378892,1
2826,2,1,0,0,-0.5093662004792311,0
2827,3,0,1,0,0.16846255593043977,0
2828,2,0,1,0,0.08827422000858587,0
2829,3,0,0,0,-inf,1
2830,1,1,1,0,-0.4796493757061642,0
2831,2,0,0,1,1.947969902753586,0
2832,3,0,0,1,1.666759394362761,0
2833,2,0,0,1,2.1297631306261575,1
2834,1,1,1,1,2.296222196271045,0
2835,2,1,0,0,0.6454914222829313,0
2836,1,0,1,1,0.13717942047049436,0
2837,3,1,1,0,0.18745659196082914,0
2838,3,1,1,0,0.9943822889804135,1
2839,3,0,0,1,-inf,1
2840,2,1,1,0,0.4693414307415009,1
2841,3,1,0,0,1.720969902147351,0
2842,2,1,0,1,-0.17949667306815253,0
2843,2,1,0,1,-0.034335430351963236,1
2844,2,1,0,1,-0.33841309661982166,0
2845,3,0,0,1,1.0162121709371792,1
2846,2,1,1,1,2.9850901567629475,1
2847,2,1,1,0,-inf,1
2848,3,1,1,1,3.9047392705613677,1
2849,3,0,0,1,2.30592999633285,1
2850,2,0,0,0,0.8688972060942657,0
2851,2,0,0,1,-1.1277397084027299,0
2852,3,0,1,1,2.176304896712675,0
2853,2,1,0,1,-2.4667867795355125,1
2854,2,1,1,1,-0.8633303798285179,1
2855,3,1,1,1,3.0775344010257033,1
2856,1,0,0,0,-0.4298665625735538,0
2857,3,0,0,1,1.6876173486811006,1
2858,3,1,1,0,2.0994039654789645,0
2859,3,1,1,0,1.3140454765843468,0
2860,1,1,1,1,-inf,1
2861,2,0,0,0,0.6508292106478337,0
2862,3,0,0,1,2.141805783753511,1
2863,1,0,0,1,-1.4939433987642083,1
2864,3,0,0,1,2.381380362384824,1
2865,3,0,0,1,1.6441617088111191,0
2866,2,1,0,0,-2.01961779337368,0
2867,2,0,1,0,1.639864544901724,0
2868,3,0,1,1,2.0286752234317946,1
2869,2,0,1,1,-0.04834052659042476,1
2870,2,0,1,0,3.407861119973721,1
2871,2,0,0,0,-1.6601112902548474,1
2872,2,1,1,0,0.7546393702911284,0
2873,3,0,0,1,3.6978058345310525,0
2874,2,1,0,0,-2.891817466821117,0
2875,2,1,0,1,-0.05937713024949888,0
2876,1,0,0,1,1.0784261165498346,1
2877,2,1,0,0,0.8931304278691445,0
2878,1,0,0,0,-inf,0
2879,2,1,0,0,0.6683696380068939,0
2880,3,1,1,0,0.49931149842060923,0
2881,2,0,1,0,0.43109523606440014,1
2882,1,0,0,0,0.022502831311787985,0
2883,3,0,0,1,-1.3012196118729678,0
2884,2,0,0,0,1.0968096441344317,0
2885,2,1,1,0,-0.8402244326571069,0
2886,3,1,0,0,-1.5381480856803997,0
2887,3,1,1,1,1.6761575107357731,1
2888,2,1,1,0,0.6844304417003191,0
2889,3,0,0,0,3.378999599744554,0
2890,1,1,1,1,-0.258850756046492,1
2891,1,1,0,1,-inf,1
2892,2,0,1,0,2.8158018933441094,0
2893,2,1,1,0,-0.0856183264389292,0
2894,2,0,1,0,0.5058088235368728,0
2895,3,0,0,1,1.3523694515705151,1
2896,2,1,1,1,0.855996989518154,1
2897,3,1,0,1,2.3821128508672538,1
2898,1,1,0,1,1.3351192037161426,1
2899,3,0,0,0,1.7858152392056093,0
2900,3,1,1,0,-1.5501618297303743,0
2901,1,0,0,1,-1.476533003046947,1
2902,2,1,0,1,0.9279483595386285,1
2903,3,0,1,0,2.1029986392870637,1
2904,2,0,0,0,1.0491689020980322,1
2905,2,0,0,1,0.6557114039566734,1
2906,3,1,0,0,2.6060969935744236,1
2907,3,0,0,1,-0.5665998654560835,0
2908,2,1,1,0,-0.3440537589236563,0
2909,3,0,0,0,-inf,0
2910,3,1,0,1,0.7649680166102159,0
2911,1,1,1,0,0.04623448896731713,0
2912,2,0,1,1,-inf,1
2913,3,1,0,0,-0.7175142836681704,0
2914,3,0,0,1,-inf,1
2915,2,1,1,1,0.9758129727119903,1
2916,1,0,1,1,2.478405941312349,1
2917,1,1,0,1,-0.05102177043165723,0
2918,3,0,1,0,3.108414711153176,0
2919,2,0,1,1,0.5396031886175088,1
2920,3,0,0,0,0.42277213502485944,1
2921,2,0,0,1,-0.695730587797943,0
2922,1,0,1,1,0.6199430334320537,1
2923,2,0,0,1,-0.5893748262489303,1
2924,3,0,1,1,3.1409592669551083,1
2925,3,1,1,0,0.6458832154253131,0
2926,2,1,0,0,-1.3722317873797003,1
2927,3,1,1,1,3.52403304003842,1
2928,1,0,0,0,-0.14679168831429812,0
2929,2,0,0,0,0.9412941423519543,0
2930,1,0,1,1,-0.833958283993753,1
2931,3,0,0,1,-inf,1
2932,2,1,0,0,-0.5575712528953153,0
2933,2,0,0,1,1.234991798254975,1
2934,3,1,0,1,2.6735603658751597,1
2935,1,0,1,1,1.9827838377560134,1
2936,2,1,0,0,0.31692998175113063,1
2937,2,0,0,0,-0.14743381170791925,1
2938,3,1,0,1,1.2486398759276063,1
2939,1,1,1,0,-inf,0
2940,2,1,0,1,0.8035799272338008,1
2941,1,0,1,1,1.2540042187885208,1
2942,2,0,1,1,0.8451059345743873,1
2943,2,1,0,1,-0.4906429342976689,1
2944,3,1,0,1,0.8485244049617544,1
2945,3,0,0,0,2.798489670087287,0
2946,3,0,1,0,0.23846283863269896,0
2947,2,0,1,1,1.2552607305362922,0
2948,1,1,0,1,-1.380451947924477,0
2949,2,1,0,1,1.2956201767017808,1
2950,1,1,1,0,-2.1515739724220255,0
2951,1,1,0,0,-1.9632618128193442,1
2952,2,0,0,0,0.12068742091116069,0
2953,1,0,0,1,0.41771242639065986,0
2954,1,1,1,1,2.9969674960550567,1
2955,2,0,1,0,0.7032986517225926,0
2956,3,1,1,1,2.095055607386475,1
2957,1,0,1,1,1.6338363245019347,1
2958,3,1,0,1,2.0826225333700097,1
2959,2,1,1,1,-inf,0
2960,2,0,1,0,2.053450977454363,0
2961,2,0,1,0,-inf,0
2962,2,1,0,0,-0.2813137770454962,0
2963,2,1,1,0,0.5559361665507939,1
2964,1,1,1,0,-0.7599509291189064,1
2965,2,0,1,1,1.695727553403795,0
2966,3,1,0,1,-0.19363184582438284,1
2967,1,1,1,1,0.7452351294426807,1
2968,3,1,0,1,2.662453553011903,1
2969,1,1,0,0,-2.5068698348152667,0
2970,3,1,0,0,-0.06413465340256852,0
2971,2,1,1,0,0.2542817521487525,0
2972,1,1,1,0,-0.13250687150568433,0
2973,3,1,0,1,0.18479467942732097,0
2974,3,0,0,0,-inf,1
2975,2,1,0,0,-0.924589600340912,0
2976,2,0,1,1,-inf,1
2977,3,1,0,1,1.0980630209982118,1
2978,1,1,0,1,-1.4582027125426995,1
2979,2,0,0,1,2.202986933554844,1
2980,2,0,1,0,2.1502946286670293,0
2981,1,1,0,0,-1.7742528005061384,0
2982,2,1,0,1,0.6102638597862104,0
2983,2,1,1,1,0.4446831179722091,1
2984,1,1,1,1,-0.2444748007070567,1
2985,1,0,0,0,-0.7270758682265624,1
2986,3,0,0,0,1.1218267347773894,0
2987,1,0,1,1,-0.08435211519911959,1
2988,1,1,0,1,0.33236360372650386,0
2989,3,1,1,0,1.0447482088242346,1
2990,3,0,0,0,-0.39484697454877626,0
2991,2,1,0,1,-1.669713715992784,1
2992,1,1,0,1,-0.0263505016700335,1
2993,2,1,1,0,-inf,0
2994,2,0,1,0,0.019246660787200054,0
2995,3,1,1,1,2.1465437157184057,1
2996,1,1,1,0,-0.17512031160552838,0
2997,3,1,0,1,1.0506219930726395,1
2998,1,1,1,0,0.11574340982407771,1
2999,1,1,0,1,0.19676064710793673,0
3000,2,1,1,0,-0.06690831672592656,0
3001,1,0,0,0,1.6145772452852767,0
3002,3,0,0,1,-inf,1
3003,1,1,1,0,1.784680330530008,0
3004,2,0,1,1,2.2208834803919304,0
3005,1,1,1,1,0.3665267921985884,1
3006,3,0,0,1,2.3644816314829047,1
3007,2,0,0,1,-inf,1
3008,1,1,1,1,0.7252010175185786,1
3009,1,1,1,1,-0.22089126399487102,1
3010,2,0,1,0,-0.44812208841433276,0
3011,2,1,1,0,-0.5465813339451057,1
3012,2,0,0,0,1.9650896666016564,1
3013,2,0,0,1,0.954399086398489,0
3014,3,0,1,1,1.8471397695791134,1
3015,2,1,0,1,1.2020172168021481,1
3016,1,0,1,0,0.49341988265450987,1
3017,2,0,1,1,1.6362628713851701,1
3018,2,1,0,1,2.200699015927987,1
3019,1,0,1,0,0.17584939716980102,1
3020,3,1,0,0,1.2248925654130831,0
3021,2,1,1,0,-inf,0
3022,2,1,1,0,-1.9007125544709718,0
3023,2,0,0,1,0.38906173006087275,1
3024,2,1,0,0,-0.4435937511480757,0
3025,1,1,1,1,1.458772871655671,1
3026,3,1,0,1,1.9058902891176301,1
3027,1,0,0,1,-inf,1
3028,1,1,0,0,0.824859411964405,0
3029,2,0,0,0,-0.7749737528976484,0
3030,3,0,1,1,2.388314015870348,1
3031,2,0,1,0,0.3035271152124016,0
3032,1,1,0,1,-1.6502305799960926,0
3033,3,1,0,0,-0.09480238275939701,1
3034,1,1,0,0,-0.2646195168538282,0
3035,1,1,1,1,-0.20510643881783566,1
3036,3,1,1,0,0.6197240876462318,1
3037,3,1,1,1,0.8538983414923743,1
3038,3,1,1,0,1.263822091902877,0
3039,1,0,0,1,1.5929810413217471,0
3040,2,0,0,0,-0.7853799641909304,0
3041,1,0,0,1,-0.02023443048874657,1
3042,2,1,1,1,-inf,1
3043,1,0,0,1,-0.6344948813118045,1
3044,3,1,0,0,-inf,1
3045,1,1,0,1,0.43728320483485533,1
3046,3,1,1,1,3.103332282355865,1
3047,2,1,1,0,-1.8986223841090641,0
3048,2,0,0,0,-0.14921613885428403,1
3049,3,0,1,0,1.435198627705,1
3050,2,0,0,1,3.3054913239974715,1
3051,3,0,0,1,1.9700052000310357,0
3052,1,1,0,0,0.6942672040671567,0
3053,2,1,1,1,-inf,0
3054,2,1,0,1,0.9883531443891274,1
3055,1,1,1,0,-0.9495405832407434,0
3056,3,0,1,1,2.819898161523678,1
3057,2,1,1,0,0.7164210306880134,0
3058,2,1,1,1,0.18298924345113687,0
3059,3,1,0,1,0.7347852002639628,0
3060,3,0,0,1,0.06999618208827985,1
3061,3,0,0,1,4.315230274845701,1
3062,1,0,1,1,0.4640853156160304,0
3063,2,1,0,0,0.5867962794045479,0
3064,3,0,1,1,3.805567347761871,0
3065,2,0,0,0,-0.41411610053023473,0
3066,2,1,0,0,-inf,0
3067,1,1,0,0,1.2567060838056543,0
3068,2,0,1,1,1.9741949128207805,1
3069,1,1,1,1,3.608354635477076,1
3070,1,0,1,1,0.31374177490779076,1
3071,3,1,0,0,0.18134183561426137,0
3072,1,1,1,0,0.7672927373765615,1
3073,2,0,1,1,2.1905768695408927,1
3074,1,0,1,0,1.0698781542328715,1
3075,2,0,0,0,-1.2913037490946617,0
3076,3,1,1,1,3.1898428198024438,1
3077,3,0,1,0,1.5030804533670425,0
3078,3,0,0,1,1.8899069199769558,1
3079,1,0,1,0,-0.4475815571010753,0
3080,1,0,1,1,-0.07777686951500917,1
3081,3,1,0,1,1.974630864271803,1
3082,2,1,1,0,-0.030037399997493552,0
3083,3,1,0,0,-0.16280490422921184,1
3084,2,1,0,1,1.3051034227170282,1
3085,2,1,1,0,-1.71153593073514,0
3086,1,1,1,0,0.0008151701911948556,0
3087,2,1,0,0,0.43843936035797343,0
3088,2,0,0,0,0.2556087109885331,0
3089,1,1,1,1,-1.344162532706772,1
3090,2,1,1,0,1.3867517909645237,0
3091,2,0,0,1,-0.018473111802275927,0
3092,1,0,0,0,0.9428728629598084,1
3093,3,1,0,0,0.46652415072777487,1
3094,2,1,1,0,1.1309231575541867,0
3095,2,1,0,0,0.42448829440860536,0
3096,2,1,0,0,-0.34849502962605905,0
3097,2,1,1,0,1.139831546099967,1
3098,2,0,0,0,-0.8366342497109446,0
3099,1,0,1,0,1.3411863163979256,1
3100,2,0,0,0,1.0362923120629124,0
3101,1,0,1,0,-0.5229755789702324,1
3102,1,1,1,0,-1.4422987306427557,0
3103,2,1,0,0,-0.26403590650272557,0
3104,1,0,0,1,-1.6219381840548852,1
3105,1,0,0,1,2.485778579384077,1
3106,3,1,0,0,-inf,0
3107,3,1,0,0,-0.1089563223665021,0
3108,2,1,0,0,-0.15018948106849717,0
3109,1,1,0,1,1.6362406670443526,1
3110,2,1,1,1,0.9256420698990493,1
3111,3,0,1,1,3.7521746286655895,1
3112,1,1,0,1,-0.08901888147904424,1
3113,1,0,0,1,0.8452368296807762,1
3114,1,0,1,1,0.05293811367796131,1
3115,3,0,1,1,1.814122041982705,0
3116,3,1,0,0,0.6294043149756304,0
3117,3,0,0,1,1.2727868689956137,0
3118,2,0,1,1,5.917954976880223,1
3119,3,0,0,0,1.5735804341147392,1
3120,2,0,1,0,0.73839685679629,0
3121,2,1,0,1,-0.10787499824591995,1
3122,2,1,0,1,0.16201072046003587,1
3123,1,0,0,0,-0.8082265113176952,0
3124,3,0,1,1,1.958267185845273,1
3125,3,0,0,0,1.6592218604608076,0
3126,1,1,1,1,-0.4984003826927542,1
3127,2,0,1,1,0.654661270559985,1
3128,1,1,1,1,0.3128603815090499,1
3129,1,0,1,1,1.9886033018941782,0
3130,1,0,0,1,1.4140496968055496,1
3131,2,0,1,1,0.027239611638294026,0
3132,2,0,0,0,-0.17358722085717138,0
3133,3,1,0,0,1.2166487429753645,0
3134,2,0,0,1,-1.3396536605393876,1
3135,3,0,1,1,1.229484943205591,0
3136,3,1,0,0,-0.5262960941683701,0
3137,1,0,1,0,2.2232763714798374,0
3138,2,0,0,1,1.3216012778046071,1
3139,2,0,1,1,0.4098034277297091,1
3140,2,1,1,0,-inf,1
3141,1,1,0,1,-inf,1
3142,3,1,0,1,1.3154026578875464,1
3143,1,1,0,0,-inf,1
3144,3,1,0,1,0.18547656552095015,1
3145,2,0,0,1,2.2057739557462073,0
3146,2,1,1,1,3.9022904254766755,0
3147,2,1,1,1,0.722153616352002,1
3148,2,0,1,1,-inf,1
3149,1,0,1,1,2.9490079259341386,1
3150,2,1,1,1,0.9341812858301202,1
3151,2,1,0,1,-inf,0
3152,3,0,0,0,-inf,1
3153,2,0,0,0,-0.43311784309418866,1
3154,2,0,0,1,1.688552515354428,1
3155,1,0,1,0,-1.0537111467181857,1
3156,1,1,1,0,1.0755545524522938,1
3157,1,0,1,1,0.09614763242590219,0
3158,3,1,0,0,-inf,0
3159,1,0,1,0,-1.0500948565848365,0
3160,2,1,0,0,-inf,0
3161,3,1,1,0,1.8861491307985576,1
3162,1,1,0,0,1.1264100276237026,0
3163,3,1,0,0,-0.2070644005542449,1
3164,1,0,1,1,1.3030541923195469,0
3165,3,0,0,1,-inf,0
3166,3,0,0,1,0.9645838939622332,1
3167,3,1,1,1,-0.3555298940243144,1
3168,2,1,1,1,-0.691630317842085,0
3169,1,1,1,1,2.4928414765397395,1
3170,2,1,1,1,1.381858832047873,1
3171,2,1,0,1,1.3499002827179931,1
3172,3,1,1,1,0.794801822500824,0
3173,1,1,0,1,0.2723219547367799,1
3174,2,1,0,0,-1.204217984669029,0
3175,1,0,1,1,0.1666707831386252,1
3176,2,1,1,0,-inf,0
3177,1,0,0,0,-inf,0
3178,1,1,1,0,1.6167795919348111,0
3179,2,0,1,1,2.5685460422253295,1
3180,3,0,0,0,2.16116546788869,1
3181,2,1,1,1,1.1150971524383395,1
3182,2,0,0,1,3.637616611080829,1
3183,3,1,1,0,-0.25084346062568247,0
3184,2,0,1,0,-0.5481459886832196,0
3185,2,0,0,0,0.7628075858265797,0
3186,2,1,0,1,0.9676516165331713,1
3187,1,0,0,1,0.8551052770360934,1
3188,3,0,0,0,1.6002490496995085,0
3189,2,1,1,1,0.3090442015156909,1
3190,3,0,0,0,0.06166814334501314,0
3191,2,1,0,1,0.5322734560462475,1
3192,2,1,1,1,-inf,0
3193,2,1,0,0,-1.1334081256844042,0
3194,1,1,0,0,-0.3780684303184718,1
3195,2,0,1,1,0.7055714580540615,0
3196,3,1,0,0,3.0340801909916317,0
3197,1,1,1,1,1.6420281787779267,1
3198,1,1,1,1,0.9446068029141046,0
3199,3,1,0,1,2.556111463521576,1
3200,2,0,1,0,0.9467443413616395,0
3201,2,0,0,1,1.876913076069829,0
3202,2,1,1,1,0.8051497237341849,1
3203,2,1,0,0,1.5084282387937136,0
3204,3,0,1,1,1.5833380082461264,1
3205,2,0,0,1,1.7758565152210657,1
3206,2,0,0,1,1.6056821842387903,1
3207,1,0,0,1,-0.04503560595856254,1
3208,3,0,0,0,1.74867833440487,0
3209,2,1,1,0,0.6315874861126769,1
3210,2,1,0,1,-0.4032448629564154,1
3211,1,1,0,0,1.0761756389149215,0
3212,2,0,1,0,4.374071284184983,0
3213,1,1,0,0,-0.6102471649447365,0
3214,2,1,1,0,1.2749856731914935,0
3215,2,1,0,1,-0.8196422173405868,1
3216,2,1,0,0,0.43660674980224246,1
3217,2,0,1,0,1.2203389705603072,1
3218,3,1,0,1,2.585671393346302,1
3219,1,0,1,1,1.7455240121459012,0
3220,2,1,1,0,-0.8749850362135998,0
3221,1,1,1,0,-0.6437628932579613,1
3222,3,1,0,0,-0.34425357759763825,1
3223,2,1,1,0,0.3382626828642208,0
3224,3,0,1,0,2.9014432329044135,1
3225,2,1,0,1,1.6783478528857527,1
3226,2,0,0,1,1.5525018734623153,1
3227,2,0,1,1,4.593724588770149,1
3228,2,0,1,0,-2.0597725094969053,1
3229,2,1,0,1,-0.8359750098568243,1
3230,2,1,0,0,0.5239876547974383,0
3231,2,1,1,1,2.2055959224642616,1
3232,3,0,0,0,-inf,0
3233,3,1,0,1,2.1656903192254227,1
3234,2,0,1,0,1.4713115650618929,0
3235,2,0,0,1,1.7217246355254128,1
3236,2,0,1,0,1.9810905123259033,1
3237,1,0,0,1,-1.3053000669152088,1
3238,3,0,1,1,3.1717780883356452,1
3239,1,0,1,1,-1.6503397064901544,0
3240,2,1,1,1,1.7318275682641473,1
3241,3,0,0,1,0.8786403096224435,1
3242,2,1,1,0,0.3249446605267109,1
3243,1,1,1,1,1.4957587195614501,1
3244,1,0,1,1,2.0533371520722494,1
3245,2,1,1,0,0.32644099685902384,0
3246,1,0,0,1,0.3255574080163815,1
3247,3,1,1,1,-inf,1
3248,2,1,0,1,-inf,1
3249,2,0,0,1,1.8331088635027326,1
3250,2,0,0,0,1.2819627230253055,1
3251,2,1,1,0,-1.3713785471833968,0
3252,2,0,1,1,1.8102980242664026,1
3253,3,1,0,0,0.6527547944108102,0
3254,1,0,1,1,0.29084187521809857,0
3255,3,0,1,0,1.3823367999090002,0
3256,1,1,1,1,1.4004534193221707,1
3257,2,1,1,1,3.406201171188105,1
3258,2,1,0,1,0.9276510603375459,0
3259,3,0,0,0,0.39326946088558973,0
3260,2,1,1,1,-inf,1
3261,2,0,1,1,-inf,1
3262,3,1,0,1,0.3910390180310594,0
3263,2,0,1,0,1.1916703646304634,0
3264,1,0,1,1,2.5952727680787073,0
3265,3,1,0,1,0.09494963703178716,1
3266,2,1,0,1,-0.9366219131400428,1
3267,1,0,0,0,-inf,1
3268,2,0,1,0,0.18862376148285454,0
3269,1,1,1,1,2.2003125615697336,1
3270,2,1,1,1,2.1843114416422416,0
3271,1,1,0,0,-0.22247514298136617,1
3272,3,1,0,0,-inf,1
3273,2,0,0,1,2.3475372056108124,1
3274,3,0,0,0,-0.04749160597875801,1
3275,1,0,1,1,0.6995364129153837,1
3276,3,1,0,1,1.663136437158197,1
3277,1,0,0,0,0.603016939669729,1
3278,1,0,0,0,0.3997349167712237,0
3279,2,1,0,0,-1.467589922649246,1
3280,2,0,0,0,-0.1612801694437418,0
3281,2,1,0,1,2.1194566486703814,1
3282,2,0,0,0,-1.6524327599965423,0
3283,1,0,0,0,-1.7195055279279663,0
3284,2,0,1,0,1.0113879765520215,0
3285,2,0,1,0,1.9437810627459964,0
3286,3,1,0,1,-0.40854936279801335,1
3287,3,0,0,1,-inf,0
3288,3,1,1,1,2.1954813170767835,0
3289,3,1,0,1,1.9950775285108857,0
3290,2,0,1,1,2.782087989631165,1
3291,2,0,0,0,-1.0977768842204751,1
3292,1,1,0,0,-3.3092523089895423,0
3293,2,1,1,0,-0.11433355469211715,1
3294,2,1,0,0,-1.666146897693383,0
3295,2,1,0,0,-1.0778130727890691,0
3296,3,0,1,0,0.7386782010890802,0
3297,1,0,1,0,-0.7362056184655,0
3298,2,0,0,1,0.8046737798389468,1
3299,2,0,0,1,3.7068546327105425,1
3300,3,0,0,0,0.5357287081045025,0
3301,2,1,0,1,0.453855871199803,1
3302,3,0,0,0,-inf,1
3303,1,1,1,1,3.0370403925498337,1
3304,2,1,0,1,0.5889698482250804,1
3305,1,1,0,1,-0.4678580865387708,1
3306,3,0,0,1,3.8744432009313474,1
3307,3,0,1,0,0.11089292564296138,0
3308,2,1,1,0,-0.4530277003357748,0
3309,2,0,1,1,2.1468997291929357,1
3310,1,0,0,0,-0.16360982474656793,0
3311,3,1,0,0,0.14674829460937625,1
3312,3,1,1,1,3.250026351636182,0
3313,1,1,1,0,-0.3012059778589611,1
3314,3,1,0,1,1.942194478581217,1
3315,2,0,1,0,1.248433063028403,1
3316,2,1,0,0,-0.17994221310665726,0
3317,2,1,0,0,0.4635663185153152,0
3318,2,0,1,0,-1.1324618382089038,0
3319,2,0,1,1,0.4298004774602333,1
3320,1,1,0,0,0.6851697221326691,0
3321,1,0,1,1,1.520892580359066,0
3322,2,1,1,1,-inf,0
3323,1,1,0,1,0.8135022137677781,1
3324,2,0,1,1,0.499869559037191,0
3325,1,0,1,1,1.1013693979196209,1
3326,1,0,0,0,0.8273871564294117,1
3327,3,0,0,1,-inf,1
3328,1,0,1,1,0.9443121573870958,0
3329,2,0,0,0,-inf,1
3330,2,0,0,0,-0.2678279860591104,1
3331,3,1,0,1,-inf,1
3332,3,0,0,1,2.171087379531516,1
3333,1,0,1,0,-1.2974364363574464,0
3334,2,0,1,1,3.6889682461624473,1
3335,2,1,0,0,-0.9607541397219364,0
3336,2,0,1,0,0.327532007353467,1
3337,2,1,0,1,0.3079338413823833,1
3338,2,0,0,1,-0.2686624651089436,1
3339,3,1,1,0,1.7229564831804507,1
3340,2,1,0,1,1.221804142386377,1
3341,2,1,0,1,-inf,1
3342,3,0,0,0,1.841619683771135,1
3343,3,1,0,0,0.9242774802299865,1
3344,3,0,0,0,1.8764443431428153,0
3345,3,0,0,0,0.6181600355089112,1
3346,3,0,0,1,2.1041853558633226,0
3347,1,1,1,0,1.4818721538211954,1
3348,2,1,1,0,0.44140260278974386,1
3349,1,0,1,1,1.0293908551763205,0
3350,1,0,0,1,-0.676449619229243,0
3351,1,0,0,0,-0.12214424042188715,0
3352,3,0,0,0,-0.6085963372523333,0
3353,2,0,0,1,2.259977202399133,1
3354,2,1,0,0,-0.7344473592024835,0
3355,1,1,0,1,2.6478937860674594,1
3356,2,0,1,0,0.16483072352653444,1
3357,3,1,0,0,-0.2932766501494234,0
3358,2,0,0,1,0.48364052634962784,0
3359,1,1,0,0,-3.039148502226819,0
3360,2,0,0,1,2.7005498532632615,1
3361,1,1,1,0,-3.010931049032666,0
3362,1,1,1,1,-0.0056137302014102886,0
3363,3,0,0,1,2.1177463565940133,1
3364,3,1,0,0,-0.7938533748769585,0
3365,1,1,0,1,-inf,1
3366,2,1,1,1,1.1354698394393559,0
3367,2,0,1,1,1.2787528242924595,1
3368,3,1,1,0,0.5834860636499738,0
3369,2,0,0,1,-0.2794672216306229,1
3370,3,1,1,1,2.262126306192286,1
3371,3,1,0,0,1.0753729127984109,0
3372,3,0,0,0,-1.6779933691373001,1
3373,1,0,1,1,-0.9083478543030014,1
3374,1,1,0,0,-inf,0
3375,3,0,1,1,2.2112940705813378,0
3376,3,0,0,1,-inf,0
3377,3,0,1,0,0.23828317313244418,1
3378,1,1,1,0,-0.7670464202540872,0
3379,2,0,0,1,-0.4938393882696731,0
3380,2,1,1,1,4.239696386402371,1
3381,2,0,1,1,1.0326199733981736,1
3382,1,1,0,1,-1.5012277583052858,1
3383,1,1,1,1,0.4566077140035662,1
3384,3,1,1,0,2.7783411797190487,1
3385,3,1,0,0,-0.04702495701950454,1
3386,1,0,0,0,-1.107783396608763,1
3387,1,1,0,0,-3.992753943238292,0
3388,3,0,0,0,0.63318553435747,0
3389,1,1,1,0,0.2568276234160412,0
3390,1,1,1,1,0.820402416235266,1
3391,3,0,0,1,1.434360520880777,1
3392,3,1,0,0,2.4348867457731886,0
3393,1,0,1,1,1.7200212973295625,1
3394,2,1,0,1,-0.29098795869977845,0
3395,2,1,1,1,0.06437587879315132,1
3396,1,1,1,0,0.300163845220757,0
3397,2,0,0,0,-2.3448310433384076,0
3398,1,0,1,0,1.2453812970171179,0
3399,3,1,1,1,1.6417713888409158,1
3400,3,1,0,1,1.7865406211684185,0
3401,2,0,1,1,1.4297839498627398,1
3402,1,1,1,1,0.36867329330401066,0
3403,2,1,0,0,0.3254861584543459,1
3404,2,0,1,0,0.9612035559851104,0
3405,3,0,0,1,0.05192573986069959,1
3406,3,0,0,0,1.1527636981781408,0
3407,2,1,0,1,1.2467309552408072,1
3408,1,1,1,1,1.9252995683245544,1
3409,1,1,0,1,0.5806911502836044,1
3410,1,1,1,0,2.3145562236247863,0
3411,2,1,0,0,0.5031963313151686,1
3412,3,0,0,0,1.8054367257149475,0
3413,1,1,0,1,0.30869583691516644,1
3414,3,1,0,1,3.3342933896033284,1
3415,2,1,0,0,1.3823461977099898,1
3416,2,1,1,1,0.8634996173601462,1
3417,3,0,1,1,4.210076809388323,1
3418,1,0,1,0,0.2701373535761842,0
3419,3,0,1,0,1.8016535616093925,0
3420,2,0,1,0,0.5871339583987685,0
3421,3,1,0,0,-1.6420142386585321,1
3422,3,1,0,1,1.552690862977197,1
3423,1,1,1,0,0.2881168089690442,0
3424,1,1,0,1,-0.9392070175561957,1
3425,3,1,0,0,1.257884662104137,0
3426,3,0,1,1,4.267235053029362,1
3427,1,0,0,0,2.0605090249981237,1
3428,1,0,1,1,1.8597652343603783,1
3429,3,1,1,1,-inf,1
3430,3,0,0,0,0.9275588030164041,0
3431,2,0,1,0,-1.8336542410025554,0
3432,3,0,0,0,0.04508314851255697,0
3433,3,0,0,0,-0.6350207543271734,0
3434,3,1,0,0,1.3783609937269823,1
3435,2,0,1,1,2.640057169466733,0
3436,3,0,0,1,-inf,1
3437,2,0,1,1,1.6398907584309848,1
3438,1,1,0,1,-inf,0
3439,1,0,0,1,-inf,0
3440,3,1,0,1,1.5395156734804123,0
3441,1,0,0,1,2.4926779725776274,1
3442,2,0,1,0,0.45011471338473164,0
3443,2,0,0,1,-0.5506083558377649,0
3444,1,0,1,0,0.7684542139386938,0
3445,2,0,0,1,1.1842931103329095,1
3446,1,0,1,0,0.40162097531392527,0
3447,1,1,0,0,-0.5616450237475059,0
3448,2,1,0,0,1.662666020528721,0
3449,3,0,0,1,1.5841747696185986,1
3450,2,0,0,0,-2.448456650963261,0
3451,1,1,1,1,-1.7754340157991353,1
3452,2,1,0,0,-0.3881834812062675,0
3453,2,0,1,0,1.5814713016096582,0
3454,2,1,1,0,1.5345175028392912,1
3455,3,0,0,0,2.347654523866907,1
3456,2,0,0,0,1.4442466890076886,0
3457,1,1,1,1,2.720355816989856,1
3458,1,1,1,1,2.2534388158704886,0
3459,1,1,0,0,-1.5538414371260592,0
3460,2,1,1,0,0.48086627926062164,0
3461,3,0,0,1,1.4760112038432431,1
3462,2,0,0,1,-inf,1
3463,2,1,0,1,-inf,1
3464,3,1,0,1,2.1357541753348306,1
3465,1,0,0,1,0.5008840149701282,0
3466,3,1,0,0,1.373943537154616,0
3467,2,0,1,1,0.05541743453649928,1
3468,3,0,1,0,2.8968857918742894,1
3469,3,0,0,1,2.105385714109357,1
3470,3,1,0,1,0.8324224747593314,1
3471,1,1,1,0,-0.10758151930648396,0
3472,2,0,0,0,2.2764908535360266,0
3473,2,1,0,1,1.4375909431314313,1
3474,1,1,1,1,0.12237585535361248,1
3475,2,1,0,1,-1.8693735928985185,0
3476,3,1,0,1,-0.08132747964190795,0
3477,2,0,0,0,-0.46319664725105003,0
3478,1,0,1,1,-1.6276241157255935,1
3479,1,0,0,0,0.40832046895773755,0
3480,3,1,1,0,-0.14878589988548407,0
3481,1,0,0,0,0.7357833267901109,1
3482,3,0,0,1,-inf,1
3483,3,0,0,0,0.6007753219949299,0
3484,1,1,1,1,-0.08973265127244567,1
3485,3,0,0,1,3.332704632412514,1
3486,3,0,0,1,-0.8362715935945192,1
3487,3,0,1,1,1.7610081645407798,1
3488,3,1,0,1,1.4155667355686468,1
3489,3,0,1,1,2.685163426271415,1
3490,3,1,1,0,0.8012241979197,1
3491,3,1,0,1,2.0378515361580996,1
3492,1,0,1,1,1.501799383814181,1
3493,2,0,0,0,-0.43384498654498466,0
3494,3,1,0,1,-0.06300318217295597,1
3495,3,1,0,0,-0.7314472191824614,1
3496,3,1,1,1,0.7076296773460607,0
3497,3,0,0,0,-0.9849260429991511,0
3498,2,1,1,0,-2.3605242028154376,0
3499,2,1,1,1,2.3733947339573405,1
3500,1,1,0,0,-0.6102129419945893,0
3501,2,0,0,0,0.8723516014587127,1
3502,3,1,0,0,0.5918557199221383,0
3503,1,1,0,0,-0.4455254606733305,0
3504,3,1,1,0,-inf,0
3505,1,1,1,1,-0.4665897969243946,1
3506,3,1,0,0,-inf,0
3507,1,0,1,1,0.7411963823387653,1
3508,2,0,1,0,-inf,0
3509,2,0,0,1,3.3207406026276223,1
3510,2,0,0,1,2.1761079625234077,1
3511,3,0,0,1,1.1373784245435683,1
3512,1,0,1,1,2.5730576527295805,1
3513,3,1,0,1,1.68296307077375,1
3514,2,0,0,1,1.6675830832612764,1
3515,1,1,1,0,0.30459815474645274,0
3516,3,1,1,0,-0.4912686283439735,0
3517,3,0,1,1,3.946526183441409,1
3518,2,0,1,0,-inf,0
3519,2,1,1,1,2.0952510562572657,1
3520,2,0,0,0,-inf,0
3521,2,0,0,0,1.072397580800505,0
3522,2,1,0,1,-inf,1
3523,2,1,1,0,0.9470443698762643,0
3524,2,1,1,1,0.7830839422187188,0
3525,3,1,1,0,1.7861598630888738,0
3526,2,1,0,1,-0.14079937708333756,0
3527,2,0,1,0,-0.2006038471736871,0
3528,3,0,0,0,0.8680256301207848,0
3529,1,0,1,0,-1.9174031984843574,0
3530,2,0,0,0,-1.3854112868062247,0
3531,2,0,0,1,2.1733198238880576,1
3532,1,0,1,0,-inf,0
3533,3,0,1,0,0.30530051770268507,0
3534,2,0,0,1,0.41560795145131946,1
3535,2,1,1,0,-0.021420264259830013,1
3536,1,1,0,1,1.026646699690665,1
3537,1,0,1,1,1.4873831393960675,1
3538,2,0,0,0,-0.8720580037524317,0
3539,1,1,1,1,1.365875097344517,1
3540,3,1,0,0,0.9059226199246446,1
3541,3,1,1,0,1.1134738806708513,0
3542,1,1,0,1,1.2696314679107636,0
3543,1,0,1,0,-0.804152447449593,0
3544,2,0,0,1,1.7919291036930518,1
3545,1,0,1,0,0.8953302102834538,0
3546,1,1,1,1,1.345780331141294,1
3547,1,0,0,1,-1.0428943651995246,1
3548,2,1,1,1,-1.1026361375960916,1
3549,3,0,1,0,1.6993722315314777,0
3550,3,0,0,0,0.9961874609395993,0
3551,2,0,1,1,2.2046435819789356,0
3552,2,1,0,0,-inf,0
3553,2,1,0,1,-0.11344688871800976,1
3554,2,0,1,0,3.463047559178939,1
3555,3,0,1,0,2.0281604359561154,0
3556,3,1,0,0,2.8441757433058563,0
3557,2,0,1,0,2.38440189847483,1
3558,2,0,0,1,0.47081250318268947,1
3559,3,1,0,0,-inf,0
3560,2,1,1,0,-0.9608393140700903,0
3561,2,0,1,1,3.7811009557356328,1
3562,2,0,0,0,0.42658182056424204,1
3563,1,0,1,0,1.3090143596146715,0
3564,1,1,1,0,-inf,1
3565,2,0,0,1,0.261393067067906,1
3566,2,1,1,1,-0.31691725810551635,1
3567,3,0,0,0,1.3976201193516098,0
3568,1,1,1,1,0.3542644279494713,1
3569,1,1,0,0,-0.18905728358288676,0
3570,3,0,0,1,0.2995591679379592,1
3571,2,0,1,1,2.6388135147720626,1
3572,3,0,1,0,-inf,1
3573,1,0,0,0,1.4016068919699898,1
3574,3,1,0,1,0.6440510803411107,1
3575,2,0,0,0,-2.7514664729984313,0
3576,2,1,0,0,0.4128902364114777,0
3577,2,1,1,0,-0.6020141147979785,0
3578,1,1,1,0,-0.16305642058915737,1
3579,3,1,0,1,2.744674681856863,0
3580,2,1,1,1,1.0193304809753638,1
3581,2,0,0,0,-0.13152155878652513,0
3582,2,0,1,1,1.239402267645077,1
3583,3,0,0,1,3.434381635786007,1
3584,3,1,1,1,2.1110948506839673,1
3585,2,0,1,0,1.5983871431915908,0
3586,1,1,0,0,-0.8170183151556232,0
3587,2,0,0,0,-inf,1
3588,3,0,0,0,0.8859907864814632,0
3589,1,1,0,0,-1.598908915309408,0
3590,1,0,1,0,-0.4230011187375231,0
3591,3,1,0,1,4.168640859528679,0
3592,3,1,1,1,-inf,1
3593,1,0,1,0,-0.14175604328136,1
3594,3,1,0,1,2.682089897933402,1
3595,3,1,0,0,0.06556736554871379,0
3596,2,1,1,1,0.7187272290796667,1
3597,3,1,1,0,2.0652096121199044,0
3598,2,0,0,0,-0.20826668842067741,0
3599,2,0,1,0,-0.43336299378125487,1
3600,1,1,1,0,-0.5330891514309071,1
3601,1,1,0,1,0.9617494685563267,1
3602,1,1,1,1,-inf,1
3603,2,1,1,1,1.8043874215314717,1
3604,1,1,1,0,-2.1569381627957522,0
3605,1,0,0,0,0.25823802849466365,1
3606,3,0,0,0,0.49728088656907865,1
3607,1,1,1,1,-0.2939547742637218,1
3608,1,0,1,1,0.10626299711661683,0
3609,1,1,1,0,-inf,0
3610,1,0,1,0,1.067414715391682,1
3611,1,0,0,0,-2.0843478209540875,0
3612,2,1,0,0,-inf,1
3613,1,0,1,0,-inf,0
3614,3,0,0,1,1.4369654911493688,0
3615,2,1,0,0,-0.22310486831253185,0
3616,3,0,0,0,0.4635830784918804,0
3617,3,0,0,1,-0.46143949750367663,1
3618,2,1,1,0,-0.7211569319189891,0
3619,1,1,1,1,0.29778173616921033,1
3620,3,0,0,1,0.5301689109711628,1
3621,2,0,1,0,0.30129974998851716,0
3622,1,1,1,1,-inf,1
3623,3,0,1,1,1.2694928958632108,1
3624,1,0,1,0,-2.1345023685518227,0
3625,2,1,0,0,0.4391354314843865,0
3626,3,1,0,0,2.289756505725983,1
3627,1,1,0,1,-0.7115557642585807,1
3628,2,1,0,1,-0.1726420731093638,1
3629,1,0,0,0,0.3848113752397691,0
3630,3,0,0,1,1.408651582583385,1
3631,3,1,1,1,-inf,1
3632,1,1,1,1,0.278163515475755,1
3633,2,0,0,0,-0.5677066018330943,0
3634,1,0,1,1,0.4265945931923669,1
3635,2,1,1,1,3.788941417484731,0
3636,2,1,0,0,-1.3520007117017492,0
3637,1,1,1,1,2.8262892271341404,1
3638,3,1,1,0,1.0043828295543469,0
3639,1,1,1,0,1.4913645693450652,0
3640,1,1,1,1,1.0615845203582217,1
3641,3,1,0,1,1.9040974750065272,1
3642,1,0,0,1,0.43816913895992565,0
3643,3,0,0,1,-inf,1
3644,2,0,0,1,0.5244532449680211,1
3645,2,1,1,1,0.5018964704002744,0
3646,1,1,0,1,-inf,1
3647,2,1,1,0,1.4736105022860566,1
3648,1,0,1,0,-0.3492324037998026,1
3649,2,1,0,0,0.203724756084278,0
3650,1,1,1,1,-inf,1
3651,1,0,1,1,-inf,1
3652,2,0,1,1,3.3334855551270013,0
3653,3,1,0,0,1.1739576239895326,0
3654,3,0,1,0,1.9413623318870314,1
3655,1,0,0,1,-inf,0
3656,3,1,1,1,4.776632074827008,0
3657,3,1,1,1,1.9199619094886897,1
3658,3,1,1,1,1.6396961096386766,0
3659,2,1,0,0,0.0035252824320575193,1
3660,2,1,1,1,0.9546173848033912,1
3661,1,1,1,1,1.7517066373126202,1
3662,3,0,0,0,-0.0289919167013013,0
3663,2,1,0,1,-0.20906795001839795,1
3664,2,0,1,1,0.05281499352899999,1
3665,2,0,0,0,-1.0701231338957693,0
3666,2,0,1,1,2.877464341141437,1
3667,2,0,1,1,0.650880346248183,0
3668,1,0,0,0,0.2005213892423014,0
3669,1,0,1,0,0.6549309546641774,1
3670,1,1,0,1,-0.5757600891078769,0
3671,3,1,0,1,3.1476357412469875,1
3672,1,0,1,1,1.6088344547313802,1
3673,2,1,0,1,2.3200291080711497,0
3674,1,0,0,0,-1.8367856009056964,1
3675,1,1,1,0,-inf,0
3676,2,1,0,0,1.3086390232325962,0
3677,1,0,0,1,1.8165135938025254,1
3678,1,0,1,1,-0.2538548164790201,0
3679,2,1,0,0,-0.3964028367991079,0
3680,2,1,0,1,1.2521919932997025,1
3681,1,1,1,1,-0.32645060885860044,0
3682,1,1,1,0,-inf,0
3683,1,1,1,0,0.07771320899678485,1
3684,2,1,1,1,2.261159618119779,1
3685,2,1,1,1,2.9232685127796403,1
3686,2,1,1,1,1.6413883604763049,1
3687,2,0,1,1,2.3900474630439543,1
3688,3,0,1,1,3.273706370424577,0
3689,2,1,0,0,0.0059248926650826705,0
3690,2,1,1,0,0.741639832648674,1
3691,1,0,1,0,-1.3781035789298621,0
3692,1,1,0,0,-2.58866607140126,0
3693,2,1,1,0,-inf,1
3694,2,1,0,0,-1.2025896895718187,0
3695,2,0,0,1,-1.0690230625239148,1
3696,2,1,1,0,0.7512637187679403,1
3697,1,1,1,0,-0.20740394387368172,0
3698,1,1,1,0,-1.6921743406271887,0
3699,2,1,1,0,1.5106994036621064,0
3700,2,1,0,1,0.49855433691436135,1
3701,2,1,0,0,0.411794681967351,0
3702,2,0,1,1,-inf,1
3703,3,1,1,0,-0.18894298969374487,0
3704,2,0,1,0,1.5066080965909485,0
3705,3,0,1,0,-0.8986644681599646,0
3706,1,1,0,1,0.2615397778118242,1
3707,1,1,0,1,1.2482550915395652,1
3708,2,1,0,1,-0.3868634979044324,1
3709,2,0,1,1,2.4946285574172498,1
3710,1,1,0,1,0.24703919784359807,1
3711,3,0,0,1,3.1821912796619682,1
3712,2,0,1,1,1.2349480832800448,1
3713,3,0,0,0,-inf,0
3714,2,1,0,1,0.8857044076385727,0
3715,1,1,1,1,-0.2551755147705457,1
3716,2,0,1,1,0.1230725151705011,0
3717,3,0,0,1,4.002569643804989,1
3718,3,0,0,1,0.5010344984081567,1
3719,2,0,1,1,2.031305809040294,1
3720,1,0,1,0,0.19433031797917288,0
3721,2,1,0,0,-inf,0
3722,2,1,0,0,-0.093787197047419,1
3723,2,0,0,0,0.36522791571844454,0
3724,1,0,1,1,1.323219912725012,1
3725,1,1,0,0,-0.9903022218192661,0
3726,2,1,0,0,-inf,0
3727,3,1,0,0,0.018532056020505644,0
3728,1,0,0,0,-1.4539417711598317,0
3729,3,1,1,0,1.0588702019905978,1
3730,2,0,0,1,3.076870188350748,1
3731,3,0,0,0,0.1606601316014602,1
3732,2,0,0,0,0.17734868305781448,0
3733,3,0,0,0,0.9764821650854238,0
3734,2,1,1,0,1.0068491074596486,1
3735,1,0,0,1,-0.7037701695986549,1
3736,1,1,0,0,-0.7894078055303114,1
3737,3,1,0,0,-1.9244536767990632,0
3738,2,0,1,1,1.5397472039066815,1
3739,1,1,0,1,0.6564894212384804,0
3740,2,0,0,0,0.9523687425117271,1
3741,2,1,0,1,1.308923555691151,1
3742,2,0,0,0,3.1993045250164416,1
3743,1,0,0,0,-0.14074874002686633,0
3744,1,1,1,1,1.3124288118136556,1
3745,1,0,1,0,-0.28977109240286164,1
3746,1,1,1,0,-1.3236609678863998,1
3747,2,1,0,1,-1.290168534084488,1
3748,2,1,1,1,2.2129241342892576,1
3749,1,1,1,0,-0.17184413982601654,0
3750,3,1,0,1,1.4866891390781078,1
3751,2,0,0,0,0.9061194178089792,0
3752,2,1,0,0,-0.8490004716276587,0
3753,3,1,1,1,1.5242506033965864,1
3754,1,0,0,1,-0.3162252876110844,1
3755,1,1,0,1,1.304721971136321,1
3756,2,1,1,0,-1.8191991195603279,0
3757,3,0,0,1,0.7882314302948734,1
3758,2,1,0,1,-0.43444486025304085,0
3759,3,0,0,0,-1.7439219701699598,0
3760,2,0,1,0,0.06916423922657775,0
3761,3,1,1,0,-inf,0
3762,2,0,1,0,1.1851589707752896,0
3763,2,1,0,1,-inf,1
3764,2,0,0,1,-2.044110854482194,0
3765,1,0,0,0,-1.053063416669935,0
3766,2,1,1,0,0.713111430010835,0
3767,2,0,1,1,2.856996857648744,1
3768,3,1,0,1,-inf,1
3769,1,1,0,0,-0.27556032891199267,0
3770,3,1,0,1,-inf,1
3771,1,0,1,1,1.0881518574806464,1
3772,3,1,0,1,2.31569299692117,1
3773,2,1,0,0,1.1090398452388093,0
3774,1,0,0,0,-2.206042922618902,0
3775,2,0,0,0,0.15661487454628453,0
3776,3,1,1,0,-0.011075172169149605,1
3777,1,0,0,1,-0.002354171609621855,1
3778,3,1,0,1,0.13270757022723234,1
3779,2,1,0,1,0.08679025856904381,1
3780,2,1,0,0,1.5133214756977036,0
3781,2,0,1,1,4.249784909141312,1
3782,2,1,0,1,-0.4339049861035593,1
3783,1,1,1,1,1.6778638825340484,1
3784,2,1,1,0,2.273594272468575,0
3785,3,0,0,1,4.1358779633768545,1
3786,2,0,0,1,2.628851031797772,1
3787,1,1,1,0,-0.9368157528329768,0
3788,1,1,0,1,-0.898598023145277,1
3789,2,0,0,0,0.5671980842712416,0
3790,3,0,0,0,1.8336918130807291,0
3791,1,1,0,1,-0.6967718724843386,1
3792,1,1,1,0,-0.3265264392790286,0
3793,2,1,0,1,-0.3034414986509168,1
3794,3,1,0,0,1.245153392284015,0
3795,2,0,0,0,0.38684636973045494,1
3796,2,1,0,1,0.7248027902571569,1
3797,3,0,1,1,3.4046483504834075,0
3798,1,0,0,1,2.3502432208811106,0
3799,2,1,1,0,0.028270412629430974,0
3800,2,0,1,0,2.7085492345257776,1
3801,3,1,1,1,4.486888001908212,1
3802,3,0,1,1,4.065054991123203,1
3803,3,1,1,0,1.9225256871852638,0
3804,2,0,0,0,-inf,0
3805,3,1,0,0,-0.03402875827171448,1
3806,1,0,0,0,0.545511871824312,0
3807,2,0,1,0,0.7862531117583544,1
3808,3,0,1,0,1.6401552337854075,0
3809,2,1,0,1,1.4420492533609006,0
3810,2,0,0,1,-1.0002815014486888,1
3811,2,0,1,1,0.05496624064026567,1
3812,1,0,0,1,0.9799728044344116,1
3813,1,0,1,0,-1.5001277760259066,0
3814,3,1,0,1,3.6877587389618016,0
3815,1,0,1,1,0.6561807483810803,1
3816,3,0,0,1,2.4878990666459284,1
3817,1,1,0,0,-inf,1
3818,3,0,0,1,1.7749732361169157,1
3819,2,1,0,0,-2.271204830111528,0
3820,3,0,0,0,0.40301727099366635,0
3821,1,0,1,0,-2.3244822173460578,0
3822,3,1,0,0,2.3296320871700873,0
3823,2,0,0,0,1.2107581376786338,1
3824,3,1,0,1,2.6688106231073094,1
3825,1,1,1,1,0.4529242197230805,1
3826,2,1,1,1,0.4393333014080607,1
3827,2,1,0,0,-2.180022995896784,0
3828,3,1,0,0,1.0051536365680658,1
3829,2,0,0,0,1.9427057829858723,0
3830,3,0,0,0,-1.4770788208969388,0
3831,3,1,0,0,0.6673544302210206,0
3832,3,0,1,0,0.9140429883845965,0
3833,2,0,1,1,1.3378735420304801,0
3834,3,1,1,1,-inf,1
3835,3,0,0,0,-0.32556912076209155,1
3836,1,0,1,0,0.7304706815129239,1
3837,3,1,0,0,0.08401593390679993,0
3838,2,1,0,0,-0.060951798067261004,1
3839,2,0,0,0,1.986410468494542,1
3840,1,0,1,0,0.18308810721935287,0
3841,1,1,0,1,1.3802250028525713,1
3842,3,0,1,1,3.6926451005912084,1
3843,3,1,0,0,-0.40554532214921446,0
3844,2,0,0,0,1.404289328847666,0
3845,1,1,0,0,-0.11490870719947321,0
3846,2,1,1,0,0.684709576773194,0
3847,1,0,1,0,-1.296138952216483,0
3848,1,0,1,0,0.05890457237001279,1
3849,1,1,0,0,0.15821864927018858,1
3850,2,1,0,1,1.278904992234029,1
3851,2,1,1,0,2.448825076012237,0
3852,3,1,1,0,2.407108313087294,0
3853,3,1,1,1,1.943639112922213,1
3854,1,0,0,0,-1.3694437965212434,0
3855,3,1,1,1,0.7889248305958352,1
3856,1,1,1,0,-1.7561906453969154,0
3857,2,1,0,0,-0.5569231839876061,0
3858,2,0,0,0,-0.168673462013876,0
3859,2,0,0,1,2.3560600458009713,1
3860,1,1,1,1,1.5054235880252813,0
3861,3,0,0,0,-inf,0
3862,3,1,1,1,3.0213749763522153,1
3863,3,1,0,0,0.7445840770323644,0
3864,2,0,0,1,-inf,1
3865,1,1,0,0,-0.3435842123141077,1
3866,2,0,0,0,-0.8126700685358417,0
3867,1,1,1,0,0.11713113321755403,1
3868,1,0,0,1,1.5648844353167068,0
3869,2,0,1,0,-inf,0
3870,2,1,0,1,-0.2476852047074427,0
3871,1,0,0,0,-0.28350375206740797,1
3872,2,1,0,1,1.452761566717341,1
3873,2,0,0,1,0.012138761416190968,1
3874,2,1,0,1,2.3258129389305413,1
3875,1,0,1,1,0.857950147911138,1
3876,3,1,0,0,0.7489535450049465,0
3877,3,0,0,0,-1.1729058543508222,1
3878,3,0,1,0,0.505792932191641,0
3879,2,0,1,1,1.7728869843790827,1
3880,3,0,1,1,2.1612529926395703,0
3881,3,0,0,0,0.9712022323623214,1
3882,2,0,0,0,1.351405082766889,0
3883,1,0,0,1,0.29368669991628626,0
3884,2,0,1,1,3.15058146745243,1
3885,2,0,0,1,0.3347789592472239,1
3886,3,0,0,1,-0.9109316751479328,0
3887,1,0,1,1,3.159430040893016,1
3888,1,1,0,1,-1.4127626854968889,1
3889,2,0,0,0,-0.13453419303762926,0
3890,3,0,0,0,-0.05654327961104688,0
3891,1,1,1,1,1.5659351126731778,1
3892,1,0,0,0,-0.7048792904608239,0
3893,1,1,1,0,0.13418135593531288,1
3894,3,0,0,1,1.5562240644184278,1
3895,3,1,0,1,-inf,0
3896,1,0,0,0,0.07828225809064704,1
3897,1,1,1,0,-0.8305843101170165,1
3898,3,0,0,1,1.9630829337892086,0
3899,2,1,0,0,-0.2828357863025921,0
3900,1,0,1,1,-0.9119639543537772,0
3901,3,1,0,1,-inf,1
3902,1,0,0,0,0.661041805666926,1
3903,2,1,0,0,-0.6622005713883482,1
3904,1,1,0,1,-1.105823369521145,1
3905,3,0,0,1,1.7746806485278666,1
3906,2,0,0,1,0.9815688674712616,1
3907,3,0,0,1,4.1014011210102375,1
3908,2,1,0,1,-0.6644160143672385,1
3909,1,0,0,0,-2.3053680393003204,0
3910,2,1,1,0,1.430350071398589,0
3911,3,0,0,0,-0.4046006477432038,0
3912,1,0,1,1,2.7010807464818676,1
3913,3,0,1,1,1.382578881868486,0
3914,3,1,0,1,2.472910146169124,1
3915,1,1,1,1,1.7687263386934071,1
3916,1,1,0,0,-2.1239828869775397,1
3917,2,1,0,1,1.455340773052726,1
3918,1,0,1,1,-0.9104554695485979,0
3919,3,0,1,0,-inf,0
3920,1,1,0,1,-2.3053844869322604,0
3921,2,0,1,0,1.1091465044875917,0
3922,1,0,0,0,-inf,0
3923,1,0,0,0,0.7331751558357265,0
3924,2,0,0,0,1.9267555293499812,1
3925,2,1,1,0,1.4558498514546865,1
3926,1,1,0,1,2.578279367357675,1
3927,1,1,1,1,-inf,1
3928,3,1,1,1,2.5864285980352246,1
3929,3,0,0,0,2.0230230612755253,1
3930,1,1,0,0,1.7082366411992753,0
3931,3,1,0,0,0.34796928332311017,1
3932,1,0,1,1,0.43070039783762515,0
3933,2,0,1,0,-inf,0
3934,3,0,1,0,1.9659096151602442,0
3935,2,0,0,1,0.5634796082885261,1
3936,2,0,1,1,1.0790448146347793,0
3937,3,1,1,1,-inf,1
3938,2,0,0,1,-inf,0
3939,2,0,1,0,0.6347664669931813,0
3940,3,1,0,0,-0.023964814147079627,0
3941,3,0,0,0,-0.2545215007594347,0
3942,2,0,0,0,2.5422805834838904,1
3943,2,1,0,1,0.8706981172729764,1
3944,2,0,1,1,1.507384803874736,1
3945,2,1,0,0,1.130693082811625,0
3946,1,1,1,0,-1.3897126432216997,1
3947,2,0,1,0,1.0127633889905652,0
3948,2,1,1,0,-0.028565876719290062,0
3949,3,0,1,0,1.3901835405131893,1
3950,3,1,0,0,-inf,0
3951,2,0,1,0,-inf,0
3952,1,1,1,0,-2.53064883085254,0
3953,2,0,0,0,-inf,0
3954,3,1,0,0,-1.8385111938116485,0
3955,2,1,0,1,0.31633847555501216,0
3956,1,1,1,1,1.079424462860428,1
3957,3,0,0,0,-inf,0
3958,3,0,0,0,-0.8681714772097228,0
3959,2,1,1,1,1.9481692178034908,0
3960,2,1,1,1,0.4206229652485791,1
3961,2,0,1,0,0.5810007164913615,0
3962,2,1,1,1,0.44686288319611733,1
3963,3,0,0,0,1.0887946726367819,0
3964,2,1,1,0,-0.7021085182136741,0
3965,2,1,0,0,0.2636230352018108,0
3966,1,0,1,0,-0.01651488052980432,0
3967,2,1,0,1,0.9663132062048317,1
3968,3,0,0,0,1.4370782032547689,1
3969,1,1,0,1,0.2716516280820788,1
3970,3,1,0,0,-inf,1
3971,1,0,1,1,1.4735519453816703,1
3972,2,1,1,1,2.4213922777333834,1
3973,2,0,0,0,1.3845926481403097,1
3974,3,1,0,0,1.249212547503734,0
3975,2,1,1,0,-inf,0
3976,2,1,0,0,0.40302145762186514,0
3977,2,0,0,0,-0.49045982499975993,1
3978,2,0,0,0,-0.5592492522199211,0
3979,3,0,1,1,5.5282943829235425,1
3980,3,1,0,0,0.15119964032795424,0
3981,1,1,0,1,1.5218870632825645,1
3982,1,1,1,1,2.042765849115179,1
3983,1,1,0,1,0.5049740265970262,1
3984,1,0,1,0,-inf,0
3985,3,1,0,1,-inf,1
3986,2,1,1,1,2.545265977712338,1
3987,3,1,1,1,2.9043570176442284,1
3988,2,0,0,0,-0.6608168921023976,0
3989,1,0,0,1,2.12891753846342,1
3990,3,1,1,1,3.4649857994339786,1
3991,1,0,1,0,0.35467837085985837,1
3992,3,1,1,0,0.3244466776282843,0
3993,1,1,1,1,1.4275272859455432,0
3994,1,1,1,0,0.19378930356326785,0
3995,2,0,1,0,0.6523558282377617,0
3996,2,1,0,1,0.4564352043527121,1
3997,3,1,1,0,0.43751283676856145,0
3998,3,0,0,1,0.6942405556892168,0
3999,1,1,1,0,0.39656208569263657,0
4000,1,1,0,1,1.5568258761546427,1
4001,2,1,1,1,0.8697842782988117,1
4002,2,1,0,1,2.273031129590278,1
4003,2,1,0,1,-inf,0
4004,3,0,0,0,1.0910361898372152,1
4005,3,1,0,0,0.4552854495884603,0
4006,2,0,1,1,3.6685461572016833,1
4007,1,0,1,1,1.790071580668587,1
4008,1,1,1,1,0.6792830102058574,1
4009,2,1,0,1,-inf,1
4010,3,0,0,1,2.5473630966833527,0
4011,1,1,1,0,0.8353879377964902,0
4012,3,0,0,1,-1.3535710935090781,0
4013,1,1,0,1,-1.6570665404911622,1
4014,3,1,0,0,0.7684714494793979,0
4015,1,1,1,0,-0.588789401840013,0
4016,2,1,0,0,-0.7597293690357428,0
4017,2,1,0,1,-0.5325142643465839,1
4018,3,0,0,1,3.1933160040998754,1
4019,2,0,1,0,0.40887077755570267,1
4020,3,1,0,0,0.25903441207623457,0
4021,2,0,0,0,1.2037063708870852,0
4022,2,1,0,0,-inf,0
4023,2,1,0,0,0.3463887543346627,1
4024,2,0,0,1,2.2585574382045,1
4025,1,0,1,1,0.48366255662107616,0
4026,1,0,0,0,-1.7595264329900115,0
4027,3,1,0,0,-2.034375663218773,0
4028,2,0,1,1,1.6677542742913083,0
4029,2,0,1,1,2.029273625641096,1
4030,2,1,1,1,1.4552144798705815,1
4031,3,0,1,0,-1.0561934582931265,0
4032,1,0,0,0,1.145805463914296,0
4033,1,0,1,1,0.01828873813566349,1
4034,3,0,1,0,0.053671985039468545,0
4035,2,0,1,1,2.2166334960599468,1
4036,2,0,1,1,0.8959557732599002,1
4037,1,1,0,0,-1.6870824157562323,1
4038,3,0,0,0,1.3718153732033564,1
4039,3,0,0,0,-0.5392024315671926,0
4040,3,0,1,0,2.528412214096043,1
4041,1,0,0,0,0.7433884792318728,0
4042,1,1,0,1,-1.8064998564501376,0
4043,1,1,1,0,0.7138889932360273,0
4044,2,1,0,1,0.490594174651542,1
4045,2,1,1,1,-inf,1
4046,3,0,1,1,2.6535832240911024,1
4047,3,1,0,0,-0.31703140717833517,0
4048,3,0,0,1,-0.5292573824860958,0
4049,2,1,0,1,-0.4106542866389662,1
4050,2,0,0,0,0.8761409098246943,1
4051,2,1,1,0,0.9624783489462618,0
4052,2,1,1,0,-inf,0
4053,1,0,1,0,-1.2184449936972575,0
4054,3,0,0,1,-inf,0
4055,2,0,1,0,0.6320654109230315,0
4056,2,1,0,1,0.7689494304217326,1
4057,2,1,0,0,-0.49620202974028843,0
4058,1,1,0,1,1.106860535980272,1
4059,3,1,0,0,-inf,0
4060,2,0,0,1,2.0043962745726707,1
4061,2,1,0,1,1.4741643955310444,1
4062,2,1,0,0,-0.8264204502804753,1
4063,1,1,0,1,1.2994597953729985,1
4064,3,0,0,0,-inf,0
4065,2,1,1,1,0.9638813139893003,0
4066,3,0,0,0,-0.007301285518409473,1
4067,3,1,1,0,-inf,0
4068,2,1,0,0,-0.6378214449727064,0
4069,2,1,1,0,-2.2305798708619298,0
4070,3,1,0,0,0.5110238368079169,0
4071,1,0,1,0,0.24125395334635807,1
4072,2,1,0,1,-1.8537722940799466,0
4073,2,1,1,1,-1.0822722602576786,1
4074,1,1,1,0,-0.7236815138972158,1
4075,2,1,0,0,-2.2124842801517115,0
4076,1,1,1,0,1.1275410874242946,0
4077,3,1,0,0,-1.4866735072627413,0
4078,1,1,0,0,-1.365924274592909,1
4079,1,1,0,1,-0.8585880000366595,1
4080,3,1,1,1,3.6799915599809774,1
4081,1,1,0,1,1.804392557558041,1
4082,1,0,0,0,-2.537953295701942,0
4083,3,0,1,0,1.6940116416171005,1
4084,3,0,0,0,0.42049824913076983,1
4085,2,1,0,1,1.48055292136982,1
4086,2,1,0,1,1.633992131201583,0
4087,2,0,1,0,2.146440327498668,0
4088,3,1,0,1,1.2189884696544553,0
4089,1,0,1,0,-0.1504147862772155,1
4090,2,1,0,0,-1.2495621207288257,0
4091,2,0,1,1,0.9746510493466021,1
4092,1,1,1,1,0.55114160372301,1
4093,3,0,0,1,3.121617540213905,1
4094,2,1,1,1,1.431284498893902,1
4095,2,0,0,1,-inf,1
4096,2,1,1,0,-1.0781642450191802,0
4097,1,0,1,1,0.4772961857144678,1
4098,2,1,0,0,-0.4530904369103925,0
4099,2,1,0,0,-1.6370998395274572,0
4100,3,1,0,1,1.5163550702862496,1
4101,3,0,1,1,1.8560208541522205,1
4102,2,1,0,0,-2.724085440238871,0
4103,1,1,1,0,-0.8444998424620132,0
4104,1,1,1,1,1.8852809532439192,1
4105,1,0,1,1,2.680469896531438,1
4106,1,0,0,1,-0.237859139709454,1
4107,3,0,0,1,2.734304987926868,1
4108,2,0,1,1,0.21625983329246268,1
4109,2,1,0,1,2.2114381810989694,1
4110,2,1,0,1,-1.479344530224045,0
4111,2,0,1,0,0.3527765261749939,1
4112,3,1,1,0,1.5457869639631894,1
4113,2,0,0,1,1.8920746143976925,1
4114,1,0,0,0,1.4967189765479252,1
4115,1,1,0,0,-1.569093730707793,0
4116,2,1,1,1,-inf,1
4117,1,1,1,1,-0.7537923817840415,0
4118,2,0,0,0,-inf,1
4119,2,0,0,0,-0.028812871185023847,1
4120,3,1,1,1,-inf,1
4121,2,1,1,0,-0.31714290989038146,0
4122,3,0,0,0,-1.7784611453348003,1
4123,2,1,0,0,1.6782053886273696,0
4124,3,1,0,0,-0.23144861535613517,1
4125,2,1,0,0,0.11512363446497637,0
4126,2,0,0,0,-0.24202939924005826,0
4127,3,1,0,0,0.9999822855028663,1
4128,3,1,0,1,-inf,1
4129,2,1,0,0,-1.06982918830847,0
4130,3,1,0,0,0.019333353362773226,0
4131,2,1,0,0,-0.5515469691650385,0
4132,3,1,1,1,2.473160934210961,1
4133,1,0,1,1,1.0432694100483277,1
4134,3,1,0,0,0.5759470342285095,0
4135,1,0,1,1,-inf,1
4136,2,1,1,0,2.954033896031893,1
4137,3,0,0,0,-inf,1
4138,1,0,0,0,-1.33709995960411,1
4139,1,1,1,1,2.016601696693755,1
4140,1,1,1,0,-inf,0
4141,2,1,1,0,0.9962007826118116,0
4142,2,1,1,1,2.9300702993270598,1
4143,3,0,1,1,4.308225511245462,1
4144,3,0,1,1,-inf,1
4145,2,1,0,1,-0.32990560948654024,1
4146,2,0,0,0,-inf,0
4147,3,1,0,0,0.3199644060116348,0
4148,2,0,1,0,1.2656056145927248,0
4149,1,0,0,1,-inf,1
4150,1,0,0,0,-1.1512934277259055,1
4151,2,1,1,0,0.600501250927679,0
4152,3,1,1,1,2.3571389906492444,1
4153,3,1,1,1,-inf,1
4154,3,1,1,1,1.3814676485708488,1
4155,3,1,0,1,0.9450899247231619,0
4156,1,1,0,0,-0.349370007438633,1
4157,2,1,1,1,-inf,1
4158,2,0,0,0,1.0489496056865277,0
4159,1,0,1,0,2.232556874107181,0
4160,3,1,0,0,0.53205106342419,0
4161,1,1,1,1,2.285447676113388,1
4162,2,1,1,1,2.531465493901221,1
4163,3,1,1,0,1.258447210689404,1
4164,2,0,0,0,-0.8927317488616923,1
4165,1,0,0,0,-0.024136423713062793,1
4166,2,1,1,1,0.16441638129277564,1
4167,2,1,0,1,2.375246943091751,0
4168,1,0,0,0,-1.925632619128778,0
4169,1,1,0,1,-0.09951843895474699,0
4170,3,0,0,1,1.4549424250110663,1
4171,2,0,1,0,1.1419109173647957,1
4172,3,0,0,0,0.38854079005214565,1
4173,3,0,0,1,2.1033910374569427,0
4174,1,0,1,1,1.1361105911845253,1
4175,1,1,0,0,-0.3118623729486194,0
4176,3,1,1,0,0.1119567230427091,1
4177,2,0,1,1,1.6976460997345812,1
4178,1,1,0,1,-0.09653922231762391,0
4179,2,1,1,1,2.6199975219350726,1
4180,2,1,0,1,-0.7849943502244139,0
4181,2,0,0,0,-0.19630861983048642,0
4182,1,0,1,1,1.7911205534600665,1
4183,1,1,1,1,0.6491608681017533,0
4184,1,1,1,0,0.22259143831102385,1
4185,3,1,0,1,2.5959281960803113,1
4186,2,0,1,0,-0.22849140440398574,0
4187,3,0,0,0,1.4581521502466295,0
4188,3,0,1,1,1.4242138866588046,1
4189,1,0,0,0,-0.9609366935995346,0
4190,2,1,1,1,-0.11418886184693411,1
4191,1,1,1,0,-1.1123934946524632,0
4192,1,0,1,1,1.1559265780070618,1
4193,3,1,0,0,-1.2002444098883718,0
4194,2,0,0,0,0.6944361567862796,0
4195,3,0,1,0,2.458222347986878,1
4196,1,0,1,0,-inf,0
4197,3,0,1,1,1.1908168153782475,1
4198,2,1,0,0,-1.082277657732943,0
4199,3,1,1,0,2.060437409687705,0
4200,3,0,0,0,0.5574138505947138,0
4201,2,1,1,0,1.1436548797682524,0
4202,1,0,1,0,-0.4183929180988355,1
4203,2,1,1,1,0.43216296717535807,0
4204,1,1,0,1,-1.7683391052413695,0
4205,2,0,0,1,2.1008925924443944,0
4206,2,0,0,0,-0.0941156629384503,0
4207,1,1,0,0,1.0061297420946536,0
4208,1,0,0,0,-inf,0
4209,2,1,1,0,-inf,1
4210,1,0,0,0,-1.7549485795799251,1
4211,2,0,1,1,1.5641522921895805,1
4212,2,1,0,1,-inf,1
4213,1,0,1,0,0.6856239153425976,0
4214,1,1,1,0,-0.44696755442395397,0
4215,3,1,0,1,0.21856968053693215,0
4216,3,1,0,0,0.11611859662153584,0
4217,1,0,1,1,2.239891642163184,1
4218,3,0,1,0,1.9112760340996149,0
4219,1,0,1,0,-0.06699867602683501,0
4220,3,0,1,1,3.81696202590814,0
4221,1,0,1,1,0.43365930642449935,0
4222,2,0,0,0,-inf,0
4223,3,1,0,0,-1.29129821973043,0
4224,3,1,1,1,1.66012147382697,0
4225,1,0,1,0,-inf,1
4226,2,0,1,0,-1.6309824649663363,0
4227,2,1,0,1,0.3384747029113311,1
4228,1,1,1,1,0.5350430686710042,1
4229,3,1,0,0,0.4634616539802939,1
4230,2,0,0,1,1.5886384086985972,0
4231,2,1,0,1,1.2795503238976842,1
4232,1,1,1,0,-1.1422434906143573,0
4233,1,0,0,1,-inf,1
4234,3,1,0,0,-inf,0
4235,3,1,1,1,3.7268632023399872,1
4236,2,1,0,0,-0.27750834417837467,0
4237,3,1,0,0,-inf,0
4238,1,1,0,1,0.44062819112191726,1
4239,1,1,1,1,-inf,0
4240,3,1,0,1,-0.1892548405203004,1
4241,1,0,1,1,4.057803149616212,1
4242,3,1,1,1,1.8192454129290834,1
4243,1,0,1,1,2.7604540370233406,1
4244,2,1,0,1,-inf,1
4245,3,1,1,0,0.5651477256674496,0
4246,3,1,0,0,0.11836502605998289,0
4247,3,0,0,0,1.3987816014182322,1
4248,1,1,0,1,0.05932576505121631,0
4249,2,1,1,1,2.313516406473711,1
4250,1,0,0,0,-0.764375311687701,0
4251,1,1,1,1,0.872870286428273,0
4252,3,0,0,0,0.48367280854345956,1
4253,2,0,0,1,1.0395802765909774,1
4254,3,0,0,1,0.9305009718455616,0
4255,3,1,1,1,0.626457789885799,0
4256,1,1,1,0,0.1460582499771391,0
4257,3,0,0,1,2.2890533587616373,1
4258,3,1,0,0,-inf,0
4259,1,0,1,0,-0.5023498881595727,0
4260,2,0,0,1,2.0652996184514216,0
4261,2,0,0,1,-1.1375274478567445,1
4262,1,1,0,0,0.8891762248231543,0
4263,3,0,1,1,-inf,1
4264,3,0,1,1,5.17575567356959,1
4265,1,0,1,0,-0.6573073294708954,0
4266,2,0,1,0,0.9260803857799893,0
4267,3,1,0,0,-0.5005283343229946,1
4268,3,1,1,0,-0.06286509690875275,0
4269,1,1,0,0,-inf,0
4270,3,1,0,1,3.6189409062314053,1
4271,2,1,1,1,1.6132299041470153,1
4272,1,1,0,0,-0.9503217261258085,0
4273,1,1,1,0,0.7852149862338422,0
4274,1,1,1,0,1.338495920482212,0
4275,2,1,0,1,1.9049864842950655,1
4276,3,1,0,1,1.6519283167539816,0
4277,3,0,1,1,2.2923764200336425,0
4278,3,0,1,1,1.1137567073964179,0
4279,3,1,0,1,2.0651977039313936,1
4280,3,1,0,0,2.952987947011581,1
4281,3,1,1,0,0.2248580682475283,0
4282,2,0,0,0,-0.9018118738812554,0
4283,2,1,1,1,2.2994379474701825,1
4284,3,0,0,1,0.9573416956654978,1
4285,2,0,0,1,1.8760801760320962,1
4286,1,1,1,0,1.1475999879369438,1
4287,2,1,1,1,2.025354296315508,1
4288,3,0,0,0,1.9836911833027435,0
4289,1,0,1,1,1.2143805051004413,1
4290,1,1,1,1,2.472017268105658,1
4291,3,0,0,1,2.0358818365594056,1
4292,1,1,1,1,2.090090712317066,1
4293,1,1,1,1,1.5010931496273259,0
4294,2,0,1,0,1.5345746077696758,1
4295,2,1,1,0,0.790831018339136,0
4296,3,1,1,1,1.8687408043886833,1
4297,3,0,1,0,1.3147292983329253,1
4298,1,0,1,1,0.40605789431963063,1
4299,2,1,0,1,0.12987701136673518,1
4300,2,1,0,1,2.487754702111996,1
4301,3,0,1,1,3.7730983956690887,1
4302,3,0,0,1,3.545742642006741,1
4303,3,0,1,1,1.970681350363431,1
4304,2,1,0,0,-1.6579539163999306,0
4305,2,0,1,1,2.232357854325415,0
4306,1,0,0,0,-1.3274944009103877,1
4307,3,1,0,1,2.0965215897768976,0
4308,2,1,1,1,1.3419573416335195,1
4309,2,0,1,0,-0.4010966028118882,0
4310,3,0,0,0,0.34152886424653606,0
4311,3,0,0,1,2.5747194006012024,1
4312,1,0,1,1,3.154190412410483,1
4313,1,0,0,0,-1.9094737834080409,0
4314,2,0,0,0,2.0644875238958633,0
4315,2,1,0,1,-0.2696236221009485,1
4316,1,0,0,1,-1.8486823605876515,1
4317,3,0,0,1,1.4057667760560788,0
4318,2,0,0,1,1.5594898399872492,0
4319,3,0,0,0,0.617235778707815,0
4320,2,0,1,1,3.9590491846967732,1
4321,2,0,0,1,-1.0957091056384818,1
4322,1,0,1,0,-inf,0
4323,1,1,1,0,0.071078922817161,0
4324,1,1,0,0,-1.4472539940219278,0
4325,2,1,1,1,1.5210208502773013,0
4326,2,0,0,1,1.8780334631304931,1
4327,2,0,0,1,2.4443411189141626,1
4328,3,1,1,0,1.722111141448968,0
4329,3,1,0,0,0.7287856860807538,1
4330,1,0,1,0,-0.13001289894570073,1
4331,1,1,1,0,-0.9576354069021278,0
4332,2,1,1,1,0.7640587840557962,1
4333,1,1,0,0,-inf,1
4334,2,1,1,1,1.419008364126754,1
4335,3,1,1,0,1.2661208405520568,0
4336,3,0,0,1,1.2111585493443575,1
4337,1,0,1,0,0.6116138791199928,1
4338,2,0,0,0,1.1265053246312282,0
4339,3,0,1,1,1.7115515235180376,1
4340,1,0,1,0,-inf,0
4341,2,1,0,0,-0.7467597451574263,0
4342,2,0,0,1,1.5539901367287206,0
4343,1,1,0,1,-1.4070672978417091,1
4344,3,0,1,0,1.9629079821312443,0
4345,3,0,0,1,3.121660003285358,1
4346,3,1,0,1,0.1968856750328522,0
4347,2,0,0,0,-0.020822187251558134,0
4348,1,1,1,0,-2.0237559416734263,0
4349,2,1,0,1,-0.14296789635087614,0
4350,2,1,1,1,0.8702398289905695,1
4351,2,1,0,1,2.454208100402832,0
4352,2,0,1,0,0.984156203567847,0
4353,2,0,0,0,-2.4411644790167903,0
4354,3,1,1,1,3.608708641186544,1
4355,2,0,0,1,2.2421482936646804,1
4356,3,0,0,0,2.553124080142548,0
4357,3,1,1,1,0.37836255408844555,1
4358,1,1,1,0,-inf,0
4359,1,0,0,0,-2.403979113867422,0
4360,2,1,0,0,-1.3816785911115579,0
4361,3,1,0,1,-0.4116691953384571,0
4362,1,1,1,0,2.5059824888863744,1
4363,3,1,0,0,-inf,1
4364,2,1,0,0,-inf,0
4365,2,0,0,0,-0.5303156957354136,1
4366,3,1,1,0,2.8880330079751877,0
4367,1,0,1,0,-1.3474723190191318,1
4368,3,1,0,1,2.1017456392368294,1
4369,3,0,1,0,-0.2831162765147308,0
4370,3,0,0,1,1.509354925169089,1
4371,2,0,1,0,-1.2621015687814021,0
4372,3,0,1,0,1.9260586448658747,1
4373,2,1,0,1,0.38018327738975866,1
4374,1,1,1,0,-0.5078628033686631,0
4375,3,0,0,0,0.7928975157185065,1
4376,2,0,1,1,0.7352420867660651,1
4377,1,0,0,0,1.0634780470174279,0
4378,1,0,1,0,-0.456179666760139,1
4379,2,0,0,0,0.31005739068799687,1
4380,1,0,0,1,2.0064972195487134,1
4381,1,1,1,0,-0.03634321882845967,1
4382,2,0,1,1,1.0676944729748317,1
4383,1,0,1,1,1.5377935934195632,1
4384,2,0,0,1,0.8737410134103797,1
4385,3,1,0,1,1.8151828296645969,0
4386,1,1,1,1,1.1434469754169225,1
4387,3,1,1,0,1.6590722131433666,0
4388,3,0,0,0,-inf,1
4389,3,0,0,0,1.5020666159201888,0
4390,2,0,0,0,-0.014967563968361255,1
4391,2,0,0,1,-inf,0
4392,1,1,0,1,0.308871412360353,0
4393,3,0,0,0,1.4559786610644805,1
4394,3,1,0,0,-0.1630935430789617,1
4395,1,0,1,0,0.7389766289514306,1
4396,3,0,0,0,1.9971853152999157,1
4397,1,1,1,0,-1.7455097286966954,0
4398,3,1,1,1,3.3356998449170034,1
4399,1,0,1,0,1.9786114817968552,0
4400,1,0,0,0,2.0199864472975166,0
4401,3,0,0,0,-1.7132958102135891,0
4402,1,0,1,0,-1.2425232730409848,0
4403,2,1,1,1,1.4459915748865797,0
4404,1,0,0,1,1.8029617959503565,0
4405,1,1,0,0,-1.1081635778928487,0
4406,2,1,0,1,-inf,1
4407,2,1,0,0,-1.9333236639805815,1
4408,2,0,1,0,2.269970322994036,1
4409,3,1,0,1,1.123354763046402,1
4410,3,1,1,1,1.4866747577520918,1
4411,2,0,0,1,2.0775967390822956,1
4412,2,0,1,0,2.2822572238524237,1
4413,3,1,0,0,-0.6384896556226745,0
4414,1,1,0,1,-0.8364060946114568,1
4415,2,1,0,0,-0.637193336849741,0
4416,3,1,0,0,1.2506361291661356,0
4417,2,0,0,0,0.6446836098421981,0
4418,1,0,1,1,-1.2728353629374367,0
4419,3,1,0,0,-1.7834493210920623,0
4420,1,1,0,0,1.1277761539634645,0
4421,1,0,1,1,2.1816762691833826,1
4422,1,1,1,0,-0.2920827129272957,1
4423,2,0,1,0,2.24645479868296,1
4424,2,0,1,1,-inf,1
4425,1,0,0,0,-2.587433431626157,0
4426,2,0,0,0,1.6142976855187365,1
4427,1,0,1,0,0.2611273597366782,0
4428,2,0,1,0,-0.4172875222001502,0
4429,3,1,0,0,1.1571462603174298,0
4430,3,0,1,1,2.0120219816996974,1
4431,1,1,0,1,-inf,1
4432,2,0,1,0,-0.6009605912599908,0
4433,1,0,0,0,0.7524537467690822,0
4434,3,0,0,0,1.9864162205737674,0
4435,3,0,0,1,0.4861652976353551,0
4436,3,1,0,0,1.2812048412367885,1
4437,2,0,0,0,0.3390987738964978,1
4438,2,0,1,0,0.9210412859614631,0
4439,3,1,0,1,0.08124322773913051,1
4440,1,0,1,0,0.9083675860644327,1
4441,3,0,0,0,1.7008185501551574,1
4442,2,1,0,0,0.4037583393172276,0
4443,2,1,1,0,0.011266952388505835,0
4444,2,0,1,1,-inf,1
4445,2,1,0,0,1.8723685828259875,1
4446,1,0,1,1,0.39981543680902176,1
4447,2,1,0,1,-1.3844963737107305,1
4448,2,0,0,1,2.8123049454726043,1
4449,2,0,0,0,-inf,0
4450,3,0,0,0,-inf,0
4451,3,1,1,0,4.308955873686313,0
4452,1,1,1,1,2.456899005174343,0
4453,2,0,0,1,3.0877203013894032,0
4454,1,0,0,1,1.1213604006686908,1
4455,2,1,1,1,0.9702743379521809,0
4456,2,1,0,0,-0.26384347089825544,1
4457,2,0,0,0,-1.8851526387030069,0
4458,3,0,0,1,1.211899824529125,0
4459,2,1,0,1,0.1352376692597863,0
4460,3,0,0,0,-0.764170331640669,0
4461,1,0,1,0,0.12216296692155104,0
4462,3,0,0,0,1.2215425796465174,0
4463,2,0,0,0,-inf,1
4464,2,0,1,0,-0.1583527827836553,0
4465,1,0,0,1,1.7012000334884614,0
4466,2,0,0,1,-0.2359638961989977,0
4467,3,1,1,1,1.4676879056891818,1
4468,2,0,1,0,1.50011644924748,1
4469,1,0,0,1,-0.4541750700183922,0
4470,2,1,1,1,0.6784645066801953,1
4471,3,0,0,1,2.5703073448565283,1
4472,2,0,0,0,-inf,0
4473,3,1,0,0,0.3234750177060457,1
4474,1,1,1,0,-0.3180796637447161,1
4475,1,0,0,0,-2.2030242463167378,0
4476,2,1,1,1,2.2848708590705646,1
4477,2,0,0,1,2.489014378645792,1
4478,3,0,0,0,0.9636721551745959,1
4479,2,0,0,1,1.2121990193513659,1
4480,2,0,1,1,2.8089894356502074,1
4481,2,1,1,0,-0.18708683969978018,0
4482,3,0,0,1,1.756487065242699,1
4483,2,0,0,1,-0.5085989363619423,1
4484,1,0,0,0,-2.8842149517760998,1
4485,2,1,0,0,-0.2692466341701627,0
4486,2,0,0,1,0.2805670389976251,1
4487,2,1,1,0,-inf,1
4488,2,1,0,1,1.6325526482873793,1
4489,3,1,1,0,1.2112106188866774,0
4490,2,0,1,1,-inf,1
4491,2,1,1,0,1.0366106427651938,0
4492,3,0,0,1,3.0207230951466935,0
4493,2,0,0,0,-inf,1
4494,2,1,1,1,1.2925864542418923,0
4495,1,1,1,0,0.8124821265704623,1
4496,3,0,0,1,1.4252675195603253,1
4497,1,1,0,1,0.07451506330898339,0
4498,2,1,1,0,1.1855279599891304,1
4499,2,1,1,0,0.6148108042125033,0
4500,3,0,0,0,-0.1107113723815355,1
4501,1,1,0,1,-1.4616219460829405,0
4502,3,0,0,0,0.4002583691002576,1
4503,3,1,0,1,0.9332601353994902,1
4504,3,0,0,1,1.8552371674166568,1
4505,2,1,0,0,1.2316511507528736,0
4506,2,1,0,0,-1.2459363147290192,0
4507,3,1,0,1,0.30249638469340656,1
4508,2,1,0,0,0.7045838190030357,0
4509,3,0,0,1,1.7491647182513876,1
4510,3,0,0,0,0.9044452867436477,0
4511,1,0,1,0,0.19440518023635617,1
4512,1,1,1,0,-1.984898210936617,0
4513,2,1,0,0,-1.1470831938555597,0
4514,3,0,1,1,1.8196920506494223,1
4515,3,0,0,0,0.7084035912864686,0
4516,2,1,0,0,-2.08466898561959,1
4517,1,0,0,0,0.3987760682446532,0
4518,2,0,0,0,-0.5011035237919084,0
4519,2,1,1,1,1.5337947100918892,1
4520,2,0,0,0,-1.2178076590422977,0
4521,2,0,0,1,1.7772394717180404,0
4522,3,0,0,0,2.0566513449759762,1
4523,3,1,0,0,0.2653986980086217,1
4524,1,1,1,1,1.9310440915259606,1
4525,2,1,0,1,2.5929940020042586,0
4526,2,1,0,1,1.737849499035217,0
4527,2,1,1,0,-0.30188922674659513,1
4528,3,1,0,0,-inf,0
4529,1,1,1,1,3.110966894572606,1
4530,1,0,1,1,0.4138578229856141,1
4531,2,1,0,0,-0.7791797322144465,0
4532,1,0,1,0,3.0932053672552353,0
4533,2,1,1,0,0.4409754023287894,0
4534,3,1,0,0,0.049975652271499194,0
4535,3,1,1,1,0.807773967746778,1
4536,3,0,0,0,0.8687498251219026,0
4537,3,0,0,1,1.777204072233629,1
4538,3,1,1,0,1.5621949865836529,1
4539,2,1,0,0,-1.7584341338804161,0
4540,1,0,1,1,-0.13561628717885155,0
4541,1,1,1,0,-inf,1
4542,2,1,0,0,-2.2721651320985266,0
4543,3,0,1,1,2.2616813745664217,0
4544,3,1,0,1,2.9743524131137913,0
4545,3,1,0,1,-inf,1
4546,1,1,1,1,-0.8393468890965174,1
4547,2,1,0,0,1.3492836191732307,0
4548,3,1,0,1,2.887125918658947,1
4549,2,0,0,1,-0.07870762263704378,1
4550,1,1,0,0,0.04512719999031839,0
4551,2,1,0,0,-inf,0
4552,2,0,1,1,2.3524775822420825,1
4553,2,0,0,0,0.27912677351957105,0
4554,3,0,0,0,2.6654345538688533,0
4555,2,1,1,0,-0.2180546419080951,1
4556,1,1,0,0,-1.4755272517886462,0
4557,2,1,1,1,2.1756309339533764,0
4558,3,0,0,1,0.6966558785440163,1
4559,1,0,1,1,0.8243568886519266,1
4560,3,0,0,0,1.5923902719130374,1
4561,3,1,1,1,3.0052908308517616,1
4562,2,1,0,1,1.265285926891311,0
4563,3,1,0,1,0.6642167161787338,1
4564,3,0,0,0,1.3363885486384874,1
4565,3,1,1,1,1.4172592446718295,0
4566,3,1,1,1,2.4534655464480726,1
4567,2,0,0,0,-0.15253136432560255,1
4568,3,1,1,0,-0.6724691196864789,0
4569,1,0,1,1,1.1894325983955187,1
4570,2,1,1,1,1.4686087708135729,1
4571,2,1,1,1,0.1733026252188653,1
4572,1,0,0,0,-0.9372565230835632,0
4573,3,0,1,0,2.660825643370809,0
4574,1,1,1,1,-inf,0
4575,3,1,0,1,3.1030662186090634,1
4576,1,0,1,1,2.363258073085207,1
4577,3,0,1,0,0.618722181249628,0
4578,1,0,0,0,0.45775158960983214,0
4579,3,1,0,1,2.812538609716247,0
4580,1,0,0,1,0.6173675540820401,1
4581,1,0,0,0,-2.709302145767908,0
4582,2,0,1,1,4.085380627904599,1
4583,1,1,1,1,1.365660114462674,0
4584,1,1,0,1,1.8674203246340213,1
4585,1,1,1,1,2.0115478604194226,1
4586,1,1,1,1,1.4096021198416153,1
4587,3,0,0,1,1.4671283867762877,0
4588,3,1,1,0,0.1457315393384206,0
4589,1,1,0,1,0.49228251320319916,1
4590,2,1,0,1,-inf,0
4591,1,1,1,1,-inf,1
4592,2,1,0,1,0.6858479721658797,0
4593,2,1,0,0,-0.6642826892305977,0
4594,3,0,0,0,-0.031358864618657334,1
4595,3,1,1,0,1.8799117834904995,0
4596,1,1,1,1,-0.8283143732730096,1
4597,2,1,1,1,3.4841396932695536,1
4598,3,1,0,0,-0.10477729997120311,0
4599,1,1,0,1,0.45146201133251185,1
4600,1,1,0,0,-1.8150599448221094,0
4601,3,1,0,0,1.60155402752792,0
4602,2,1,0,0,-0.6324195967176927,0
4603,1,0,1,0,2.005771400610082,0
4604,1,1,1,1,3.492165975413208,0
4605,2,1,1,1,0.4193425152607672,1
4606,3,0,1,0,-inf,1
4607,3,1,0,0,0.523646420192475,0
4608,2,0,0,0,-0.26306823726392237,0
4609,1,0,1,1,-0.9870762683639633,1
4610,1,1,1,1,0.942605617775828,1
4611,3,0,1,0,-0.22117589002751742,0
4612,3,0,0,0,-inf,1
4613,2,0,0,1,0.8298404310357244,1
4614,2,1,0,0,-1.2862890860222462,0
4615,1,0,0,0,2.466072466671178,1
4616,2,1,0,1,-1.797090298298412,0
4617,3,1,0,1,3.4658463934578556,1
4618,1,0,1,0,-1.008328197220949,0
4619,2,0,1,1,3.6902679860167664,1
4620,2,1,0,0,-0.48141508981411507,1
4621,1,0,1,0,-0.1583330688342175,0
4622,2,1,1,1,1.044224696079337,1
4623,1,1,1,1,2.9517878097323704,1
4624,3,1,0,0,0.18317907486649043,0
4625,3,1,0,0,0.6819943608598276,0
4626,1,0,0,1,0.4493724923990873,1
4627,3,1,0,0,2.2929755200866273,0
4628,1,1,1,1,1.1121829835176922,0
4629,2,1,1,1,-0.21541482907965692,0
4630,3,0,0,1,0.2832911740271196,1
4631,2,1,1,0,1.734090275299308,0
4632,2,1,0,1,0.9918862903280494,1
4633,1,1,0,1,-0.2056065029319893,1
4634,1,0,1,1,1.773750471260532,1
4635,3,1,0,0,0.18671377204267514,0
4636,2,0,1,1,3.858059443886184,1
4637,3,1,0,0,-inf,0
4638,2,0,0,1,2.181740121508996,0
4639,2,1,0,1,0.36640490125254505,0
4640,2,1,1,0,0.3726185119950671,1
4641,2,1,0,0,-0.9356387186591502,0
4642,2,1,1,1,-1.0269105526054778,0
4643,2,0,1,1,-1.3161268365899506,1
4644,3,1,0,1,1.5940655687211096,0
4645,3,1,1,1,2.2479319921339918,0
4646,2,1,0,0,-1.5274216094904827,0
4647,1,1,1,1,0.2628526105470388,0
4648,2,0,0,0,-0.8544542019614622,0
4649,1,0,0,1,0.44623480203888954,1
4650,2,1,0,1,0.32640037667808564,0
4651,2,1,0,1,0.25535951764490183,0
4652,1,1,1,0,-inf,0
4653,2,0,1,1,1.502761483591853,1
4654,2,1,0,0,0.88671077389335,0
4655,1,1,0,1,0.6491966725107022,1
4656,3,1,1,1,2.215898695680357,1
4657,2,1,0,0,-0.4440807568849703,0
4658,2,0,0,0,-0.5437916143223495,1
4659,2,1,1,1,0.6907284440756277,1
4660,1,0,1,1,1.0370475432082842,1
4661,2,0,1,0,1.5396120125579333,0
4662,1,0,1,0,-inf,1
4663,1,1,1,1,0.010729932595680725,1
4664,3,1,1,0,0.8068012182805342,0
4665,2,1,1,0,2.29752650755464,0
4666,3,1,1,0,3.0126486043068725,0
4667,1,0,1,0,-0.9367535232560064,0
4668,1,1,1,0,-0.6735639445354729,0
4669,2,0,0,0,1.1033654124754833,0
4670,2,0,0,1,1.8225346023663347,1
4671,1,0,1,0,0.41387119221144886,0
4672,1,1,1,0,-0.27733018419684985,1
4673,2,1,0,0,0.804347187241059,1
4674,1,0,1,0,-1.3096734836217643,0
4675,3,0,0,0,-1.4252177176166774,1
4676,1,0,1,1,-1.3036889681104284,0
4677,2,1,0,0,-2.388745415632107,0
4678,2,1,1,1,2.084222897984959,1
4679,1,1,1,1,3.597907752313487,1
4680,3,1,0,0,1.2394714840482304,0
4681,3,1,0,1,1.8392056017315968,1
4682,2,0,1,1,-inf,1
4683,1,1,1,1,2.6011940290846125,1
4684,1,0,0,1,-inf,1
4685,1,1,1,0,-0.5675394133722405,0
4686,3,0,1,1,2.4118845222096907,1
4687,1,1,1,0,-0.06682140028160344,0
4688,2,0,1,1,0.9078145848607668,1
4689,1,1,0,1,1.2088756610290639,1
4690,1,1,1,0,0.9160003261997589,0
4691,2,0,1,1,1.0386431654884647,1
4692,3,1,0,0,2.261760347440582,1
4693,3,1,0,0,1.5194055981629757,1
4694,2,1,1,1,3.0177085707434035,1
4695,1,0,1,1,-inf,1
4696,1,1,0,1,1.488198481658769,1
4697,2,0,0,1,1.3010820413059854,0
4698,3,1,0,1,1.6151384819900063,1
4699,3,0,0,0,0.38064945609736683,0
4700,1,1,0,0,-2.6388779390694737,0
4701,2,0,0,1,2.4164047652937057,1
4702,2,1,1,0,2.13211164837219,1
4703,2,1,1,0,-1.4157557719502039,1
4704,2,0,0,1,1.5998279778315965,1
4705,3,1,0,1,0.6435526600376807,0
4706,1,0,1,0,1.2438812426077974,0
4707,3,1,0,0,1.9163240392712029,0
4708,2,1,0,1,0.6592180157951464,1
4709,3,1,0,1,3.565565556656159,1
4710,2,1,0,0,-inf,0
4711,1,1,0,1,1.2654794817612554,1
4712,1,0,0,1,2.7499485811295266,1
4713,1,0,1,0,-1.458833428896967,1
4714,2,0,1,1,2.77145105686047,1
4715,2,1,0,0,0.3688846592945861,1
4716,2,0,1,0,1.182990525864684,1
4717,2,1,1,1,4.394715075529154,1
4718,3,0,0,0,1.3383141968396564,1
4719,3,1,0,1,0.953197555306112,0
4720,3,0,0,0,-1.0954940169714744,1
4721,2,0,1,1,1.7794994754526685,0
4722,3,1,0,0,-0.28155796199495,0
4723,3,0,0,0,1.3176054534364925,0
4724,1,1,0,1,0.03522909424856435,1
4725,2,0,0,1,0.12467448487668822,1
4726,1,1,0,0,1.2662169207316636,1
4727,3,1,0,1,0.27408718728756154,1
4728,1,0,1,1,-1.0847043023783605,1
4729,3,0,0,1,2.083402833182389,1
4730,2,1,0,0,0.6828195089779264,1
4731,1,1,1,1,-0.6182147069161258,1
4732,2,1,0,1,1.2408790981455535,1
4733,2,1,0,1,2.9127929372619383,1
4734,2,0,0,1,4.098780252686716,1
4735,2,0,1,0,2.7015101769515537,1
4736,1,0,1,1,0.3654764753119448,1
4737,3,0,0,0,-0.09625250416211015,1
4738,2,0,0,1,0.6927098622353249,0
4739,2,1,1,1,2.0644954321958155,1
4740,1,1,1,1,1.6744553202533488,1
4741,3,0,0,1,-inf,0
4742,1,0,1,1,2.537034640142092,1
4743,2,0,1,1,-inf,1
4744,1,1,1,1,0.4826244898436018,0
4745,2,1,0,0,-0.19819345266596486,0
4746,2,0,1,1,1.1522700110453616,0
4747,3,0,1,0,3.8045123471492888,0
4748,3,0,0,0,-inf,0
4749,3,1,0,1,2.6712372048374813,1
4750,2,0,1,1,2.351908587394328,1
4751,3,0,0,1,1.8925556764939433,1
4752,1,1,0,1,-inf,1
4753,1,1,0,0,0.3873349621772674,0
4754,3,0,0,0,2.064332680873706,1
4755,3,1,0,0,-2.0449567921705665,1
4756,3,1,0,0,1.2991619903810858,0
4757,1,1,1,0,-0.6147203179097347,0
4758,3,0,0,1,3.771510966478552,1
4759,2,1,1,0,-inf,1
4760,1,1,0,1,-0.7464905829140409,0
4761,3,1,0,0,-0.7203987338287675,0
4762,2,1,0,1,1.697518384280106,1
4763,1,0,1,1,1.9876461061774682,1
4764,2,0,0,1,-0.7172468075364512,1
4765,3,1,1,0,2.184249096351378,1
4766,2,1,1,1,1.4407138828220571,1
4767,3,0,0,1,2.646131177998102,1
4768,2,0,0,1,0.47282782881312757,1
4769,3,0,0,1,2.4288870460816354,1
4770,1,1,0,0,-0.6158036804278446,1
4771,2,1,1,1,3.6393353121487504,1
4772,2,0,0,1,-0.556205326872771,1
4773,1,1,1,1,0.8836781487141917,1
4774,2,1,0,0,-1.2863185936883426,1
4775,2,0,1,1,0.32777059841297995,0
4776,1,1,0,1,-0.7608422180946203,0
4777,2,0,0,0,-inf,0
4778,3,1,0,1,0.4035097829621106,1
4779,2,1,0,0,0.15105253952398068,1
4780,2,0,0,0,0.43711024452871516,1
4781,2,1,0,1,0.06001691625513833,0
4782,2,1,0,1,1.1656234964958265,1
4783,3,0,0,0,-inf,0
4784,2,0,0,0,1.745623287433704,0
4785,3,0,0,0,1.571655419081141,0
4786,2,0,0,0,-0.355799167345975,1
4787,1,0,1,0,-1.1357761383037435,0
4788,1,0,0,1,-0.39133003461224736,0
4789,1,0,1,0,0.9162483204054078,1
4790,1,1,0,1,-0.4644231376736847,1
4791,1,0,1,1,1.968374762098764,1
4792,3,1,1,1,3.795468732929974,1
4793,3,0,0,1,2.1515691532476677,1
4794,1,1,1,1,1.9693287590622484,1
4795,1,1,0,1,-inf,1
4796,2,1,1,1,0.4549731408451472,1
4797,2,0,1,0,2.8693202588355025,1
4798,3,1,0,1,2.427518614425793,1
4799,2,0,0,0,-0.49318707630248915,0
4800,3,1,0,1,-inf,1
4801,3,0,1,0,4.881280048991993,1
4802,2,1,1,1,2.4670660685566808,1
4803,3,0,1,1,1.6338621091706802,1
4804,2,0,1,0,0.21306920873264473,0
4805,3,0,1,1,4.019431380848351,1
4806,3,0,0,0,3.104531146116963,1
4807,1,1,1,1,1.6167052072005283,1
4808,1,1,0,1,-1.7796000788673505,1
4809,1,0,1,0,0.15766004935478928,0
4810,1,1,0,1,1.9778393993390126,0
4811,2,1,0,0,-0.9814266101199949,0
4812,1,0,1,1,3.023939524782632,0
4813,3,0,0,1,1.2868913630709076,1
4814,2,1,1,0,-0.39584850545990113,1
4815,2,0,0,0,0.6899457246160475,1
4816,3,1,0,0,-0.13943898872606644,0
4817,3,0,1,1,3.2207339891268134,1
4818,1,0,1,0,0.6702328245751122,0
4819,1,1,0,1,0.6695585268126447,1
4820,2,0,0,0,0.03404943470740332,1
4821,3,1,1,1,3.7769121585433085,1
4822,2,1,0,0,-2.004473540488646,0
4823,1,1,1,1,-2.146657671329655,0
4824,3,1,0,1,0.5945120718357124,1
4825,3,0,0,0,2.530423910187988,0
4826,2,0,1,0,-0.6357830433676723,0
4827,3,0,0,0,1.701833434984902,0
4828,2,1,1,0,0.5413158881354074,0
4829,1,0,1,1,1.2245719423849433,1
4830,3,0,0,0,-0.7165945543962824,0
4831,1,1,1,0,-0.8591972900417948,0
4832,1,1,0,1,-0.27595718307211653,1
4833,3,1,0,1,0.09743930038683218,1
4834,1,0,0,1,-1.7996734546282052,1
4835,1,1,0,1,-1.0416657451810212,0
4836,2,0,1,0,-2.48494839692653,0
4837,2,1,1,1,1.6865598477276573,1
4838,3,1,0,1,-0.10144139381257916,0
4839,2,1,1,1,0.1646585374365429,0
4840,3,0,0,1,3.7731285122940017,1
4841,3,0,0,0,-1.2681154477871284,0
4842,2,0,1,1,3.5769075917818913,1
4843,1,1,1,1,-0.8718416233901012,1
4844,2,0,0,0,0.7339559834068882,0
4845,1,1,0,0,-1.4586000751932162,1
4846,2,1,1,0,2.2323615115198847,0
4847,3,0,1,1,0.8085434370686939,1
4848,1,1,0,0,-0.7833715960683303,0
4849,3,0,1,0,0.5371321243194705,0
4850,2,1,0,1,-0.6008109388291232,1
4851,3,1,0,1,-inf,1
4852,2,1,0,1,0.942697171704055,1
4853,1,0,1,1,2.284735678524956,1
4854,3,0,0,1,3.6321711319597663,1
4855,3,1,0,1,0.14925730012067495,1
4856,2,1,1,1,1.7168516457327612,1
4857,3,0,0,1,0.6913320370653961,1
4858,3,0,0,0,0.036229687331405566,0
4859,2,1,0,0,-0.21735690763232887,1
4860,2,1,1,0,0.025854295086021772,0
4861,2,0,0,0,1.7104593477935415,1
4862,2,1,0,1,-0.6704347416745589,1
4863,2,1,1,1,-inf,0
4864,1,0,0,0,0.04221920499932255,1
4865,2,1,0,1,-0.6091013062802246,1
4866,1,1,1,0,0.24025764292289087,0
4867,2,1,1,1,2.4166838485935465,1
4868,3,1,1,1,3.000661963246265,0
4869,1,0,1,1,2.403529849297734,1
4870,3,0,0,1,3.3316977762801434,1
4871,3,1,0,1,-0.48404089035579323,1
4872,1,1,0,0,-0.8068543963715827,0
4873,1,0,0,0,2.1311792039651043,0
4874,1,1,1,1,0.9423075916942856,1
4875,2,0,0,0,-0.28293889667860694,1
4876,2,1,0,1,0.4822010767153856,1
4877,2,1,1,1,1.946915547341782,1
4878,1,1,0,1,-0.6443178999099235,1
4879,2,1,1,1,2.2097892456442976,1
4880,2,1,1,1,1.6350962197366288,1
4881,3,1,0,1,0.10722744890342206,0
4882,2,1,1,1,0.9404341887705219,0
4883,2,1,0,0,-inf,1
4884,2,1,0,1,1.4735685466439379,0
4885,2,0,1,0,-0.3713439229552886,0
4886,1,1,1,1,2.659870375843314,1
4887,3,1,0,0,-1.107026908032655,0
4888,2,0,0,1,2.07067663834996,1
4889,1,0,1,1,0.8266843638437242,1
4890,1,0,1,1,0.5231199415654375,1
4891,1,1,1,0,-0.5588760014113863,0
4892,1,1,1,0,-0.40873190471294385,0
4893,3,1,0,0,-0.47405214923505246,0
4894,2,0,0,0,0.7806019542408977,0
4895,2,1,0,0,-inf,1
4896,2,0,1,1,0.39449871646437096,1
4897,3,1,0,1,3.14754956839094,0
4898,2,0,0,1,2.06456395986093,0
4899,3,0,0,0,0.10954970831278837,1
4900,2,1,0,0,-0.5663821277790668,0
4901,1,1,1,0,0.22491299026785028,0
4902,3,0,0,0,1.1428516519272394,0
4903,3,0,0,0,2.48790327084612,1
4904,1,0,1,1,-2.111239894400673,0
4905,2,0,1,0,-0.3123793590584012,0
4906,2,0,1,1,2.6093377184470157,1
4907,1,1,1,0,0.6066616639998484,0
4908,2,0,1,1,1.159194481223834,1
4909,3,1,0,1,-inf,0
4910,3,1,1,0,1.435056182292176,0
4911,3,1,1,1,2.008555333612944,1
4912,3,1,1,1,3.034647120360687,1
4913,3,1,0,1,2.0498528370360245,0
4914,3,0,0,0,0.5627238180209754,0
4915,3,1,0,1,1.3209365890962435,1
4916,1,0,1,1,-inf,0
4917,2,1,1,1,3.6523768193965664,1
4918,1,1,0,1,0.1853618619347224,0
4919,2,1,0,1,0.8057589793419536,1
4920,1,1,1,0,-0.0771821913850386,0
4921,1,0,1,1,0.26580090866790324,0
4922,2,1,1,1,0.05961351410159643,1
4923,2,0,0,0,-0.26335540016075154,0
4924,3,1,0,1,-inf,1
4925,1,0,0,1,0.18883734927779694,1
4926,1,0,0,0,-1.574914620827053,0
4927,1,0,1,0,-inf,0
4928,2,1,0,1,2.242752991282102,1
4929,1,0,0,0,-0.20777121933677684,1
4930,1,0,1,1,1.7845174027595592,1
4931,2,1,0,0,1.124869190912626,1
4932,2,1,1,0,-0.6562705727125293,0
4933,1,1,0,0,-0.7311090703553833,1
4934,2,0,0,1,-inf,0
4935,1,1,1,1,1.0124580325190462,1
4936,2,0,0,1,-inf,0
4937,3,1,0,0,2.5054055221106717,1
4938,3,1,1,0,-1.250935018423448,0
4939,3,1,1,1,4.354020213702761,1
4940,2,1,0,1,0.9221119869725376,1
4941,1,0,1,0,-inf,0
4942,1,0,0,0,1.2760756180766544,1
4943,2,0,1,0,1.0329488998674046,0
4944,2,1,1,0,1.116251738529101,0
4945,1,0,0,0,0.03408787609652342,0
4946,2,1,1,1,1.830858121426997,1
4947,1,1,1,1,-1.1056885079086127,1
4948,1,1,0,1,-0.6398835187629113,1
4949,1,0,0,0,1.0335477927000831,1
4950,3,0,0,1,-inf,1
4951,2,1,0,0,-0.7124752457182859,0
4952,1,1,1,1,0.20306262701762545,1
4953,1,0,0,0,-0.6512247428874874,0
4954,3,0,0,0,1.4825726338160126,0
4955,1,0,1,1,2.3247285751171187,0
4956,2,0,0,0,0.7359580582511029,0
4957,1,1,1,0,-1.4199562998919164,0
4958,2,0,0,0,-1.8617776826624923,0
4959,3,0,0,1,1.7476619276590681,1
4960,2,1,0,0,-inf,0
4961,2,1,1,1,1.8178547273229464,1
4962,1,0,0,1,1.157643840715333,1
4963,1,0,1,1,0.5788849458464888,1
4964,2,0,0,1,0.07352993677004604,0
4965,3,0,1,1,-inf,1
4966,3,1,0,1,3.8902913319357917,1
4967,2,1,1,0,-0.905740854728878,0
4968,3,1,0,0,-2.188210431717347,0
4969,2,0,0,0,1.251297773447495,1
4970,3,0,1,0,-inf,0
4971,2,1,1,1,3.3633253298772403,1
4972,1,1,1,0,-inf,0
4973,2,1,1,1,1.6895606698076817,1
4974,3,0,0,1,-0.7458497234951486,1
4975,2,1,1,1,-0.058685570792125386,1
4976,3,0,0,1,-inf,0
4977,2,1,1,0,-1.6644696083417605,1
4978,1,0,0,1,0.6022150260587209,1
4979,1,1,1,0,-1.1607647242188712,1
4980,1,0,1,1,1.2782264828949583,1
4981,2,0,1,1,2.007732621000108,1
4982,1,0,0,0,-1.2932806531932763,1
4983,2,1,0,0,-0.9865522811329078,0
4984,3,0,0,1,1.3496967111637388,0
4985,1,1,1,1,1.5432327272407533,1
4986,2,0,0,0,-0.7934178222333937,0
4987,1,1,0,0,-3.2766709147226716,0
4988,2,1,0,0,-0.08007131109680499,1
4989,1,0,0,0,1.578935218694969,1
4990,3,1,0,1,2.023218728935934,1
4991,3,1,0,0,-inf,0
4992,3,1,1,1,-inf,1
4993,2,1,0,1,0.29659285588035517,1
4994,2,0,0,0,0.5176082256504293,0
4995,2,0,1,0,-0.3749912813059927,1
4996,3,0,0,0,0.8350560295729055,0
4997,2,1,0,0,0.9117980393151641,1
4998,3,1,0,0,3.2543373529116786,1
4999,1,1,0,1,0.21565697031076497,1
5000,3,0,0,0,1.2731754557716473,0
5001,3,1,1,0,0.7966365286806893,0
5002,2,0,0,0,2.502782207489183,1
5003,2,0,0,1,-0.24601698699604901,1
5004,2,1,0,0,0.7455581043380214,1
5005,3,0,1,0,1.9085327845956683,0
5006,1,0,0,1,0.030642163598073646,1
5007,2,1,1,0,-1.5566335881354267,1
5008,2,1,1,1,-inf,1
5009,2,1,0,1,-1.5759486121830384,1
5010,1,1,0,0,-0.9896351985504872,0
5011,3,0,1,1,2.1399814814833173,1
5012,2,1,1,1,1.0673733763697588,1
5013,2,1,1,0,0.5844534798707786,1
5014,2,0,0,0,-1.326290917105709,0
5015,1,1,0,1,0.8515815821452054,1
5016,1,0,1,1,-0.3064498896531964,1
5017,2,1,0,1,-0.038968755270855304,1
5018,1,0,0,1,0.8634590790438454,1
5019,1,0,0,1,1.7739463153099349,0
5020,2,0,0,0,-0.7921499677404616,0
5021,3,1,1,1,-inf,1
5022,3,1,1,1,2.3402834804806445,1
5023,2,1,0,0,0.4769812438648191,0
5024,3,0,0,0,-0.21901008713122627,0
5025,1,0,1,1,2.2566537036910397,1
5026,1,0,1,1,-inf,1
5027,2,1,0,1,1.3089910295130331,1
5028,3,0,0,0,3.3059509963932627,1
5029,3,1,0,1,1.6678960884342255,1
5030,3,0,0,1,0.9059104681548819,1
5031,1,1,0,0,0.7848272720278731,1
5032,3,1,1,1,-0.5952658440460441,0
5033,1,0,0,0,-0.0016227101418001544,0
5034,2,0,0,1,1.613607802985562,1
5035,3,1,1,1,0.8087057565248266,1
5036,1,0,0,0,1.219472445990902,0
5037,3,1,0,1,0.26740527167514494,1
5038,2,0,0,1,-inf,0
5039,2,0,0,0,-0.3380080607617182,0
5040,3,1,1,0,-0.21687765317845312,0
5041,2,1,1,1,0.6424899053392652,0
5042,2,0,0,0,-0.343610022058803,1
5043,2,0,0,0,1.2294331754124732,0
5044,1,1,1,1,1.4252123194266557,1
5045,2,1,0,1,0.6247832202593587,1
5046,1,1,0,1,-1.7023330006454338,0
5047,3,0,0,1,1.7060051482544147,1
5048,2,0,0,0,1.1375635673468945,0
5049,2,1,0,1,-1.874562090384588,1
5050,1,0,0,1,0.7382913854376203,1
5051,2,1,1,1,2.9022334033347437,1
5052,2,1,0,0,-inf,1
5053,2,0,1,0,2.2599426122487944,0
5054,3,1,1,0,-1.344142868424214,0
5055,1,1,0,0,-1.0151661129912832,0
5056,3,0,0,0,0.1609108021072584,0
5057,3,1,0,0,-inf,0
5058,1,0,1,1,1.6646566680902315,1
5059,3,1,1,1,-inf,0
5060,2,1,0,0,0.7622067603581384,0
5061,3,0,1,1,3.1507320023765915,0
5062,3,1,1,1,1.9243633360911419,1
5063,2,1,0,1,-0.6282496771556929,1
5064,3,1,1,0,-0.31264592219532045,0
5065,1,0,0,1,1.6984841521013674,1
5066,2,1,0,0,0.6116834123194883,0
5067,2,0,0,0,-0.11351494007253954,1
5068,1,0,0,1,-0.2956632134401562,1
5069,1,0,0,1,-0.18815861598804695,0
5070,1,0,1,1,1.4174383805790693,1
5071,3,0,0,0,0.5745130437862358,1
5072,1,1,0,0,-inf,0
5073,1,0,0,0,-0.9905775437354051,1
5074,2,1,1,1,3.4292884581489407,1
5075,3,1,1,1,3.175634664299017,1
5076,2,1,0,1,1.9375069912555785,1
5077,3,0,0,1,2.3631826237360656,0
5078,2,1,0,0,-1.049410159865319,0
5079,3,0,1,1,0.8905251557137338,1
5080,3,1,0,0,1.2409345433856775,0
5081,2,0,1,1,0.5905545922973204,0
5082,3,1,0,0,-inf,0
5083,2,0,1,0,2.012538150771683,0
5084,2,1,1,1,1.7290462469437462,1
5085,2,0,1,0,0.5392551674433721,0
5086,2,1,0,1,0.8746399124930536,1
5087,1,1,1,0,0.5065548484738664,0
5088,2,0,1,0,0.1216720672641794,1
5089,3,0,0,1,-inf,0
5090,3,1,1,0,1.3112793875035558,1
5091,2,1,1,1,3.7449365042217595,1
5092,1,0,0,1,-0.07325213061590574,1
5093,1,0,0,1,0.5701457945244419,1
5094,1,1,0,0,-1.74548626944092,0
5095,2,1,1,0,-0.6460328285378664,0
5096,1,1,0,1,0.4947834754083702,1
5097,2,0,0,1,0.35588945634590097,1
5098,1,0,1,1,0.07870289140227776,0
5099,2,1,1,1,1.2123719218874172,1
5100,2,1,1,1,3.2787876320237492,1
5101,2,1,0,0,1.0816634705312087,0
5102,1,1,1,1,-inf,1
5103,3,1,0,0,-0.8510202441108565,1
5104,1,1,1,0,-1.4775127928446263,0
5105,3,0,0,1,1.5241211837322757,1
5106,1,1,0,1,1.9574340922456734,0
5107,1,1,1,1,-inf,1
5108,2,1,1,1,2.806287275178759,1
5109,2,1,0,1,1.3990697284452047,1
5110,2,0,1,0,2.159324802119705,0
5111,2,1,0,1,-inf,1
5112,2,0,1,0,2.5430695843350417,1
5113,2,1,1,0,1.326798260031396,0
5114,3,0,0,1,1.6938859368897332,1
5115,1,1,1,1,-0.23452275138335676,1
5116,2,0,0,1,0.4934339247818842,1
5117,1,1,1,1,2.42566320719627,1
5118,1,0,0,1,1.1870639369835767,1
5119,2,1,0,1,2.1077805011721966,0
5120,3,1,0,1,-0.7250772261842484,1
5121,2,0,0,0,0.4373165811658048,1
5122,3,1,0,1,0.38434145968142475,0
5123,2,1,0,0,0.6971699474321683,0
5124,3,1,0,0,-2.6994350289843063,0
5125,1,1,0,0,-2.4866946128965055,1
5126,2,0,0,0,1.0280886731764194,0
5127,1,0,0,0,-0.4818323865848575,0
5128,1,1,0,1,-inf,1
5129,2,0,0,0,0.2536039424280798,0
5130,1,1,1,1,1.7548025512958907,0
5131,3,1,0,0,-0.6696631684868091,0
5132,3,0,1,1,3.030447474822062,1
5133,3,1,0,0,-0.5699537664036533,1
5134,1,1,1,1,1.3418935137657466,0
5135,2,1,0,0,-0.8203312594325262,0
5136,3,0,0,0,0.2730686308026975,1
5137,1,0,0,0,-inf,0
5138,2,0,0,1,1.8344231912281286,1
5139,2,1,1,1,2.3362615862489213,1
5140,2,0,0,1,-inf,1
5141,2,0,0,1,0.009813380018903972,0
5142,3,1,0,0,1.6904127403370282,1
5143,3,0,0,1,-inf,1
5144,2,0,1,0,1.303340807774048,1
5145,1,1,0,0,-0.04014346303549801,1
5146,3,0,1,1,1.2618666315390215,0
5147,2,0,0,1,-0.05019234083636442,1
5148,3,1,1,0,-0.42885312686994115,0
5149,1,0,0,0,1.3490989521695222,1
5150,1,1,1,1,1.0637463555706308,1
5151,2,1,1,0,0.09214736037051174,0
5152,3,0,0,1,1.6402081852625692,1
5153,2,0,0,1,2.966192830897812,1
5154,2,0,1,1,-inf,1
5155,3,0,0,1,0.6027065526910969,0
5156,3,0,1,1,2.4943776388126055,1
5157,1,0,1,0,0.04105276907512379,0
5158,2,0,0,0,0.8412053111656592,0
5159,2,0,1,0,-1.3427790110216233,0
5160,2,1,0,0,-0.1657664760874733,0
5161,2,0,1,0,-0.8782656775939348,0
5162,2,0,0,0,1.2659023000546494,0
5163,1,1,1,0,-1.231925768393743,0
5164,3,1,0,0,-inf,0
5165,1,1,1,1,2.0845418694382802,1
5166,2,1,0,0,-1.0203067367197045,0
5167,2,0,0,0,0.3846422837968956,1
5168,2,1,0,1,-2.2800966178823185,0
5169,2,0,0,1,3.1081810416579487,1
5170,2,1,0,1,1.4798971897095785,1
5171,2,1,0,1,0.10883524252830923,1
5172,2,1,0,1,1.9963886104225261,1
5173,1,0,1,0,-0.01266132869945541,1
5174,1,1,1,0,-1.675846749207727,1
5175,3,0,0,0,1.1668896882045519,0
5176,1,0,0,0,-0.7429504203571027,0
5177,2,1,0,1,-inf,0
5178,2,0,0,0,-0.03340151871471542,0
5179,2,0,0,0,0.6848435288503234,1
5180,2,0,1,1,-inf,1
5181,2,0,1,0,0.6708454373181783,1
5182,2,0,1,1,3.0647820712277922,1
5183,3,1,1,0,0.10095425842743588,0
5184,2,0,0,1,1.822426143166558,1
5185,3,0,1,0,1.2193914738430116,1
5186,2,1,0,0,0.23526831500078454,1
5187,2,1,0,0,1.0999545937482478,1
5188,2,0,1,1,1.9913024224542426,1
5189,1,1,1,0,-0.08238469644001789,1
5190,2,0,1,1,1.006114692660196,1
5191,2,1,0,0,-0.5767659473054061,0
5192,2,1,1,1,2.202064947277213,1
5193,1,1,0,0,-2.001977176400158,1
5194,2,1,1,1,2.171813082539215,1
5195,1,1,0,1,0.1548553285189334,1
5196,1,0,0,1,-1.3423391821705561,0
5197,2,1,0,0,-1.2124195331558452,0
5198,2,1,1,1,0.12712948535323765,1
5199,2,0,1,0,-inf,0
5200,1,0,0,1,1.498870583072911,1
5201,1,1,0,0,-0.537196615379498,0
5202,2,0,0,0,0.32755901863059433,0
5203,1,1,0,0,-inf,1
5204,3,0,0,0,2.1914284047807087,0
5205,3,1,1,1,1.5514497992439136,1
5206,1,0,0,1,2.666225736711046,1
5207,3,1,0,0,-2.9663952629644235,0
5208,3,0,0,0,3.0238040978073446,1
5209,1,1,1,0,-1.8110664973941843,1
5210,3,0,0,1,0.9479392877905406,0
5211,1,0,1,1,0.06962882425845351,1
5212,2,1,0,0,0.20437525963625996,0
5213,1,0,0,0,1.0413686241414928,0
5214,2,0,1,0,-0.0017454661106541813,0
5215,3,1,0,1,0.29869830282484344,0
5216,2,1,0,1,0.6897785266763464,1
5217,1,1,0,0,-0.40536212685362594,1
5218,2,0,0,1,3.129899317090758,1
5219,2,0,0,0,-inf,0
5220,2,0,1,0,0.9749495177298606,1
5221,2,1,0,1,1.5130933146818957,1
5222,3,1,1,1,0.8935529888859661,1
5223,2,0,0,1,1.698790194322007,1
5224,3,0,1,1,2.1978090768007537,1
5225,1,1,1,0,1.2158468170792303,0
5226,3,0,1,1,-0.40160018609238834,1
5227,2,1,1,1,1.1098536397394798,1
5228,3,1,0,1,0.9654461534679641,0
5229,3,1,0,1,-inf,1
5230,2,0,1,1,2.863512965741009,1
5231,1,0,1,0,-inf,1
5232,2,1,0,1,-inf,1
5233,1,0,1,1,3.4529551632915236,0
5234,3,0,0,1,1.8731483580523598,0
5235,3,1,0,1,0.7422564256028026,1
5236,2,0,1,1,0.6596894857000439,0
5237,2,0,0,1,1.1292693090182022,0
5238,3,1,0,0,-0.02026262546301122,0
5239,3,0,0,1,0.3472708973491716,1
5240,2,0,1,1,-inf,1
5241,1,1,1,0,-1.509094190694756,0
5242,2,1,1,0,0.4542951288974395,0
5243,3,0,0,1,0.6432248550153103,0
5244,2,0,1,1,1.45241190763885,1
5245,3,1,1,0,0.2107137442483208,0
5246,2,0,0,1,0.6585835147349289,1
5247,3,0,0,1,2.0720320854230043,0
5248,2,1,1,0,0.12554009166967695,0
5249,1,1,1,0,1.3723795939086416,0
5250,3,1,1,1,1.549769622058831,1
5251,2,0,1,0,2.118031788727825,0
5252,2,1,1,1,2.543932494469313,1
5253,2,1,1,0,1.0877371766924688,1
5254,3,1,1,0,-inf,1
5255,2,1,0,1,-0.002498713299744937,1
5256,1,1,1,1,1.2920363297740638,1
5257,2,0,0,0,0.7612113061048476,1
5258,1,0,1,1,1.7953991238521891,1
5259,3,1,1,1,1.6598281327311895,0
5260,2,0,1,1,4.269352323430003,1
5261,2,1,0,1,0.34550643374558554,0
5262,3,0,0,1,-inf,1
5263,3,0,0,0,0.6109199062064452,0
5264,2,1,0,1,-inf,0
5265,2,0,0,0,0.43096860096137823,1
5266,2,1,1,1,0.7944245906040761,0
5267,3,1,0,1,1.6410751612244905,0
5268,2,0,0,0,0.6356372886326305,0
5269,3,1,0,1,2.6568268068666008,1
5270,3,0,0,0,1.738045511886092,0
5271,2,1,0,1,1.3312970684104815,1
5272,3,1,0,1,1.3478650289286096,0
5273,3,0,0,0,0.9593558392448331,0
5274,2,0,1,1,-inf,0
5275,3,0,0,1,3.023046847519154,0
5276,1,1,0,1,-0.3329037681942311,1
5277,1,1,1,1,1.9760989313933406,0
5278,1,1,1,1,-0.42543140220193865,1
5279,3,1,0,0,0.8771988759752494,1
5280,2,0,0,0,-inf,1
5281,3,0,1,0,-inf,0
5282,1,0,1,1,1.899061269104915,1
5283,3,1,0,0,0.2173607568634176,0
5284,2,1,0,0,0.3668961996932527,0
5285,2,0,1,1,3.387225891658633,1
5286,3,1,0,0,-1.2651282576237777,0
5287,2,1,0,1,1.419056967259305,1
5288,3,0,0,0,0.3735286070781592,0
5289,2,0,1,1,2.135839325177763,1
5290,1,0,1,0,-0.26915538129777306,0
5291,2,0,0,1,-inf,1
5292,3,0,1,0,0.7656906387502562,0
5293,3,1,0,1,1.4600388925024388,1
5294,1,0,0,1,2.0878682482878803,1
5295,1,1,0,1,-2.379994968850478,1
5296,1,0,1,1,-0.7392953076214095,1
5297,2,0,1,0,0.5732353159747514,1
5298,2,1,0,1,-1.30472412489335,0
5299,3,0,0,1,1.0724986801350882,1
5300,1,1,1,0,-1.2971552198260252,1
5301,2,0,0,0,1.473246336134556,1
5302,2,1,0,1,1.865165277156637,1
5303,3,1,0,0,0.9904122456463211,1
5304,1,1,0,0,-inf,1
5305,2,0,0,0,1.1156706922389676,0
5306,3,0,0,0,-inf,1
5307,2,1,0,0,2.334000643098201,0
5308,1,1,0,0,-0.666887060953876,0
5309,2,0,0,1,-inf,1
5310,3,1,0,1,2.8705069042064713,1
5311,3,0,1,0,0.5764101932997022,0
5312,2,1,0,1,0.5709984587239929,1
5313,2,0,1,0,0.9111470055767912,1
5314,3,1,0,1,2.1320923082776124,0
5315,2,0,1,1,1.5193864515217228,0
5316,2,1,0,0,-2.6097129607393046,1
5317,1,0,0,1,0.3147013315938958,1
5318,3,1,0,0,-inf,1
5319,3,1,0,1,1.5843884404728468,0
5320,2,0,1,0,0.8237625092528675,0
5321,2,0,1,1,-inf,1
5322,1,0,0,1,-inf,1
5323,2,0,0,0,-0.6207836548659473,0
5324,3,0,0,0,3.1230446357763224,0
5325,2,0,0,1,-inf,1
5326,2,0,0,0,3.1918179780275233,1
5327,1,1,1,0,-0.24423994410510855,0
5328,2,0,0,0,1.245461156683895,0
5329,1,0,1,0,1.1050679630973037,1
5330,1,0,0,1,0.38863506482749477,1
5331,2,1,1,1,-0.04911372269783165,0
5332,3,1,0,1,-2.081710271676475,0
5333,2,0,0,0,-inf,1
5334,2,0,1,0,0.09752356613116026,0
5335,3,0,1,0,1.1793664113443865,0
5336,2,1,0,0,-0.3835794236489225,0
5337,2,0,0,1,2.7055717782270747,0
5338,2,1,0,1,2.120959918223416,1
5339,3,1,0,0,0.10518320208184695,0
5340,2,0,1,0,0.18525378272545623,0
5341,2,0,1,0,0.9152867577002597,0
5342,2,1,1,0,-inf,0
5343,2,1,0,0,-1.3093260262546143,0
5344,3,0,1,1,2.1824191894802776,1
5345,3,1,0,1,2.0957146734302525,1
5346,1,1,0,0,-0.4554138973475037,0
5347,2,1,1,1,0.8223411712535582,1
5348,1,0,1,1,0.2827928999140865,1
5349,3,1,1,0,-inf,0
5350,3,1,0,1,0.5411494749628493,1
5351,2,0,0,1,-0.11915182867201497,1
5352,3,0,0,0,1.3894861906996863,0
5353,1,1,1,1,3.427219850230891,1
5354,2,0,0,0,-0.8337652164937441,0
5355,3,1,0,1,1.8040242537110505,1
5356,3,1,0,0,1.0038739300455246,0
5357,3,1,1,0,0.8661662492755432,0
5358,2,1,1,1,1.6492534830172207,1
5359,1,1,0,0,-0.9754589798471934,0
5360,3,1,0,0,-inf,0
5361,1,0,0,0,-1.0359009721545627,0
5362,2,1,1,1,1.0896682917050091,1
5363,1,1,1,1,0.23558109353010792,1
5364,1,0,1,1,0.2600314239242435,1
5365,2,0,0,0,-0.05986796600852684,1
5366,3,0,0,0,1.079499935238242,0
5367,1,0,0,1,0.4431192919644388,0
5368,1,0,1,1,2.93206934598562,1
5369,3,0,1,0,0.6337383724416286,0
5370,1,1,0,1,1.4762025756251584,1
5371,1,0,1,1,0.8120070106518092,1
5372,3,1,1,0,3.6440306064857344,0
5373,1,0,1,0,1.06370574940745,1
5374,2,1,0,1,1.6206862006784661,1
5375,2,0,0,1,-0.7452560654138187,1
5376,1,0,1,1,1.3995249723422103,1
5377,3,0,0,0,2.308361999009336,1
5378,2,0,0,0,-0.5170013869636811,0
5379,2,0,0,1,0.4322735601416968,1
5380,3,0,0,1,4.214278446078824,1
5381,3,1,1,1,0.9286962794289175,1
5382,1,1,0,0,-0.938572475497337,0
5383,2,1,1,1,2.0654014842922943,1
5384,3,0,1,1,1.9129851220175835,1
5385,2,0,1,0,1.612751138791883,1
5386,1,0,0,1,1.256182336613154,1
5387,3,1,0,1,-0.43532573205995995,1
5388,2,0,0,1,0.7615278514278773,1
5389,2,1,1,1,-0.01925296573654378,1
5390,2,1,0,0,0.7288053001478663,1
5391,1,1,0,0,-0.8216954487404979,0
5392,1,1,1,1,2.860960237613281,1
5393,2,1,0,1,-0.42322194703492055,1
5394,1,0,1,0,1.1036882484425192,0
5395,3,1,0,0,-0.36268647306776913,0
5396,3,0,0,1,1.6901988776761314,1
5397,3,1,0,0,0.8060759712088779,0
5398,1,0,1,1,1.2806446764789778,1
5399,2,0,0,1,1.7626636566403526,0
5400,3,1,0,1,1.16490602556487,1
5401,2,0,1,0,-1.0663861960256003,1
5402,2,0,1,1,2.588404328714552,1
5403,3,0,0,0,-0.6365807447907884,1
5404,3,0,0,1,1.8356056574760584,0
5405,1,1,0,0,-0.7898155052320734,0
5406,1,0,1,1,1.512988093028906,1
5407,2,0,1,0,2.2034992900745007,0
5408,3,0,0,1,1.9705642915360695,1
5409,1,1,1,1,1.0840718125011002,1
5410,2,0,0,0,-1.076333259946119,0
5411,2,0,0,1,3.346729012127787,1
5412,2,0,1,0,-inf,0
5413,3,1,0,0,-inf,0
5414,3,0,1,0,0.6576998272868346,0
5415,1,0,1,0,1.70712570728377,0
5416,3,1,1,1,2.347039444619458,0
5417,2,0,1,0,0.12173828013331622,1
5418,3,0,1,1,1.6528473273896456,1
5419,1,0,1,1,-inf,1
5420,1,0,0,1,0.7546853016684728,1
5421,2,0,1,0,1.934849013302086,0
5422,1,1,1,1,0.8288450667540994,0
5423,2,0,1,0,0.36081580925620743,0
5424,2,1,1,1,-0.7905437847810182,1
5425,2,1,0,1,0.7049512954589243,1
5426,1,0,1,0,0.44122372234941976,0
5427,3,0,1,1,3.786291487187503,1
5428,2,1,0,1,1.9435258348798339,0
5429,3,1,0,1,1.5077859271169207,1
5430,1,1,0,0,-2.3562080750303376,0
5431,2,1,0,1,0.8292216394610115,1
5432,1,0,1,0,0.6214745069440183,0
5433,3,0,1,1,2.4101233354994642,1
5434,2,1,0,0,0.5152546098216472,1
5435,1,0,0,0,-1.5431793983219968,0
5436,3,0,1,1,0.9059264841382977,1
5437,2,1,1,1,0.8772949739403167,1
5438,3,0,1,0,1.3637012836140558,0
5439,3,0,0,0,-1.3059655758422646,0
5440,3,1,0,1,0.9988290555687187,1
5441,3,1,0,0,-1.7153124717778072,0
5442,3,1,1,1,2.842613599451651,1
5443,1,1,1,1,1.345987924069224,1
5444,2,1,0,0,-inf,0
5445,3,0,0,1,1.1545931240849514,0
5446,2,1,1,1,0.8590277262331294,0
5447,1,0,1,0,1.384099209629486,1
5448,3,0,1,0,-inf,1
5449,3,0,0,1,-0.6941383626623447,1
5450,1,1,1,0,-1.2749353557596332,0
5451,2,1,0,1,0.9935601286032002,1
5452,1,0,0,1,0.6071656295732499,1
5453,2,0,0,1,2.676037740582724,1
5454,3,1,1,0,2.7104873447762077,0
5455,1,0,0,0,0.5888923453937364,1
5456,3,0,0,1,1.264035535245685,1
5457,1,1,1,1,2.6806004495712696,1
5458,3,0,0,1,3.818377232434977,0
5459,3,1,0,1,1.134887759929033,1
5460,2,0,1,0,0.564792159700437,0
5461,3,1,0,1,-inf,1
5462,3,1,1,1,-0.588869814568736,0
5463,2,0,1,1,1.198426462007414,0
5464,3,0,1,1,-inf,1
5465,2,1,0,1,1.6967142573945388,1
5466,1,1,0,1,0.8534672969237238,1
5467,1,1,0,1,-1.297920880452281,1
5468,3,1,0,0,-inf,0
5469,1,1,0,0,-0.7581049483716956,0
5470,2,1,1,0,-inf,0
5471,3,0,0,1,1.447194802938729,1
5472,3,0,0,0,0.7119587963379306,0
5473,2,1,1,1,0.7210810227609397,1
5474,3,0,0,0,0.3786532128326391,0
5475,2,1,0,0,-0.36536756352818733,0
5476,1,0,1,1,0.3191995934475683,0
5477,3,1,0,0,-0.2933160092947479,0
5478,2,1,1,0,1.857020387040817,1
5479,1,1,1,1,0.7170218488766366,0
5480,2,1,0,1,-inf,1
5481,1,0,1,0,-inf,1
5482,2,0,1,0,2.457625492218706,0
5483,1,0,0,0,-0.6546951001056629,0
5484,2,1,1,0,-0.3852107367960147,0
5485,2,1,0,1,-0.5394047648716577,1
5486,2,0,0,0,-inf,0
5487,1,1,0,1,0.9653306229000165,1
5488,1,1,0,0,-0.1190350112643716,1
5489,1,1,1,0,0.9368033036132738,0
5490,2,0,0,0,1.1344913909888035,0
5491,3,0,1,1,2.077117782618007,1
5492,3,1,0,0,1.4877843804377635,1
5493,2,0,0,0,-0.16293047773308167,1
5494,2,1,1,0,1.709160855194055,0
5495,2,0,0,1,0.6629034383926199,1
5496,1,0,1,1,0.6168156235019446,1
5497,2,1,0,1,1.6231682773314973,0
5498,2,1,1,0,-0.9077014263332907,0
5499,1,0,0,1,-0.18276592118049761,1
5500,2,0,0,0,0.7911744981901374,0
5501,3,1,1,0,0.029977933649860344,0
5502,1,1,0,0,-0.16811810991060216,0
5503,2,1,1,1,0.024820771475327102,0
5504,2,0,0,1,-inf,1
5505,1,0,1,0,2.5816649976152166,0
5506,1,1,1,1,1.6922399267067525,0
5507,1,1,1,1,-inf,1
5508,2,0,0,0,0.6624898413867646,0
5509,1,1,1,1,1.2945776873775492,1
5510,2,1,0,1,-inf,0
5511,1,1,0,0,-2.798922374666966,0
5512,1,0,0,1,2.0126620459529128,1
5513,1,1,1,1,1.5212258928633713,1
5514,2,0,1,0,-0.35712522439018757,0
5515,3,1,0,0,-inf,0
5516,2,0,0,1,-inf,1
5517,3,1,1,1,-0.6691637296849906,1
5518,3,0,1,1,1.0924187873770608,1
5519,3,1,0,1,3.117092964920931,1
5520,3,0,1,1,1.1530152089537444,1
5521,3,0,0,1,1.694992583887626,1
5522,1,1,0,0,-1.8808722495157864,0
5523,2,1,0,1,-1.0665193974216935,1
5524,3,1,1,0,-0.847997840099131,0
5525,3,0,0,0,2.2778378441824807,0
5526,3,1,0,1,2.7300790960917567,1
5527,2,1,0,0,-0.724160542150932,0
5528,1,1,0,0,-0.1686120766719582,0
5529,1,1,0,0,-0.5711103773671068,0
5530,1,1,1,0,2.280168371477688,1
5531,2,0,0,1,1.9356818307237773,1
5532,1,1,1,0,-inf,1
5533,3,0,0,0,0.009380676252289333,0
5534,3,1,1,1,3.9402381932790065,1
5535,3,1,0,0,1.78594155846862,0
5536,2,1,1,1,0.9658407015464472,1
5537,1,1,0,1,0.9669087676193853,1
5538,3,1,0,0,-1.7517560288833118,1
5539,3,0,0,1,1.959443309666162,1
5540,1,1,1,0,-inf,0
5541,2,1,0,1,-inf,0
5542,3,1,0,0,1.5298310739199084,1
5543,3,0,0,0,-1.4653000915608767,0
5544,1,1,1,1,1.2670149023782116,1
5545,1,1,0,0,-0.09142699686425848,0
5546,2,1,0,0,-inf,0
5547,1,1,0,0,0.3568638557541156,0
5548,3,0,1,1,-inf,1
5549,1,1,1,1,-inf,1
5550,1,1,0,0,0.010734440402268841,0
5551,3,0,1,1,1.760174872853114,1
5552,1,0,1,0,1.5936896948084245,0
5553,1,0,0,1,0.21787860521012437,1
5554,2,1,1,0,1.0233846332953926,0
5555,1,1,1,0,-inf,1
5556,2,1,1,1,2.1611512994679085,1
5557,2,1,0,1,1.603592542720994,0
5558,1,1,0,1,-1.7225975722659752,1
5559,1,0,1,0,-2.381556150213111,0
5560,2,0,0,0,-0.9780106337949646,0
5561,1,1,0,1,-1.9408311554910016,0
5562,1,0,1,0,-inf,1
5563,2,0,1,0,0.31377562971821504,0
5564,2,0,1,0,1.7730242938389122,1
5565,1,0,0,0,0.4127556018075987,0
5566,3,1,0,0,-1.7081191096050847,0
5567,1,1,1,0,0.275020653790129,0
5568,1,1,1,1,0.048155414195451274,1
5569,2,1,0,1,0.6396700532992505,0
5570,3,0,0,0,1.3551347542823848,0
5571,2,1,0,0,-1.4368938511451161,0
5572,1,1,0,0,-2.0571227527870644,0
5573,2,0,0,1,1.1335272142290163,1
5574,1,1,1,1,0.4426936306037253,1
5575,1,0,1,1,0.9698563571075955,1
5576,2,0,1,0,1.1478261805112846,0
5577,2,1,1,1,-0.6832226163951425,0
5578,2,1,0,0,-0.10218572603145679,0
5579,2,0,0,0,1.7278401376733665,1
5580,1,1,0,1,-0.9175977494230365,0
5581,2,0,1,1,-inf,0
5582,3,1,1,0,1.1143861678442428,1
5583,1,0,0,1,-0.3121784544022877,0
5584,3,0,0,1,1.7345686713340496,1
5585,3,0,0,0,-1.0347370712667285,0
5586,2,1,1,1,4.5523059781144095,0
5587,2,1,0,1,1.2064612122191622,0
5588,2,0,1,1,0.9096894444961722,1
5589,2,0,1,1,2.6184730467362125,1
5590,2,0,0,0,2.0505444883982573,1
5591,3,0,0,0,0.9723062693777775,0
5592,3,1,1,0,-0.5581091683311638,0
5593,2,1,1,1,-inf,1
5594,3,0,0,1,3.2139007021350117,1
5595,1,0,1,1,0.9351966718497824,1
5596,3,0,0,0,3.00770487375732,0
5597,1,0,1,1,1.0206781219425731,1
5598,2,0,0,0,-1.3013382722237719,0
5599,1,1,0,0,-0.8589272768614179,0
5600,2,0,0,1,2.16395036537147,0
5601,2,0,0,0,-1.7984846750040158,0
5602,1,0,1,0,2.516195789215904,1
5603,2,0,0,0,-inf,0
5604,2,1,0,1,0.9728854982054235,0
5605,3,1,1,1,-inf,1
5606,1,0,0,0,-0.5601781413614288,0
5607,3,1,0,0,0.04938635736973851,1
5608,2,0,1,1,2.659661991846041,0
5609,1,0,0,1,-1.5395308945084938,0
5610,3,1,0,1,1.0551536332472404,1
5611,1,0,1,0,-0.4354251879859826,0
5612,1,0,1,0,0.5103417251622883,0
5613,2,1,0,0,1.1283365291117913,0
5614,3,0,0,0,-inf,0
5615,3,0,1,0,1.4221575265502218,1
5616,1,1,1,1,0.7080965374430839,0
5617,2,1,0,1,0.1213633419908671,0
5618,2,1,0,1,-1.0053621514428186,0
5619,2,0,1,0,1.983295135504958,0
5620,3,0,0,1,4.084914948336448,1
5621,2,1,0,1,-1.417457221327365,0
5622,2,0,1,1,1.7622286369741302,1
5623,2,0,0,1,0.6528044928818972,1
5624,3,0,1,0,0.8884666346551586,1
5625,3,1,1,1,1.238883738910168,1
5626,2,0,0,0,-1.5857035567761342,0
5627,3,0,1,0,3.0955586965031374,1
5628,2,1,1,1,0.6738891538488222,1
5629,2,0,1,0,-inf,0
5630,2,1,0,0,-1.0167055696690408,0
5631,3,0,1,0,1.8408620483362115,1
5632,3,0,1,1,4.634342050410099,1
5633,3,0,0,0,1.180901630607466,0
5634,2,1,1,0,0.969365596416977,1
5635,3,1,1,0,2.7114057102336746,1
5636,1,1,1,0,1.956633357964578,0
5637,1,1,0,0,0.36577916952664513,1
5638,2,0,0,0,-0.25496355401141585,1
5639,1,0,1,1,-1.1723385317738946,1
5640,2,0,0,0,-0.27876099303009283,0
5641,2,1,0,1,1.159861671271751,1
5642,1,1,0,0,-0.8466062194954833,1
5643,3,1,1,1,1.9189975285454888,1
5644,2,0,0,1,-0.8311927545696918,1
5645,2,0,1,0,0.5092342264767082,0
5646,2,0,0,0,0.13046000488932474,1
5647,1,1,0,1,-1.995573463967267,0
5648,1,0,1,0,-inf,0
5649,3,1,0,0,-inf,1
5650,1,0,1,1,1.914391786898061,0
5651,1,1,1,1,0.6756901059776417,1
5652,2,0,0,1,0.6597848791056258,1
5653,3,1,1,1,1.4808234344323945,1
5654,2,1,0,1,1.0084298482778695,1
5655,2,0,0,0,0.8291305285923275,1
5656,3,0,1,0,-0.46378622135933634,1
5657,1,0,1,1,0.8290571145572886,1
5658,3,1,1,0,-1.6179125022159262,0
5659,1,1,0,0,-inf,0
5660,3,0,1,1,3.622381481096634,1
5661,2,1,1,1,2.8017855838408874,1
5662,1,1,1,0,-2.873293656385619,0
5663,2,1,0,1,1.094633979991378,1
5664,1,1,1,1,0.7323891423196418,1
5665,1,1,1,0,-1.735754757473591,0
5666,2,1,1,0,0.1901176291254384,0
5667,3,0,0,1,2.268982121328947,1
5668,2,1,0,1,-0.9358929961003888,1
5669,2,0,1,0,-1.1570031452966294,0
5670,2,1,1,1,-inf,1
5671,2,0,0,0,-1.7767871309212264,0
5672,1,1,1,0,-3.065915774309005,0
5673,2,0,0,0,-0.746778535281019,0
5674,1,0,1,1,1.1042596695114877,1
5675,1,1,1,1,-0.8553439877183798,0
5676,1,0,0,0,-0.6084190825858451,0
5677,2,0,1,1,0.8117731612107795,1
5678,3,1,1,0,0.4360164825449455,0
5679,1,0,0,1,-0.5823251884770834,0
5680,3,1,1,1,0.40510481467526815,1
5681,2,0,1,1,2.4547773279850613,1
5682,1,0,1,1,1.073881533738989,1
5683,2,1,0,1,0.1841624077262768,1
5684,1,1,0,1,0.2754634868839282,1
5685,1,0,0,1,2.135360338144364,0
5686,3,0,0,0,-0.21255410528650076,1
5687,2,1,0,0,1.2781895820948699,0
5688,2,1,0,0,-inf,0
5689,2,0,0,0,-1.169798078285854,0
5690,2,0,1,1,1.6219301807113211,1
5691,2,1,1,0,0.7123093985254664,0
5692,2,0,0,0,-2.048244222975215,1
5693,2,0,0,0,1.792561934514239,1
5694,1,0,1,0,-inf,0
5695,3,1,1,0,-inf,0
5696,2,0,1,0,0.5657864591236311,0
5697,3,1,0,0,-0.3987208749119128,0
5698,3,1,1,1,3.0627468726499347,1
5699,2,1,0,1,0.6431180858657766,0
5700,2,1,0,0,-1.4415348309557543,0
5701,2,1,1,0,-0.06506741645275982,0
5702,2,1,1,1,-1.1480434958502508,1
5703,2,1,0,0,-1.1004423599092978,0
5704,2,1,0,0,-1.865381019400068,0
5705,1,1,1,1,1.7071180835715993,1
5706,2,0,0,0,-1.276488684935467,0
5707,2,1,0,0,-1.5201053979473147,0
5708,1,1,1,1,-0.1820391823881688,1
5709,3,0,1,1,4.637711124168287,1
5710,3,1,0,1,1.3087994309610083,1
5711,2,1,1,0,0.6976425219776492,0
5712,3,1,0,0,0.1562176996306176,1
5713,2,0,1,0,-0.44094249830214877,0
5714,2,0,1,1,-inf,1
5715,2,1,1,0,0.6623244614705663,0
5716,2,1,0,0,-0.9821977314787766,0
5717,2,0,1,0,0.5508625749619874,0
5718,3,0,0,1,-inf,1
5719,3,0,0,0,-inf,0
5720,1,0,1,1,3.7075462000341286,1
5721,1,1,1,0,0.9542898426946103,0
5722,2,0,0,1,0.058274005707277865,0
5723,2,1,1,1,1.9654730135631548,0
5724,1,1,0,1,1.0349721497763018,1
5725,2,1,1,0,-0.1181075397957132,1
5726,2,0,0,0,0.5392256796689633,0
5727,2,0,0,1,-0.26432441094663894,0
5728,3,1,0,0,-1.0583187817725803,0
5729,2,0,0,0,0.6457154490460552,1
5730,2,0,1,1,1.6320403386363007,1
5731,2,1,1,1,2.3769248598050985,1
5732,2,1,0,0,-1.260457408782293,0
5733,2,1,1,0,-inf,0
5734,1,1,0,0,0.4094978473654928,0
5735,2,0,0,0,-1.4421499588215627,0
5736,2,0,1,0,-0.040710351667863104,0
5737,2,1,0,1,-inf,0
5738,2,0,1,1,-inf,1
5739,1,0,0,1,0.8881070154175204,1
5740,2,1,0,1,1.049958595596112,1
5741,2,0,1,0,3.0111663928858667,0
5742,1,0,1,1,1.1888122232959917,1
5743,2,1,0,1,-0.053986337906427595,1
5744,1,0,0,1,-inf,0
5745,3,1,0,1,1.7626777693122744,0
5746,3,1,1,1,2.9546751221129073,1
5747,3,0,0,0,1.0088210977225638,1
5748,3,1,0,0,-inf,0
5749,3,0,0,0,0.6126459813883084,0
5750,2,1,1,1,2.8178350501392333,1
5751,3,0,0,0,0.3788845226120139,1
5752,2,1,0,0,-0.2570891345137778,0
5753,2,0,0,0,-2.3028444220586133,0
5754,1,1,1,0,-0.6116075325273899,1
5755,2,1,0,0,0.3418288102021933,1
5756,2,0,1,0,2.811330949784446,0
5757,1,0,0,0,-1.8526922800985808,0
5758,2,1,0,1,2.6765987488254823,0
5759,3,0,0,1,0.7011887810336607,0
5760,3,0,1,0,0.6509310504450002,0
5761,1,1,0,0,0.2837918862525006,0
5762,1,1,0,0,-0.39550627754239354,0
5763,2,1,1,1,1.5685836007771616,1
5764,2,1,1,0,-0.2163842561543019,1
5765,3,0,1,0,1.4651550571294103,0
5766,2,0,0,1,0.9133930693526782,1
5767,3,0,1,1,1.7503498704040417,1
5768,1,0,0,0,-0.38554932677018394,1
5769,1,0,0,1,-0.2651868695616487,0
5770,3,0,0,0,-inf,1
5771,1,0,0,0,0.36634357925838995,1
5772,2,1,0,1,0.1511404359378426,1
5773,2,1,1,0,0.6619688433760952,0
5774,2,1,0,0,-2.3618081767811,0
5775,3,0,0,1,0.47079940458796,0
5776,2,0,1,0,-0.8415970982204084,0
5777,3,0,1,0,0.477612495650944,0
5778,2,0,1,1,1.179377250170472,1
5779,1,0,0,0,-0.9329988320312497,1
5780,2,0,1,1,1.679361183694927,1
5781,3,1,0,0,-1.0083496563698728,1
5782,1,0,0,0,1.677254139581454,0
5783,1,1,1,1,1.3536342410071331,1
5784,2,1,0,0,1.0183943583703887,0
5785,2,1,1,1,-inf,1
5786,3,1,0,0,-0.5177669176740909,0
5787,1,1,1,1,-0.06469930778468291,1
5788,2,1,1,0,-2.1062744148792234,0
5789,2,1,0,0,2.426332708249052,0
5790,1,0,0,0,-1.7823786076673767,0
5791,2,0,1,0,0.7902466855308,0
5792,1,1,0,0,-0.26664914690186825,1
5793,1,0,0,1,1.533056009880205,0
5794,2,0,0,0,1.4271489393604249,0
5795,2,0,1,1,0.48554398398740095,1
5796,2,0,1,1,2.5038142690100993,1
5797,3,1,0,0,0.31057703660516633,1
5798,1,0,0,0,0.19548146263384747,1
5799,2,0,0,1,-inf,0
5800,2,1,0,1,1.0415234554651838,1
5801,1,0,1,0,-0.9631334081616223,0
5802,2,0,0,0,1.0394366037434342,0
5803,1,1,0,0,-0.16297034491863893,0
5804,1,1,1,1,2.140638986342405,1
5805,2,0,0,1,0.8081137959277209,1
5806,3,1,0,0,0.7032274382628625,0
5807,3,0,1,0,1.4779416425590812,0
5808,2,0,1,0,1.4895375904099735,0
5809,3,0,0,1,2.157581161615501,0
5810,2,1,0,0,1.0106661437231825,0
5811,1,1,0,1,-0.11455041271800681,1
5812,2,1,1,1,2.250649781101142,1
5813,2,1,1,0,-inf,0
5814,2,1,1,0,0.12754873723978088,0
5815,1,1,1,1,1.6169339390904947,1
5816,2,1,0,1,-0.13507381620588094,0
5817,2,0,0,1,0.34401949772639906,1
5818,3,1,1,1,1.9794133022919083,1
5819,1,1,1,0,-0.26230010705724444,1
5820,2,0,0,1,-0.20602783447504397,1
5821,2,1,0,1,-inf,1
5822,2,1,1,1,-0.4068937844002444,1
5823,2,0,1,1,3.0548983436413475,1
5824,3,0,1,0,-inf,1
5825,1,1,1,0,-0.1683157614606059,0
5826,2,0,0,1,-2.1389555517884022,0
5827,1,1,0,0,-0.9827874002359069,0
5828,3,1,0,1,1.8551393165942633,1
5829,1,1,1,1,-0.7605728039635824,0
5830,1,1,1,1,3.216339716542493,1
5831,2,0,1,1,3.080053293947163,1
5832,2,0,0,0,0.47927874483207566,0
5833,2,1,1,0,1.4670287258594998,1
5834,1,1,1,1,0.27016520260432136,1
5835,3,1,0,1,2.9422140039268365,0
5836,3,1,0,0,0.03529494325239846,1
5837,2,1,1,0,1.9801305423775282,1
5838,2,1,0,0,0.30396016563102024,0
5839,2,0,0,1,2.156239242753931,0
5840,3,1,0,1,2.066612369000009,1
5841,2,0,1,1,0.7677793725271869,0
5842,1,0,0,0,0.44215988058550476,0
5843,3,1,0,1,0.4888802735020059,1
5844,2,1,1,1,0.4779124225500846,1
5845,2,0,0,1,2.0541777981066045,1
5846,3,1,1,0,-inf,0
5847,1,0,1,0,1.6496115131465316,0
5848,2,0,0,1,2.811141694440604,1
5849,3,0,1,1,0.7371554986023472,0
5850,2,0,0,0,-inf,0
5851,2,1,1,0,-0.24589583470102339,0
5852,2,0,0,0,0.42648547719451346,0
5853,3,0,1,0,-1.2928194546010334,0
5854,1,0,1,0,-0.5906296922596944,0
5855,3,1,0,0,-inf,0
5856,3,1,0,0,1.0460356466339547,1
5857,1,1,1,0,-0.9881606213034532,0
5858,2,1,1,1,2.0896538037471495,1
5859,2,1,1,0,-inf,0
5860,2,0,0,0,-0.5565956997260814,0
5861,3,0,0,1,1.9717046687035507,0
5862,2,1,0,0,0.24800112383940232,0
5863,3,0,0,0,-inf,0
5864,1,0,1,0,-0.4849379737143007,1
5865,2,1,0,1,-inf,1
5866,2,0,1,0,-0.05818794675728206,0
5867,3,0,0,0,0.6463555425237426,0
5868,2,1,1,1,0.8104158142605234,1
5869,3,0,0,1,0.4404673356637627,1
5870,3,1,1,1,0.862299023224226,0
5871,1,1,0,1,1.2394791243997618,1
5872,2,1,1,1,1.9554010616416215,0
5873,1,1,0,0,0.5978753265243422,0
5874,2,0,1,0,1.519368294129884,0
5875,3,1,1,0,-inf,0
5876,1,1,1,1,0.291580634912175,1
5877,1,0,1,1,2.5411174995632555,1
5878,2,0,1,0,0.8230898837814511,0
5879,3,0,0,1,0.7369126692975617,1
5880,1,1,0,0,-3.627837610292307,0
5881,3,0,1,0,-0.02548727625735836,0
5882,1,1,0,1,0.42384996462183183,1
5883,1,1,1,1,2.9142551950335154,1
5884,2,0,0,1,0.07248194163067745,0
5885,3,1,1,1,2.3919013062333883,1
5886,1,0,1,1,2.8319587408638958,1
5887,2,1,0,1,-0.035502956890499315,0
5888,1,0,0,1,1.2020101218886379,1
5889,2,1,1,1,0.9813162620171124,1
5890,3,1,0,1,1.8392545280536694,0
5891,2,1,0,0,-1.3927649579239403,1
5892,1,0,1,0,-0.17397630987903145,0
5893,1,0,0,1,0.7655116069152841,1
5894,2,0,1,0,0.16171231089791743,0
5895,3,1,1,0,1.7413294689068517,0
5896,2,0,0,0,-0.6640678419000592,0
5897,2,0,0,0,0.6555781472621669,0
5898,2,1,1,1,3.4136792564443725,1
5899,2,1,0,0,-1.823301999943465,0
5900,3,1,0,0,0.6053299294451056,0
5901,3,1,0,1,1.5852870900857312,1
5902,1,0,1,1,0.47945044767450273,0
5903,2,1,0,0,-0.26674122898044644,0
5904,2,1,1,0,0.4836194542776803,0
5905,1,0,1,1,1.6548916130740148,0
5906,3,0,0,0,1.9304080310613645,1
5907,2,1,0,1,2.4007157888455906,1
5908,2,0,0,0,-0.2373980419134496,1
5909,1,1,1,1,-0.2696526397362995,1
5910,3,1,0,0,-0.704358442856554,0
5911,2,1,0,1,-0.39480478121715834,1
5912,2,0,1,1,1.7473108924775915,1
5913,2,0,1,1,-inf,1
5914,1,1,1,1,3.0483751996019866,1
5915,1,1,1,0,0.36429792787139986,0
5916,3,0,0,0,0.2272203663071479,0
5917,2,1,0,1,-0.4313213799214241,1
5918,2,0,0,1,1.4669786123466855,1
5919,1,1,1,1,-inf,0
5920,2,1,0,1,0.5616282541864275,1
5921,3,0,1,1,2.2647960410537347,1
5922,2,0,0,1,1.4597773337102837,1
5923,2,1,0,1,1.8692555068322236,1
5924,1,0,1,0,0.8735230685752123,0
5925,1,1,1,0,-1.720953575221623,0
5926,2,0,1,1,3.0562503096645335,0
5927,3,0,1,1,2.7827793684031317,0
5928,1,0,0,1,-0.346248286541998,1
5929,1,1,1,1,0.8536332294298847,0
5930,3,0,0,1,1.5178237923809688,0
5931,3,0,1,1,2.9335475689487285,1
5932,3,0,1,1,2.1630952993884867,1
5933,3,0,0,0,-inf,0
5934,3,1,0,0,0.6498528526942153,0
5935,2,1,1,0,0.6388652541181945,1
5936,2,0,1,1,1.6373175332663257,1
5937,3,0,0,1,2.3508497605880483,1
5938,1,1,1,1,1.7377337393237484,1
5939,2,0,0,1,0.40759935896025157,1
5940,3,0,0,0,-0.569866850793264,0
5941,2,0,1,0,2.62272212114145,1
5942,2,0,1,1,1.4223603743827924,1
5943,2,0,0,0,0.48825271193353637,0
5944,2,1,1,0,0.44159119466570673,1
5945,1,0,1,1,0.21930066849566107,1
5946,1,1,0,0,1.9395029571007503,0
5947,1,0,1,1,0.7585797175134095,1
5948,2,1,0,0,2.4178144896547407,0
5949,2,1,0,0,-0.27679104088420403,0
5950,3,0,1,0,2.2202815242402356,0
5951,1,1,1,0,-inf,0
5952,1,0,0,0,-0.0372063266385706,0
5953,1,1,1,1,1.846533859433684,1
5954,2,1,1,1,1.6723416420191075,0
5955,2,0,0,1,1.4572941983498167,1
5956,1,0,0,0,0.814791655365275,0
5957,3,0,0,0,2.349018658490362,0
5958,3,1,0,1,0.15623470457005018,1
5959,3,1,1,1,0.9859337844552518,0
5960,3,1,1,0,1.5298268058283706,0
5961,3,1,0,0,-1.2208171720380894,0
5962,3,1,0,0,-0.6888213560178345,0
5963,2,0,1,1,2.4552193728299554,1
5964,2,1,1,0,0.9258332728713135,1
5965,3,0,1,1,5.355310621005269,0
5966,2,1,1,1,2.7738796092391085,1
5967,2,1,0,0,-0.9728012288639066,0
5968,1,0,1,1,3.7177790025768065,1
5969,2,1,1,0,0.4741384822567092,0
5970,1,0,1,1,-inf,1
5971,2,1,0,1,-0.10476692221258854,1
5972,3,0,0,1,-0.2019629427531675,1
5973,3,0,0,1,1.0714209762902285,1
5974,2,1,1,0,0.2615437249253918,0
5975,1,1,1,1,1.1590270280466717,0
5976,1,1,1,0,-0.14437824022415935,1
5977,1,0,0,1,1.8161429089429544,1
5978,1,1,0,1,-0.5490971417022503,1
5979,3,1,0,1,-inf,1
5980,1,1,1,0,-0.9765113269622735,1
5981,2,0,1,1,2.675423946011904,1
5982,1,1,1,1,1.160624574749838,0
5983,3,1,0,0,0.41201153560187875,0
5984,1,0,1,0,0.5982407608419571,0
5985,1,1,0,1,-0.40273299824233644,1
5986,2,1,0,1,2.258975179206529,1
5987,3,0,0,1,1.4628588253884185,0
5988,2,1,0,1,2.599854981930712,1
5989,1,0,1,0,2.0698904953253763,0
5990,1,1,0,0,-0.9540386100663447,1
5991,2,1,1,1,3.1274414101620587,1
5992,2,1,0,0,0.7254498846098872,0
5993,3,1,1,1,-1.265695804591687,1
5994,3,1,0,1,-inf,0
5995,3,0,0,1,0.17466289532999235,0
5996,1,1,0,0,-2.421866469450915,0
5997,3,1,0,1,3.212672694148754,1
5998,2,1,1,1,0.8605354316205385,1
5999,1,0,1,0,1.7043526729385094,1
6000,3,1,0,1,1.3324207882656764,0
6001,2,0,0,0,0.9049630931550113,0
6002,3,0,0,0,0.1900563658880311,1
6003,1,0,0,1,-0.22662430342889528,1
6004,1,1,1,1,0.8916100784102876,1
6005,3,0,1,1,1.2143049553932745,1
6006,3,1,1,0,1.7805849486079337,0
6007,2,0,1,1,0.9830472403229245,0
6008,2,0,0,0,0.9091542679907372,1
6009,1,0,0,0,-0.06329689257122251,1
6010,2,1,0,1,0.60253808783714,1
6011,1,1,1,1,0.48107045999386133,1
6012,2,0,0,0,-1.302340444086899,0
6013,1,1,1,0,0.6341192731509795,1
6014,3,0,0,0,-0.1548663776513618,0
6015,2,0,0,1,2.557781871099254,0
6016,3,0,0,1,3.7804511552825666,0
6017,1,1,0,0,0.5492358528984718,0
6018,3,1,0,1,1.4767928964067014,1
6019,1,0,0,1,1.0003830212903688,1
6020,3,0,0,0,0.5920610401417113,0
6021,2,1,1,1,1.5892667811003203,1
6022,2,0,0,0,-1.5612807511482698,1
6023,1,0,1,0,1.4112390978128666,1
6024,3,1,1,1,2.5447464458530504,0
6025,1,0,0,0,-inf,0
6026,3,0,1,1,2.596604321899114,1
6027,3,0,0,1,1.6450735996223327,1
6028,2,0,1,0,2.076860050615207,0
6029,2,0,1,0,0.8635468224072341,0
6030,3,1,0,0,-0.7504688920355328,0
6031,2,1,0,1,0.5740461208113743,1
6032,1,1,0,1,1.1413326662196983,1
6033,1,1,1,1,2.290967503392868,1
6034,2,0,0,0,-0.3801340243376483,1
6035,1,0,1,0,-1.4609915552564727,0
6036,1,1,0,1,-0.10857767736170298,1
6037,3,0,0,1,-2.166262266742457,0
6038,1,0,0,1,-1.44447765134588,1
6039,1,0,0,1,-inf,1
6040,1,1,1,0,-2.52883694808422,0
6041,3,1,0,0,0.04577696717776686,1
6042,1,1,0,1,-inf,1
6043,2,0,0,1,1.7289863225468682,1
6044,3,0,0,1,3.254432639849109,1
6045,3,0,0,0,0.5571855122978057,0
6046,1,0,0,1,1.1322713571246923,0
6047,1,0,1,1,0.6363421040091369,1
6048,1,0,0,1,-0.9116319682226577,0
6049,2,0,1,1,2.350828940390455,1
6050,3,1,0,0,1.4016378550550639,1
6051,1,1,1,1,1.2008666125279308,1
6052,2,1,0,0,0.8658379045312432,0
6053,2,1,0,1,-1.2460744255349365,1
6054,2,1,0,0,0.06746753294000052,0
6055,2,1,0,0,-0.3415806806205925,0
6056,2,0,1,0,-0.09481054765584618,0
6057,2,0,1,0,-inf,0
6058,2,1,0,1,4.315447932617992,1
6059,1,0,1,1,2.1948011375866594,1
6060,1,0,1,0,-1.4703611926351607,0
6061,2,0,0,0,2.267001467964601,1
6062,1,1,0,0,-0.9752750679417841,0
6063,2,0,0,1,2.514639261730466,1
6064,3,1,0,0,2.602989235256339,1
6065,3,0,1,0,-0.7928764431895956,0
6066,1,1,0,0,-1.41964723481248,0
6067,1,0,0,0,-0.3480839284909847,0
6068,1,0,1,0,1.0944532587466784,1
6069,2,1,1,1,-0.2665078297513912,1
6070,1,0,0,1,-1.0845591725994688,1
6071,3,1,0,1,2.986300784751794,1
6072,1,1,0,0,-1.8793372366810535,0
6073,2,0,1,0,0.010548899316661807,1
6074,1,1,0,0,-0.8937210102993431,0
6075,1,1,0,0,1.0721311289381144,0
6076,3,0,0,0,0.5335126205271303,1
6077,1,1,0,0,-1.6077872176783095,1
6078,3,0,1,1,1.570290125390642,1
6079,1,0,0,1,-0.18584470400790687,1
6080,1,0,1,0,0.14979271354182458,0
6081,1,0,1,1,0.6950009810402366,1
6082,2,1,0,1,0.4309197116107849,1
6083,2,1,0,1,-0.39945959434702494,1
6084,2,1,0,1,-inf,1
6085,1,0,0,0,-0.15168269645209326,0
6086,2,1,1,0,2.1406475052649037,1
6087,1,0,1,1,2.084401057630183,1
6088,1,1,1,0,1.6556025297500445,1
6089,1,1,1,0,-inf,1
6090,3,0,0,0,-0.4742360903641606,1
6091,1,0,0,0,-2.8504507155704815,1
6092,1,1,0,0,-0.5975150638000748,0
6093,3,1,0,1,1.206332406100951,0
6094,2,1,1,0,1.5042174035030103,0
6095,2,1,1,1,1.9990313868547402,0
6096,3,1,0,1,1.289236910607397,1
6097,3,1,0,0,0.5494871179454275,0
6098,3,0,1,1,2.283126055557183,1
6099,2,0,1,0,-1.112733452896177,0
6100,1,0,1,1,-0.012171610012798983,1
6101,3,0,1,0,0.0648846213294183,1
6102,3,1,1,0,3.442817872880129,0
6103,2,1,0,1,1.505201543507002,1
6104,3,0,1,1,3.6638256986093047,1
6105,2,0,0,0,-0.3582254437981553,1
6106,2,0,1,1,2.373564995276508,1
6107,3,0,1,0,2.009097949034005,0
6108,2,1,1,0,-2.2575198056515786,0
6109,3,0,0,1,1.533036028423858,0
6110,3,1,1,1,-inf,0
6111,2,0,0,0,0.8632013272330743,1
6112,3,1,0,1,1.502665025951717,1
6113,1,0,0,0,-0.09247111660501676,0
6114,2,1,0,0,-0.9886467335028329,0
6115,3,1,0,0,-0.8930774828561592,0
6116,1,1,1,1,0.5054677893933238,1
6117,1,1,0,1,2.0346921284546973,1
6118,1,0,1,0,1.7208879673723485,1
6119,2,1,0,1,-0.8414634353766403,1
6120,2,1,0,1,0.718843062996837,1
6121,2,0,0,1,1.0656741780441905,1
6122,1,1,1,0,-0.27548179644417825,0
6123,3,0,0,1,2.6566141929654172,1
6124,1,1,1,1,-inf,1
6125,3,1,0,0,1.4883769587092286,0
6126,2,1,1,1,-inf,1
6127,3,0,0,1,0.2281301291941309,1
6128,2,0,1,1,-inf,0
6129,1,0,1,1,1.6341411641970955,0
6130,2,0,1,1,2.0606208240085437,1
6131,3,1,1,0,1.0678638462916443,0
6132,2,1,0,0,0.23507655620181245,1
6133,1,0,1,1,1.956228132046518,1
6134,1,1,1,1,0.10011990775815605,1
6135,3,0,0,1,0.9509072234342483,1
6136,1,1,0,0,-1.7069199481089559,0
6137,2,1,0,1,1.4500082174192779,1
6138,2,1,1,1,1.0861369203108413,1
6139,3,0,1,0,3.1571532023542384,0
6140,2,0,0,0,-1.7646148176300411,0
6141,3,0,0,1,2.4219163298815296,1
6142,2,0,1,1,2.718481825119186,1
6143,2,1,0,0,-1.040239053390446,0
6144,2,1,1,0,0.33086359878899274,0
6145,2,1,1,1,-inf,0
6146,3,1,0,0,-inf,0
6147,2,1,0,0,-0.18803571159527688,0
6148,2,1,0,0,0.6507831834259308,0
6149,1,1,1,0,0.7408321267583173,1
6150,1,0,1,0,-inf,0
6151,1,0,1,0,0.7017412796381616,0
6152,3,0,1,0,1.4351805300738423,1
6153,3,0,0,0,1.0082884025639811,1
6154,1,1,0,1,1.427402275701403,1
6155,2,1,0,0,0.2850170179373981,0
6156,1,1,0,0,-3.9988702741568485,0
6157,3,0,0,1,1.1854691085302784,1
6158,1,1,0,0,-0.5106902696365223,0
6159,2,0,0,1,1.6639193784452562,1
6160,2,0,0,0,2.5137160332356627,1
6161,3,1,0,1,1.831423508100063,1
6162,2,1,1,0,0.3459550021530936,0
6163,2,1,1,1,2.3806414882723694,1
6164,3,0,1,0,0.09889274028060874,1
6165,2,0,0,1,-inf,1
6166,2,0,0,0,-inf,1
6167,1,1,1,0,0.4848072665811163,0
6168,2,1,1,0,1.5679735016035958,0
6169,1,0,1,0,-inf,0
6170,3,1,0,1,1.1840046205904389,1
6171,2,1,1,1,1.2580206919686254,1
6172,3,0,1,1,2.9916446285243325,1
6173,1,0,1,1,3.063987459828792,1
6174,1,1,1,1,0.6362253331046394,1
6175,1,0,1,0,-0.27237977588339857,1
6176,3,1,1,1,1.6388483170657806,1
6177,2,0,1,0,1.0509344496345132,0
6178,2,0,1,0,1.8488219232875112,0
6179,2,1,0,0,-0.9075975292322433,1
6180,2,0,1,0,0.9457223072202887,0
6181,2,1,0,0,-2.569626697898716,0
6182,1,1,0,1,-0.9713093025690911,0
6183,1,0,1,0,2.067527317435082,0
6184,3,0,1,1,2.880986925387434,1
6185,3,0,0,0,-0.16685600277507795,0
6186,1,0,0,1,-0.8197390767026987,1
6187,1,0,1,0,-0.8993670463084151,0
6188,2,0,1,1,2.057483085652982,0
6189,1,0,1,1,-inf,0
6190,1,0,1,1,1.1378698367958742,1
6191,1,0,0,1,3.073102186148961,1
6192,3,0,0,0,-0.9787639234979021,0
6193,3,1,1,1,3.38501797271011,1
6194,2,0,0,1,1.266360082568279,0
6195,2,1,1,0,0.9574011375737637,0
6196,3,0,0,0,-2.2755744469827475,1
6197,1,0,1,1,0.20867287750029562,1
6198,2,1,0,0,0.6944818612471542,1
6199,3,0,0,0,1.147759977263818,0
6200,3,1,0,1,-inf,1
6201,2,1,0,1,5.129609698742966,1
6202,1,0,1,0,-0.28534484758654277,0
6203,2,0,1,0,-0.11770593185887468,0
6204,2,0,0,0,-0.6179027274330903,1
6205,3,0,0,1,0.4037865301143509,1
6206,2,1,1,0,0.7023068125248623,0
6207,2,0,1,1,1.780474667126179,1
6208,3,0,0,0,1.020277887017539,1
6209,1,1,1,1,0.46677590996054674,1
6210,2,1,1,1,0.566492489592491,1
6211,1,0,1,0,0.673290400856107,1
6212,2,0,0,1,0.7253764638382736,1
6213,2,1,0,0,2.192445644672824,0
6214,1,1,0,0,0.9463566714403252,0
6215,2,1,0,0,1.1240126092508447,0
6216,1,0,1,1,3.821565603545156,1
6217,1,1,0,1,2.047954537346787,1
6218,3,1,0,1,0.6599995758346056,0
6219,3,1,1,0,2.011659917474507,1
6220,2,0,1,0,-inf,0
6221,1,1,0,0,-0.4658442745422786,0
6222,2,0,0,1,1.523185581297867,0
6223,3,0,0,0,1.9657162759225972,0
6224,1,0,1,1,3.324470808647883,1
6225,1,1,1,1,2.586253611026165,1
6226,3,0,1,1,1.5821997984042808,1
6227,3,1,0,0,0.07925976841161848,0
6228,2,1,1,0,-inf,0
6229,3,0,1,1,4.129679386084198,1
6230,3,1,1,0,-inf,0
6231,1,0,1,0,-inf,1
6232,3,1,1,1,2.3906868184675423,1
6233,3,1,0,0,0.8362626643403869,0
6234,1,1,1,1,-0.0838220083278932,1
6235,2,0,0,0,0.9942480760086296,0
6236,1,1,0,0,-1.431382291469524,1
6237,1,1,1,0,0.004985520169902946,0
6238,3,0,1,1,2.855455657801182,0
6239,1,1,0,0,-1.5112674719630066,0
6240,2,0,1,0,1.738052901941777,0
6241,3,1,0,1,0.8029365698526056,1
6242,2,1,0,0,-0.4389884854446161,0
6243,1,0,1,1,-inf,0
6244,3,0,0,0,0.9325851144080131,0
6245,1,1,1,1,1.0556375106267741,1
6246,1,1,0,0,-0.5007536979585561,0
6247,2,0,0,1,0.5923950076036922,1
6248,2,0,0,1,1.162343597601452,1
6249,1,1,0,1,0.6844525437763066,1
6250,1,0,0,0,-inf,0
6251,3,1,0,1,-0.20424747122007508,1
6252,1,1,1,0,-0.3891681365699635,1
6253,2,0,0,0,-0.45307288891759223,0
6254,1,0,0,1,0.8917001346868603,1
6255,3,1,0,0,1.4680698044627671,1
6256,2,1,0,0,-0.5594937378483404,0
6257,2,1,1,1,1.0881585086593724,0
6258,2,0,0,0,1.4741920053926727,1
6259,3,0,1,0,1.847943910679658,1
6260,3,0,0,0,-0.9249582216063734,0
6261,1,0,0,1,2.7063416594137015,1
6262,2,1,0,1,-inf,1
6263,2,1,0,0,-2.0795049460541417,0
6264,2,1,0,1,2.183512570954688,1
6265,2,0,1,1,1.0762857586175016,0
6266,2,1,0,0,1.5372725139812318,0
6267,3,0,0,0,1.6478061145399767,1
6268,3,0,0,0,1.5341842700097084,1
6269,3,0,0,0,0.3206137298541072,0
6270,3,0,0,1,1.5118439413838318,1
6271,3,1,1,0,-0.5015988789472252,1
6272,1,1,0,0,2.4831822574281786,1
6273,1,0,0,0,0.28938689908338777,0
6274,2,0,1,1,2.739803374962692,1
6275,1,1,1,1,0.00258640894377804,0
6276,3,1,1,0,3.6028779302838236,0
6277,1,1,0,0,0.5084004535058746,0
6278,2,0,0,1,-inf,0
6279,1,1,0,0,-2.545356533043782,0
6280,1,0,0,0,-inf,1
6281,3,1,0,1,1.0262012095112523,1
6282,2,0,1,0,1.5800371172604788,0
6283,1,0,0,0,0.6298490263385285,0
6284,3,0,0,0,-1.6789794375526332,0
6285,2,0,1,1,1.0808357322964794,1
6286,2,1,0,0,-1.4468238046791528,0
6287,1,0,1,0,0.7610786351388269,0
6288,1,0,1,1,0.9138956999861898,1
6289,1,0,0,0,-inf,0
6290,2,0,1,1,5.006153355364359,1
6291,2,0,0,1,0.7272248633233915,1
6292,2,0,1,1,2.2076318963036234,1
6293,3,1,0,0,2.167797714282797,1
6294,1,0,1,1,-inf,0
6295,2,0,1,1,-inf,1
6296,3,0,1,1,2.9087775191068173,1
6297,1,1,1,1,-inf,1
6298,2,0,0,1,1.3728254520202074,0
6299,1,0,0,1,1.2825983793303668,0
6300,3,0,0,0,-0.9737551826727364,0
6301,1,0,1,0,-inf,1
6302,2,0,0,0,-1.4711866091520291,0
6303,1,0,1,1,-inf,1
6304,2,0,0,1,0.43123820756435893,1
6305,3,1,0,1,0.554701892333625,1
6306,1,0,1,1,2.9937180571873485,1
6307,2,0,1,0,-0.1642470606384161,0
6308,3,0,0,1,1.0276615589519487,1
6309,1,0,0,0,2.450521808964061,0
6310,3,1,1,0,-inf,0
6311,1,0,1,1,2.1962835741114084,1
6312,1,0,0,0,-1.1946520323247392,1
6313,3,1,0,0,-inf,0
6314,1,0,1,0,0.7759802865816707,1
6315,1,0,1,1,0.4572051138515919,1
6316,2,1,0,1,3.677121553349912,0
6317,2,1,0,0,-0.17552254140051893,0
6318,1,0,0,1,1.4535679746274166,1
6319,1,0,1,1,-0.048265081408073396,1
6320,1,0,1,0,-inf,0
6321,2,1,0,0,0.4025629460234637,0
6322,2,0,0,0,-0.40604779402586605,0
6323,1,1,1,0,-0.4426604259188951,1
6324,2,0,1,0,2.225670226780865,0
6325,3,0,1,1,2.673089994153516,1
6326,2,1,1,0,-0.5976102317315137,0
6327,2,0,1,0,0.8380793942323349,0
6328,3,1,0,1,1.370656111849656,1
6329,3,1,1,0,1.476749860546254,0
6330,3,0,0,1,1.7229064495943596,0
6331,2,1,1,0,1.0130685355914784,1
6332,1,1,1,1,1.455181776892576,1
6333,1,0,1,0,0.30925095040403067,1
6334,3,1,0,1,-0.635320684645061,0
6335,3,1,0,1,4.568441478877249,1
6336,2,0,0,0,0.7463476898941318,1
6337,3,1,0,1,1.7090064415562158,1
6338,2,1,0,1,1.3126213058932175,1
6339,3,0,0,0,0.00715065294218431,0
6340,2,0,1,0,1.0447852151111703,0
6341,2,0,0,0,-0.805268918220203,0
6342,2,0,0,1,0.5687218304616919,0
6343,2,0,1,0,1.5546142813641912,0
6344,1,0,1,0,-0.4282284413088763,0
6345,3,1,0,1,1.3596887593297144,1
6346,1,1,1,1,0.08519435520362317,1
6347,2,1,0,0,-2.780588772747835,0
6348,2,0,1,1,2.387553228657921,1
6349,2,1,0,1,0.36233286253086183,0
6350,1,0,1,1,-0.5205874565893198,0
6351,2,1,0,0,-0.4235053644407302,0
6352,2,1,0,0,-inf,0
6353,2,0,1,0,0.9418727916262495,1
6354,1,0,0,1,-0.060970452723972224,1
6355,1,0,0,1,0.20109968085098634,1
6356,3,1,1,0,1.5176278144229711,0
6357,1,0,1,0,1.7682981478190116,1
6358,2,1,1,1,2.7339515128835092,1
6359,3,0,0,1,0.529082999934598,1
6360,2,1,0,0,-0.939845516636771,0
6361,2,0,0,0,-2.0979108861459443,0
6362,1,0,0,1,1.6403580723944247,1
6363,2,0,0,0,-0.9994690499570718,0
6364,2,0,1,1,1.9917717680800964,0
6365,2,1,0,0,0.6046852755531824,0
6366,2,0,0,0,0.31579605375698594,0
6367,1,1,1,1,0.60931567703455,1
6368,2,1,0,0,-1.2544322316521925,0
6369,1,0,0,0,0.43870033418300014,1
6370,3,1,0,0,-inf,1
6371,3,1,0,1,2.06403843418503,1
6372,3,0,1,1,0.23016095690088334,1
6373,1,0,0,1,-0.010587189073159808,0
6374,2,1,0,1,1.6889650527988322,1
6375,1,1,1,0,0.9042735690043552,0
6376,1,1,1,0,0.21384115114197977,0
6377,3,0,0,0,0.2384625005072293,0
6378,1,1,1,1,1.1240763633583717,0
6379,1,0,0,0,-1.3442983003273619,0
6380,2,0,1,0,2.5530591426852633,1
6381,1,1,0,1,-0.4824069197461911,1
6382,1,0,0,1,-0.42053082964743904,1
6383,1,0,0,1,1.0084930190242754,1
6384,2,1,1,1,4.538206202417789,1
6385,3,1,1,1,3.8497343318592376,1
6386,2,1,1,0,0.5254841650811053,1
6387,1,0,0,0,-2.7695763899877974,0
6388,2,1,1,0,0.32188867685066924,1
6389,3,0,0,1,-inf,1
6390,1,1,1,0,2.3174523287619766,1
6391,1,0,1,0,-inf,0
6392,3,0,0,1,-0.2568029827161187,0
6393,2,1,0,0,-1.1917731889242016,0
6394,3,0,1,0,1.1350707746655635,0
6395,3,0,0,1,1.7830936833199331,0
6396,1,1,0,1,-0.07465326346867995,1
6397,1,1,0,1,1.2087080734020166,0
6398,3,0,0,0,0.9143120640048632,1
6399,2,1,0,0,-0.6981680952611959,0
6400,1,0,1,1,0.9281298016654888,1
6401,3,0,1,0,0.019373982272961637,0
6402,1,0,1,0,-1.0852682567193004,0
6403,3,0,1,0,3.0963833212637946,0
6404,2,0,0,1,-0.5125149738481221,0
6405,2,1,0,0,-0.8725885085911603,1
6406,3,1,0,0,-inf,1
6407,2,1,0,1,-0.06964995237733462,1
6408,2,0,0,0,-0.8576127159372727,1
6409,3,1,0,0,-inf,1
6410,3,1,0,1,-inf,1
6411,2,1,0,0,-0.4698618642983774,0
6412,3,1,0,1,0.8374324012625944,0
6413,2,0,1,1,2.41290161939947,1
6414,1,1,0,1,-1.0391373397069386,1
6415,1,1,0,1,0.5225167692903496,1
6416,1,0,1,1,3.0971058453371514,1
6417,3,0,0,1,2.669419679735463,0
6418,1,0,1,0,1.781546259652176,0
6419,1,1,1,1,2.0696383371164,0
6420,3,0,0,1,-inf,1
6421,2,1,1,0,1.4019800959181579,1
6422,3,0,0,0,2.9109642085136413,1
6423,2,1,1,0,0.8491414473367959,1
6424,2,1,0,1,-1.7920200615404822,0
6425,2,0,1,1,2.789837451307189,1
6426,2,1,0,0,-inf,1
6427,3,1,0,1,2.3389513163484263,1
6428,2,0,0,1,0.017894686471312093,0
6429,2,1,0,1,1.9378200840940545,0
6430,1,1,1,1,-0.536835084663064,0
6431,1,0,1,1,2.0353645460236462,1
6432,2,0,0,1,2.088800047676866,1
6433,1,1,0,1,0.11842731119090372,1
6434,2,0,0,0,-0.4105984632809665,1
6435,2,1,1,0,-1.1125620443339042,0
6436,3,0,0,1,3.5010856758242173,0
6437,1,1,0,1,2.127519162981137,1
6438,3,1,0,0,0.630317745043775,0
6439,1,1,1,1,-inf,0
6440,1,1,0,1,0.29165016648556014,1
6441,1,0,0,0,-1.3725496310091132,0
6442,2,1,1,0,0.613386298853168,1
6443,1,0,1,1,0.19071325368149772,1
6444,1,1,0,1,-0.7953125585487937,1
6445,2,1,0,0,-0.913888385046854,0
6446,1,0,1,0,0.13448393975178008,0
6447,3,0,0,0,1.549095343442915,0
6448,1,1,1,0,-0.7726830516545604,0
6449,2,0,0,1,0.7798791672490609,1
6450,3,1,0,0,0.15393101646898594,0
6451,2,0,0,1,0.35567038248344923,1
6452,2,1,1,0,0.9852911361354243,0
6453,3,0,0,0,-2.1414014917092645,0
6454,2,1,1,1,1.0536287967337703,0
6455,1,0,1,1,-inf,0
6456,3,1,1,1,4.862600501439633,1
6457,1,1,1,1,-0.22921592211898267,0
6458,3,0,0,0,0.4648792891037638,1
6459,2,0,0,0,0.8933794888528266,0
6460,2,0,0,0,0.5032478870473962,0
6461,3,1,1,1,2.588423385025348,1
6462,1,0,0,1,1.808548299925608,0
6463,3,0,0,1,-inf,0
6464,1,0,1,1,0.33595623489220416,1
6465,2,0,1,1,-inf,1
6466,2,0,0,1,0.1528933995612673,1
6467,1,0,0,1,0.5367984968237034,1
6468,2,0,1,1,0.9289176045051377,0
6469,1,1,1,1,4.468776078530315,1
6470,1,1,0,1,1.0778789449262214,1
6471,2,0,1,0,-inf,0
6472,3,1,1,0,2.7430310259993327,0
6473,2,1,0,1,1.1206793135222528,1
6474,3,1,0,0,1.5644476040035835,1
6475,2,0,1,0,3.1513256877074736,1
6476,2,1,0,0,-0.3730422456851983,0
6477,1,0,1,0,1.9526334525823656,1
6478,2,1,0,0,-inf,1
6479,1,1,1,1,1.495160837421111,1
6480,3,1,1,1,3.8316312606063896,0
6481,3,1,1,1,0.8144410528033363,1
6482,3,1,0,1,0.562572571620013,1
6483,1,1,1,0,-2.0402697335049567,0
6484,2,0,0,1,2.034256469752796,0
6485,1,0,0,0,-1.5340308655385004,1
6486,3,1,0,1,-inf,1
6487,3,0,1,1,1.2681628694942781,1
6488,1,0,0,0,-0.32330387191621557,0
6489,2,0,0,0,-2.83011743659479,0
6490,1,0,0,0,-0.6837060463524787,0
6491,1,0,1,1,2.4005560023910952,1
6492,1,0,1,1,-0.26613510258166584,1
6493,1,0,0,1,1.7561616167289913,1
6494,2,0,0,0,-inf,1
6495,2,0,0,0,-0.7941888763381939,1
6496,2,1,0,1,1.9571371612577384,1
6497,2,1,1,1,-0.21190321575418508,0
6498,2,1,0,1,1.313740536517847,0
6499,3,0,0,1,2.874463112607432,0
6500,3,0,1,0,1.3386685197017847,0
6501,1,0,0,1,2.0393275269709674,1
6502,1,0,0,0,-1.8181129406085232,0
6503,2,1,1,0,0.42932110398078366,1
6504,1,0,1,1,0.5665808480973689,0
6505,1,1,1,1,2.3431978058987983,0
6506,3,1,0,1,-inf,0
6507,1,0,1,0,1.7715634431512561,0
6508,1,1,1,1,0.7267913760653117,1
6509,2,1,0,1,0.059329729079260096,1
6510,3,1,1,1,-inf,1
6511,2,0,1,1,0.19749652062668066,0
6512,2,1,0,1,2.8806423366138656,0
6513,2,0,0,0,0.38202241052448954,1
6514,2,0,1,1,1.9671644035767004,1
6515,2,1,0,1,-0.22612282023568725,0
6516,3,0,0,1,1.5317649154733683,1
6517,2,1,0,1,0.7682027292359355,1
6518,1,0,1,1,-inf,1
6519,2,0,1,1,1.1670488762550293,1
6520,2,0,0,0,-1.2358408874720859,0
6521,1,0,0,0,0.5261099529994818,0
6522,3,0,0,0,-inf,1
6523,3,1,0,0,0.9656117118414784,1
6524,1,0,0,1,0.21577294479137762,1
6525,2,1,1,1,-0.19746560346578057,1
6526,1,1,1,0,-inf,0
6527,1,0,1,0,1.4584334012237885,0
6528,2,1,0,0,-0.15676582062526645,1
6529,3,1,0,0,0.5939249255914982,0
6530,2,0,0,0,1.210453873152563,0
6531,1,1,0,1,1.496833743722684,1
6532,3,1,0,0,0.9846833858692529,0
6533,2,0,0,0,0.32811938210342484,0
6534,1,1,0,0,-inf,0
6535,3,1,1,0,2.8846698205454526,0
6536,2,0,1,1,-inf,1
6537,2,1,1,0,-0.33542180524522647,0
6538,2,0,0,0,1.0632834275070764,0
6539,2,0,1,1,2.451132591204781,1
6540,3,0,1,0,2.0161127335813855,1
6541,2,0,0,0,1.8027573417051452,0
6542,3,1,0,1,2.8045782366279104,1
6543,2,0,0,0,1.628464248704111,0
6544,3,1,1,1,2.354694990523539,0
6545,1,1,1,1,-inf,1
6546,1,1,1,0,-0.2991348766793147,0
6547,2,0,1,1,-0.18309066176780298,1
6548,1,0,0,1,0.7386690775601393,0
6549,3,1,0,1,2.343630410471697,1
6550,1,1,1,1,-0.6195317989944438,1
6551,2,0,0,0,0.6000335693683138,0
6552,3,0,0,0,2.770541782104032,1
6553,2,1,1,1,2.2844184744383265,0
6554,1,0,1,0,0.5994971080211922,0
6555,2,0,1,1,1.8195463818032864,0
6556,2,1,0,1,-0.8836595200114945,1
6557,1,1,1,1,-1.668856970201158,1
6558,1,1,0,0,-3.5390885513203902,0
6559,2,1,0,1,-1.205054077799782,0
6560,1,0,0,0,-inf,1
6561,3,0,1,1,2.542832850637984,1
6562,3,1,0,0,-2.21410217435037,0
6563,2,1,0,0,1.7404692964771207,0
6564,1,0,1,1,1.0027110828922012,1
6565,2,1,0,1,1.0618956091770526,1
6566,1,0,1,0,0.4502926987733122,0
6567,2,1,1,0,0.006163736812493603,1
6568,2,1,0,1,1.3571441400530857,1
6569,1,0,0,0,-0.643215440714097,1
6570,2,1,0,1,0.8773667332683122,1
6571,1,1,0,0,-1.2969754303854621,0
6572,2,1,0,0,-0.4156545409081398,0
6573,2,1,1,0,2.507768754513004,1
6574,2,1,0,1,-inf,1
6575,2,1,1,0,-inf,0
6576,1,0,0,1,1.242974113689456,1
6577,1,1,0,1,0.5596431797353687,1
6578,3,1,1,0,0.8277226495775127,0
6579,1,1,1,1,-0.3100154821831001,1
6580,2,1,1,1,-0.3482866959207374,1
6581,2,0,0,1,-0.09637644890414515,1
6582,3,1,0,1,1.5655510581138636,1
6583,2,1,1,0,-1.0981722866033372,0
6584,2,0,0,0,-0.8894640194137071,1
6585,2,1,1,1,1.3321080859276702,1
6586,1,1,0,1,-1.083140079334377,0
6587,2,1,1,0,-0.2047722803126073,0
6588,1,0,0,1,-0.3091945046080993,1
6589,3,1,0,0,1.6498928458848492,1
6590,3,1,0,1,1.836748459587778,0
6591,3,0,1,1,2.8497095223101576,1
6592,1,1,1,0,-0.6803900860901395,0
6593,2,1,0,0,0.6950979891667504,1
6594,2,0,1,0,0.4334162591720532,0
6595,3,1,1,0,-1.5229387714302445,0
6596,1,1,1,1,-inf,1
6597,1,1,1,0,-1.3503956677346132,0
6598,2,1,1,0,-1.0650232533807693,0
6599,2,1,0,0,-1.0290639985793444,0
6600,2,0,0,1,-0.32835626337547286,1
6601,3,1,0,1,2.290412845406919,1
6602,1,0,1,0,1.2571713943120102,0
6603,2,0,1,1,1.7895880042115655,1
6604,2,1,1,0,0.18316905447220544,0
6605,2,0,1,1,3.4823795852520596,1
6606,3,1,0,0,1.1429034539053013,1
6607,1,1,1,1,-0.329756019936986,1
6608,1,0,1,1,0.26731424863175457,0
6609,2,1,1,1,2.0813805950944846,1
6610,2,0,0,0,2.089913917843677,0
6611,3,1,1,0,2.6019496059610394,0
6612,3,0,0,1,2.3768998305513187,0
6613,1,1,1,0,-0.12838959506212516,0
6614,1,0,0,0,-0.4698786003192419,0
6615,3,1,0,0,-0.0012799585365689259,0
6616,3,1,0,1,3.1180743596260445,1
6617,1,0,1,0,1.6236848629200438,0
6618,1,1,0,1,1.5710490277407356,1
6619,2,0,0,0,-0.11081540287529001,0
6620,3,0,0,0,-0.23445602740361737,0
6621,2,1,0,1,0.19849053527484684,0
6622,1,1,0,0,-1.2117232030768308,0
6623,1,0,0,0,-1.439655161450264,1
6624,2,0,1,1,2.3515941392504556,1
6625,2,0,1,0,2.529133996878019,0
6626,1,1,0,0,-0.8863642729965252,0
6627,1,1,1,1,-0.12375513957044959,0
6628,3,1,1,1,0.6965394740638913,1
6629,2,0,0,1,0.5053306855260318,1
6630,3,1,1,0,0.16030494033274728,1
6631,3,1,0,0,0.6955685051248479,0
6632,2,1,0,0,-1.2666785755691325,0
6633,3,0,1,0,1.0369948001491152,0
6634,3,1,0,1,2.581737760152016,1
6635,3,1,1,0,0.19023579120533912,1
6636,2,1,0,1,1.4193347261354243,0
6637,3,1,1,1,-inf,1
6638,2,0,0,1,-0.5122982740581469,1
6639,3,1,0,0,0.3376207375536847,0
6640,2,0,0,1,-0.17873693548407005,0
6641,2,1,0,1,-0.02332542718599845,1
6642,2,0,0,0,0.21769707588763196,0
6643,1,0,0,0,-inf,0
6644,3,1,0,0,-0.16695853971265043,1
6645,3,1,1,1,2.2026627581410914,1
6646,1,0,1,1,0.7625226500824679,1
6647,1,0,0,0,-1.5673715922325806,0
6648,1,0,1,1,-0.09518439208100449,1
6649,1,1,0,0,-inf,1
6650,3,1,1,1,-0.8933599778773513,0
6651,1,1,0,0,0.04790171942251606,1
6652,1,1,1,0,0.47718142190431,1
6653,2,1,1,0,-inf,1
6654,3,1,0,0,-0.4000976467901053,1
6655,2,0,0,1,-inf,1
6656,3,0,0,1,3.8131764179160146,1
6657,2,1,0,0,0.2619510456660161,0
6658,3,0,0,1,1.3381850440914085,1
6659,3,0,0,0,1.7509832656940991,1
6660,3,0,0,1,2.9135465388427186,1
6661,1,1,1,0,-0.9849793767061518,0
6662,2,1,0,1,-2.376873805430504,1
6663,3,1,0,1,1.0272448938701615,0
6664,3,1,1,1,2.3769310556011787,1
6665,3,0,0,1,2.1554267158391767,1
6666,2,0,1,1,-inf,1
6667,2,1,1,1,1.2396950929614827,1
6668,2,1,1,0,-0.1962417670213047,0
6669,2,1,0,1,0.07076836156816163,0
6670,2,0,1,0,-1.4065134506235537,0
6671,2,1,1,1,2.1888602536865234,1
6672,3,1,0,1,-inf,1
6673,3,0,1,1,3.209380911842782,1
6674,3,1,1,1,1.9616998660717933,1
6675,3,1,0,1,2.5993219458763175,1
6676,2,1,1,0,0.471976115408393,1
6677,3,0,1,1,2.9848946331761135,1
6678,2,0,0,1,1.8964221656826394,1
6679,2,0,1,0,1.0893228071252323,0
6680,3,1,0,1,2.5136845557722074,1
6681,2,1,1,1,3.8493060808761834,1
6682,2,0,1,1,2.1583801769939455,1
6683,1,1,0,0,-2.0683567240182135,0
6684,2,1,1,1,4.3358268086913,1
6685,2,1,0,0,3.6925604387524276,0
6686,1,1,1,1,2.7902098209030957,1
6687,2,0,1,1,1.5454756292205678,0
6688,3,0,0,1,3.1223045082559904,1
6689,3,1,0,0,-0.5642053718433415,0
6690,3,0,0,1,2.420753374114832,1
6691,1,0,1,1,-0.3514946313684803,0
6692,2,0,0,0,1.7680994356544963,0
6693,1,1,0,0,-0.8265653772421675,1
6694,3,0,1,1,1.9942410397866484,1
6695,1,1,0,0,-2.726970537488708,0
6696,1,0,0,0,-0.6769445120575664,0
6697,3,1,1,1,-inf,1
6698,2,1,0,1,1.756072866938098,0
6699,3,0,1,1,2.315162522548432,0
6700,2,0,0,1,1.2720112191216428,1
6701,2,0,1,1,1.6098167359669049,1
6702,3,0,0,0,1.2906681715997244,0
6703,3,1,1,0,0.6626595716398278,0
6704,3,0,0,0,2.4061439362038373,0
6705,2,1,1,0,-1.3826778804878297,0
6706,3,1,0,0,0.7444459581768255,0
6707,2,0,0,0,0.1912935678811783,1
6708,1,0,1,0,-0.7646446257932039,0
6709,2,0,0,1,0.9177352455179084,0
6710,3,0,0,1,0.8097617239547737,0
6711,2,1,0,1,1.9799344195339406,1
6712,1,1,0,1,1.1944643306433318,1
6713,2,1,1,1,4.916702138587789,1
6714,2,1,1,0,-0.6776639904762558,0
6715,3,1,0,1,2.0570774764583275,1
6716,2,0,1,0,0.30286124265256514,0
6717,2,1,0,0,-0.8116305583162943,0
6718,1,0,1,0,0.28296218215506247,0
6719,1,0,1,0,2.8305118699395986,1
6720,1,1,0,0,-0.035687389768475214,0
6721,1,1,1,0,0.01995387553522464,0
6722,1,0,0,0,-2.6278637398853277,0
6723,1,0,1,1,2.621603397449605,1
6724,2,0,1,1,0.9526383731633834,1
6725,3,0,1,0,0.5135994911788382,0
6726,1,1,0,1,-inf,1
6727,3,0,0,1,1.4765425741572948,1
6728,1,0,0,1,1.0662789269076356,0
6729,2,0,0,0,-0.48770954802782746,0
6730,1,0,1,0,1.198726910748308,0
6731,2,1,0,0,-0.30683215861267943,0
6732,1,1,1,0,-0.2248980502210145,0
6733,1,1,1,0,-1.2667090486596169,0
6734,3,1,1,1,2.550154413352811,1
6735,2,0,0,0,-2.623993700113088,1
6736,3,0,0,1,1.4390188980046767,1
6737,2,0,0,0,2.638486719154379,0
6738,2,0,0,0,1.0635301656298124,0
6739,1,0,1,0,0.6417798322558355,1
6740,1,0,1,0,-inf,0
6741,2,0,1,0,0.733362433077481,0
6742,3,1,1,0,0.8089424108763956,0
6743,2,1,1,0,-1.1562299085728387,0
6744,2,1,0,1,1.3507085205476246,1
6745,1,0,1,0,-0.38975200535319665,1
6746,3,0,1,0,1.4635103599695363,1
6747,2,1,1,1,0.8872135057455337,1
6748,2,1,1,0,0.24924290221910184,1
6749,1,1,1,1,3.1259955693471704,1
6750,3,0,0,1,1.9472370689579497,0
6751,3,0,0,1,2.609764981291049,1
6752,2,0,0,1,1.4296652833237706,1
6753,2,0,0,0,1.8589475980799084,0
6754,3,1,0,1,1.8179394538371036,1
6755,2,0,0,0,0.3626573492713312,1
6756,2,0,1,0,-0.9853911146239409,0
6757,3,0,0,1,0.18523308543774974,0
6758,1,1,0,0,-inf,1
6759,2,0,1,1,4.353965541310413,1
6760,2,1,1,0,-inf,0
6761,3,0,1,0,1.0364313677907977,1
6762,3,1,0,1,3.026675578644598,1
6763,2,1,0,1,2.4312333542036186,1
6764,3,1,1,0,0.8683199934652416,0
6765,2,0,0,1,1.6128068409567677,0
6766,1,1,1,0,-2.2597443610102745,0
6767,2,1,0,1,-inf,1
6768,1,0,0,0,-1.0248489161538683,0
6769,2,0,0,1,2.72517195751271,1
6770,2,1,0,1,1.4420624356597873,0
6771,1,1,1,0,-1.177890539249851,0
6772,1,1,0,0,-0.34153101931204116,0
6773,3,0,0,0,0.21579049206909215,1
6774,3,0,1,1,4.286332241944448,1
6775,2,0,1,0,1.152515486761747,0
6776,2,1,0,0,0.3361985408806915,0
6777,2,0,1,1,0.965753810793872,1
6778,1,1,0,0,-1.9983534977614053,1
6779,3,1,1,1,2.605983865357227,1
6780,2,0,1,0,1.0653389895698204,0
6781,3,0,1,0,0.5357341677717666,0
6782,3,1,1,0,1.0193470315932345,0
6783,2,1,0,1,0.10649626462783979,1
6784,3,0,1,0,0.74581745888746,0
6785,2,0,1,0,-0.6124439894877188,0
6786,3,1,0,1,0.26025165965674457,0
6787,3,0,1,0,2.8288546576697535,1
6788,3,0,0,0,-0.03271070337745141,0
6789,1,0,1,0,0.8932277899864677,0
6790,1,0,1,0,0.21075347768816366,0
6791,3,1,0,1,-inf,1
6792,3,1,1,1,1.2524673010496652,1
6793,1,0,1,0,-1.5174745147543383,0
6794,1,1,1,0,-inf,1
6795,3,0,1,0,2.010097669738416,1
6796,2,0,0,0,0.32481675707708413,0
6797,2,0,0,0,-0.22307668800913955,1
6798,2,0,1,0,-0.01311259611019161,0
6799,1,0,1,0,-1.5232195456911326,1
6800,2,1,0,1,-0.34876948818597403,0
6801,1,0,0,1,0.11798925030963914,1
6802,2,1,0,0,-1.8955485627279385,1
6803,1,0,1,0,0.5793119383428713,0
6804,3,0,0,0,0.20567977585002323,0
6805,3,0,0,0,1.737130732633142,0
6806,3,1,0,0,0.9563111497418877,0
6807,1,1,0,0,-0.6888067794766822,1
6808,2,0,1,0,0.9131131577732776,0
6809,1,1,1,1,1.7423535071550496,1
6810,2,1,0,0,-0.2988206473505004,0
6811,2,0,0,0,-0.761545890915942,0
6812,3,1,1,1,-inf,1
6813,2,0,0,1,-0.10453309929816706,1
6814,1,1,0,0,-1.334799541597509,0
6815,1,1,1,1,0.6738970534859208,0
6816,2,0,1,0,-0.6577624837637033,0
6817,1,1,0,1,0.0606112637442312,1
6818,2,0,0,0,-0.7268101032779355,0
6819,1,1,0,1,0.41621954509818015,1
6820,3,1,1,0,1.5973339914588314,1
6821,2,0,1,0,0.5952574707274595,1
6822,2,1,0,0,0.350030472615778,0
6823,3,0,0,0,-0.24683654695830276,0
6824,2,1,1,0,1.963988554895633,0
6825,3,0,1,0,0.49984680090906364,0
6826,1,0,0,0,-1.376528187527578,0
6827,3,0,0,1,2.4781808362694338,1
6828,3,0,0,1,0.6766222917773904,0
6829,1,0,1,0,-1.0146306959484463,1
6830,1,1,1,1,-0.45980295588931186,1
6831,1,0,1,0,-2.722229302577133,0
6832,2,1,0,1,1.3902463647700667,0
6833,2,0,1,1,1.1321149396728705,1
6834,1,0,1,0,-1.2769271849267734,0
6835,2,1,1,1,1.8554012800825626,1
6836,2,1,1,1,0.9087238899736994,1
6837,2,0,1,1,1.6940102591850252,0
6838,3,0,1,1,2.6733868417772495,1
6839,1,1,0,0,-0.12353952667841839,0
6840,3,0,1,0,1.6075493649800685,0
6841,2,0,0,0,-0.21200665036183775,0
6842,1,0,1,0,0.15759769244733485,0
6843,2,1,0,0,-1.58493349748641,0
6844,1,0,0,1,0.452858287245942,1
6845,3,0,0,0,-0.6666317177768717,0
6846,1,1,1,0,-1.8459651325506128,0
6847,1,0,0,0,-0.566858092713411,0
6848,3,1,0,0,0.8348927033701385,0
6849,3,0,0,0,3.1584681431915635,0
6850,2,0,0,1,-inf,1
6851,3,0,0,0,1.9019364592234984,0
6852,3,1,0,1,-inf,0
6853,2,0,0,1,0.7611818848365445,0
6854,2,0,1,0,0.5435523806252648,0
6855,1,1,1,0,-1.4235064376820816,0
6856,2,0,0,1,3.229267496089172,1
6857,3,0,0,0,0.4272407633111971,0
6858,1,0,1,1,2.1945647701153517,0
6859,2,1,1,1,2.5301565552150103,1
6860,1,1,1,0,-inf,0
6861,1,0,1,0,-0.6263577643491908,0
6862,2,1,0,0,-1.6312133929146855,0
6863,1,1,1,1,0.5932291282044158,1
6864,2,0,1,0,2.3372005511368674,0
6865,3,0,1,0,1.178358788831978,0
6866,1,0,1,1,-0.9105006964308576,1
6867,2,1,0,0,-1.5783916075835704,0
6868,1,1,1,1,-inf,0
6869,1,0,1,0,0.643833197994214,0
6870,1,0,0,1,-inf,0
6871,3,1,0,0,-0.6186021205634915,0
6872,1,1,0,0,-1.4733515961548345,0
6873,2,1,1,0,-0.5784210119483607,0
6874,2,1,0,1,1.0102310548089868,1
6875,3,0,0,0,0.15164286725439574,0
6876,2,1,1,1,1.8281624213481509,1
6877,3,0,1,0,2.3102259390980233,0
6878,1,0,0,0,-inf,1
6879,2,1,1,1,0.20761907813083852,1
6880,1,1,0,0,-2.256126588518567,0
6881,1,1,1,1,-inf,1
6882,2,0,0,0,-0.8122577397647026,0
6883,2,1,1,0,0.43280018332341,1
6884,2,0,1,1,-inf,1
6885,2,0,0,1,-0.12481398850325087,1
6886,1,1,0,1,0.01466831635175897,1
6887,1,0,1,0,-1.0122157548561566,1
6888,3,1,0,0,0.5596867593129533,0
6889,1,0,0,1,0.6852066898920619,0
6890,2,1,0,0,-1.4045200690553845,0
6891,2,1,1,1,2.8988096460829422,1
6892,1,0,1,0,-0.465172908023317,0
6893,2,0,1,1,2.8517220846205755,1
6894,3,1,1,1,3.166432359483188,0
6895,3,1,0,0,1.6290025077559234,1
6896,3,1,0,0,-0.2501831834687942,0
6897,2,0,1,0,0.19822225228077228,0
6898,1,1,0,1,-0.5688993711970635,0
6899,2,1,0,0,2.138683860970054,0
6900,3,1,1,0,-1.4518102069640841,0
6901,2,1,1,0,0.012356334287102477,0
6902,3,1,0,0,-inf,0
6903,1,1,0,1,-inf,1
6904,3,0,1,1,2.448087033806152,1
6905,1,0,1,0,-0.18121260902497394,0
6906,3,1,0,0,0.1641928543777481,0
6907,2,0,0,1,1.6225657577983055,1
6908,1,1,1,0,2.1616395593478126,1
6909,3,1,0,0,1.3539025008126364,0
6910,3,1,0,1,1.3207194890981313,1
6911,2,1,0,0,0.3194359614561123,1
6912,1,0,0,0,-inf,1
6913,2,1,0,0,-1.9662180995585283,1
6914,2,1,0,0,-1.0351560776070898,1
6915,1,0,1,1,-0.47518665748033195,0
6916,2,0,1,1,2.582044451725578,1
6917,3,1,1,0,0.5529780537449962,0
6918,2,0,1,0,1.207067738530347,1
6919,2,1,0,0,0.3808278841363384,0
6920,2,0,0,0,1.469566639509054,0
6921,3,0,1,1,-inf,1
6922,1,1,1,0,1.0275436123195667,1
6923,1,1,1,0,-0.8851048092152007,0
6924,2,0,1,1,-inf,1
6925,2,1,0,0,0.658536678325607,1
6926,3,1,0,0,0.6317103542894564,0
6927,3,0,0,0,0.39454474956428875,1
6928,2,0,0,0,0.7142884983443691,0
6929,1,1,1,0,-1.2167940092377534,0
6930,1,1,0,1,1.0545288736695173,1
6931,3,0,1,0,0.8755542928607012,0
6932,2,0,0,1,0.40594335560691935,1
6933,1,0,1,0,0.7595860409411624,0
6934,1,0,1,0,-1.5424501930023113,1
6935,1,1,1,0,1.2997753926462414,1
6936,2,0,1,1,2.227515254697554,1
6937,1,0,0,0,-1.1019721626383177,1
6938,3,0,0,0,-0.7578696328455675,0
6939,3,1,1,0,-0.23459049837759025,0
6940,3,1,1,0,1.2434407381160408,0
6941,3,1,1,0,-1.365003143276149,0
6942,3,0,1,0,1.0471023917040414,1
6943,1,1,0,0,-0.5205896850176552,0
6944,3,1,0,1,2.3540305757716586,1
6945,3,1,1,0,-inf,0
6946,3,0,0,0,-0.8313612644325705,0
6947,3,0,0,1,3.4172908790088488,1
6948,2,1,1,1,-0.6530931549561636,1
6949,3,1,0,0,1.9067786330186502,0
6950,3,1,0,1,0.7701205199140357,0
6951,3,1,0,0,-inf,0
6952,3,1,1,1,3.2550370788853624,0
6953,1,0,1,1,2.83550137104589,1
6954,1,1,0,1,-inf,1
6955,1,1,0,0,-1.4889846867334495,0
6956,2,1,1,1,1.4248960322346702,1
6957,2,1,1,0,0.44078412793864996,0
6958,2,0,1,0,0.1420972140523624,0
6959,2,0,1,1,1.409134937468714,0
6960,2,1,0,0,-0.5524555348844926,0
6961,1,0,0,1,0.48862799984098493,0
6962,3,1,0,1,1.1444514048682715,0
6963,1,0,1,0,-1.3127094039519973,0
6964,2,1,1,0,-0.5197228765068818,1
6965,2,0,0,1,0.7869605212959958,1
6966,2,0,1,1,0.7891334894386244,1
6967,3,1,0,0,-0.3491794033317802,0
6968,2,1,0,0,-0.8994455947061557,0
6969,1,1,0,1,-0.6204370195356044,1
6970,3,1,0,1,1.7117603787861204,0
6971,3,0,0,0,-0.4211136971690129,1
6972,2,0,1,1,2.0737413207126867,0
6973,1,0,1,1,1.36869891943257,0
6974,3,1,1,0,3.3276363787753294,1
6975,3,1,0,1,1.2376246896023269,1
6976,3,0,0,1,2.489653148255251,1
6977,2,1,1,0,1.7355183956619382,1
6978,3,0,1,1,-inf,1
6979,1,1,1,0,-1.4050684167359009,0
6980,3,0,1,0,1.0247440014956473,1
6981,1,0,0,0,0.12884454931403172,0
6982,3,1,0,0,-1.9872190614314609,0
6983,2,0,1,0,0.385728688364039,1
6984,3,0,0,0,-0.20309553469192132,0
6985,1,1,0,0,-0.12138287291277311,0
6986,2,1,1,1,0.33028071411941634,0
6987,3,0,0,0,2.175038047017728,0
6988,2,1,0,0,-0.7464081578525312,0
6989,2,1,1,1,2.0540538765581404,1
6990,2,1,1,0,1.5060907122577218,1
6991,2,0,1,1,0.9687221338335185,1
6992,3,0,1,0,1.416367716391778,1
6993,2,0,0,0,2.5825199244142274,0
6994,2,0,0,1,2.4387943965690773,1
6995,3,0,0,0,-0.2851387696750013,0
6996,3,1,0,1,1.6113741903364434,1
6997,3,0,1,0,1.32788660987753,1
6998,1,0,0,0,-0.30848261629987556,0
6999,1,0,0,1,0.5067117339467321,1
7000,2,0,1,1,0.747496411506029,1
7001,1,1,1,1,1.0536697231965797,1
7002,3,1,0,1,0.32642190405364835,0
7003,3,0,0,1,-inf,0
7004,3,1,0,0,-0.512491011151951,0
7005,1,0,0,0,-0.0757524749220877,0
7006,1,1,1,1,2.822178140075621,1
7007,2,1,0,0,-0.18516015359286409,0
7008,1,1,1,1,0.9830116053595631,1
7009,2,0,1,0,1.8118267106383819,1
7010,1,0,0,1,-inf,0
7011,3,0,1,0,2.7045780889706323,1
7012,2,1,0,0,0.014826314824264802,1
7013,3,1,0,0,0.07665716760221267,1
7014,1,0,1,1,0.9605989370882753,1
7015,2,1,0,0,2.600367054470875,1
7016,2,0,1,1,2.693567874847351,0
7017,2,0,0,1,1.8517873131547824,1
7018,2,1,0,1,0.3690022863502733,0
7019,2,1,1,1,2.0127382457286838,1
7020,1,0,0,1,-inf,1
7021,3,0,0,0,0.24383679385157642,0
7022,2,0,1,0,0.9625535821159824,0
7023,2,0,0,0,1.0220379077465513,0
7024,3,1,0,0,0.30160288818229075,0
7025,1,0,0,0,-0.025140533721677183,0
7026,2,0,0,0,-inf,1
7027,1,1,0,0,-0.15120538714299347,1
7028,1,1,0,0,-1.3907125879605216,0
7029,2,0,1,1,0.10514349789968,1
7030,3,1,0,0,0.7163734269969254,1
7031,2,1,0,1,1.7954322180381665,1
7032,1,1,0,0,-inf,0
7033,1,1,1,0,-inf,0
7034,2,0,0,1,-0.5435452873733269,0
7035,3,0,1,1,0.8976030446756147,1
7036,2,0,0,1,1.8647137433472405,0
7037,3,0,0,0,2.4532345042551,1
7038,2,1,0,1,1.065652281419775,0
7039,1,1,0,1,0.08758918196523047,1
7040,1,0,0,0,0.4511951041586403,0
7041,1,0,0,1,0.4608850877397472,1
7042,1,1,0,0,-1.2752688877466138,0
7043,1,1,1,1,2.3713449292011455,1
7044,2,0,1,0,1.3577223120553215,0
7045,3,0,1,1,3.4232033976107004,1
7046,1,0,0,0,0.8058016943432642,0
7047,2,0,0,1,0.42110375598066274,0
7048,1,1,0,1,-0.232912936937809,0
7049,2,1,1,1,1.5377680771871773,1
7050,3,1,1,0,2.003840757676933,0
7051,1,0,1,1,2.667232288044606,1
7052,1,0,0,0,-1.41085903265916,1
7053,3,1,0,0,0.29344925509370684,0
7054,2,1,0,0,0.48160755672302724,0
7055,3,1,0,0,-0.7750546322431205,0
7056,3,0,1,1,3.4717229110513688,1
7057,2,1,0,1,2.230940463409689,0
7058,2,0,0,1,-inf,0
7059,3,1,0,0,1.7644464470841448,1
7060,3,1,0,0,0.7569448001434437,1
7061,3,1,0,1,0.8801355033490647,0
7062,2,1,0,1,0.9703228816752155,1
7063,2,1,0,1,0.2847880213157956,1
7064,3,0,1,1,-inf,1
7065,2,0,1,1,2.6774713557277217,1
7066,3,1,0,1,1.5891897309265186,0
7067,2,1,1,1,3.3961014113532166,1
7068,3,0,1,0,1.2907825306275078,1
7069,1,0,1,1,-0.11687114720576175,1
7070,3,1,0,0,1.5632320525823995,1
7071,2,1,0,0,-0.3753066158250362,0
7072,1,0,1,0,1.486922700464498,0
7073,3,1,1,1,0.9843836774190532,1
7074,3,0,0,0,-1.176767325434621,0
7075,3,1,1,0,-0.10833171332905123,0
7076,3,0,0,1,-inf,0
7077,2,1,0,1,-inf,1
7078,2,0,0,0,-2.7549734818618528,0
7079,2,1,0,1,-1.5536708381093924,1
7080,2,0,0,1,2.319374735297207,0
7081,3,0,1,0,1.1954901128815045,0
7082,3,1,1,0,-inf,0
7083,3,1,0,0,-0.2902181640758359,0
7084,3,0,0,1,-0.18382466113659968,0
7085,2,1,1,0,-0.3047724164520813,0
7086,2,0,0,1,-inf,1
7087,1,1,1,1,0.1945991914018742,0
7088,1,1,1,0,0.6600480359434713,0
7089,2,0,0,1,-0.6122475819446944,1
7090,3,0,0,1,1.4124566793905438,1
7091,1,1,0,0,-inf,0
7092,3,1,0,1,1.5758928296112646,0
7093,3,1,0,0,0.25311409841587945,0
7094,2,0,0,1,1.6731794271087774,1
7095,2,0,0,1,2.304089134587339,1
7096,3,1,0,1,1.543951874544729,0
7097,3,1,0,0,0.11080758538207403,0
7098,2,0,0,1,-inf,1
7099,1,0,0,1,-inf,0
7100,3,1,0,1,1.9165835784462568,1
7101,3,0,0,1,-1.1631621727127341,0
7102,1,0,1,0,-1.1787285025957166,1
7103,2,0,1,0,0.42641227915282676,0
7104,2,1,0,0,1.7344320802779383,0
7105,1,1,1,1,0.04592363218505202,0
7106,2,0,0,0,-1.2140482054640171,0
7107,3,0,0,0,0.6513610635468259,0
7108,3,1,0,0,1.882263979363202,0
7109,1,1,1,1,1.0628851619353261,1
7110,1,1,1,1,0.994784824404729,1
7111,3,1,1,0,2.544096447702853,0
7112,1,1,1,1,-inf,1
7113,2,0,0,0,-1.7995596966372664,1
7114,3,0,1,0,4.072808891852033,0
7115,1,1,1,0,0.9106460141947368,0
7116,3,1,1,0,0.4264158419785164,0
7117,2,0,1,1,-inf,1
7118,1,0,1,1,-0.44686589366514895,0
7119,1,1,1,0,-1.6697550907986662,0
7120,2,0,0,1,0.7660703559901423,1
7121,2,0,0,0,2.952202424205554,0
7122,1,0,0,0,-0.47466047479894113,0
7123,3,1,0,0,0.09778537342033097,1
7124,1,0,1,1,0.9308460748878474,0
7125,3,0,0,1,1.6889459398703963,1
7126,1,0,0,0,-inf,0
7127,3,1,0,0,0.4169113127146202,0
7128,1,1,1,0,-0.9633265991904181,1
7129,1,0,1,0,1.4750304676740926,0
7130,1,1,0,1,-0.19119565183975507,0
7131,2,1,0,0,1.0171414078410295,0
7132,2,1,1,0,1.4289603931997248,0
7133,2,1,1,1,3.638280601845879,1
7134,2,0,1,0,-inf,1
7135,3,1,1,1,4.340176462630602,1
7136,3,1,0,1,1.0555331673364678,1
7137,2,0,0,0,-0.35582370876420966,0
7138,2,1,0,1,-1.0955753194886082,1
7139,2,1,0,1,-inf,1
7140,2,1,1,0,-1.915447621647932,0
7141,1,1,1,1,1.4463428748162754,1
7142,2,0,1,0,2.087823726350687,1
7143,2,0,0,1,1.0668254974962208,1
7144,1,0,1,0,-0.3877168423700458,0
7145,3,0,0,1,0.5722096261243661,1
7146,2,1,1,1,1.6935919129619759,1
7147,3,0,0,1,1.339214765687558,0
7148,2,0,1,0,1.1097142539562497,1
7149,1,0,1,1,3.496190223517447,0
7150,2,0,1,0,-0.19223566733870412,1
7151,1,0,1,1,2.375484836633623,1
7152,1,0,1,1,2.546291534386788,1
7153,3,1,1,1,2.308091650381353,1
7154,3,1,1,0,-inf,0
7155,2,1,1,1,0.6153853131402103,1
7156,3,1,1,0,-inf,1
7157,1,1,1,0,-0.31789929410765283,0
7158,3,1,0,1,1.2907024920624892,1
7159,2,0,0,1,0.9909605167959179,1
7160,3,0,0,1,0.34968762198988124,1
7161,1,0,1,1,0.8795592985112991,1
7162,1,1,0,0,-1.8033762197915686,0
7163,3,1,0,1,1.466924901937328,1
7164,1,1,1,0,0.0930323360502327,0
7165,3,1,0,0,0.6023609896259837,0
7166,2,1,0,0,-1.7549830096525492,0
7167,3,1,0,1,1.850445518464775,0
7168,3,1,1,1,3.121637359690121,1
7169,1,1,0,0,-2.0281400821857654,0
7170,3,0,1,1,2.295054574700323,0
7171,3,1,0,1,0.37003901365865194,1
7172,2,1,1,0,-1.9611337775107525,1
7173,1,1,1,0,-0.5750097720363121,1
7174,3,1,1,0,1.1584533113116655,0
7175,2,1,0,0,-0.7402025584139361,0
7176,2,1,0,1,-0.6454580098412495,1
7177,2,0,0,0,2.141208682379252,0
7178,3,1,0,1,-0.3184274186953752,0
7179,2,1,1,1,3.131645810492076,1
7180,1,1,0,0,-0.7583809074871075,1
7181,2,0,0,0,-0.07471107692514756,0
7182,2,0,1,1,2.055530593033936,1
7183,2,1,0,1,1.3461999203780604,1
7184,3,1,0,0,-inf,1
7185,2,0,0,0,0.05525248923677517,0
7186,1,1,1,1,2.287041568779319,1
7187,2,0,1,0,0.8651632240639053,1
7188,1,0,0,0,0.960067935496026,1
7189,2,1,1,0,-1.3747009417067497,0
7190,3,1,0,1,-0.9507691280551037,1
7191,3,0,0,1,1.1880348700680539,1
7192,1,1,1,0,-inf,1
7193,2,1,1,0,-0.2514221553994944,0
7194,3,0,0,1,0.9191231798347399,1
7195,1,1,0,1,-2.6222628388932163,0
7196,2,1,0,0,-0.3820159241452123,1
7197,1,1,1,1,1.0282015970557763,0
7198,2,1,1,1,1.0252205857783094,1
7199,1,1,1,1,-0.17964652731240954,0
7200,3,1,0,0,-0.7777915376077121,0
7201,2,1,0,0,-2.6290751510172097,1
7202,2,0,0,1,1.2283961626721474,1
7203,2,1,0,0,-3.3638624251224805,0
7204,2,1,1,1,-inf,1
7205,1,1,1,1,1.1628483277733621,1
7206,1,1,0,1,-0.5616421042089625,0
7207,2,0,1,1,2.966860658133795,1
7208,1,1,0,1,1.4336323696595161,0
7209,1,0,1,1,0.1142538568778656,0
7210,1,1,1,0,0.47189216777222326,0
7211,2,1,1,0,0.6926504012751935,0
7212,1,1,1,0,-1.19999599666943,0
7213,1,0,1,1,1.967166918134574,1
7214,1,0,1,0,0.16320201102665155,0
7215,1,1,1,1,-0.6242860754033362,1
7216,1,0,1,0,-0.11180760266145756,0
7217,3,0,1,0,1.0615812068633723,1
7218,2,0,0,1,-inf,1
7219,1,1,0,0,-1.3454360376765813,0
7220,2,0,1,1,1.8402134735927609,1
7221,3,1,1,1,3.2092964499492145,1
7222,3,0,1,0,2.1896243810484672,0
7223,1,0,0,1,-0.7738823428227887,1
7224,3,0,0,0,1.5284134702196337,0
7225,3,1,0,0,0.5305047787498993,0
7226,1,1,1,0,0.5237512116915507,0
7227,3,0,0,1,0.7947614463439672,1
7228,2,1,0,1,-0.03354269767602225,1
7229,1,0,1,1,-inf,0
7230,2,1,1,0,0.850584357500198,1
7231,2,1,0,0,-0.004837172208349283,0
7232,2,1,1,1,2.18370475332712,1
7233,2,0,0,0,-1.6694045209475679,0
7234,1,0,1,1,2.3886838342376997,1
7235,1,1,1,1,0.7705780981054029,0
7236,3,1,1,0,2.3577274819034013,0
7237,3,1,0,1,0.8453013772735336,0
7238,2,0,1,1,2.610377417294864,1
7239,1,1,1,0,0.6016241797341717,0
7240,1,1,0,1,-0.7663954471430574,0
7241,2,1,1,0,-0.6075555278727505,0
7242,1,1,1,0,-inf,0
7243,3,0,1,1,0.8666423882488279,1
7244,3,1,0,0,-inf,0
7245,1,1,1,1,0.4008114635869766,1
7246,3,1,0,1,1.8996191499605704,1
7247,3,1,0,1,1.6839263208475397,1
7248,2,0,1,1,-inf,1
7249,3,1,0,1,-1.1909577861045257,1
7250,2,1,1,1,-0.7685202379122946,1
7251,2,1,0,0,0.968017704629865,0
7252,2,1,0,0,0.10816310386100486,0
7253,3,1,1,0,1.3794911476818743,1
7254,1,0,1,1,1.2203700452065336,1
7255,2,1,1,1,1.5406551604054437,1
7256,1,0,1,1,1.633670130589989,0
7257,2,1,1,0,-1.780145114604403,0
7258,1,1,1,0,-0.1882678044424072,1
7259,1,0,1,1,-0.06712012951561941,0
7260,1,0,0,0,-inf,1
7261,1,0,1,1,-inf,1
7262,2,1,1,1,0.6918557096295489,1
7263,2,1,0,0,-2.7202087026972217,0
7264,1,0,1,0,0.5729081067214395,0
7265,1,0,1,1,1.5539304992829241,1
7266,1,1,1,0,-0.036951974263053855,0
7267,2,0,0,0,1.4826591228439752,1
7268,3,1,0,1,2.2852023335753486,0
7269,3,0,0,1,1.0493334403786254,1
7270,2,0,1,1,2.646588290036065,1
7271,2,0,1,0,2.2674326580013497,1
7272,2,1,0,1,0.554138400221543,0
7273,2,1,0,0,-1.1358530397331568,1
7274,2,1,0,0,1.2782258586426773,0
7275,2,0,1,1,0.8141542044525503,1
7276,1,0,0,1,0.3776663970891537,1
7277,2,1,1,1,2.6276947277476626,1
7278,2,0,1,0,0.7620281440156561,1
7279,3,1,0,1,3.4253555434205936,0
7280,3,0,0,1,-0.6104896389689,1
7281,2,1,0,0,-0.9727807303275444,1
7282,1,1,1,1,1.2319239333162595,1
7283,3,1,0,0,2.560039507610985,0
7284,3,0,1,1,1.8811617428786207,1
7285,3,0,0,1,2.0357691096396353,1
7286,3,0,0,0,-0.27021234658582993,0
7287,1,1,0,0,-2.254116164928381,0
7288,3,1,1,1,2.876957451638803,1
7289,2,1,0,0,2.3096130038103793,1
7290,2,0,1,1,2.79518123504909,1
7291,3,1,0,1,-inf,1
7292,1,0,0,0,-0.47661347286286715,0
7293,1,1,1,1,1.4820295028852366,1
7294,1,1,1,1,-inf,1
7295,2,0,0,0,-0.6931778186963078,0
7296,3,0,1,1,2.010734628786261,0
7297,3,0,0,1,0.8817663071775617,1
7298,2,0,0,1,-1.1724180326839886,1
7299,3,0,1,1,0.7244883901258803,1
7300,3,1,0,0,0.5120797632635067,0
7301,1,0,1,1,-inf,1
7302,3,0,0,1,2.4651091898910855,1
7303,1,1,1,0,0.23654364883719664,0
7304,2,0,0,0,-0.7199521958065318,0
7305,1,0,0,1,-0.8548425477061208,1
7306,2,1,1,0,0.6302869808985202,0
7307,3,0,0,0,2.079474576342682,0
7308,1,0,0,1,-1.1258402360492599,1
7309,2,1,0,1,0.13694493595167592,1
7310,3,0,0,0,1.0796905337872191,0
7311,2,1,0,0,1.301948675851833,0
7312,3,1,1,1,1.5037666729755579,1
7313,3,1,1,0,-inf,1
7314,2,0,1,1,1.361392581682077,1
7315,3,0,0,1,-inf,1
7316,3,1,0,1,3.641273178302777,1
7317,2,1,0,1,-0.4282618995855316,0
7318,3,1,0,0,-0.23032417111634712,0
7319,1,1,1,1,-1.5327846224258774,0
7320,2,1,0,1,0.33707979324593534,1
7321,3,0,0,0,-0.8247854419244693,0
7322,2,1,0,0,-1.156812845303489,0
7323,3,1,0,1,0.1732130736976725,1
7324,2,0,0,0,0.7417949876358861,0
7325,2,1,1,0,0.17067114327506144,0
7326,2,0,1,1,2.1956470291262975,0
7327,1,1,0,1,-0.07158005046696692,1
7328,1,0,1,0,-0.7515307367220609,1
7329,1,1,1,1,0.3760289798313781,1
7330,2,0,0,0,-0.47425083786084415,1
7331,2,1,1,0,-1.5872031002137488,0
7332,2,1,1,1,0.8815930467493004,1
7333,1,0,0,1,-1.2189534958281616,1
7334,2,1,1,0,-1.4292832506806923,0
7335,1,0,1,0,1.6662689823862527,0
7336,3,0,0,0,1.0065357167515034,1
7337,3,1,1,1,1.6475817897374823,1
7338,2,0,0,0,2.1992964775682324,0
7339,1,0,1,1,1.4858464451732132,1
7340,1,1,1,0,1.3858771567835286,1
7341,2,0,1,1,-inf,1
7342,1,0,0,1,1.7924711559227373,1
7343,2,1,1,1,1.013793752159455,1
7344,3,0,1,0,2.1087827128276038,0
7345,3,1,0,0,0.06681857621587162,0
7346,3,1,0,1,3.608298568256423,1
7347,2,1,0,1,0.5434961504608864,1
7348,1,1,1,0,-1.6814678473976357,0
7349,1,0,0,1,-inf,1
7350,2,0,0,1,2.227778609705484,0
7351,3,0,0,0,1.9897464770524047,0
7352,1,1,0,0,-0.8071185116650532,1
7353,3,1,1,0,1.0725295603460299,1
7354,3,1,0,1,1.0179416166076196,1
7355,2,0,0,1,1.7128781115251217,1
7356,1,1,1,0,-1.1908156194758577,1
7357,2,1,1,1,-1.0898016880944448,1
7358,2,0,1,0,-0.06848966756264441,1
7359,1,0,0,1,0.7194770412098181,1
7360,3,1,0,0,0.21034984918780397,0
7361,2,0,1,1,0.8375779404097708,1
7362,3,1,1,0,2.617287763115973,0
7363,3,1,0,0,1.6276902899199372,1
7364,1,1,1,0,1.4536013203889087,0
7365,2,0,1,0,1.8882087194466997,0
7366,1,0,1,1,0.35504210418083754,1
7367,2,1,1,0,-inf,0
7368,1,1,1,1,1.939678331745621,1
7369,3,0,0,1,3.408695789227686,1
7370,1,1,1,1,-1.4015680982981458,0
7371,1,1,0,0,-0.41132111853028797,0
7372,3,0,0,1,2.440087445192286,1
7373,3,1,0,1,3.352452035260313,1
7374,3,0,1,1,2.2055345720483803,1
7375,3,0,1,1,3.3881818716666943,1
7376,3,0,0,1,2.3275006289078757,0
7377,1,0,1,0,-1.8635863416907856,0
7378,2,1,0,0,1.5619653949836727,0
7379,1,0,1,0,-inf,0
7380,3,1,0,0,1.0707321132816336,0
7381,3,0,0,0,-1.3494066485793672,0
7382,1,1,1,1,1.1544087799265914,1
7383,3,1,1,0,2.5289217742711867,0
7384,1,1,0,1,1.7275349996649834,1
7385,1,0,1,0,1.0678269036544399,1
7386,2,1,0,0,0.7973055589715219,0
7387,2,0,1,0,-0.4468142270312303,0
7388,1,0,0,1,-inf,0
7389,1,0,0,0,0.6964188812994825,1
7390,1,0,1,1,1.6878253057743073,1
7391,3,0,0,0,1.3278105815168737,0
7392,2,1,0,1,-0.4083372884127665,1
7393,3,0,0,1,-inf,1
7394,1,1,1,1,0.16709113924892416,0
7395,1,1,0,0,-inf,1
7396,1,0,0,1,-1.0204182374319068,1
7397,2,1,0,0,1.364702475392718,0
7398,1,0,0,1,-0.6272210500453868,1
7399,2,1,1,0,-0.5365823657799357,0
7400,3,0,1,1,3.4909732066342163,1
7401,3,1,0,1,1.5054807572003033,1
7402,2,0,1,0,2.9000150700079805,0
7403,2,1,1,1,2.1913656900529297,1
7404,1,0,1,0,0.5012717640563665,1
7405,3,0,1,1,0.3523606666216427,0
7406,1,1,1,0,-1.4467776083968538,0
7407,1,1,0,0,-0.5414178676966288,0
7408,1,0,1,1,-1.3423097018468564,1
7409,2,0,1,0,1.6595677761003595,0
7410,1,1,0,0,-0.4268260041482655,0
7411,1,0,1,1,0.9592028780915832,0
7412,2,0,0,1,-0.8452588462683318,0
7413,2,1,0,1,1.5191299361496173,1
7414,3,0,0,0,-inf,0
7415,1,0,1,0,-0.7034496745357153,0
7416,2,0,0,0,0.7688822760856928,1
7417,2,1,1,1,-inf,0
7418,2,1,0,0,0.07393753538036785,0
7419,2,0,0,1,1.2653340830490425,1
7420,3,1,0,1,-0.45588110671564164,0
7421,3,1,0,0,1.8840648302664875,0
7422,1,1,0,1,2.109631505588582,0
7423,1,0,1,1,-inf,1
7424,1,0,1,0,-0.1181439121934981,0
7425,3,1,0,1,-0.7739247493346161,0
7426,1,1,1,0,1.4329869706677425,0
7427,2,0,0,0,0.4135955068632913,0
7428,1,1,1,0,-1.2789890230907448,0
7429,2,0,1,0,2.719503010086251,1
7430,3,1,1,0,1.7816309617706483,0
7431,2,0,1,0,0.5216094507716099,0
7432,3,0,0,1,1.8545094438654686,1
7433,3,1,1,1,1.3794772300549925,1
7434,1,1,0,0,-2.0349592604357247,0
7435,2,0,0,1,1.8635171151047316,1
7436,2,1,0,1,1.1538024651418435,1
7437,1,0,1,1,-inf,1
7438,2,1,1,0,1.2224067020715497,0
7439,2,1,0,1,-0.0020844182501612574,1
7440,3,0,0,0,-0.2505052357897033,0
7441,3,1,0,0,0.6590125907392261,0
7442,2,0,1,1,0.5835684044002725,0
7443,1,0,0,0,-1.6617876779984555,0
7444,1,1,1,1,4.151269386445189,1
7445,3,0,1,1,2.9383964551906305,0
7446,3,1,0,1,3.0099048621505737,1
7447,3,1,1,1,-inf,1
7448,1,1,1,1,1.990880785919929,1
7449,2,0,0,1,-inf,1
7450,2,0,0,1,1.2360909442121029,1
7451,2,0,0,0,-inf,1
7452,2,0,1,1,3.1615201961887553,1
7453,3,0,1,1,1.780497895068684,0
7454,2,0,1,1,1.583618758682018,1
7455,3,0,0,1,1.3767703860007603,1
7456,1,1,1,1,1.0940328214502562,1
7457,1,0,0,0,-0.30486919599193096,1
7458,2,1,0,0,0.4116162807650221,1
7459,2,0,1,1,2.9172972578171326,1
7460,2,0,0,1,-inf,0
7461,1,0,0,0,-2.830225885308653,0
7462,1,1,0,0,0.17855225048336412,0
7463,1,1,0,0,2.301857869074908,0
7464,2,0,0,1,0.5865115350596856,1
7465,2,0,1,1,2.1323947380085286,1
7466,3,0,1,1,3.45169266782493,1
7467,2,0,1,1,0.08695333431702376,0
7468,2,1,0,1,1.2271107509277495,1
7469,3,1,0,1,1.2051700394125802,1
7470,3,0,1,0,0.8016380270540833,1
7471,2,1,0,0,-1.291395351870427,0
7472,3,1,0,0,-0.654556408752506,0
7473,2,1,0,0,-0.9592444494316114,0
7474,3,1,0,1,3.2132939455680902,1
7475,1,1,0,1,-0.2786664138613079,0
7476,2,0,0,0,0.572025681909203,0
7477,3,0,0,0,-0.18365376232229255,0
7478,2,1,1,0,0.22720486193605127,0
7479,2,1,1,0,-0.9835274985667481,0
7480,1,0,1,0,-1.440374485809257,0
7481,1,0,1,1,1.899998836470725,0
7482,2,1,1,1,2.5070374133676547,0
7483,1,1,0,0,-2.8080362436058017,0
7484,1,0,0,1,-0.08927492285693203,1
7485,2,0,1,1,2.7433484832280923,0
7486,2,1,1,1,1.8938626971659327,1
7487,2,1,1,0,-0.4158735110127851,1
7488,2,1,0,1,1.349141344827073,1
7489,1,0,1,1,-inf,1
7490,2,0,0,0,-0.504731033354705,1
7491,1,1,0,0,-2.731562061660997,0
7492,2,0,1,1,2.974644078177299,1
7493,2,1,0,0,-1.1071783954553784,0
7494,3,1,0,0,0.7721300818930279,1
7495,2,1,0,0,1.2344688671729918,0
7496,3,1,1,0,-0.7123977143525952,0
7497,1,0,1,1,0.059280808914024874,1
7498,3,1,1,0,2.1482731948867366,1
7499,1,1,1,0,-0.005786553325548782,1
7500,1,1,1,1,1.2680477238395995,1
7501,2,1,0,1,-inf,1
7502,2,1,0,1,-1.1908099265775127,1
7503,1,1,0,1,1.2409302414965504,1
7504,3,1,0,1,2.18583515583584,1
7505,2,1,1,1,1.3575742659492214,1
7506,3,1,0,0,0.6603838903516002,0
7507,1,0,0,1,-1.030376925608696,0
7508,1,1,0,0,-inf,0
7509,1,1,0,1,1.8465964164729443,1
7510,1,0,1,1,2.3861284119501147,1
7511,3,0,0,0,0.7993974066530903,0
7512,2,0,1,1,0.8757548007352605,1
7513,1,1,1,0,1.59669373045918,0
7514,2,0,0,1,1.4480454363623074,1
7515,3,0,1,0,4.1608358114440565,1
7516,2,1,1,1,-inf,1
7517,3,0,1,0,3.0100966206923907,1
7518,1,1,0,1,-0.14373947390749078,1
7519,3,0,1,1,5.716732928457053,1
7520,3,0,0,1,2.4602502409423646,1
7521,2,1,1,1,2.9684871564542075,1
7522,1,0,1,1,-0.8293951712671463,1
7523,2,0,0,0,0.3921797964877899,0
7524,2,1,1,0,1.0249805557920646,0
7525,3,1,0,0,0.2651741141956867,0
7526,2,1,1,0,1.293695786632957,0
7527,3,0,0,0,0.5988922207674686,0
7528,2,0,1,1,1.6318946951666042,1
7529,2,1,0,0,-1.2966298477466842,0
7530,2,1,0,1,1.4043438835281012,1
7531,3,1,1,0,1.2737037136885299,0
7532,1,1,0,0,-0.11635872793828028,1
7533,3,0,0,1,-0.2684612417268263,1
7534,1,1,1,1,-inf,1
7535,3,0,0,0,-1.263020104475815,0
7536,2,0,0,1,1.0062200125203078,1
7537,2,1,1,1,-0.26916896086528186,1
7538,2,1,1,1,1.6450619770949682,1
7539,2,1,1,0,-1.0349529600253407,1
7540,2,0,0,0,-0.47835917650786397,1
7541,3,0,0,0,2.7847790897842146,0
7542,2,1,1,0,2.2349733051819025,0
7543,1,0,0,1,0.14534428276707234,0
7544,2,1,1,1,1.846114582123446,1
7545,3,0,0,0,-inf,1
7546,3,1,0,1,0.6488521174818931,1
7547,3,0,1,0,-inf,0
7548,3,0,1,1,0.9208696841640167,1
7549,3,0,0,0,-0.5370335943879702,0
7550,2,1,0,0,0.3203395095862224,1
7551,3,1,0,1,0.5777870618265227,0
7552,1,1,0,1,-1.5196373717694798,1
7553,2,0,0,0,1.6700081632195138,1
7554,3,0,1,1,-inf,1
7555,1,0,0,1,-1.7784197722537693,1
7556,2,1,1,0,0.686118594903464,0
7557,3,1,0,1,-inf,0
7558,1,0,0,0,-0.8928061708863763,0
7559,1,0,0,1,-0.24406323422303222,1
7560,1,0,1,0,-0.12504318146963678,0
7561,2,1,1,1,1.3790714435016123,0
7562,2,0,1,1,1.5697385101486285,1
7563,2,0,1,0,1.8538857751583442,0
7564,3,0,1,0,1.3148915344080447,0
7565,2,0,0,1,-1.7616445898434563,1
7566,3,0,0,0,0.06115107236816281,0
7567,1,0,1,1,1.5381260481330568,0
7568,1,0,0,1,-inf,1
7569,1,1,0,1,0.2910769326884986,1
7570,1,1,1,1,0.3564102900202323,0
7571,3,1,0,0,1.9634726968177278,0
7572,3,0,1,0,-0.27806737503340795,0
7573,3,1,1,1,4.717941895771616,1
7574,2,0,1,0,1.1263169036594223,0
7575,1,0,1,0,-1.169675167528303,0
7576,3,0,1,0,1.4224649308431896,1
7577,1,0,0,0,-0.8209558751958509,1
7578,1,1,1,0,1.0637892368049744,0
7579,2,0,0,0,0.1911477165858526,1
7580,2,1,1,1,0.6604090751169021,1
7581,3,1,1,1,2.394527727916395,0
7582,2,0,1,0,0.35285551357885236,0
7583,3,1,1,0,1.365552793810976,0
7584,1,0,1,1,1.927120571345439,0
7585,1,0,1,0,-0.7027278040295328,0
7586,3,1,0,0,0.07320647975452632,0
7587,3,1,0,1,1.8190232687203753,1
7588,3,0,0,1,-0.25439231125566986,1
7589,1,1,1,0,-inf,0
7590,2,1,0,0,-1.2864814654112027,0
7591,2,1,1,1,2.0543174686277066,1
7592,2,1,0,0,-2.1748664711308647,0
7593,2,0,0,1,0.3964786959556456,0
7594,2,1,0,1,-0.8003809669940292,1
7595,1,0,1,1,1.6546663373388308,1
7596,2,1,0,0,1.023293555608909,0
7597,1,1,0,1,-0.03554325112923745,1
7598,2,0,1,0,-0.7109960890737028,1
7599,2,0,1,0,3.124006131228791,0
7600,3,0,0,1,1.5292495347196207,1
7601,1,0,1,1,0.2414104435985666,1
7602,3,1,0,1,-inf,1
7603,3,0,1,0,1.6390445279910308,1
7604,3,0,1,1,1.399170549914719,1
7605,3,1,1,0,2.2940543792722625,0
7606,1,1,1,0,-1.1213068260741441,0
7607,3,1,1,1,2.66314273387573,0
7608,2,0,1,1,1.1531407425134002,1
7609,2,1,1,0,-0.5662649404246255,0
7610,1,1,1,1,1.2796265972435987,1
7611,2,1,1,1,-0.4547271943871518,1
7612,1,0,0,0,-1.0552201508885075,0
7613,2,0,0,1,1.2926421251748665,0
7614,3,1,0,1,-1.3967667814006117,0
7615,2,0,1,1,3.27744472451612,1
7616,3,1,1,1,3.090977804955747,0
7617,1,0,0,0,0.48779462169482973,1
7618,2,1,1,0,1.1023196031888747,0
7619,3,1,0,1,-1.0860499579086471,0
7620,1,1,1,1,1.7600033197680665,0
7621,2,1,1,0,0.2406631175994669,0
7622,3,0,1,0,2.5227156598229303,1
7623,1,0,1,1,0.2634492940675477,1
7624,2,1,0,1,0.800532451471673,1
7625,2,0,1,1,1.2528966503930252,1
7626,1,0,1,1,-0.31176923633517556,0
7627,2,0,0,0,0.14398315074985069,1
7628,2,0,0,0,-1.0226099328165963,0
7629,2,0,0,0,1.157231798645348,0
7630,2,1,0,1,0.7851385478664094,1
7631,2,1,1,1,1.5774167395571281,0
7632,1,0,0,0,-0.1260528306059049,1
7633,2,1,0,0,-1.5185672014357139,0
7634,1,0,0,0,0.6336042258203709,0
7635,2,0,0,0,0.4710131076053321,1
7636,2,0,0,1,3.1452934845577536,1
7637,1,0,0,0,-inf,1
7638,1,1,1,0,-0.4408999936690756,0
7639,3,0,0,1,-0.09120661676661834,0
7640,1,1,0,1,-0.30753503712746255,0
7641,1,0,0,1,0.722970572176629,1
7642,1,1,0,1,-0.015102694761091676,1
7643,1,0,1,1,3.3516497155925724,1
7644,3,0,0,1,2.4842139983713336,1
7645,2,1,0,1,0.8894508592109347,1
7646,1,0,1,1,1.3870402534808743,1
7647,3,0,1,1,4.875104113818751,0
7648,2,0,0,1,2.5004298609936493,1
7649,2,0,0,0,0.5008371048000454,0
7650,2,1,1,0,3.8090681901552172,1
7651,1,1,1,0,-0.7755257231305184,0
7652,3,0,0,1,3.1242786915341405,1
7653,3,1,0,0,-0.4896516631752371,0
7654,1,1,1,1,-2.4279871366014074,1
7655,3,0,0,0,1.4303501063038722,0
7656,3,0,0,0,-0.2720583959767698,0
7657,2,1,1,1,1.5372617867598326,1
7658,2,0,1,0,0.6192665387783384,0
7659,1,0,0,1,-1.1779029951651838,1
7660,3,1,0,0,0.3277481938898346,0
7661,3,0,0,0,1.3688233687020177,0
7662,3,1,1,0,-0.8714834389120483,0
7663,1,0,0,1,-inf,1
7664,1,0,1,0,0.7353362674790662,1
7665,2,1,0,0,-0.02102288043926892,0
7666,1,0,1,0,0.44915844268067423,0
7667,2,1,0,0,-1.186923088372075,0
7668,1,1,1,0,0.3905561442194377,0
7669,2,0,0,1,0.9318457085937301,0
7670,1,0,0,0,-1.217484094825282,1
7671,1,1,1,0,-2.9578173012352833,0
7672,2,0,0,1,2.446854262430257,1
7673,3,0,0,1,1.7738668731009444,1
7674,3,1,1,0,3.7035730246287097,1
7675,2,0,0,0,-0.5845403309587356,0
7676,1,1,1,0,-2.9499964612361698,0
7677,2,1,0,1,-inf,1
7678,1,1,0,1,-inf,0
7679,3,1,0,0,-1.474604330358476,0
7680,3,0,1,1,2.345223633579757,0
7681,1,1,0,0,-0.0256564334699122,0
7682,3,1,0,0,-0.01796100760954633,0
7683,1,1,1,1,0.03386786272281184,0
7684,2,0,1,1,-inf,1
7685,1,0,0,0,-0.6314927064243558,1
7686,3,0,0,0,-inf,1
7687,3,1,1,1,2.161014254840469,1
7688,3,1,0,1,1.7511797046668462,1
7689,1,1,0,1,-0.38333551383201675,0
7690,2,0,1,1,1.183745230945727,1
7691,3,0,0,1,-0.1662907611284048,1
7692,2,0,1,1,1.9676529469313382,1
7693,1,1,0,0,-1.5798593054396388,0
7694,2,1,0,1,0.20068900121528033,1
7695,2,0,1,0,2.016294573381095,0
7696,3,1,0,1,2.1291247547815972,0
7697,1,0,1,0,0.7692330620536936,1
7698,3,0,0,0,1.5893885731094666,0
7699,1,0,0,1,2.1536230714011824,1
7700,2,1,0,0,-inf,0
7701,2,0,0,1,1.03130502487987,1
7702,2,0,1,1,2.5662405177698666,1
7703,3,0,0,0,-0.4939200584700438,0
7704,1,1,1,1,-0.014764335161105618,1
7705,3,1,0,1,-0.8714189599232325,0
7706,1,1,0,0,-1.9362039751988604,0
7707,2,0,1,0,0.45678601090742865,1
7708,1,0,1,0,1.3153223710619555,1
7709,2,0,1,0,1.9455901623503338,0
7710,3,1,1,0,-0.15299354094554396,0
7711,3,1,1,0,2.165688912911871,1
7712,1,0,1,1,0.5389299055317857,1
7713,1,0,0,1,1.4083890801592989,1
7714,2,0,1,0,0.6752429916232967,0
7715,1,1,0,0,-2.65303492603186,0
7716,1,1,1,0,-2.2289151341241595,0
7717,1,1,1,1,-0.6589583522782595,1
7718,1,0,1,0,1.7101740044655072,0
7719,3,0,0,1,0.17561240679787726,1
7720,2,1,0,0,-0.9417662023456441,0
7721,3,0,1,1,1.5893751832371121,0
7722,1,1,0,1,1.0768349546887124,1
7723,3,0,0,1,-0.33394474942091945,1
7724,1,0,1,0,2.2300864630043353,1
7725,2,1,1,1,0.7199434896878065,1
7726,2,1,0,0,0.8142313908721173,0
7727,3,1,1,0,1.0836573056730932,0
7728,3,0,0,1,2.514899541364015,1
7729,2,1,0,1,-0.5867628600679468,0
7730,2,1,0,0,-0.2733660239226831,1
7731,1,1,0,1,0.6163252395701568,1
7732,3,0,1,0,1.3845899013033423,1
7733,1,0,1,1,2.051328509401202,0
7734,2,1,0,0,-1.264739760606923,0
7735,2,1,0,0,-inf,1
7736,1,0,0,0,0.16956391996886733,1
7737,1,1,0,1,-0.06716870896101323,1
7738,2,1,1,0,-0.35244924236295283,0
7739,2,0,1,0,1.1206299202666012,0
7740,3,0,1,1,2.3553141824729513,1
7741,3,0,1,0,2.292046837510223,1
7742,2,0,0,1,2.0014836485959853,1
7743,1,1,0,0,-0.6741476568537914,1
7744,2,1,0,1,1.0109085804943243,0
7745,1,1,0,0,-1.4442006751849306,1
7746,2,1,0,0,0.417508531697657,1
7747,2,0,1,1,4.770991897106601,1
7748,1,1,1,1,1.1130704911595075,1
7749,1,0,1,0,-0.5276004864235286,1
7750,1,1,1,1,1.374700572530355,1
7751,1,0,1,1,-inf,0
7752,3,0,1,1,1.558393125650083,1
7753,3,0,1,0,2.7450966737687876,0
7754,2,1,1,1,3.321811847521857,1
7755,1,1,0,1,0.05649266939308417,1
7756,2,1,0,0,-2.8662790557491475,1
7757,2,1,0,1,2.19832468692592,1
7758,2,1,1,0,0.499232896533087,0
7759,2,1,0,0,-0.1436785649403135,1
7760,1,1,0,0,-inf,0
7761,2,0,1,1,-inf,1
7762,2,0,0,0,-0.9244237270915832,0
7763,2,1,0,1,1.2463739329683583,1
7764,2,1,0,0,-1.2670496187830147,0
7765,2,1,0,0,0.22142838881256433,0
7766,3,0,0,1,2.4098730839123177,1
7767,3,0,0,0,0.7656840376593774,0
7768,1,1,1,1,1.263840142997243,1
7769,3,0,1,0,-inf,0
7770,1,0,0,0,-0.7988158518109703,1
7771,1,1,0,0,-inf,0
7772,3,0,0,0,0.7791712624589417,0
7773,3,0,0,1,1.8093194329847189,0
7774,2,1,1,0,1.4915520299560452,0
7775,3,1,0,0,-1.52110100658247,1
7776,3,1,0,0,-1.1136605689269208,0
7777,3,0,0,0,1.3172146642570917,0
7778,1,1,0,0,-inf,0
7779,2,0,0,0,1.9346644047749775,1
7780,1,0,1,0,-1.7970331547416385,0
7781,3,0,0,0,-0.3963502437770954,0
7782,3,0,1,1,-inf,0
7783,2,1,0,0,-0.6318439013897499,1
7784,2,0,0,1,0.6945338276084243,0
7785,3,1,1,1,4.598080807610623,1
7786,2,1,0,1,-0.26825438362827914,1
7787,1,1,0,0,-0.9841350196059317,0
7788,3,1,1,1,2.065535101940298,1
7789,2,1,1,1,0.25970721324020296,0
7790,1,0,0,0,0.09059531495661544,0
7791,1,1,1,0,-1.4628308086016542,0
7792,1,1,1,0,-inf,0
7793,3,1,1,1,3.2339251300658844,1
7794,2,1,0,1,1.1989659505717598,0
7795,2,0,0,1,-0.23141107712551695,1
7796,3,1,0,1,2.0334614943906626,1
7797,2,0,0,1,-0.06786727156036321,1
7798,3,1,0,0,0.05120667368838483,1
7799,2,1,0,0,-1.5073839698524272,0
7800,2,0,0,1,0.3985883370291106,1
7801,1,0,1,0,-2.0444727092850714,0
7802,2,1,0,1,-0.19627351900500345,1
7803,2,1,1,0,-0.07306681348221689,0
7804,2,0,0,0,-1.0020138448423956,0
7805,1,1,1,0,0.24559059910194642,1
7806,1,0,0,1,1.0393312125333856,0
7807,3,0,1,0,1.0421996932414697,1
7808,1,0,1,1,1.288303325176293,1
7809,3,1,1,0,1.281673648586427,1
7810,1,1,1,0,-inf,0
7811,2,0,0,0,-1.3332189535711796,0
7812,2,0,0,1,1.8592480952989032,1
7813,2,0,0,1,0.3584985098834294,0
7814,3,0,0,1,0.35757370177121134,1
7815,1,1,1,0,0.895227176072797,1
7816,2,0,1,1,1.0050930765046924,1
7817,2,0,0,1,-inf,0
7818,1,1,0,0,-0.14595990230004674,0
7819,2,0,0,0,-0.5433429727007034,0
7820,2,1,1,1,1.3221608766077502,1
7821,3,1,0,1,-inf,1
7822,3,0,0,1,1.372576238613744,1
7823,2,0,0,1,1.270924241877951,1
7824,2,0,0,0,-1.7942930581436078,1
7825,1,1,1,1,1.902900207986404,1
7826,1,1,1,0,-1.8911908226332357,0
7827,3,1,1,0,0.04937085482676784,1
7828,2,0,0,1,2.7478148625072834,1
7829,3,1,0,0,-inf,0
7830,2,1,0,0,1.2834186233331102,1
7831,3,1,0,1,2.503200639714587,1
7832,1,0,1,0,-inf,0
7833,3,1,0,1,1.2346135013151234,1
7834,3,0,0,1,1.8505386280058993,0
7835,2,0,1,1,3.942421462075982,1
7836,2,1,0,1,1.2141418236610146,1
7837,3,1,0,1,1.37426697746635,0
7838,2,0,0,0,1.4012235867756955,0
7839,1,1,1,1,0.5328388186537809,0
7840,2,1,0,0,-0.5372642113959952,0
7841,3,0,0,1,0.4619360315783692,0
7842,2,0,1,1,1.929780425770306,1
7843,3,1,1,0,1.315435496671039,0
7844,2,1,0,1,-inf,0
7845,3,0,1,1,2.642273222224144,0
7846,1,1,0,0,0.6699963168998665,1
7847,2,1,0,0,1.2095767148689291,0
7848,2,0,1,0,-0.8565196681938887,0
7849,2,1,1,1,1.183943962781647,0
7850,2,1,1,0,1.7904425481742159,1
7851,2,1,0,1,-1.2678328381887258,1
7852,1,0,1,1,-1.0359351498568914,0
7853,2,0,0,1,-1.4300893318211418,0
7854,3,1,0,1,-1.5663498638342843,0
7855,1,1,1,0,-2.0597088476757595,0
7856,3,1,1,0,2.0701156848982123,1
7857,3,0,0,1,1.4519627078453383,0
7858,2,1,0,0,-0.1869172526467961,1
7859,2,1,0,1,2.5296868367009413,1
7860,3,1,0,1,-inf,0
7861,1,1,1,0,0.1135246432863608,0
7862,2,1,1,1,1.462110129528059,1
7863,1,0,1,1,2.1713873925306144,1
7864,2,1,1,0,1.359709432853043,0
7865,2,1,1,1,1.7023111955221983,1
7866,3,0,1,1,4.004002664760322,1
7867,3,0,1,1,0.19539027160408318,1
7868,3,1,0,0,-2.653878988967792,0
7869,1,0,1,1,-1.1422295112783072,1
7870,2,1,0,1,3.0231356081932073,1
7871,3,0,0,0,2.615873756237707,0
7872,1,1,0,1,-1.0688785679858306,1
7873,3,1,1,0,1.6033467091884561,0
7874,1,0,0,0,-0.21178939075020117,0
7875,1,0,1,1,-inf,1
7876,3,0,0,1,3.66029293575418,1
7877,1,1,1,1,0.565840983908107,0
7878,1,0,0,0,-inf,0
7879,3,0,0,0,1.6698286701288043,0
7880,3,1,1,0,0.581428309411995,0
7881,1,0,1,0,0.4974517603047002,0
7882,1,0,0,0,-1.5051741644532701,0
7883,2,0,1,0,0.14512373222870956,1
7884,2,1,0,1,2.796483482128231,1
7885,3,1,0,0,-0.10140290108569983,0
7886,3,1,0,0,3.0208973976186533,0
7887,3,1,1,0,2.2658909977696458,0
7888,1,0,0,0,-inf,0
7889,1,0,1,1,0.4901104385500263,1
7890,2,1,0,1,1.495512303705272,0
7891,1,0,0,1,-inf,1
7892,2,0,1,0,2.182383009014127,1
7893,2,0,0,1,0.4884841170846624,1
7894,3,1,0,1,2.856105888499039,1
7895,1,0,1,0,0.5279099717525231,1
7896,2,0,1,1,2.58070375726673,1
7897,2,0,1,1,2.4000375119339017,1
7898,2,0,1,1,2.276123648108321,0
7899,2,0,0,1,-0.39128221299986377,1
7900,3,0,0,0,1.685081103743833,1
7901,3,1,1,0,-0.7235456128198046,0
7902,3,0,0,0,-1.4587812445284614,0
7903,1,1,1,1,1.511135666106402,1
7904,1,1,1,1,-inf,1
7905,2,1,0,0,-1.1082451584426538,0
7906,2,0,0,1,1.8229119033386825,1
7907,3,0,0,1,3.3278092459922743,1
7908,2,1,0,0,-1.5378589377404612,0
7909,1,0,1,1,0.5437526894527163,0
7910,3,0,1,1,4.634346920290478,1
7911,2,1,1,0,-2.182154563942908,0
7912,2,0,0,0,-1.550235280905772,0
7913,2,1,0,1,-0.4081753998706019,1
7914,1,0,1,0,1.3436813278330244,1
7915,3,0,0,1,2.810849420870106,1
7916,2,0,1,0,1.2398204702126476,0
7917,2,1,0,0,-2.0333126463401436,0
7918,1,1,1,0,-inf,0
7919,2,0,0,0,-inf,1
7920,3,0,1,1,2.4045617358158546,1
7921,3,1,1,0,-inf,0
7922,2,1,1,1,-inf,0
7923,2,0,0,0,0.3867349114779822,1
7924,3,1,0,1,0.5553418363727278,1
7925,2,1,0,0,-inf,0
7926,2,1,1,0,-inf,0
7927,3,1,1,1,1.8259780668330123,1
7928,2,0,1,1,3.465830564867968,1
7929,2,0,0,1,-0.6846303485045795,1
7930,3,1,0,1,1.1985848967132766,1
7931,1,0,0,0,-1.7494827258398375,1
7932,2,0,1,1,1.520051200182615,0
7933,2,1,1,1,1.1418311879974818,0
7934,2,1,1,1,1.8647730370610724,1
7935,2,1,1,1,-inf,1
7936,2,1,1,1,1.0317158315693584,1
7937,3,0,0,1,1.8588416944387474,0
7938,1,0,1,0,0.7711981206341767,1
7939,3,0,0,0,1.7014414350445746,1
7940,2,1,0,0,-0.9844712789063689,0
7941,2,0,0,0,0.6318803174619201,1
7942,1,1,1,1,-0.6570720469343632,0
7943,3,0,0,1,0.9544666279272654,1
7944,1,1,1,0,-2.409776956413636,0
7945,1,1,0,1,0.6985384079047415,1
7946,2,0,1,1,2.8400164462449897,1
7947,1,0,1,1,1.1693370095847164,1
7948,3,1,0,0,-0.24312996962601763,0
7949,3,0,1,1,1.3082619610839865,1
7950,2,1,0,0,-1.0039109868272915,1
7951,1,1,1,0,2.2789368359870337,1
7952,1,0,1,0,2.052762340550355,0
7953,2,1,0,0,-0.4505663820334828,1
7954,3,0,0,0,-0.4395971661629833,0
7955,1,0,0,0,-2.22017173515218,1
7956,1,1,1,0,-0.1496149292238913,0
7957,3,1,0,0,-2.0121767447336127,0
7958,2,1,0,1,1.1957183172369872,0
7959,2,0,1,1,1.442808799122561,1
7960,3,1,0,0,-2.6265656102914603,0
7961,1,0,0,1,-0.45207271948612815,1
7962,3,1,1,0,1.7221385952168071,0
7963,3,1,0,1,2.0079797861240856,1
7964,3,0,0,0,-1.8084952190675907,0
7965,3,0,0,1,0.9870448074247651,1
7966,1,0,1,1,3.2618112835117348,1
7967,1,1,0,1,0.5245633370864171,1
7968,3,1,1,1,-inf,1
7969,2,0,1,1,1.6831725801414585,1
7970,2,1,1,1,2.871867351185352,1
7971,1,1,1,1,5.2302746026031475,1
7972,2,0,1,1,1.734448645373007,1
7973,2,1,1,1,0.9151465137973466,1
7974,1,1,0,1,0.24516441804006572,1
7975,3,1,1,0,3.0885871611895284,1
7976,1,1,1,1,-inf,1
7977,3,0,0,0,-inf,0
7978,3,1,0,1,3.162174492306218,1
7979,2,0,0,0,0.755561880271479,1
7980,3,0,0,0,0.2984709195078524,1
7981,2,0,0,1,-inf,1
7982,2,0,0,0,-0.9283434789709554,0
7983,3,0,0,0,-1.2739717710637573,0
7984,2,1,1,1,1.0034660179463721,1
7985,2,0,1,0,2.435395878137085,1
7986,2,1,0,1,2.892658101652465,1
7987,2,1,0,1,1.4458943625361158,1
7988,1,0,0,1,0.6975413968617712,1
7989,3,1,0,0,0.8758305272288344,0
7990,1,1,0,1,-1.0769076234932937,0
7991,2,0,0,0,1.484401258384017,1
7992,2,0,1,0,2.244583407430228,0
7993,1,1,1,1,-0.37933654251095544,0
7994,1,1,0,0,-2.339058065026753,0
7995,3,1,0,0,0.7931176002664487,0
7996,2,1,1,0,0.4684831988295505,1
7997,3,1,0,1,-1.1318029556530957,0
7998,1,1,1,1,-inf,1
7999,1,1,1,1,2.936908926474632,1
8000,2,1,1,1,4.738342787903331,1
8001,2,1,0,1,2.252511211359416,1
8002,3,0,0,1,0.6301576491629145,1
8003,3,1,0,0,-inf,0
8004,1,1,0,1,0.6042136700140678,1
8005,3,1,0,0,1.147952627020749,1
8006,2,1,0,0,-0.8451440057375345,1
8007,3,0,0,1,0.5549996473445462,0
8008,2,1,1,1,0.5546149583416342,0
8009,3,0,1,0,1.3691452170486529,0
8010,2,1,1,1,1.6641675089360217,0
8011,2,1,0,1,2.2026986493480645,0
8012,1,0,0,1,-inf,1
8013,2,0,0,0,0.9254828796656432,0
8014,3,1,0,1,2.004788795100532,1
8015,1,1,1,1,-0.3118965278744965,1
8016,1,0,0,0,-1.800213354336205,0
8017,2,1,0,1,-inf,1
8018,1,0,0,1,0.6473540691546132,1
8019,3,1,0,0,2.14431776375587,0
8020,1,0,1,1,2.822533185615029,1
8021,1,1,1,0,-1.4890556442225291,0
8022,2,1,0,0,-1.9854894664083325,1
8023,3,0,0,0,1.4134242256452665,0
8024,1,1,1,1,-0.7163122555016213,1
8025,1,0,0,1,1.078988822127171,1
8026,3,0,0,0,1.1860385705707563,1
8027,1,1,1,1,1.8090914611104454,1
8028,3,1,0,0,1.0734002838350944,0
8029,2,0,1,0,-2.3978034988241594,0
8030,2,0,1,0,0.5740072323295609,0
8031,2,1,0,1,1.111277874903784,0
8032,1,0,1,0,-0.6228227819293501,0
8033,1,0,0,1,-1.1613790927799137,1
8034,3,0,0,1,2.0650274203028456,0
8035,2,0,1,1,-0.4200874441589312,0
8036,2,0,0,0,-0.7084595140438796,1
8037,1,1,1,1,0.4191718344918075,0
8038,3,0,1,1,3.3866874187431315,1
8039,2,1,1,0,0.8281764934953733,0
8040,1,0,0,1,1.3350919021555694,1
8041,2,0,1,1,1.4633046600121378,1
8042,3,1,1,1,2.8797023929171446,1
8043,3,1,0,0,-2.054841613629135,0
8044,1,1,1,1,0.2854703752065038,0
8045,3,1,0,1,-0.11429515150059466,1
8046,2,1,0,1,-0.6117622416905586,1
8047,2,0,0,1,3.575699215592471,1
8048,1,1,0,0,-0.6993447480555652,1
8049,2,0,0,0,-0.265301853048868,0
8050,1,1,1,1,0.7304590536577842,0
8051,2,1,0,1,-1.1828987040332675,1
8052,2,0,0,1,0.9420778452702312,1
8053,1,0,1,0,1.3460843465274899,1
8054,1,0,1,1,0.5797317242702292,1
8055,2,0,1,1,2.024267932592105,1
8056,2,1,1,1,1.694121313921131,1
8057,2,1,0,0,-0.38482277888825495,0
8058,1,0,1,1,1.9606487198616407,0
8059,3,0,1,1,2.052985724856342,1
8060,3,1,0,0,-0.06297499984510285,0
8061,3,0,0,0,1.924150336844361,1
8062,1,1,1,1,2.0512525628852156,0
8063,2,1,1,0,-0.6157935212971747,0
8064,3,1,0,0,1.4032825049386985,0
8065,2,0,0,1,1.6566583882998995,1
8066,2,0,1,0,-inf,1
8067,2,1,1,0,-inf,0
8068,1,1,1,1,1.9901455098298118,1
8069,1,0,0,0,-3.2562715967612736,0
8070,3,0,0,1,2.0814609833306466,0
8071,1,0,0,0,-1.793427723505155,0
8072,2,0,1,1,3.1131633273240014,1
8073,1,0,1,1,0.386590026034191,0
8074,2,1,0,0,-0.41185001337951854,1
8075,1,0,1,0,1.6329139561499582,0
8076,1,0,1,0,-0.9686590954469397,0
8077,2,1,1,1,1.7141998508048084,1
8078,1,1,0,1,-0.8798708759840552,1
8079,2,1,1,1,3.606912841439122,1
8080,2,1,1,0,-inf,0
8081,2,0,1,0,1.9664195204256312,1
8082,3,1,1,0,3.7775872905764865,1
8083,1,1,1,1,2.208767598760731,1
8084,2,0,0,0,0.29894288396990576,0
8085,3,0,1,0,2.496068385725944,1
8086,3,0,0,0,-0.5926739745421385,1
8087,2,1,0,0,-2.4218022577773066,0
8088,3,1,1,0,-1.543200669543059,0
8089,2,1,1,1,0.11614451213271737,1
8090,3,1,0,1,2.5264822741755557,1
8091,2,1,0,0,-0.3520588704541315,1
8092,3,0,1,1,2.271729570770408,1
8093,1,0,0,1,0.012791754353965734,0
8094,2,1,0,0,-1.2561391452283788,0
8095,2,0,1,0,0.342036743655157,0
8096,3,1,0,1,2.0418530006316216,1
8097,1,1,1,1,0.42217183079652554,1
8098,2,0,1,1,3.36742128662046,1
8099,2,0,0,1,0.3756540240511545,0
8100,2,0,0,0,-0.7114275222662354,0
8101,1,0,1,0,-0.1692670419328698,1
8102,2,0,1,1,0.8010837586043966,0
8103,2,0,1,0,2.813892534319467,0
8104,2,0,0,0,-inf,0
8105,1,1,0,0,-inf,0
8106,1,0,0,1,-0.3679405175746533,0
8107,3,0,0,0,-0.04347037842126722,1
8108,1,1,0,0,0.13669959336462012,0
8109,1,1,1,1,2.33986990142155,1
8110,2,1,0,1,0.9226327658134462,1
8111,1,0,0,1,-0.22972900750765954,0
8112,2,1,0,0,0.44960404128894255,0
8113,1,1,1,1,-inf,1
8114,2,0,0,0,-1.3740827245350835,0
8115,2,0,0,1,0.5275681257171969,1
8116,1,0,0,0,-2.22113678925362,0
8117,2,1,1,1,0.14178349409563462,1
8118,3,1,0,0,-0.2827693669408089,1
8119,1,1,1,1,1.2111576278117961,0
8120,2,0,0,1,1.8173715479574333,1
8121,2,1,1,1,2.3184538848079566,1
8122,3,0,0,1,3.5140356523587077,1
8123,2,0,0,1,2.791045721744447,1
8124,2,1,0,1,1.2778037056160572,0
8125,3,1,0,1,0.27614340329077414,1
8126,2,1,0,1,1.2971077382921974,1
8127,1,0,1,1,1.1316575826540654,1
8128,2,1,1,1,3.086970241688459,1
8129,1,1,1,1,-0.0794537764601615,0
8130,3,1,0,0,-1.0803007093740427,1
8131,1,0,0,0,-inf,0
8132,2,0,1,1,2.2012955037844977,1
8133,1,0,0,1,0.5179751365819439,1
8134,2,1,1,0,-0.29852829145953336,0
8135,2,0,1,1,4.017626630141848,1
8136,1,1,1,0,-3.458136876584827,0
8137,2,1,0,0,1.6703039881977415,1
8138,1,1,1,1,-0.1857346036597084,1
8139,3,1,0,1,2.7490490194584556,1
8140,2,0,0,1,-0.2606851749236906,1
8141,2,0,0,1,-0.4187860699576303,1
8142,1,0,1,0,-inf,0
8143,1,1,1,0,0.5364901756144888,1
8144,1,1,1,0,1.9768200426745426,1
8145,3,0,0,0,-inf,1
8146,3,0,1,0,1.8737228234879593,0
8147,1,1,1,1,1.5756734747201877,1
8148,3,0,0,0,-1.6461925202830394,0
8149,1,0,1,1,1.9064057447165346,1
8150,2,0,0,0,2.2762907001866504,0
8151,2,1,1,1,1.0195458465666585,1
8152,3,0,0,0,0.49624746650917395,1
8153,3,1,1,0,2.206326171721927,0
8154,1,0,1,0,-0.11033695683233324,0
8155,3,1,1,0,2.8931908189822892,0
8156,2,0,0,0,-0.5436707636967781,0
8157,3,0,1,1,2.6766991252735957,0
8158,3,0,1,1,1.009388768210698,0
8159,2,0,0,1,1.4046734730292985,1
8160,3,1,0,0,-0.8555336168223477,0
8161,3,1,0,0,-2.621976623482888,0
8162,1,1,0,1,-0.5644107404111061,1
8163,1,0,1,0,-0.05049067014417122,0
8164,1,1,0,0,-0.5177951455509879,1
8165,2,0,0,0,0.5961241726291839,1
8166,3,1,0,0,0.04065580234879168,0
8167,3,1,1,1,1.6938438453373035,0
8168,1,0,1,0,-0.8288063175219337,0
8169,1,1,0,0,-1.1230316087296748,1
8170,1,0,0,1,1.3937863658847296,1
8171,1,0,0,0,-inf,0
8172,2,1,0,1,1.87315360849122,0
8173,2,1,0,1,3.6357959099153345,0
8174,3,0,1,1,1.8049796690633522,1
8175,2,1,1,0,-inf,0
8176,3,1,1,1,-inf,1
8177,1,1,1,1,1.4787234227943964,1
8178,3,1,0,1,2.6797453951288954,1
8179,3,0,0,0,-2.4398386229701394,0
8180,1,1,1,1,1.3479974913344481,1
8181,3,0,0,0,0.8380639711956847,1
8182,1,0,0,0,-inf,0
8183,1,1,0,1,-inf,1
8184,2,1,0,1,-1.8109669089448306,1
8185,1,0,1,0,0.13768989745850635,1
8186,3,0,1,1,1.3908588053097621,0
8187,1,1,1,0,0.15987773479783027,0
8188,2,0,0,1,1.4975050635946916,0
8189,1,1,1,1,0.7324260816951069,1
8190,2,0,0,1,1.4173430548571362,1
8191,3,1,0,1,-0.43593747872644273,1
8192,2,1,0,1,1.7039848327632745,1
8193,2,0,1,1,2.262625824667284,1
8194,3,0,0,1,2.9350802470648714,1
8195,2,1,1,1,1.0927785559998664,1
8196,2,0,1,0,-0.7816528499538331,0
8197,2,1,1,1,1.1109470885378043,1
8198,3,1,0,0,0.7544546930449506,0
8199,3,0,1,0,-0.1729588794359842,0
8200,3,1,0,0,1.4309888571781857,0
8201,3,1,1,1,0.14596604397485635,1
8202,3,1,0,1,-inf,1
8203,2,0,1,1,0.4609406696146595,1
8204,2,1,1,1,2.133925188336858,1
8205,1,0,1,0,-0.6351245510435727,0
8206,2,1,0,0,-0.9313321600468494,1
8207,3,1,0,1,4.84032980101613,1
8208,2,1,1,0,-0.2642198017039088,0
8209,2,1,0,0,-0.9609639118363392,0
8210,2,1,0,0,0.17283003895125287,0
8211,1,0,1,0,-1.6172162966570858,0
8212,2,0,1,1,0.3960401505763028,0
8213,2,0,0,0,-0.9175818912675081,0
8214,2,0,1,0,2.4453874601159553,0
8215,2,0,0,0,2.1122710743697883,1
8216,2,0,0,0,-1.6032755547560673,0
8217,3,1,0,1,1.3190918624424148,0
8218,1,0,1,1,0.9977845011987998,1
8219,3,0,0,0,-0.11285416150423389,0
8220,3,1,0,0,-1.0491373068744398,0
8221,1,1,1,1,0.5038125669491739,0
8222,1,1,1,0,1.2078993695049451,0
8223,1,1,1,0,-2.899900252106346,0
8224,2,0,0,1,1.4385991149670054,1
8225,2,1,0,1,2.5147283131497415,1
8226,1,0,0,0,1.0240738537565874,0
8227,3,0,0,0,0.4427316041254283,0
8228,2,0,0,0,0.020603294908554434,0
8229,2,1,1,1,2.655331434951946,1
8230,3,0,1,0,-inf,0
8231,2,0,0,1,3.4260507089834165,0
8232,1,0,0,0,-2.097100952928234,0
8233,2,0,0,1,1.7178197504253365,1
8234,2,0,0,0,-0.44013572711547666,0
8235,2,0,0,0,-0.6906170638382314,0
8236,2,0,1,0,1.0540312301521402,0
8237,3,1,0,1,1.4795506263390212,0
8238,1,1,1,1,1.0115535726289124,0
8239,2,0,0,0,1.2456202341738012,0
8240,2,1,0,1,-0.25571084994353377,1
8241,2,1,0,0,1.1154296891439475,0
8242,1,1,0,0,-inf,0
8243,2,0,0,0,0.21238912941984356,0
8244,3,0,1,1,3.7262889355417492,1
8245,2,1,1,0,2.660068905446082,0
8246,3,0,0,1,-inf,1
8247,1,1,0,0,1.440663874629179,0
8248,2,0,0,0,-1.2474539318246145,1
8249,2,1,1,1,2.114696595956954,1
8250,2,1,0,0,1.0810260163829961,0
8251,2,0,1,1,2.758685275868118,0
8252,3,1,0,1,2.2772724216292453,1
8253,3,1,1,0,1.7130253976922676,1
8254,2,0,1,1,3.2486975252748818,1
8255,2,1,0,0,-inf,1
8256,2,1,1,0,1.3984017938359283,1
8257,3,1,1,1,1.8754064565090252,0
8258,3,1,0,1,0.9007011461630798,1
8259,3,0,0,0,-0.28106155904845387,0
8260,3,0,0,0,-0.9379712743342201,0
8261,1,0,1,1,-0.3528188406173959,0
8262,3,1,1,0,1.1153902580154296,0
8263,3,0,0,0,0.8803633830462637,0
8264,1,1,1,1,-1.220292093966498,1
8265,3,1,1,1,2.1504429640191365,1
8266,1,1,1,1,0.49259809055942927,0
8267,2,0,0,0,0.21034559510067052,1
8268,1,1,0,1,-inf,0
8269,3,0,0,0,3.359603238054799,1
8270,1,1,1,1,-0.2632921252387146,1
8271,2,1,0,1,-0.24190280899794891,1
8272,3,1,1,1,1.8131573304261446,1
8273,3,0,1,1,4.298023261660252,1
8274,3,1,1,0,0.6573755731657733,1
8275,3,1,1,0,1.2671810279768683,0
8276,1,0,1,0,0.06506432504233839,1
8277,2,0,0,0,1.019186381411678,0
8278,1,0,1,0,2.380936398108416,0
8279,2,1,1,1,2.0880353001914216,1
8280,1,1,1,0,0.48613630405147257,0
8281,3,0,0,0,3.72744033852773,0
8282,2,0,0,0,-0.3792071077014133,0
8283,3,0,0,1,0.9423865066027352,0
8284,2,1,0,1,1.6605762184247603,1
8285,1,1,0,0,-2.490268848531529,0
8286,2,0,1,0,1.7430676094275661,1
8287,1,0,1,1,0.5307696146078378,1
8288,3,1,1,0,0.08053285657235038,0
8289,1,1,0,1,-1.0107658452271329,1
8290,3,1,0,0,1.4075009945890538,0
8291,2,0,1,1,2.5150829424865453,1
8292,3,1,0,0,-0.005548068301925391,1
8293,1,0,0,1,0.8774686495740176,1
8294,1,1,0,0,-1.419378750270987,0
8295,1,0,0,1,0.6038169254827046,1
8296,2,0,0,0,-0.09936439911767814,0
8297,2,1,0,1,1.0620210030179573,1
8298,2,0,1,1,5.120438042449416,1
8299,2,0,1,0,0.5224940796417976,0
8300,3,0,0,0,2.4964587297742113,0
8301,1,1,0,0,1.6711876912072288,1
8302,3,1,0,0,0.30649717321450554,0
8303,2,1,1,0,0.046332974288056716,0
8304,3,0,1,0,0.8768456601109983,0
8305,3,0,0,1,2.193616023113842,0
8306,1,0,0,0,-1.0734972863361754,0
8307,2,0,0,0,1.8732101251842392,0
8308,1,1,0,1,0.1810466164596096,1
8309,3,1,1,1,3.16911163519012,1
8310,2,1,1,0,-inf,0
8311,1,1,1,1,4.055777080302082,1
8312,3,0,0,0,-inf,1
8313,2,0,0,0,-1.3126774978166753,1
8314,1,1,1,0,1.9923917000976545,1
8315,3,1,0,0,-inf,0
8316,1,1,0,0,0.4290199420575954,1
8317,2,1,0,1,0.4088504955940736,1
8318,2,0,1,1,1.6192664148535907,1
8319,1,0,0,1,1.719942845923665,1
8320,1,1,0,0,-1.5211599849552089,0
8321,1,0,0,1,2.2436017754660553,1
8322,1,1,0,0,-2.6563024769431562,0
8323,3,1,1,1,3.5979531037035817,1
8324,2,1,1,1,-inf,1
8325,3,0,0,0,1.2796741472664095,0
8326,3,1,0,0,-0.6647649938030492,0
8327,3,0,1,1,2.333683432790882,0
8328,2,0,0,1,-inf,1
8329,3,0,0,1,2.4571864300523045,1
8330,2,1,1,0,0.16896487037926822,1
8331,3,0,0,0,1.1293703132577377,0
8332,3,0,0,1,1.6082637652367107,1
8333,2,1,1,1,2.657894773059598,1
8334,2,1,1,1,-0.44222846921679726,1
8335,2,0,1,0,1.5177926625670448,1
8336,3,1,1,1,3.187414400809412,0
8337,1,1,0,1,0.06913166378878488,1
8338,1,1,0,0,-2.231278595425855,0
8339,3,1,0,1,-inf,1
8340,3,1,0,1,0.02119572552019966,0
8341,2,0,0,1,1.9191611217145927,1
8342,3,0,0,0,-0.3522915999439987,0
8343,1,0,0,1,0.108720751469228,1
8344,2,1,0,1,2.176945806102724,0
8345,2,1,0,0,-0.8636990224330023,1
8346,3,0,1,1,-inf,1
8347,1,0,1,0,1.5229309164384373,0
8348,2,1,0,1,1.2081559914566862,0
8349,2,1,0,0,-1.7010069595803585,1
8350,2,1,1,0,0.5323504413137721,0
8351,3,1,1,1,1.1947923020239282,1
8352,3,1,1,1,4.027259139641779,1
8353,3,0,1,0,2.6920755698340963,0
8354,1,1,1,0,0.030689650813028657,0
8355,1,0,0,0,-2.560370703158078,0
8356,2,0,1,1,6.105395570067339,1
8357,3,0,0,1,1.9147316762091064,1
8358,1,0,1,0,-inf,1
8359,3,0,1,1,1.4534883914960925,1
8360,2,0,0,1,-inf,1
8361,1,1,1,1,-inf,1
8362,1,0,1,1,-inf,1
8363,2,0,1,0,2.770053892081965,1
8364,2,0,0,1,-inf,1
8365,2,0,1,1,-0.21493274072219504,0
8366,1,0,1,0,-0.08048278128904518,0
8367,1,1,0,1,-1.3776909722783426,1
8368,2,0,1,0,0.2004681980344234,1
8369,2,1,0,0,0.6636718231221435,0
8370,1,0,1,0,-0.12827437396446262,0
8371,3,1,0,0,1.395624230164648,0
8372,1,0,0,0,-inf,0
8373,1,1,1,0,-inf,1
8374,2,1,0,1,3.258320615168639,1
8375,1,0,0,0,0.6491170055959439,0
8376,3,1,1,1,3.0801888374057036,1
8377,3,1,1,0,-0.4412485408771717,0
8378,2,0,1,1,3.325947414346869,1
8379,2,0,1,0,-inf,0
8380,1,1,0,1,0.6778690523088158,1
8381,3,1,1,1,0.9055328691961546,0
8382,1,0,0,0,0.3621830034425501,0
8383,3,1,0,1,0.8756008702242144,1
8384,2,1,0,1,0.7706346945485125,1
8385,1,0,0,1,-0.16290534681293947,1
8386,3,0,0,1,2.9363878448416987,1
8387,2,0,1,0,1.6970557884392787,0
8388,1,1,1,1,-inf,0
8389,3,1,0,1,1.8254396482966944,1
8390,3,0,0,1,-0.14752487631556188,0
8391,2,0,0,0,1.8036899603205752,1
8392,3,0,0,0,1.8783504681639829,0
8393,1,0,0,1,1.0616607619767597,1
8394,2,0,0,0,-0.7632745770632992,0
8395,1,1,0,0,-1.7570638517299357,0
8396,2,1,0,0,-inf,0
8397,2,1,0,1,-1.0478834088922488,0
8398,2,0,1,0,0.9816620044525276,0
8399,2,1,0,0,0.6863637753668772,1
8400,2,0,0,0,0.6630362645558686,0
8401,2,1,0,1,0.2699112090260698,0
8402,1,1,1,1,0.30734254788136284,0
8403,3,0,0,0,0.43237883399924987,1
8404,2,0,0,1,-inf,1
8405,1,1,1,1,1.5464151380661493,1
8406,3,0,1,0,-0.6852198304722289,0
8407,1,1,0,1,-0.580302707991599,1
8408,3,1,0,1,2.575112430674266,1
8409,3,0,0,1,0.7781402164277409,1
8410,2,1,1,0,0.3172345543821089,0
8411,3,0,1,0,1.3344085051169696,0
8412,3,1,0,1,1.7743983162450292,1
8413,1,0,0,1,1.809299320396617,1
8414,3,1,0,0,0.3480424564274869,0
8415,2,0,0,0,-inf,1
8416,2,0,0,0,-1.0172429041181248,1
8417,2,1,1,1,0.9104139823714414,0
8418,1,1,1,1,0.6435325248771355,1
8419,1,1,0,0,-inf,0
8420,3,1,1,0,1.3486935564385159,0
8421,3,0,0,0,-0.09108258160024463,1
8422,3,1,1,0,1.0310924585027899,1
8423,3,1,0,1,0.6313013845985889,1
8424,3,1,0,0,0.6083210794807068,0
8425,2,1,1,1,-0.41430097830925783,1
8426,3,0,1,1,1.196026462803296,1
8427,3,1,0,1,2.506425642188671,1
8428,1,0,0,0,-1.295120379507494,0
8429,2,0,0,0,2.2856960940749547,0
8430,2,0,0,1,-inf,1
8431,3,1,0,1,2.3463977471839117,0
8432,2,0,1,0,1.7486966239233777,0
8433,1,0,1,1,2.5768259871610484,1
8434,1,0,0,1,1.0196384960308928,1
8435,3,0,0,1,1.4857534632047453,1
8436,2,0,1,1,2.4538761783115812,1
8437,1,1,1,1,1.1210091930843278,1
8438,2,1,0,0,2.156109377055556,0
8439,3,0,0,0,-inf,1
8440,2,1,1,1,1.6213090801904602,1
8441,2,1,1,0,-0.5996159638057612,0
8442,2,0,0,1,2.9093487665797984,1
8443,2,1,1,0,-0.3177822095275794,1
8444,1,0,1,1,-0.14899559330965195,1
8445,3,1,0,1,0.15874748258716642,1
8446,1,0,0,0,-0.7883656747325574,0
8447,1,1,1,1,2.7425748590311096,1
8448,1,0,0,1,-0.18815517134195348,1
8449,2,1,0,1,1.9768796266005522,1
8450,3,0,0,1,0.550746701678714,1
8451,1,1,0,0,-1.2981487775437743,0
8452,1,1,1,1,2.1269982607203386,1
8453,2,0,1,1,1.752166258589069,1
8454,1,0,0,0,1.4408556903024925,1
8455,1,1,0,1,3.0422144666558433,1
8456,1,1,1,1,0.7887402542618818,1
8457,2,0,1,1,2.6850056758178034,1
8458,2,0,0,1,2.671697811894712,1
8459,1,0,0,1,-inf,0
8460,2,0,1,0,0.12998514812669187,0
8461,2,0,1,0,2.761369397656789,0
8462,1,1,0,1,-0.7891864301835445,1
8463,3,0,1,1,1.6430594663082676,1
8464,2,1,0,1,0.13806434000315287,0
8465,2,0,1,1,2.9628897991911862,1
8466,2,1,1,1,2.3623973985166518,1
8467,3,1,0,0,0.5110248773723174,0
8468,3,1,0,1,3.5190955733260054,1
8469,1,0,1,1,1.4350647337944542,0
8470,3,1,0,1,-inf,0
8471,1,1,1,1,0.2790120913154419,0
8472,2,1,1,1,1.1992850065972753,0
8473,3,0,1,0,1.3674902659920414,1
8474,3,1,0,0,1.4315982948717503,0
8475,1,0,0,0,-0.8696236659734329,1
8476,2,1,1,1,-inf,0
8477,2,1,1,0,-0.4069542463714205,0
8478,3,0,0,0,-0.1325858882396631,0
8479,1,1,0,1,2.5051914542002303,1
8480,2,1,1,1,0.07752185412415984,0
8481,2,0,1,1,-0.7342386635641978,1
8482,1,0,1,1,1.3212853065639385,1
8483,2,1,1,1,-0.38386324071314704,1
8484,2,0,1,1,-0.28297097220283013,1
8485,3,0,0,0,2.713785411051885,0
8486,3,1,0,0,0.3885226492961237,0
8487,2,0,0,0,-1.071468649901206,0
8488,1,0,1,0,-2.0787538172010858,1
8489,1,1,0,0,-1.0765254006522973,0
8490,3,1,0,0,-0.5395931655032231,0
8491,2,0,0,1,2.080024878684715,1
8492,3,1,0,1,1.7584688281072722,1
8493,1,0,1,0,0.45726028037710587,0
8494,3,0,0,1,-inf,1
8495,2,1,0,0,1.6838415823178545,1
8496,2,1,0,1,-inf,1
8497,3,0,0,1,4.653036936995838,0
8498,2,1,1,1,1.587389654366757,1
8499,1,0,1,1,0.06956876588755412,1
8500,2,1,0,1,-0.356297046067065,0
8501,2,0,0,1,2.0547140948310108,1
8502,1,0,0,0,-0.5468460496568436,1
8503,2,1,1,1,1.7670678220841511,0
8504,1,1,1,1,1.57874568016894,0
8505,2,0,1,0,-0.717567942935173,0
8506,2,1,0,0,-1.534507002825357,0
8507,3,0,0,0,-1.8648296536023903,1
8508,1,1,1,0,-0.48217465870714293,0
8509,1,1,0,0,0.7363970996286409,1
8510,3,1,1,1,1.6252941068834226,1
8511,2,1,0,1,-inf,1
8512,2,1,1,1,1.6008483662300335,1
8513,2,0,0,1,3.21961495035897,1
8514,2,1,1,0,1.5922688499136717,1
8515,2,1,0,1,1.4842144781130109,0
8516,3,1,0,0,0.23367205291087878,1
8517,3,0,0,1,-inf,0
8518,3,0,0,1,0.17818463177966204,1
8519,1,1,0,1,0.4257074022468426,1
8520,2,1,1,1,1.7039478303237963,1
8521,3,0,1,1,1.982223870465892,1
8522,3,1,1,1,2.1129353437144753,1
8523,1,0,1,1,-1.0813274629026344,0
8524,2,1,0,0,-0.8467750574758937,0
8525,3,0,1,1,2.3139528015498705,1
8526,2,1,0,1,-0.6400649882358922,1
8527,1,1,1,1,-2.202413083042425,1
8528,3,0,1,0,0.5524159757377787,1
8529,2,0,1,0,-0.16603909259317728,1
8530,2,0,1,0,1.1867932503790997,1
8531,2,1,0,0,0.8575526746433957,1
8532,3,0,0,0,1.4573635049728524,0
8533,1,1,0,0,-0.22994170613311238,0
8534,2,0,0,0,-3.5891760204835848,0
8535,1,1,1,0,-0.803886903321461,0
8536,1,1,0,1,0.5579296854314248,0
8537,2,0,0,1,0.9251627611100355,1
8538,3,1,0,1,2.487281561028801,1
8539,1,0,1,1,-0.9735209529676647,1
8540,2,1,0,0,-2.295520654388896,1
8541,1,1,0,0,-0.4013518162817698,0
8542,1,0,1,0,-0.516304325900177,1
8543,2,1,0,0,-1.9342956571546304,0
8544,2,1,1,1,1.8448364024168047,1
8545,1,1,1,1,-inf,1
8546,1,0,1,1,1.4063857662959887,1
8547,2,0,0,1,1.5984607955183894,1
8548,2,1,0,0,-3.301550418325199,1
8549,3,1,1,1,1.8403174813516114,1
8550,2,1,1,0,1.6424437537487497,0
8551,1,0,0,1,1.300067447652042,1
8552,3,1,1,1,3.462150224228088,1
8553,2,0,1,1,1.395764147750916,0
8554,1,0,0,0,1.9471957491194596,1
8555,2,0,0,1,-1.5013004758198853,1
8556,2,1,1,1,2.2501289969582783,1
8557,3,0,1,0,1.003730794797158,0
8558,2,1,0,1,0.4653815547952081,0
8559,3,0,0,0,-inf,0
8560,2,0,0,0,-1.9311883614119496,0
8561,1,1,1,0,-1.4768487926263867,0
8562,3,1,0,1,2.1165061587903153,1
8563,3,0,0,0,0.28276468591888004,1
8564,2,0,0,0,-0.6271494409975348,0
8565,2,1,1,0,-1.9670885480843094,0
8566,2,1,0,0,-1.2367078742948667,0
8567,3,0,0,0,2.282456710740832,1
8568,2,1,1,0,-0.975557467679472,0
8569,2,1,1,0,-0.31200900548941735,0
8570,2,1,0,1,1.301504032700004,0
8571,1,0,1,0,-1.2262366393302264,0
8572,3,0,0,1,-0.25826702940710344,1
8573,2,1,1,1,1.1073489021092593,1
8574,1,0,1,1,-0.11889497665870663,1
8575,1,0,0,1,-inf,1
8576,3,1,0,0,2.135389145611565,1
8577,3,0,1,0,1.1637735547493089,0
8578,1,0,0,0,-0.284250126831081,0
8579,2,0,0,0,0.41722383808425045,1
8580,1,0,1,0,1.7967791079240625,1
8581,1,1,1,0,0.8875424030617426,0
8582,3,1,0,0,0.13562209328311237,0
8583,3,0,0,1,4.005531161969475,1
8584,3,0,0,0,2.9604877304889996,0
8585,2,0,1,1,0.6908739937469262,1
8586,3,1,1,1,2.5473377663455725,0
8587,1,0,0,1,1.1644869903555877,1
8588,1,1,1,1,1.1049874478169488,1
8589,2,1,0,0,-2.5947140495404053,0
8590,3,1,1,1,4.460870006213454,1
8591,1,0,0,1,0.6613075250540481,1
8592,2,0,0,0,1.7284777539615237,0
8593,2,0,1,0,1.4965109200562376,0
8594,1,0,1,0,-inf,1
8595,2,1,0,0,-0.08485648080824115,0
8596,3,1,0,1,0.7442052524151685,1
8597,1,0,1,1,2.06009700443429,1
8598,3,1,1,0,1.4529085462298148,0
8599,1,0,0,0,1.560733864935254,1
8600,2,0,1,0,2.190510077134764,1
8601,2,0,0,0,-inf,0
8602,1,1,1,0,1.3522591442042045,1
8603,1,0,1,1,3.5213829685818867,1
8604,3,1,0,0,1.577154658256262,0
8605,3,0,1,0,1.9687587377425035,0
8606,3,1,0,1,1.5729883101521245,1
8607,2,0,0,0,-inf,1
8608,3,0,0,1,-inf,1
8609,1,1,1,0,-0.29245233600541964,0
8610,1,0,0,1,-1.126487230793558,1
8611,3,1,1,0,1.1058073066531948,1
8612,2,0,0,0,-1.1516039470788675,0
8613,3,1,1,0,2.026026942051441,0
8614,2,0,0,0,0.5384106492542362,0
8615,2,0,1,0,0.591826343480055,0
8616,1,1,0,0,-0.0769648719743865,0
8617,3,0,1,0,1.9950839329325678,1
8618,3,0,0,1,1.9268860682860092,1
8619,2,1,0,0,-0.9990251067763263,0
8620,3,1,0,0,-0.825114959707842,0
8621,3,0,1,0,1.8831366932205882,0
8622,1,0,0,0,-0.15075891040139527,0
8623,3,0,0,0,3.1809550955284567,0
8624,2,0,0,0,-inf,0
8625,2,0,1,0,0.6056473056309727,0
8626,3,0,0,1,1.5718936122050982,1
8627,2,0,0,0,-1.1469573744526549,0
8628,1,1,1,0,-0.849797638333157,0
8629,2,1,1,0,-0.5310149771899972,0
8630,1,1,0,0,-3.2871478192308854,0
8631,3,0,0,0,-0.6238221956116139,0
8632,1,0,1,0,-inf,0
8633,2,1,0,0,-0.673409866826321,1
8634,3,0,0,0,2.4354595414370115,0
8635,2,1,1,1,0.6383013805014942,1
8636,3,0,0,0,-1.876044614201282,0
8637,3,1,0,1,-inf,1
8638,3,1,1,1,2.1425970534478256,1
8639,2,1,0,0,-0.9762512727075269,0
8640,1,1,0,1,-0.197114194440819,1
8641,3,0,0,0,-0.3421053741131145,0
8642,1,0,0,1,0.1918669965586719,0
8643,3,0,0,0,-0.16383065492837035,0
8644,3,0,1,1,3.157424559352462,1
8645,2,0,1,1,2.7949025644061503,0
8646,3,1,1,1,3.9879036869708164,1
8647,2,1,0,1,0.2906629152102984,1
8648,1,1,0,1,-inf,1
8649,3,0,0,1,-inf,1
8650,2,0,0,1,1.403929075885629,1
8651,1,1,1,1,-inf,0
8652,3,1,0,1,2.8581975453681294,1
8653,3,0,0,0,0.8473626128872035,1
8654,2,1,0,0,0.44472230919742634,1
8655,2,1,1,1,2.0303343567586802,1
8656,2,1,0,0,0.2506755925207976,1
8657,3,0,1,1,3.13007354527664,1
8658,1,0,1,1,1.6820780824227968,0
8659,2,0,1,1,2.6550185035486904,1
8660,3,1,0,0,-0.5072726274635481,0
8661,3,0,1,0,0.7073871454042098,0
8662,1,1,0,1,-2.61355561390841,0
8663,2,1,1,0,1.6248301015551985,1
8664,2,0,0,0,-3.275944342844417,0
8665,1,1,1,0,-0.34397560478854594,1
8666,3,1,0,0,-inf,0
8667,2,0,1,0,1.1604832987160116,0
8668,3,1,0,1,0.29542649360255224,1
8669,1,1,1,1,0.2523391396948415,1
8670,1,1,1,1,-inf,1
8671,3,1,0,1,-0.7774171824916722,0
8672,1,0,1,0,-1.5445582735147432,0
8673,1,1,0,0,-1.4845152539781303,0
8674,3,1,0,1,2.4595543620773284,1
8675,1,0,0,0,-1.1811545579612484,0
8676,1,0,1,1,-0.07321442586926863,1
8677,2,0,0,0,-1.678358341630856,1
8678,2,0,0,1,0.3200042016878656,1
8679,2,0,1,0,0.1988057135754912,1
8680,3,1,0,1,4.23865838401579,1
8681,3,1,1,0,1.187965092923136,0
8682,3,0,1,1,4.177919537009024,1
8683,1,0,1,1,-0.10993362838409926,0
8684,1,0,1,1,0.6837499947016014,1
8685,3,1,1,1,3.4891883607831424,1
8686,3,1,0,1,0.49543329970261435,0
8687,1,1,1,1,-0.25543323026562703,0
8688,3,0,0,1,1.4811193942000662,1
8689,3,1,0,0,-2.855037473205879,0
8690,2,0,0,0,2.0039740507602817,1
8691,2,0,0,1,-1.212718088492815,1
8692,2,1,1,1,2.263296488144545,1
8693,1,1,0,0,-2.5569782814647706,1
8694,2,0,1,0,-1.1654769463408037,0
8695,2,1,1,0,1.0448480338837676,1
8696,2,0,0,1,0.33947928278560247,1
8697,2,1,1,1,0.6928380180721383,1
8698,2,1,0,0,-3.393421238249925,0
8699,3,0,0,1,1.0235708655054838,1
8700,1,1,1,1,1.6736125457777615,1
8701,2,1,0,1,0.598696554344438,1
8702,2,1,1,1,1.2559757339293385,1
8703,1,0,0,1,-0.3901825777284941,0
8704,2,0,0,1,-inf,1
8705,1,1,0,1,0.5895393892097084,1
8706,3,1,0,1,-inf,1
8707,1,1,1,1,2.226921892333774,1
8708,2,1,0,1,1.1696489847553488,1
8709,3,1,1,0,-inf,0
8710,3,1,0,1,-0.011712319129750126,1
8711,3,0,1,0,2.166280346493293,0
8712,3,0,0,0,1.234664685339748,0
8713,2,0,1,0,0.7277074971784048,1
8714,2,0,0,0,-2.8757693022003425,0
8715,2,1,0,0,-inf,1
8716,2,1,1,1,-inf,1
8717,2,1,0,1,1.000225468662065,1
8718,3,1,0,1,0.3553993434431554,1
8719,3,0,0,1,3.2853212183434737,1
8720,3,0,0,1,0.5036977250448014,1
8721,2,1,0,1,3.797481473657429,1
8722,2,0,1,0,-1.3075983794794988,0
8723,2,0,0,0,-0.4972678840240464,1
8724,3,0,1,1,2.0000926746437346,1
8725,1,1,1,1,0.9004774182031421,1
8726,1,1,1,0,-0.5061316187930832,0
8727,2,1,1,0,-inf,0
8728,2,1,1,0,-0.07055975790574352,0
8729,1,0,0,1,-0.7424565374860708,1
8730,1,0,0,1,2.0997178632819926,1
8731,3,1,0,1,2.341784450112546,1
8732,2,0,0,1,2.003544495737899,1
8733,1,1,1,1,0.30950668596811653,1
8734,1,0,0,0,1.8431202694647335,0
8735,1,0,0,0,-0.31252426104248987,0
8736,3,1,0,0,-0.5137234572361632,0
8737,2,0,0,1,0.6739784088645681,1
8738,3,0,1,0,1.614748596013142,1
8739,1,0,1,0,1.6208862041622731,1
8740,3,1,0,1,3.8787538909868076,1
8741,3,0,0,1,0.3329091196685775,1
8742,2,0,1,0,-1.0743786690065635,0
8743,2,0,1,0,-0.07653678491020971,0
8744,2,0,0,1,2.2915569399297606,1
8745,1,1,1,0,-1.0916510594722508,0
8746,2,0,0,0,-0.5553409301802538,0
8747,2,1,1,1,0.94556505401865,1
8748,1,0,0,0,-0.5051628261924073,1
8749,1,0,1,1,0.6798010365146586,0
8750,1,0,1,0,-0.3759717668662925,1
8751,3,1,0,0,-inf,0
8752,2,0,0,1,0.9810853736727634,1
8753,2,0,1,1,1.0498689093760445,0
8754,1,1,0,0,-inf,1
8755,2,0,0,0,-inf,0
8756,1,1,0,1,0.2768967415620808,0
8757,2,1,1,1,2.196278587310589,1
8758,3,1,0,0,-0.24729226981842095,0
8759,2,1,0,1,2.2803498219905016,1
8760,2,0,1,1,2.8243728262132173,1
8761,1,0,1,1,-2.377351202570923,0
8762,2,1,0,1,-0.7631558909287253,1
8763,1,1,1,1,2.1380733941852483,1
8764,3,0,1,0,-1.038035528875776,0
8765,3,0,0,1,2.144449402112329,1
8766,2,0,0,1,-1.7483655739894635,1
8767,1,1,0,1,0.3298677701149151,1
8768,1,1,1,0,1.3669524989890354,0
8769,1,1,0,0,-1.5298366269015267,1
8770,1,0,1,1,1.4321352825264042,0
8771,1,1,1,1,-1.337479529018075,0
8772,1,1,0,0,-0.10983323306504134,1
8773,1,1,0,0,0.8717219298249319,1
8774,2,0,0,0,1.055357575979172,0
8775,2,0,0,1,-inf,1
8776,2,0,0,1,0.9415701381261242,1
8777,2,0,0,0,0.4052459313662574,0
8778,2,0,1,0,1.3055198708596756,0
8779,3,0,1,0,-0.11119283189377227,0
8780,2,0,1,0,1.4683464267885245,0
8781,2,0,1,0,1.1086947341434072,0
8782,3,1,0,1,0.8226894572479307,1
8783,2,0,0,1,0.22651474613582195,0
8784,1,1,1,0,-0.6478024749911668,1
8785,2,0,1,1,3.890676661659392,1
8786,1,1,1,1,-0.7116978262418299,1
8787,1,0,0,1,0.1452461251290491,0
8788,2,0,0,0,2.147324815569651,1
8789,3,1,0,1,0.6743126870409146,1
8790,1,0,0,1,0.8458349621659369,1
8791,2,1,1,1,1.2389440795278834,1
8792,1,0,1,0,-inf,0
8793,2,1,0,1,1.6982509680253548,1
8794,2,1,0,1,-inf,0
8795,1,1,1,0,0.7388582920242578,0
8796,3,1,0,0,-1.2390788966572177,0
8797,2,1,1,1,1.6808279833877957,1
8798,2,0,1,1,1.2414650845879565,0
8799,3,0,0,0,1.429726585628613,0
8800,1,0,1,0,-2.0160802123929584,0
8801,2,1,0,1,-inf,1
8802,1,1,1,1,-inf,1
8803,3,1,0,0,0.08173665996619778,0
8804,1,1,0,1,0.6919438148979744,1
8805,1,1,0,0,-inf,0
8806,3,0,0,0,0.3741485990706101,0
8807,1,0,1,1,2.046541214698876,1
8808,2,1,0,1,-inf,1
8809,2,0,0,0,0.9179489112508615,0
8810,1,0,0,1,1.9304024779721032,1
8811,3,1,0,1,-inf,0
8812,3,0,0,1,1.087276456951515,0
8813,1,1,1,0,0.19985477007922714,0
8814,2,0,1,1,1.2307381274876,0
8815,3,0,0,0,-0.37565499921420265,0
8816,2,1,0,1,2.4083931832579903,1
8817,2,1,1,0,0.7885051837211405,0
8818,3,0,0,1,0.4726580174132983,1
8819,2,0,1,0,1.7610302507567954,0
8820,1,0,1,1,-inf,1
8821,2,0,1,1,-inf,1
8822,3,0,1,1,0.12357477043902648,1
8823,1,1,1,0,1.3252993361515677,0
8824,1,0,1,0,0.4314140866408168,0
8825,2,1,1,0,0.4584129420817818,0
8826,2,1,1,0,-0.45284916123660235,0
8827,2,1,1,1,1.6842645647847743,1
8828,3,0,1,0,3.731913825652798,0
8829,2,0,0,1,1.064131443733429,1
8830,2,1,1,1,1.262852575757556,1
8831,3,0,0,0,0.6586411125613862,0
8832,2,0,0,1,1.7537148236936817,1
8833,2,0,0,1,1.7858117071295299,0
8834,2,0,1,0,1.42760378662773,0
8835,3,0,0,0,0.9429740753725239,1
8836,2,1,1,0,2.912440774054357,0
8837,1,0,0,0,0.3360359686463914,0
8838,3,1,0,1,0.6861632063528311,1
8839,1,1,1,0,1.2224707520047775,0
8840,2,1,0,1,0.5339784098219819,1
8841,3,1,0,1,1.882927946103944,1
8842,3,1,0,0,0.17370888050667155,0
8843,2,1,1,1,1.8407941025741383,1
8844,3,0,0,1,2.857305914322519,1
8845,2,1,0,0,-1.1912958588512945,0
8846,2,0,0,1,-1.027684621660153,1
8847,3,1,1,1,0.47719119979265856,1
8848,3,0,0,1,0.4678662265214668,1
8849,3,1,1,1,2.2569059653425385,1
8850,3,1,0,1,-inf,1
8851,1,0,1,0,1.1136080382635576,0
8852,2,1,0,1,0.7356263576303538,1
8853,3,0,0,0,1.877303282378926,1
8854,3,0,0,0,1.002731203938905,1
8855,2,0,1,1,1.275223600565934,1
8856,3,0,0,0,-1.9714984159198494,0
8857,2,1,0,0,1.5118879921751383,1
8858,3,0,1,1,3.857817834969129,1
8859,2,0,0,0,-inf,1
8860,2,1,0,0,0.4090355182863631,1
8861,3,0,0,1,2.287955748964647,1
8862,2,1,0,0,0.33981028989663664,0
8863,1,1,1,0,-0.36201462462040157,1
8864,1,1,0,1,-0.25657314600102366,1
8865,2,1,0,1,0.537137487337775,0
8866,2,0,0,0,-2.8384180487236463,0
8867,2,1,1,0,-0.6165611742239212,0
8868,2,0,1,1,0.23623901168527217,1
8869,3,1,1,1,0.6728447365887426,0
8870,2,0,0,0,0.955700852793553,0
8871,2,1,0,0,-1.544751018580813,1
8872,2,1,0,1,1.738395604720965,1
8873,3,1,1,0,0.8358836528687562,0
8874,3,1,0,0,0.41063579438548214,0
8875,1,0,0,0,-0.8610823562348552,0
8876,1,0,0,1,-0.19147616505756931,1
8877,2,1,1,1,1.233961961802567,1
8878,1,1,0,0,-1.7244910850731343,0
8879,2,0,0,1,-inf,0
8880,3,1,0,1,0.5959317728824616,1
8881,1,0,1,1,0.6758518595187658,1
8882,3,0,0,0,0.7582765279344984,0
8883,3,0,0,0,-inf,1
8884,3,0,0,1,0.7472208746933513,1
8885,3,1,0,0,0.24619867526268413,0
8886,3,1,0,1,1.7516897629834294,1
8887,3,1,1,0,1.0420165983879326,0
8888,3,0,0,0,0.7705130128077611,0
8889,2,1,0,1,1.4453832365257495,0
8890,3,1,1,0,-inf,1
8891,1,0,0,0,-0.9825770970048892,0
8892,2,0,0,0,-0.5228217301425346,1
8893,3,0,0,0,2.13656961003666,1
8894,2,0,1,1,-inf,1
8895,1,1,1,1,-0.04629263171031944,1
8896,3,1,1,0,-0.2184287678134066,0
8897,3,0,1,1,1.1614067936623362,0
8898,2,0,1,0,-0.6816976878321996,0
8899,2,0,0,1,4.379599655271273,1
8900,1,1,1,0,1.322865927962476,1
8901,2,1,0,1,1.250624002937469,1
8902,2,0,1,0,0.8028039981971382,0
8903,1,1,0,0,1.2987973793271679,1
8904,1,0,0,0,-0.4786997283296701,0
8905,1,1,0,1,0.6267946994091954,1
8906,1,1,1,0,-0.9984492242458499,1
8907,1,0,1,0,-1.9009584498347152,0
8908,1,1,0,1,0.08357047861666367,1
8909,2,0,1,0,0.569016116963661,1
8910,3,1,0,1,1.1360758336552261,1
8911,2,0,1,0,0.4391746093395101,0
8912,3,1,0,0,-0.28085593389748487,0
8913,1,1,0,1,-inf,1
8914,3,1,1,1,1.1375480700711547,1
8915,3,1,1,1,0.965828503042301,0
8916,3,1,1,1,-inf,1
8917,3,0,1,1,2.687112498830655,1
8918,1,1,0,0,-1.1835049821116586,0
8919,3,1,1,1,2.5900255687936853,0
8920,3,0,1,1,2.4551804038366507,1
8921,2,0,0,0,-1.8748618761936764,1
8922,2,0,0,0,-0.2445048432866531,0
8923,3,1,0,0,-0.9981311550506604,0
8924,1,0,0,0,-0.03322705647607915,0
8925,2,1,1,0,-0.046152765495853676,1
8926,3,0,0,1,-inf,1
8927,2,1,0,0,0.057978927026852256,1
8928,1,1,0,1,-1.769564491293819,1
8929,2,1,0,1,0.04419151630630347,1
8930,2,0,0,0,0.34222926180042945,0
8931,3,0,1,1,1.5231022219900798,1
8932,1,1,1,0,-0.7976893764213897,0
8933,1,0,1,0,-1.9119117276448359,0
8934,2,0,1,1,-0.47808126152840724,0
8935,3,0,1,1,2.8358747891052687,1
8936,2,0,1,0,1.3911494514804847,0
8937,2,1,0,1,1.301492329518967,1
8938,2,0,0,1,0.29207676764734847,1
8939,1,1,0,0,-0.8074233060298871,1
8940,2,1,0,0,-0.5475046500519627,0
8941,1,1,0,1,-2.466522489359826,0
8942,2,0,1,1,2.6040367167159393,0
8943,1,0,1,0,0.7211533134033246,1
8944,2,0,1,1,0.7847604642081816,0
8945,3,1,0,1,2.924605109974378,0
8946,1,0,1,1,2.3032454717943125,1
8947,1,0,0,1,0.18565949980459556,1
8948,3,0,1,1,1.3315313755808535,1
8949,2,0,0,1,0.5942774442769814,0
8950,3,1,0,0,-0.21629148322478223,0
8951,2,1,1,0,0.260287442966173,0
8952,3,0,0,1,-inf,1
8953,2,1,0,0,-inf,1
8954,2,0,0,0,0.8929718734508739,1
8955,1,0,0,1,0.14409491428517684,0
8956,1,0,0,1,-inf,1
8957,2,0,0,0,2.1093280858617867,1
8958,2,1,1,0,-0.9206623772537914,0
8959,1,0,1,0,-1.1059668709429251,0
8960,1,0,0,1,1.4903044177273177,1
8961,1,0,1,0,1.3547479183613487,0
8962,3,0,0,0,-0.023646285347809437,0
8963,3,0,0,0,-1.3400700034736948,1
8964,1,1,1,1,1.279481479923485,1
8965,3,1,0,0,1.5784591965368169,1
8966,2,1,0,0,1.3771597442468655,1
8967,3,0,0,0,-inf,1
8968,2,1,1,0,1.0876673954554497,0
8969,2,1,1,0,1.9238009828111102,1
8970,1,0,0,1,-inf,1
8971,2,1,0,1,-inf,1
8972,3,1,1,0,0.13077213859463566,1
8973,1,1,0,1,0.6303841253121389,1
8974,3,1,1,0,2.6794456135590514,1
8975,3,0,0,0,-0.18539314498145842,1
8976,2,1,0,1,-0.5964827618741234,0
8977,3,1,1,1,1.5225327951037633,1
8978,2,1,0,0,-2.420557353079177,0
8979,1,1,1,0,-1.2648606343029685,0
8980,1,0,0,1,0.867344033662251,0
8981,2,0,1,1,2.5277741843032953,1
8982,2,1,0,0,-inf,1
8983,1,1,0,0,-1.3883839353318894,1
8984,3,0,0,0,1.314526802295406,0
8985,3,1,1,0,2.721676095546239,0
8986,2,1,1,0,-0.21886674558335217,0
8987,3,1,1,0,4.351948745620445,0
8988,1,1,0,0,-0.030287046529370032,0
8989,1,0,1,0,0.9270882906126097,0
8990,1,0,0,1,-inf,1
8991,1,0,0,0,-1.628458633772811,0
8992,3,0,0,0,1.0152676572444208,1
8993,3,1,0,0,2.208030072702385,1
8994,2,0,0,0,1.0281125247122331,0
8995,2,1,1,1,1.7486612579655343,0
8996,1,1,1,1,0.14678305372305323,0
8997,2,1,1,1,3.1237360668116914,1
8998,1,1,0,1,1.1649340610568322,1
8999,3,1,0,0,-1.4154958697054387,0
9000,1,1,0,1,0.4686720632822511,1
9001,2,0,0,0,2.8673798039607084,1
9002,2,0,1,1,-inf,0
9003,3,1,1,0,-inf,0
9004,2,1,1,1,1.7582041685126626,1
9005,1,1,0,1,-1.7565616798142138,1
9006,3,1,1,1,2.2142840565335566,1
9007,2,1,0,1,2.2712002220997247,1
9008,2,1,0,0,-2.0617589231869724,0
9009,1,1,1,0,0.550182222842323,1
9010,1,0,0,0,-0.7648997290574078,0
9011,2,0,0,0,-1.4958555509974147,0
9012,3,1,0,0,1.6380520009472663,0
9013,2,1,1,1,2.591855227430214,1
9014,2,1,0,0,-1.2835513930541347,0
9015,2,0,1,0,0.23682429257989823,1
9016,2,0,0,1,0.075947592504503,1
9017,2,1,0,0,-1.0801523118793057,0
9018,1,0,0,0,-0.5219648306855863,0
9019,1,1,1,1,4.61364122909154,1
9020,1,1,1,0,0.9707825694835583,1
9021,3,0,1,1,1.1603443145528651,1
9022,3,0,0,0,-1.9920046512081306,0
9023,3,0,0,1,3.213348424047319,0
9024,3,0,0,1,2.6838303030322352,1
9025,3,1,0,1,3.944490835499275,0
9026,1,1,0,1,-1.612459717474744,0
9027,3,0,0,0,0.7837574273917867,1
9028,3,0,0,0,-0.5440544353024822,0
9029,3,0,0,0,-0.18578487214564926,0
9030,3,0,0,0,0.1577395152266552,0
9031,3,0,1,0,0.31182653946088373,1
9032,2,0,1,1,-0.6469762695521544,1
9033,1,0,0,0,0.2866587983026565,0
9034,3,1,0,1,-0.2260815572954823,1
9035,2,1,0,0,-inf,0
9036,3,1,1,0,1.6343727892710942,1
9037,1,1,1,1,0.9957773707946087,0
9038,3,1,0,1,1.5344325747123762,0
9039,2,0,1,0,-0.10633818612993678,0
9040,2,0,0,0,-2.7644298209123574,0
9041,3,0,0,1,2.112960627790514,0
9042,2,1,1,0,0.2758494793022276,0
9043,2,0,1,0,0.8223860752545064,0
9044,3,0,0,1,1.9177939322068251,1
9045,2,1,0,1,-0.0840357470942713,1
9046,2,1,0,0,-2.588166256171072,0
9047,2,0,1,0,-0.9560774291139365,0
9048,2,1,0,1,0.5712469800819658,0
9049,2,1,1,1,-1.3026008120648203,0
9050,3,0,0,0,-inf,0
9051,3,0,0,0,1.4232855360046412,0
9052,3,0,1,1,0.6703081864969268,1
9053,2,0,0,0,-1.1235184836805852,0
9054,2,0,1,1,1.3413639909147355,0
9055,2,1,0,1,2.262150620397517,1
9056,2,1,0,1,0.6219548124731298,1
9057,2,1,1,1,1.582198686101416,1
9058,2,1,0,1,-1.472423963006099,0
9059,3,0,0,1,0.4761224716440207,1
9060,3,1,0,1,-inf,0
9061,3,1,0,1,0.4259978435548992,1
9062,1,0,1,0,-0.08375714408364854,0
9063,3,0,1,0,1.750523285672469,0
9064,3,1,1,0,1.185076665159138,1
9065,1,1,0,1,1.3726153074581335,1
9066,1,1,0,0,-1.4002144440130644,0
9067,2,0,0,0,0.708920695538459,1
9068,1,0,1,1,0.6058904038383954,1
9069,3,1,0,0,1.1248610389103315,0
9070,3,1,0,1,0.3967359526106381,0
9071,2,0,0,0,0.2462813251411935,0
9072,1,1,1,0,-0.5102801776724908,1
9073,1,1,0,0,1.089891868716599,0
9074,2,1,0,0,-1.1078589398019818,1
9075,3,1,1,0,0.7752746882466708,0
9076,1,0,0,0,-0.8544417397694739,0
9077,2,0,0,1,-0.5792520113181241,0
9078,3,0,0,1,0.2927532805953108,1
9079,3,1,0,1,0.765985066048064,1
9080,2,0,1,0,0.7601308795253199,0
9081,3,1,1,0,0.5701465494430293,0
9082,2,0,1,1,0.5565583989232639,1
9083,2,1,1,1,2.3119332019176273,1
9084,1,0,1,1,0.968939593831708,0
9085,3,1,0,1,-0.566878967719593,1
9086,3,1,1,0,1.2173998591959478,0
9087,2,0,0,1,1.8716054353892642,1
9088,2,1,1,0,1.3570247953202084,0
9089,2,0,1,1,2.0050775866786514,0
9090,3,0,0,0,0.21460496147362668,0
9091,3,0,0,0,0.7191534521151115,0
9092,3,1,0,0,1.2641713052933996,1
9093,3,0,1,0,-1.3312850850031437,0
9094,1,1,1,0,0.607362755361581,1
9095,3,1,0,1,2.90968807457337,1
9096,3,1,0,0,1.4119302771275937,1
9097,1,1,1,1,-0.31827984135704224,0
9098,3,0,0,0,-inf,0
9099,2,1,0,0,-1.9742328949778343,0
9100,2,1,0,0,1.9004304959985405,0
9101,2,1,0,0,2.1703200207595756,1
9102,3,0,0,0,-inf,0
9103,2,1,1,0,-2.4283201060519968,1
9104,2,0,1,1,2.316833316404348,1
9105,1,0,0,0,-inf,0
9106,2,0,1,0,1.3802721047930908,0
9107,2,0,1,0,-0.042829957946038166,0
9108,1,0,0,1,-0.8974122150457317,0
9109,2,1,0,0,0.3985690498225244,0
9110,3,1,0,0,0.15552816241670903,0
9111,2,1,1,0,-0.8186775839725265,1
9112,1,0,1,0,1.0100647060388928,1
9113,1,0,0,0,0.3472494470101004,0
9114,1,0,1,0,-0.7641670473366298,1
9115,3,1,0,1,0.461654262195283,1
9116,1,0,1,0,0.15895071905191943,0
9117,2,1,0,0,-0.5222304551206303,0
9118,3,0,0,0,-0.5538927337005026,0
9119,2,0,0,1,-inf,1
9120,3,0,0,1,1.933915321855908,0
9121,2,0,1,1,0.9639717444415281,0
9122,1,0,0,0,0.08669482809640389,0
9123,1,1,0,1,2.019846529140691,1
9124,3,1,0,0,0.553598381797925,0
9125,1,1,0,0,-0.6249864885636983,1
9126,2,1,1,0,-0.02319246091241714,0
9127,3,0,0,0,1.4868334449373386,0
9128,1,1,0,1,-0.6157488426507124,1
9129,3,0,1,1,-0.1076484895067398,0
9130,2,1,0,1,2.0421545270583197,0
9131,1,0,0,0,1.49270651899096,0
9132,1,1,1,0,-1.9666983056615737,0
9133,2,1,1,1,-0.1246310860384363,1
9134,3,0,0,0,-0.6697263667315227,1
9135,2,0,0,1,2.447197584490319,0
9136,1,0,1,0,0.6215981297450651,1
9137,3,1,0,1,0.3270220726820225,1
9138,2,0,0,0,-1.6896492089820332,0
9139,2,1,1,1,1.6116691531755953,1
9140,1,0,1,1,2.08960757894586,1
9141,3,1,0,1,0.8789544709453858,1
9142,2,1,1,1,2.3999913598123603,1
9143,2,1,0,1,0.4815320884861727,1
9144,2,1,0,0,-inf,0
9145,2,1,1,0,2.278608188197128,0
9146,3,1,0,1,1.3411742751286522,1
9147,3,0,1,0,1.507005163784483,0
9148,3,0,1,0,-2.771299422254053,0
9149,2,1,1,0,-0.05165573665858214,1
9150,2,1,1,1,0.40307753812311065,0
9151,1,0,0,1,-0.4097409200643427,0
9152,3,0,0,1,0.22516810877481408,1
9153,3,0,0,0,-0.5941506626766319,0
9154,1,0,0,1,1.1259481692497881,1
9155,1,0,1,0,-0.18957020132816327,0
9156,2,0,1,1,2.1785885601015993,0
9157,1,1,1,1,1.9422555399436732,1
9158,3,0,0,1,0.38619409020438755,1
9159,2,0,1,1,2.661205921242171,1
9160,1,1,0,0,-1.282276705136921,0
9161,2,0,0,0,-1.4906181865716013,0
9162,1,0,1,0,0.5038741515732151,0
9163,1,0,1,1,3.3500495566625768,1
9164,1,1,1,1,0.7116620485070208,0
9165,3,1,1,0,0.1570504969608839,0
9166,3,1,0,0,1.186473084081168,0
9167,1,1,0,0,0.8182807771118138,0
9168,3,1,0,1,1.6657759849147278,1
9169,3,1,0,1,1.52860720960599,1
9170,2,0,1,0,-0.5457631318306564,1
9171,3,0,0,0,0.12644473756971014,0
9172,3,1,0,1,3.324916225399183,1
9173,3,1,1,1,2.161362868938323,1
9174,1,0,1,0,2.6153683126929956,0
9175,3,0,0,1,1.5336910654387221,1
9176,2,1,0,1,-1.5417038922658588,1
9177,2,1,1,1,0.33766969175079214,1
9178,1,1,1,1,0.367069996639973,0
9179,1,1,1,0,-0.18075076155414907,0
9180,3,0,0,1,1.5475028308119543,1
9181,3,0,1,1,0.991824652006644,1
9182,2,0,1,1,1.842379161558868,1
9183,3,0,0,1,1.545955740097362,1
9184,2,1,0,0,-0.6947447605537425,1
9185,3,1,0,0,-0.3653902240511404,0
9186,1,0,1,1,0.4066226553149075,1
9187,2,1,0,0,-0.19944523440978285,0
9188,1,1,0,0,-2.451308589032819,1
9189,1,1,0,1,-inf,1
9190,3,1,1,0,2.408027225086355,0
9191,2,1,0,0,0.27088619319605844,0
9192,2,1,1,0,1.74818571315094,1
9193,1,0,0,0,-1.910603237707953,0
9194,3,0,0,1,-inf,1
9195,2,1,1,1,1.1128422841635905,1
9196,1,1,1,1,0.9155857876872955,1
9197,1,0,1,0,0.758326967706461,0
9198,1,1,0,1,1.14649171657841,0
9199,2,0,1,1,2.8506090864349276,1
9200,3,0,0,1,-0.017245892047299205,0
9201,1,1,1,1,1.750090831951942,1
9202,2,1,0,0,0.5130331967617635,1
9203,3,0,0,0,1.833213462737294,1
9204,3,0,0,1,1.580614468347471,1
9205,2,0,0,0,-1.1490107412451052,0
9206,3,1,1,0,2.9083118326386406,0
9207,3,0,0,0,1.093095028493745,0
9208,3,1,1,1,-0.7478841351215881,1
9209,2,0,1,1,3.8161782185648807,1
9210,2,1,0,0,-0.6068564325116288,0
9211,1,1,1,0,-inf,0
9212,3,0,0,1,3.229972466122324,1
9213,1,0,1,0,-0.23403769447563771,1
9214,3,0,0,0,1.697982684485921,0
9215,2,0,0,0,2.8490365979829884,1
9216,2,1,0,0,0.33724207177051896,1
9217,3,0,1,1,1.6927528532039595,0
9218,2,1,0,1,1.631272532398787,1
9219,2,1,1,0,-inf,0
9220,2,0,1,0,0.763233926206865,0
9221,2,1,0,0,-0.9915257925069982,0
9222,2,1,0,0,0.7653426968308569,0
9223,2,0,1,0,1.6988357939867005,0
9224,2,0,1,0,-inf,0
9225,3,1,0,1,2.6231276179332177,1
9226,1,1,0,1,-inf,0
9227,1,1,1,1,0.7225485360274626,1
9228,2,1,1,1,1.8186226440622593,1
9229,2,1,1,1,1.5668183492941903,1
9230,2,0,0,0,-1.2309579208215309,1
9231,2,1,1,0,0.7384471264079798,0
9232,2,1,1,1,-0.011197641925124291,1
9233,2,0,0,0,1.0222707347199613,0
9234,3,0,0,1,0.19124446807249285,0
9235,3,1,0,0,0.5337471574021178,1
9236,3,0,1,1,2.4935546716782273,1
9237,2,0,0,0,-1.570272833977851,0
9238,1,1,0,0,-0.5263720655961086,0
9239,2,1,0,1,-inf,1
9240,2,1,0,0,0.46189056327227507,1
9241,3,1,1,1,2.4754720369421204,0
9242,1,0,1,1,0.1989008592547946,0
9243,2,1,0,0,0.8333730829727206,0
9244,3,0,0,1,1.4708682495195808,1
9245,1,0,0,0,-1.4935967799103969,1
9246,3,1,1,0,2.390123017975896,1
9247,3,1,1,0,-inf,0
9248,2,1,0,1,0.8064689769104273,1
9249,1,0,0,1,2.0409044580137756,0
9250,2,1,1,1,1.5010976976974448,1
9251,2,0,0,1,-0.2988916179994492,1
9252,1,1,1,0,1.5482454759278854,1
9253,2,0,1,1,2.0439601805085363,1
9254,1,0,1,1,1.0279269723473843,1
9255,1,0,1,1,2.353034360269508,1
9256,2,1,1,0,-0.20805829434444534,1
9257,1,0,0,1,1.857143592936981,1
9258,2,0,0,0,0.23970118904184046,0
9259,2,1,0,0,1.430973600488065,1
9260,2,0,1,1,3.1079189532755764,0
9261,2,1,0,0,-1.2746430354309461,0
9262,3,1,1,0,-0.6311106336037093,0
9263,1,0,1,1,0.39250729126253414,1
9264,3,0,0,0,1.0306044071496774,0
9265,1,0,0,0,-2.396712854415484,0
9266,1,0,0,0,-0.1321853752203792,1
9267,1,0,1,0,-0.14345059482802425,0
9268,1,0,0,0,-2.466401668762838,0
9269,3,0,1,1,2.490276500227882,0
9270,2,0,0,0,0.662230288190589,0
9271,2,0,1,0,0.8845758409213584,1
9272,1,0,0,1,-0.5042393095767476,1
9273,2,0,0,1,0.06606416928641165,0
9274,2,1,0,1,-0.13551660168471882,1
9275,1,1,1,1,1.7713932459326003,0
9276,3,1,0,0,3.4788250573325317,0
9277,2,1,1,1,4.541780433626812,1
9278,2,0,0,1,1.4475568068200242,1
9279,3,1,1,1,2.75027505888286,1
9280,1,1,1,0,-0.46794535312132374,1
9281,3,1,0,0,-inf,0
9282,1,0,1,0,-2.0844870787041967,0
9283,1,0,0,0,0.11677737904318564,1
9284,1,0,1,0,-inf,0
9285,3,0,0,0,0.02303346480118562,0
9286,1,1,1,1,1.6291076043491939,1
9287,1,1,1,0,-1.2743550192873558,0
9288,3,1,0,0,0.9661136153037564,0
9289,3,0,0,0,0.9257002486280032,0
9290,2,1,0,1,-0.8037575166565002,1
9291,2,0,0,1,2.0134511095442864,0
9292,3,0,0,0,-0.03724756029536358,0
9293,1,0,0,0,1.1760022305097162,1
9294,1,0,1,1,1.707045018329,1
9295,3,0,0,0,-0.5625498587732285,0
9296,3,0,0,0,1.4959164787160302,0
9297,2,0,0,1,-inf,1
9298,3,1,1,0,0.9216768576775036,0
9299,3,1,0,0,2.1078945662328934,1
9300,2,1,1,1,-0.03709497531297434,1
9301,2,1,1,0,-1.6854783799319877,0
9302,2,1,1,1,-inf,1
9303,3,1,1,0,-0.6662892481032339,0
9304,1,1,0,1,-inf,0
9305,3,0,1,1,1.9928710706219157,0
9306,3,0,0,0,-1.2700709637477248,0
9307,2,1,1,1,-inf,1
9308,3,1,1,0,2.7418742022368123,0
9309,2,1,1,0,1.0307006163077579,0
9310,3,1,0,0,-2.9059464897951885,1
9311,1,0,1,1,-0.22988430120658832,1
9312,2,0,0,0,0.3112031781594392,0
9313,1,1,0,0,-0.18816981059202786,0
9314,2,0,0,0,-1.3142264943105153,1
9315,3,0,0,0,-1.0430310330405126,0
9316,1,1,1,1,1.238272109992688,1
9317,1,0,0,1,-2.5792228250221134,1
9318,2,0,1,1,3.132415245590298,1
9319,1,1,1,0,-inf,0
9320,2,1,0,0,-1.7078934380577198,0
9321,2,1,0,0,0.15637114962723353,1
9322,2,0,1,0,-1.6797655249741514,0
9323,2,1,0,1,1.6469558510720068,0
9324,2,0,0,0,0.4870061665101607,0
9325,3,0,1,0,-inf,0
9326,2,1,0,1,0.8724528289400425,0
9327,1,0,0,0,0.7523242049707619,1
9328,1,0,1,0,0.014696299892020037,0
9329,1,1,1,0,-0.46224926207538625,0
9330,1,1,1,1,2.731622077507663,1
9331,1,1,1,0,0.9116715776145279,1
9332,3,1,0,1,-0.2164819444383319,1
9333,3,0,1,1,1.380668871232117,1
9334,1,0,0,0,-1.26568980629012,0
9335,2,1,1,0,-0.5257192686581524,0
9336,1,0,0,0,-1.0331148967894443,0
9337,3,0,0,1,-0.6434892890816939,1
9338,3,1,0,0,-inf,0
9339,1,1,1,0,-0.11066496701271411,1
9340,3,1,1,0,1.3985095392486686,0
9341,1,1,1,1,-0.46925451865606926,1
9342,3,1,0,0,-0.8076702005705598,0
9343,3,1,1,0,-0.2089060817425998,0
9344,3,1,1,0,0.5268692254830207,0
9345,3,1,0,1,-0.946583702140529,0
9346,2,1,1,1,0.9942940720713789,1
9347,2,1,1,1,-1.1486038487802104,1
9348,1,1,0,1,-0.23856318109407237,1
9349,1,0,0,0,0.8772574028716206,0
9350,2,1,1,1,-0.8975128962857293,0
9351,3,1,1,0,1.915850608643002,0
9352,2,1,1,0,1.1542002613326092,0
9353,1,1,0,0,-1.2288603185020126,0
9354,1,1,0,0,-2.3146601158119635,1
9355,1,0,0,0,-0.34294093720025626,1
9356,1,0,1,0,-1.0271274208475072,0
9357,2,0,1,0,0.455523319760891,1
9358,1,0,0,0,0.8546859106727508,0
9359,1,1,1,0,-1.1590299467028915,0
9360,2,1,0,0,-1.135105562334128,0
9361,2,0,1,1,0.4843475665208049,1
9362,1,0,1,0,-0.5276714722207427,1
9363,1,0,1,0,0.23900989453445498,0
9364,2,0,0,1,1.0946642312923598,1
9365,3,0,1,1,-inf,1
9366,2,1,1,0,-0.07357271578528735,0
9367,2,1,0,0,1.268785700900339,1
9368,3,0,0,0,0.2776914269217319,1
9369,2,1,0,1,1.1812118229582,0
9370,3,0,1,0,0.6787044653157636,0
9371,1,1,0,1,0.7368319885334655,1
9372,2,1,0,1,3.1150077603106094,1
9373,2,1,1,1,2.4515407892250995,1
9374,3,1,0,0,0.9371226799555025,0
9375,3,1,1,0,1.891673463466348,0
9376,2,0,0,1,-0.3975447870711056,1
9377,2,1,1,1,1.8859317649550824,1
9378,1,0,1,0,-1.4685087567570596,1
9379,2,1,0,1,-0.4013381765527695,1
9380,1,1,1,1,-0.096211764116789,1
9381,1,0,0,1,1.536607496776487,0
9382,1,0,1,0,-1.007932321359235,0
9383,2,1,1,0,-1.5933300254762839,0
9384,1,0,1,1,-inf,1
9385,2,0,1,0,2.213419526762121,0
9386,2,0,0,0,0.28243740072320056,0
9387,2,0,1,1,2.023414108715066,1
9388,1,0,1,1,0.03680146112365052,1
9389,2,1,0,0,-0.6879928778325404,0
9390,2,0,0,1,1.2019665440608014,1
9391,3,0,0,1,1.0975110411631488,1
9392,2,0,1,1,0.4371300304278902,1
9393,2,1,1,0,0.31345309233169183,0
9394,1,1,0,1,-0.2992990920110432,1
9395,2,1,1,1,1.014496300612035,1
9396,1,1,1,1,1.9122998366756818,1
9397,2,1,0,0,1.1120907456083104,1
9398,2,1,0,1,0.3444143485694188,0
9399,2,1,0,1,0.16126950662174022,1
9400,3,0,0,1,-inf,1
9401,3,1,0,0,2.262334036970144,1
9402,1,0,0,1,-1.2540483201478994,1
9403,1,0,1,1,2.811615888233803,0
9404,3,1,1,1,2.265960008598032,1
9405,3,1,0,0,-0.10991438683907706,0
9406,1,1,0,1,2.186322596484592,0
9407,3,0,1,0,1.701912938624071,1
9408,3,1,0,0,-inf,0
9409,2,0,0,1,2.670447461594131,1
9410,3,0,1,0,-1.401748114235617,0
9411,1,1,1,1,0.6336399280833109,1
9412,1,1,0,0,-0.8614739174732708,0
9413,2,1,0,1,1.4208708273604667,1
9414,1,1,1,0,-1.3114904814688557,0
9415,1,0,1,0,-inf,1
9416,1,0,1,0,-1.0006806463249873,0
9417,3,0,1,0,0.3784152510786334,0
9418,2,1,1,0,0.015343654247308713,0
9419,2,0,0,0,1.302989493587925,0
9420,2,0,0,0,0.015422938842069661,1
9421,2,0,0,1,1.5251974741964673,0
9422,1,0,1,0,0.0034196406438526394,0
9423,1,0,1,1,2.823964583971195,1
9424,2,1,1,0,-0.7229040796141111,0
9425,2,1,0,0,-0.518860206813758,0
9426,2,1,1,1,1.627992289169238,1
9427,3,0,0,0,1.1642810323312345,0
9428,3,0,0,1,-0.024108241035303873,1
9429,2,1,0,0,0.5274401311531685,1
9430,3,1,0,0,0.5399840514741875,1
9431,2,1,0,1,-inf,0
9432,2,1,1,1,4.028824576848798,1
9433,1,0,0,1,1.2469659097981776,0
9434,2,0,0,1,1.2150753070144722,0
9435,1,1,0,0,-0.5974006097623143,0
9436,2,0,0,0,0.7892126763181235,0
9437,3,0,0,0,0.3919330884836454,0
9438,2,0,1,0,1.1304088017556013,0
9439,3,0,0,0,1.3680934795718898,1
9440,1,1,0,0,-inf,1
9441,3,0,0,1,1.3091760783928241,1
9442,2,0,0,1,2.300170671015615,1
9443,3,1,0,0,-inf,0
9444,2,1,0,1,0.017465200066056563,0
9445,3,1,1,1,1.964439721924483,1
9446,3,0,1,1,1.3471169071836882,1
9447,1,0,1,0,1.9088616109411514,0
9448,1,0,1,1,0.5686623487179503,1
9449,3,1,1,0,3.0010503185587183,0
9450,2,1,1,1,1.6512569686188001,1
9451,1,0,0,1,-0.6353671064006305,0
9452,1,0,1,1,-0.6652863687354293,0
9453,2,0,1,1,-inf,0
9454,2,0,1,0,0.6754118085087292,0
9455,2,0,0,0,-inf,0
9456,1,0,0,0,-inf,1
9457,1,1,1,0,-0.8352323082865847,0
9458,2,0,0,1,0.5097656632300595,0
9459,2,1,0,1,-inf,0
9460,3,1,0,0,1.1739515403003873,1
9461,2,0,1,0,0.025708297724969853,1
9462,1,0,1,0,2.0017908677435643,0
9463,1,1,1,0,-1.5287148207014205,0
9464,1,0,0,1,-0.4641760324573703,0
9465,2,0,1,0,0.053515687762210606,0
9466,1,1,1,1,0.13671214773250773,1
9467,3,1,0,0,0.4365417686234019,0
9468,1,0,1,1,1.0414396994495354,0
9469,3,0,1,1,2.1750578080042775,1
9470,3,1,0,0,1.5689703758312596,0
9471,2,1,1,1,4.1111506084656435,1
9472,3,1,0,0,0.9372617916249183,0
9473,3,0,0,1,0.7697680194905387,1
9474,3,0,0,0,1.2806765923837053,0
9475,1,1,1,0,-0.8447553275757708,0
9476,2,1,1,1,1.7878400541648052,1
9477,1,0,0,1,1.004449016770683,1
9478,2,0,0,1,0.5685511238007329,1
9479,3,1,1,1,2.5397588696682893,1
9480,1,1,0,1,0.9450616951479692,0
9481,2,1,1,0,-1.9094690851491747,0
9482,2,1,0,1,0.46719503706884413,1
9483,1,0,1,1,-inf,1
9484,1,0,1,0,1.2026424480111717,1
9485,3,0,0,0,-1.2318153198616848,0
9486,3,1,0,0,1.9951428066454475,0
9487,2,0,0,1,1.673208782738379,0
9488,3,0,0,1,0.17326412674020109,0
9489,2,1,1,1,0.8842471342768647,1
9490,1,0,0,0,-0.7416696413690874,0
9491,1,1,0,0,-0.6852049461807077,0
9492,1,0,0,1,-0.7172015431185321,1
9493,2,1,1,0,-1.1144832975592185,0
9494,2,0,0,1,-0.14389171156256908,1
9495,1,0,1,0,-0.14941918462216963,1
9496,2,1,0,1,0.8547653302950564,0
9497,2,0,1,1,1.9617538069616134,1
9498,2,1,0,0,1.9617743775732133,0
9499,3,0,0,0,-inf,0
9500,3,1,1,0,1.7332236040399112,0
9501,2,1,1,0,1.383960634305084,0
9502,2,1,1,1,1.6711298275322428,1
9503,2,0,0,1,1.5132273208369664,1
9504,3,0,1,0,1.0349548373161275,0
9505,2,1,0,0,-1.192716435812698,0
9506,3,0,1,0,1.428316553092407,0
9507,2,1,0,0,-2.1544448683429085,0
9508,1,1,0,1,0.9603834369928897,1
9509,1,0,1,1,-inf,1
9510,2,1,1,1,1.7487286137262137,1
9511,1,1,1,0,0.6751133952600499,0
9512,2,0,1,1,3.570457011135067,0
9513,2,0,1,0,0.36190926753159125,1
9514,3,1,1,0,2.357857839026595,0
9515,2,0,1,1,0.369267725075098,1
9516,2,0,0,1,-0.45708894877214434,0
9517,1,0,0,1,2.8034284933320635,1
9518,1,0,0,1,0.19910426858100347,1
9519,2,1,0,0,1.8304785165185258,0
9520,1,1,1,0,-0.6472581098815188,0
9521,3,1,1,1,1.5239619344555033,1
9522,2,1,0,0,0.3880552969741269,0
9523,2,1,1,0,-0.5628688662531968,0
9524,3,0,0,0,0.3643145914532019,0
9525,1,1,1,0,1.4743797020479772,0
9526,2,0,0,1,2.1793548554595708,1
9527,2,1,1,0,-inf,1
9528,2,1,0,0,-3.1760132921182045,0
9529,1,1,1,0,-inf,1
9530,2,1,0,0,-0.7033546973045652,0
9531,2,0,0,0,-0.8885568532090812,0
9532,2,1,0,0,-1.2962692602753165,0
9533,2,1,1,0,-0.9821427136854335,0
9534,1,1,0,1,-1.3856767315237815,0
9535,2,1,1,0,-inf,0
9536,2,0,0,0,1.4278784869652112,0
9537,3,1,1,1,2.2703226636177285,0
9538,2,0,0,0,-1.5771070281406203,0
9539,3,1,0,0,-0.04320013406765255,0
9540,3,1,0,1,2.766786967228064,0
9541,2,1,0,0,0.9033415732032545,0
9542,2,0,0,0,-1.257072637291074,0
9543,2,0,0,1,-inf,1
9544,1,1,1,1,0.3202970420815967,1
9545,2,0,0,1,-0.3043201189693726,0
9546,2,0,0,1,-inf,1
9547,2,0,1,1,1.826354192310018,1
9548,3,1,1,1,3.3349823219944033,1
9549,1,0,1,0,-0.4732410974589851,0
9550,2,0,0,0,0.7674096105320279,0
9551,1,0,1,1,1.0080690602456226,0
9552,3,1,0,1,1.6276500926490274,0
9553,1,0,1,0,0.7808216540531713,0
9554,1,0,0,0,-1.2282287438233883,1
9555,2,1,0,0,-1.4233733962959192,0
9556,2,0,1,0,-1.2801469891411261,0
9557,2,0,1,0,3.4909590276826274,1
9558,3,0,1,0,1.6022570199779473,0
9559,2,0,0,0,-0.04575271880856713,1
9560,1,0,1,0,-1.453811825740451,0
9561,3,0,0,0,-0.513877347335388,0
9562,2,1,0,1,0.4858606811351598,1
9563,3,0,1,0,1.6944441346773875,1
9564,2,1,1,1,0.10923114686195046,1
9565,1,0,1,0,-0.1904985048469647,0
9566,2,0,1,1,1.381018779227884,1
9567,1,0,1,1,1.6617335434915117,0
9568,2,0,1,0,-0.44575497867528546,1
9569,3,0,0,0,0.6106961127604602,0
9570,2,0,0,0,1.5382065170568038,1
9571,1,0,1,0,-1.4765474843258168,0
9572,2,1,0,1,1.2607749129712253,1
9573,1,0,0,1,0.8254769404098279,1
9574,3,0,1,0,2.28924012567896,0
9575,3,0,1,0,3.3090294834250944,0
9576,2,0,1,1,4.241176880065536,1
9577,3,0,1,1,2.963309353967809,1
9578,3,0,0,1,2.8681330641133562,0
9579,1,1,1,1,1.827519561000849,1
9580,1,1,0,0,-2.19845407620497,0
9581,2,1,0,1,-1.3475058165491232,1
9582,3,1,0,1,-0.30908543956532797,0
9583,2,0,1,1,2.0749659745015654,1
9584,3,1,1,1,-inf,1
9585,1,1,1,1,2.22904513543036,0
9586,2,1,1,1,0.3633891215335264,1
9587,3,0,1,0,-inf,0
9588,2,0,1,0,-0.4777434597430192,0
9589,3,0,0,0,0.8730069689153506,1
9590,2,1,1,0,0.6668999717927554,0
9591,2,0,0,1,0.5094906661241236,0
9592,1,0,0,1,-0.21796151998707908,1
9593,2,0,0,1,1.9716948242003642,1
9594,1,1,0,0,0.021095099105521764,1
9595,2,0,0,0,0.6764542496556303,1
9596,3,0,0,1,-inf,0
9597,1,0,0,0,-2.115470420409788,0
9598,3,1,1,1,1.52396240871024,1
9599,3,1,0,0,1.0027747377749974,0
9600,2,0,1,1,-inf,1
9601,1,1,0,1,-1.192579584705536,1
9602,1,1,1,0,-1.2737857425478054,0
9603,3,1,0,1,1.904754048187859,1
9604,3,1,0,0,-0.11728397785056005,0
9605,2,0,1,1,4.252183940301072,1
9606,1,0,0,1,-1.3304172738264,1
9607,1,0,0,0,-0.11025017414650617,1
9608,2,1,0,1,-inf,1
9609,2,0,1,0,-inf,0
9610,3,1,0,1,1.6471321949167046,1
9611,3,1,1,0,1.831207460877441,0
9612,1,0,1,0,0.8917100824313239,0
9613,1,0,0,1,0.5201580836450018,1
9614,2,0,0,1,-0.7642497825904675,0
9615,2,0,0,0,-3.8946445089548893,0
9616,3,0,1,1,3.410392786644037,1
9617,2,0,1,1,1.2333851795108886,0
9618,3,1,0,1,0.7533502352483761,1
9619,3,1,0,0,-0.6253783854844263,1
9620,1,1,0,0,-0.24733974947964843,1
9621,2,0,1,0,0.9101815006642335,1
9622,3,0,0,0,-1.247499940460659,0
9623,2,0,0,0,-2.156246296496931,0
9624,2,1,0,0,-inf,0
9625,2,0,1,1,3.7435601187454473,1
9626,1,0,1,1,2.683450656636712,1
9627,3,0,0,0,0.09856605088334103,0
9628,2,1,0,1,4.445829719403162,1
9629,3,0,0,0,0.4414557680026562,1
9630,1,1,0,0,-2.5239914997801023,0
9631,1,0,1,0,0.15595246489480352,0
9632,3,1,1,0,-0.08334763872906081,0
9633,1,1,1,0,0.5892754459172729,0
9634,3,0,0,1,-inf,1
9635,2,0,0,0,0.014813997789466127,0
9636,2,1,0,0,-0.1036484612034386,0
9637,3,1,1,0,-0.2995392636855532,0
9638,3,0,0,1,0.6778254874697784,1
9639,1,1,1,0,-1.277049920557807,1
9640,1,0,0,1,2.244578311688062,1
9641,3,1,0,1,0.927297568383317,1
9642,3,1,1,1,2.5538083533306315,1
9643,2,0,1,0,2.19733193004559,0
9644,2,0,0,1,-0.4443626317773606,1
9645,1,1,1,0,-0.3580614453879376,1
9646,1,0,0,1,-inf,1
9647,3,1,0,1,3.0793819455222042,1
9648,2,1,1,1,1.8029489062181587,1
9649,2,1,1,0,1.354761983202889,0
9650,2,0,1,1,1.3012070312661506,1
9651,3,0,0,0,1.3018494220745869,0
9652,2,0,1,0,1.2344771903032743,0
9653,3,0,0,1,-0.7485618248725019,0
9654,1,0,1,1,2.1754903757140998,0
9655,2,1,0,0,0.5968650431881611,1
9656,1,1,0,1,-0.6514051873339106,0
9657,2,1,1,0,-0.3505906548455269,1
9658,2,1,0,1,-0.7132055655831698,1
9659,2,1,0,1,-inf,1
9660,2,0,1,0,2.89248166750811,0
9661,1,1,1,0,-1.3213084859070467,0
9662,3,1,1,1,1.5237302458331985,1
9663,2,0,0,1,0.7949839628118158,0
9664,3,1,0,0,0.7036119208434787,1
9665,3,1,0,1,0.3222286256120331,0
9666,3,1,1,1,3.0923323052739162,1
9667,2,0,1,0,2.812943260394777,0
9668,3,1,0,0,-1.752446111800789,0
9669,3,1,1,1,2.8769002419105343,1
9670,2,1,1,1,0.09763687372328884,0
9671,2,1,0,1,-0.3652298499407779,1
9672,1,1,1,1,3.8602267521047717,1
9673,1,0,0,0,-0.6323454551127997,0
9674,1,1,1,1,2.589768968562777,1
9675,2,1,0,1,0.3949786604417648,0
9676,2,0,1,1,1.1584945059958027,1
9677,2,1,0,0,-0.3476736133008723,1
9678,2,1,0,0,-0.839369803918805,0
9679,2,1,0,0,0.21025455908034207,0
9680,2,1,0,1,-0.4250830042325418,1
9681,1,1,1,1,2.9203028926123644,0
9682,1,1,0,1,0.6187232179222613,1
9683,1,1,1,1,-inf,0
9684,1,0,0,0,-inf,1
9685,2,0,1,1,2.0847052270545303,1
9686,2,0,0,0,-0.5350305118678638,1
9687,1,1,0,0,-1.2543279540756451,0
9688,3,0,0,1,1.037280978817283,1
9689,1,0,1,0,-0.36733039164434245,1
9690,2,0,0,1,0.6823761195893454,1
9691,1,1,0,0,0.5148917512403692,1
9692,3,1,0,1,0.6419809397799018,1
9693,1,0,1,1,1.2468002336098303,1
9694,1,0,1,0,-1.4621072851640973,0
9695,2,1,1,0,0.9126910367650034,1
9696,2,1,0,1,1.2413044098541473,1
9697,1,0,0,0,-0.5978036083732206,0
9698,3,0,0,0,0.6989471370690016,0
9699,3,0,0,0,0.7088057834871748,0
9700,2,0,1,0,2.377842626984654,0
9701,1,0,0,0,-1.219083393245993,0
9702,2,1,1,0,2.5739127029115574,1
9703,3,0,0,1,1.5293433909672616,1
9704,1,0,1,0,-1.6673287236418368,1
9705,2,0,0,1,2.0537496557511137,1
9706,3,1,1,1,2.3257802664867984,1
9707,2,1,1,1,-inf,0
9708,1,1,0,1,-0.6619969130672356,1
9709,3,0,1,1,5.350942810185071,1
9710,3,1,0,1,1.3461791812460058,1
9711,1,0,1,1,-0.2639994427948992,1
9712,1,0,1,1,2.425713749420592,1
9713,2,1,1,0,1.0821129176178146,0
9714,3,0,1,0,0.32177090115400553,0
9715,2,0,0,0,2.2967832734694476,0
9716,2,0,1,1,2.6090864598600607,1
9717,2,1,1,1,0.7546704907396893,1
9718,1,1,0,1,1.0007512401861172,1
9719,1,1,0,0,-1.0411568928146804,0
9720,1,1,0,1,0.7206803538954253,1
9721,3,1,1,1,2.0704173454370203,1
9722,2,1,0,1,1.5435748429802687,1
9723,2,1,0,0,0.4148857196655205,0
9724,2,1,0,1,0.8010419248103541,0
9725,2,1,0,0,-0.4140764191105405,1
9726,2,0,1,1,0.8876219169585459,1
9727,2,0,1,0,1.5244833129645885,1
9728,1,1,0,0,1.3462881882444964,1
9729,1,1,1,0,1.3005716823415272,1
9730,2,0,1,1,-inf,1
9731,2,1,0,0,0.5821615576020059,1
9732,3,0,0,0,-0.5319970776648876,0
9733,2,1,1,0,-1.3172814752042485,0
9734,1,1,1,0,-0.3785442393985309,0
9735,3,1,0,1,-0.5424056059545073,1
9736,1,1,1,1,-inf,0
9737,3,1,0,1,0.28081429247313255,0
9738,1,0,0,0,-0.23078840921952737,0
9739,2,1,0,1,-1.3756545754940377,1
9740,1,1,1,0,-1.8096402161155578,1
9741,1,0,0,0,0.11308917888195313,0
9742,1,1,1,0,0.9888728630351198,0
9743,1,1,1,1,0.8907313377146111,1
9744,3,0,1,0,2.1065111290141627,1
9745,2,0,1,0,2.2580126499579913,1
9746,3,0,0,1,2.492218990683096,1
9747,2,1,1,1,1.4519722359029836,1
9748,3,0,1,0,2.881593732980322,0
9749,3,1,0,1,3.342523248779245,1
9750,1,1,0,1,-inf,1
9751,3,1,1,1,-inf,1
9752,2,1,1,1,1.6039322707117445,1
9753,1,1,0,1,1.1654823524206979,1
9754,3,0,1,1,1.5057838753044415,1
9755,3,0,0,0,0.7325864582438101,0
9756,1,0,0,0,-2.0327222261145423,0
9757,3,1,1,0,1.9251527384536424,0
9758,3,0,0,0,1.6840532867831033,1
9759,3,0,0,0,-0.11349355378370368,1
9760,2,1,1,1,2.077916750138944,1
9761,2,1,0,1,-0.9335804060602643,0
9762,3,0,1,1,1.5591149489456426,1
9763,2,1,1,1,-inf,0
9764,2,0,1,1,2.077657180434139,1
9765,1,0,0,1,-inf,0
9766,2,1,1,1,1.624836416205564,1
9767,3,0,0,0,-1.6983927766251694,0
9768,1,0,1,0,-2.2528586660777488,0
9769,1,0,0,0,-0.8975990111869276,0
9770,3,0,0,1,-inf,1
9771,1,0,0,0,-0.026512341853343002,1
9772,3,1,0,0,0.47013926195280653,0
9773,2,0,0,1,0.7311138215888064,0
9774,2,1,0,0,2.645544632404727,1
9775,2,1,0,0,-0.38608021423469857,1
9776,2,0,0,0,0.3322481320139258,0
9777,2,0,0,1,2.9942469866075174,1
9778,2,0,1,0,-0.035748304403722286,0
9779,2,0,0,0,-1.2348572876631283,0
9780,2,1,0,1,1.6634416672561165,1
9781,1,1,0,0,-1.4552753388572741,0
9782,3,0,0,0,-0.43910341899216865,1
9783,1,1,0,0,-0.8784267547587358,0
9784,2,0,1,0,0.6123390884369155,1
9785,1,0,0,0,0.4924804981498905,1
9786,3,1,0,0,-0.9690507829063093,1
9787,3,1,0,1,2.5052279358996334,1
9788,2,1,0,1,-inf,0
9789,2,0,1,1,3.9102621631492993,1
9790,3,0,0,0,0.041690446912812984,1
9791,1,0,0,0,-0.31666690255634644,0
9792,3,1,1,1,0.6969240725566432,1
9793,2,1,0,1,1.061778632789259,1
9794,2,0,0,0,0.05723957872548441,1
9795,3,0,0,0,-inf,0
9796,1,0,0,0,-3.0298181642129203,1
9797,1,0,1,0,-0.40144213383940075,0
9798,1,0,0,1,-1.6599480832935978,0
9799,2,1,1,0,0.5329816651609052,1
9800,2,0,1,1,2.0947444118541694,1
9801,3,1,0,0,0.734473257677206,0
9802,1,1,0,1,0.45789125024561894,0
9803,2,0,1,1,2.5529717685585402,1
9804,1,1,1,0,-2.8183289555689592,0
9805,3,0,0,1,1.7145423420479995,1
9806,2,1,0,0,-1.7287528513579864,0
9807,1,0,1,0,2.023790888453032,1
9808,2,1,1,1,1.8880714062661323,1
9809,1,0,0,0,0.6124496622846778,0
9810,3,0,0,1,3.151649341230983,1
9811,3,1,1,0,-inf,0
9812,2,1,1,0,-0.33595834316600504,1
9813,2,1,1,0,1.6813995493960157,0
9814,1,0,1,0,1.8534254867386086,1
9815,3,1,0,1,1.4731405893080989,1
9816,2,1,0,0,-1.7951089005239709,0
9817,3,0,1,1,-0.9155372413640475,0
9818,1,0,0,1,-0.38348698553637117,0
9819,2,1,1,0,1.199856854233655,1
9820,1,1,0,0,0.6597487663216977,0
9821,2,1,0,0,0.6815671415501985,0
9822,1,0,0,0,-1.2728483435954552,0
9823,2,0,1,0,1.7082767298998538,0
9824,3,1,0,0,0.33413957062175814,1
9825,2,0,1,0,0.7608540384662272,0
9826,2,1,1,0,0.533304171387678,0
9827,2,1,0,0,-2.807549086207519,0
9828,2,0,0,1,-inf,0
9829,3,1,0,0,2.1613619008834926,0
9830,2,0,1,0,1.4709209762218023,1
9831,2,0,0,0,0.1442054125514338,0
9832,2,0,0,0,1.2629520378118813,0
9833,1,0,0,0,-2.1873822661455105,0
9834,2,1,1,0,0.5193783126896734,1
9835,3,0,0,0,-inf,1
9836,2,0,1,1,2.554710199616937,0
9837,2,0,0,0,1.727790117540936,0
9838,1,0,0,1,0.850625444349864,1
9839,3,1,1,1,1.4933678737507226,1
9840,3,1,0,0,-0.18109381270449343,0
9841,2,1,1,1,2.244788942281561,1
9842,2,1,1,1,2.682061626772165,1
9843,3,0,1,1,2.425812089511758,1
9844,1,0,0,1,-inf,1
9845,1,0,0,0,-1.9736853070517466,0
9846,3,1,0,0,-0.08847985271216992,0
9847,1,1,1,0,-2.1277356054129126,0
9848,2,0,0,1,-inf,1
9849,2,1,0,0,0.7977016410257987,0
9850,3,1,0,0,-0.8119713033127236,1
9851,1,1,1,0,1.1220884030599165,0
9852,2,0,1,1,2.511243621288969,1
9853,3,0,1,1,1.8359094031559189,1
9854,2,0,0,1,-inf,0
9855,2,0,0,1,-inf,1
9856,2,1,0,1,1.6143525584665335,1
9857,2,0,0,0,0.1643296222290055,0
9858,2,1,0,1,1.3280767438828494,1
9859,1,1,0,1,0.8467589634777952,1
9860,3,1,0,1,1.2009332313818089,1
9861,2,1,0,1,-2.871525257675194,0
9862,1,1,1,1,0.3784693661971023,1
9863,2,0,1,1,-inf,1
9864,3,1,0,1,0.6454720861244383,1
9865,2,1,0,0,-0.2714959108847186,0
9866,2,1,0,0,1.7060896895452995,1
9867,2,0,1,1,1.3645583609129237,0
9868,1,0,0,1,1.6488989956131368,0
9869,2,1,1,1,2.0990563935627904,1
9870,1,1,0,1,0.7168275586219317,1
9871,3,0,1,0,1.0195301702087232,1
9872,1,0,0,0,0.7544513802805921,0
9873,2,1,1,1,1.6540445577427834,0
9874,2,1,1,1,1.9523832646562544,1
9875,2,1,0,0,-inf,1
9876,2,1,0,1,-inf,1
9877,1,0,0,0,0.22434582864186947,0
9878,1,1,0,1,-0.2267699597375325,0
9879,1,1,1,1,-0.4151811874887274,0
9880,1,1,1,0,-1.6866160765669442,1
9881,2,0,1,0,2.7893564388907945,1
9882,1,1,1,1,1.1142850660686547,1
9883,2,0,1,0,-0.35995180171664704,0
9884,2,0,1,0,4.967373933899528,1
9885,3,0,0,0,-0.12547168326733543,0
9886,1,0,0,0,-0.6330844830412029,0
9887,1,1,1,1,-inf,1
9888,2,1,1,0,1.248428928571783,1
9889,1,1,0,0,-1.2753436340918536,0
9890,2,1,1,0,-1.5982185678129683,1
9891,3,0,0,1,1.036629861650415,0
9892,2,1,0,1,1.0104111159748803,1
9893,2,1,0,0,-2.1679597230531784,0
9894,1,1,1,0,0.6327029760939795,1
9895,3,0,0,1,1.4715521734439607,1
9896,1,0,1,1,1.3552062860887455,1
9897,3,1,1,0,-inf,1
9898,3,0,0,1,1.1047685074335107,1
9899,1,0,1,0,0.4381557124275741,0
9900,3,0,0,1,1.4070462003066333,1
9901,2,0,1,1,-inf,1
9902,1,0,1,1,3.0196250711011268,1
9903,1,1,1,0,-2.4797862304678713,0
9904,1,1,0,0,-2.43856050861384,0
9905,1,1,1,0,-0.8437326827421834,0
9906,2,0,1,0,0.8229534306697845,1
9907,3,1,1,0,-0.14211307149232572,1
9908,1,0,0,0,-0.957289717748712,1
9909,2,1,1,0,1.7310561831741464,0
9910,3,1,0,0,2.5121997966361196,0
9911,2,0,0,0,-1.4242671132921676,0
9912,2,0,0,1,1.7481773973020898,1
9913,1,1,1,1,1.6331443213041468,1
9914,3,1,0,0,2.6125527850532015,0
9915,1,0,0,0,-0.9665729215200044,0
9916,2,1,0,1,1.4851251390126907,0
9917,1,0,0,1,0.09071398052069701,0
9918,2,1,1,1,2.193754026907745,0
9919,3,1,1,0,1.0556104441869611,1
9920,1,0,0,1,-0.3328233120832939,1
9921,1,1,1,0,-0.9118769134266331,1
9922,3,0,1,1,3.056975501592725,1
9923,2,1,1,1,-0.1065843274522617,1
9924,3,1,0,0,-0.1957978035142116,0
9925,1,1,0,1,0.49889691614907883,1
9926,2,1,0,0,0.7982084277772964,0
9927,3,1,0,1,-inf,0
9928,3,1,0,0,-0.7832162429589234,0
9929,3,1,0,0,-2.507396191333889,0
9930,3,1,1,0,2.240873322340265,0
9931,3,1,0,1,-inf,1
9932,2,0,0,0,0.582789736472884,1
9933,1,1,0,0,0.014552112612709056,0
9934,1,1,1,1,-0.9921544025904864,0
9935,3,1,0,1,0.4399006523362461,1
9936,3,0,0,0,-0.7978260665874812,0
9937,1,0,1,1,-0.24247280690764372,1
9938,3,1,0,1,3.000862609599798,1
9939,3,1,0,1,3.2536268105101773,1
9940,3,1,1,1,2.2682133452880615,1
9941,2,1,0,1,-0.8387603556560002,1
9942,2,1,1,1,0.17095674474854616,0
9943,1,1,1,0,-1.9043024845667076,1
9944,3,1,0,0,1.7146928169891484,0
9945,3,0,1,1,2.0293745385140634,1
9946,2,1,1,1,4.964869721334457,1
9947,1,0,1,1,2.9567732047834747,1
9948,2,1,1,1,-inf,1
9949,1,0,1,0,-1.3108829364939476,0
9950,1,0,0,1,0.4003582563696806,1
9951,3,1,0,0,0.34668743737002694,0
9952,1,1,1,1,1.3911896341580987,0
9953,1,0,0,0,0.5297085029704202,0
9954,2,1,1,1,0.6919710565565219,1
9955,2,1,1,1,0.11432450699547325,1
9956,2,1,0,0,-0.9554154840551783,0
9957,2,1,1,0,-inf,0
9958,1,1,0,1,-1.7767359183301483,0
9959,1,1,1,1,-inf,1
9960,2,1,1,0,0.4032998625074174,0
9961,3,1,1,1,1.6801854102600424,1
9962,3,1,0,0,-inf,0
9963,2,0,0,1,-0.4278748742391356,1
9964,2,1,0,0,-0.5000031523141402,0
9965,2,0,1,0,-0.20253122927951744,0
9966,3,1,1,0,-0.8066459602412649,1
9967,3,1,1,0,1.6162137018650538,0
9968,1,1,0,0,-2.089355562028449,0
9969,1,0,1,1,2.4532123005491595,1
9970,2,0,1,0,-0.5341449907544922,1
9971,2,1,0,1,0.5564373459023566,1
9972,2,0,1,0,0.9999351072364625,0
9973,2,0,0,1,1.2701356228958052,1
9974,2,0,0,1,1.826217604294645,0
9975,2,0,1,1,4.2085078523685695,1
9976,3,0,0,0,2.035518122058427,1
9977,3,0,0,0,2.7559146983804768,1
9978,3,0,1,0,0.051263603120000084,1
9979,1,0,1,0,0.11183923004490826,0
9980,2,1,0,0,-2.075723399732141,1
9981,3,1,0,0,0.2723209772554427,1
9982,2,0,1,0,-0.05707667681029563,1
9983,3,1,1,0,-0.4797168459665153,0
9984,1,1,1,0,-0.281402239458269,0
9985,2,1,0,0,0.2782507530317563,0
9986,1,0,1,0,-0.6267697600276724,0
9987,1,1,0,1,2.646977204826465,1
9988,2,1,0,0,0.1287259943016959,0
9989,3,0,0,1,2.6975546937901433,1
9990,3,0,1,1,3.006664538974411,1
9991,3,1,0,0,-1.141858372441706,1
9992,2,0,0,1,-inf,1
9993,2,1,1,0,0.640757327487588,1
9994,3,0,0,1,-inf,1
9995,2,0,1,1,0.8242597927522755,1
9996,2,1,0,0,-1.4987285595146995,0
9997,3,0,1,0,2.3132679060474466,0
9998,1,0,0,1,-0.48114958007979475,1
9999,3,0,0,0,-0.11574544957908706,1
10000,1,1,1,0,-0.9588702654524404,0
10001,2,0,1,0,0.8886220035246065,1
10002,3,0,1,0,0.7173234195577484,0
10003,3,0,0,1,5.259248387268631,1
10004,3,0,1,1,2.9521627287963446,1
10005,2,1,1,0,0.9650415053804826,0
10006,2,1,0,1,0.35493306365919575,1
10007,2,0,0,0,-0.23338804964108645,0
10008,1,0,0,1,-0.11638005192053613,1
10009,2,0,0,1,0.3703787029935488,1
10010,3,0,1,1,1.8403789166611322,1
10011,3,1,0,1,-0.9180755458166361,1
10012,2,0,1,0,-0.15520607399751118,1
10013,3,1,0,0,1.8329764738486052,1
10014,1,1,1,1,0.2149541027027007,1
10015,3,0,1,1,1.8667499990995997,1
10016,1,0,0,0,1.1707778496814536,1
10017,3,1,0,1,1.699473295241708,1
10018,3,1,0,1,3.103684977247582,1
10019,1,0,0,0,-1.063128083520026,1
10020,2,0,1,1,1.10004316534424,1
10021,1,1,1,1,-0.3749433352424547,1
10022,3,0,1,1,-inf,1
10023,2,0,0,1,-inf,0
10024,1,1,1,1,-0.16489664358149486,1
10025,2,1,1,0,1.1868373049349557,0
10026,1,1,1,0,0.5799300057057476,0
10027,3,1,0,0,0.28721248176325026,0
10028,3,1,0,0,-0.32415267603096043,0
10029,2,0,0,1,1.069391303900136,1
10030,3,1,1,1,2.400793059212762,1
10031,3,1,0,0,-inf,0
10032,1,1,1,0,-0.7840219401331312,0
10033,3,1,0,1,-0.30492062097240197,1
10034,3,1,0,0,-0.6662733564511147,0
10035,1,0,1,0,0.6753136661493235,0
10036,2,1,0,0,-2.15231690931338,0
10037,3,0,0,1,-inf,0
10038,2,1,1,0,0.2781789654663218,0
10039,2,1,0,0,1.3568009346700574,1
10040,1,0,0,0,0.05837007761878826,1
10041,3,1,1,0,-1.8385845056671632,0
10042,2,1,0,1,1.8088200367088034,1
10043,1,0,1,1,1.2333506430099952,1
10044,1,1,1,1,0.17965788818391304,0
10045,2,1,1,1,1.2678360295802098,1
10046,2,1,0,0,0.03697278800488696,0
10047,3,1,0,1,1.523889798109026,0
10048,2,0,1,1,1.0639505087504397,0
10049,2,1,1,0,0.5266487412696597,0
10050,2,1,0,1,3.072663092935074,1
10051,2,0,1,1,3.364092762298206,1
10052,2,0,1,0,-0.22701572878177068,0
10053,2,1,1,1,1.0855279802449718,0
10054,2,1,1,1,2.418515036301587,1
10055,2,1,1,1,2.5697270518876665,1
10056,2,0,0,1,0.21067174244263626,1
10057,3,1,0,0,0.1620289776248553,0
10058,1,1,0,1,-0.5801306425601066,1
10059,1,0,1,0,-0.2602774591987208,0
10060,1,0,1,0,-inf,0
10061,3,1,0,1,2.137794566156343,1
10062,3,1,1,0,0.8183486554376065,0
10063,1,0,1,0,-0.883300716354414,0
10064,2,0,1,0,-inf,1
10065,2,1,0,1,1.6288981118534727,1
10066,2,0,0,1,-inf,1
10067,3,0,0,1,1.7260317079108165,1
10068,3,1,0,0,1.08498935641361,0
10069,1,1,1,1,0.025511509811278255,0
10070,2,1,1,0,0.7711601974528594,0
10071,2,1,1,1,-1.3356782800130862,1
10072,1,1,0,0,-2.65016776155692,1
10073,2,1,0,0,-inf,0
10074,1,1,1,0,-0.03882950837398469,1
10075,2,1,0,0,1.595104637740318,0
10076,2,1,1,1,1.774126483944312,0
10077,2,0,0,0,-1.3069002322674534,0
10078,2,1,0,1,0.0921837813056095,1
10079,3,0,1,0,3.7549807591834155,0
10080,3,0,0,0,1.3393031136898983,1
10081,2,0,0,0,-0.2614434586284865,0
10082,3,0,0,0,-1.5444059514452433,0
10083,2,1,1,0,1.4752026263042404,0
10084,1,1,1,0,-0.6599792008464218,0
10085,2,1,1,0,0.8024192211476282,0
10086,2,0,0,0,-1.4065600254626562,0
10087,2,1,0,1,1.0508040492834871,1
10088,3,0,1,1,3.3528166019100234,1
10089,2,0,0,0,-0.6178846438431875,0
10090,2,1,0,1,1.695567094962747,0
10091,3,0,0,0,2.4854879529305705,1
10092,1,1,1,0,1.725551889843337,1
10093,3,0,1,1,3.997676052998373,1
10094,1,1,1,0,1.4484958892902773,0
10095,2,1,0,0,-0.4234198770591945,0
10096,3,0,1,1,1.3693581173982414,0
10097,2,1,0,0,2.5467032047398193,1
10098,2,1,1,1,1.7206565411429455,1
10099,3,1,0,1,-inf,1
10100,1,1,0,0,-0.45828501054527093,0
10101,1,1,0,0,-inf,1
10102,2,0,0,1,2.2933599348194047,1
10103,2,0,0,1,2.3041955365614513,1
10104,1,0,0,0,-0.06406821468333679,0
10105,1,0,1,0,0.4074769261059067,0
10106,3,0,0,0,1.768158745283132,0
10107,3,0,1,0,0.5311216363327467,0
10108,3,0,1,1,-0.7911755422005047,0
10109,1,1,1,1,-0.36778816822581,0
10110,1,1,0,0,-1.2252200634756059,1
10111,3,1,1,1,0.6823787975466599,0
10112,3,0,1,1,2.3419037422423674,0
10113,1,1,1,1,-0.6778025576748044,0
10114,2,0,1,0,1.3029793135746566,0
10115,3,0,0,1,2.109982073320513,1
10116,1,1,1,0,0.5004284241419962,0
10117,1,1,0,0,-0.9130105547255608,0
10118,1,1,1,0,-1.3019672997881118,0
10119,3,0,0,0,2.4542528542411843,1
10120,1,1,1,0,-0.17216589711819297,0
10121,2,0,0,0,0.14538979519173556,0
10122,3,0,0,1,1.9168279171179037,1
10123,2,1,1,1,1.0723346839182548,0
10124,1,1,0,1,-0.5154798516012199,1
10125,2,1,1,0,1.4589695458673093,0
10126,1,0,0,1,-1.3105947126100057,0
10127,3,1,1,0,1.5662822581722806,0
10128,1,1,1,1,0.5113158156739634,1
10129,1,1,0,0,-inf,0
10130,3,0,0,1,-0.1802937941628479,0
10131,3,1,1,1,3.087858894428255,1
10132,2,1,0,0,0.5714482987998155,0
10133,3,0,0,0,-1.403661663212648,0
10134,3,0,0,0,1.524927405439703,0
10135,3,1,0,0,-1.6727849195074864,0
10136,2,0,0,0,-0.9024152556394469,0
10137,3,0,0,1,2.0113049080756635,1
10138,2,0,1,1,2.2011450810474478,1
10139,2,0,0,1,2.815474257486706,0
10140,3,0,1,0,-inf,0
10141,2,1,1,0,-0.15244177846214668,0
10142,2,1,0,1,1.5129592796078513,1
10143,3,1,1,1,3.713782728233785,1
10144,3,0,0,0,2.030501592392369,1
10145,1,1,0,1,-1.6838186694165214,1
10146,1,1,0,1,0.230245351692265,1
10147,2,1,1,1,1.9152697004079726,1
10148,2,0,0,0,0.9772252697949642,1
10149,1,0,0,1,1.6890023395347578,1
10150,1,1,0,1,-0.6950318051244191,1
10151,1,0,0,1,-1.3862392785005517,1
10152,3,1,1,1,1.7653989733694082,1
10153,2,1,0,0,0.027579446191755563,1
10154,1,0,0,0,-2.127450396261005,0
10155,1,1,0,1,0.6758553027130061,1
10156,1,0,1,0,-0.9984699271208353,0
10157,2,0,1,1,-0.010408050430873672,0
10158,3,1,0,0,1.2904277967689874,0
10159,1,0,0,0,0.0068458410683699955,0
10160,2,1,0,0,-0.030560542260506696,1
10161,2,1,1,0,-inf,0
10162,2,1,0,0,-1.6798867790668268,1
10163,1,1,0,1,1.3695363380464378,1
10164,3,1,1,1,2.8326479655004597,1
10165,3,0,0,1,2.1251900565594637,1
10166,3,1,1,0,0.32222729589680554,0
10167,2,0,1,1,2.7270873339487824,1
10168,1,0,1,1,1.1542440069036308,1
10169,3,0,0,0,0.9704082962974947,1
10170,1,0,1,1,0.0031518520474880796,0
10171,1,1,0,1,1.6097757811437894,0
10172,2,0,0,1,0.8372663518000548,1
10173,2,1,0,1,0.6230097030491908,1
10174,2,1,0,0,0.42686093680821074,1
10175,2,1,0,0,1.0246107183255555,0
10176,2,1,0,0,-0.8097911830733343,1
10177,1,0,1,1,1.2899056756190337,0
10178,1,0,1,0,0.17212971205082772,0
10179,2,0,1,0,2.6810188473287484,0
10180,1,1,0,0,-inf,0
10181,1,0,1,0,1.5560404642096566,0
10182,1,0,1,0,-inf,0
10183,2,1,0,1,-0.41897474984756,0
10184,3,0,0,1,3.3027958369408372,0
10185,3,1,0,0,0.207003284627168,1
10186,1,0,1,0,-0.08849888425154329,1
10187,3,1,1,0,1.8888761670120406,0
10188,1,1,0,1,-1.5141714080866076,1
10189,1,0,1,0,-inf,0
10190,3,0,0,1,2.6794779720512825,1
10191,1,1,1,1,-0.20302392167450733,1
10192,2,0,0,0,0.4767680006693976,0
10193,2,1,1,0,0.44248792146887916,0
10194,3,1,0,0,0.6791915389750662,0
10195,3,1,1,1,2.0818858403793508,1
10196,2,0,1,1,2.6810956330191376,1
10197,2,1,0,1,0.7969874753452029,1
10198,2,1,0,0,-1.0460911373881738,0
10199,2,0,0,0,1.2304526212325597,1
10200,2,1,1,1,0.8913899661944993,1
10201,3,1,1,1,-inf,0
10202,3,0,0,0,-0.4820774479977725,0
10203,2,1,1,1,0.6037283545750156,1
10204,2,0,1,0,0.08095225236476,0
10205,3,0,0,1,2.4712666301383774,0
10206,2,0,0,0,-0.0641926686277462,0
10207,2,0,1,1,0.8892701509957683,1
10208,2,1,1,0,2.7486746747482544,0
10209,2,1,1,0,1.3698963473916717,0
10210,1,1,1,1,-inf,1
10211,1,0,1,0,0.6142192872396726,0
10212,3,0,0,0,1.0361816454749313,0
10213,2,0,1,0,1.0834414132034336,0
10214,3,0,1,0,1.5301663464546662,0
10215,1,0,0,1,0.5491350606500603,1
10216,2,0,1,1,-inf,1
10217,1,0,1,0,-2.4314180587237866,0
10218,3,0,0,0,0.8947028176099043,0
10219,2,1,0,0,-1.0861090338483956,0
10220,3,0,0,0,-0.035948221174574635,1
10221,2,0,0,0,-1.037208512978903,1
10222,3,1,0,1,0.5733680752571756,1
10223,2,0,1,1,2.270156806031391,1
10224,3,0,1,0,1.2152784006414628,0
10225,2,0,0,0,0.6189528541393846,0
10226,2,1,1,0,0.9299619073310583,1
10227,3,1,0,0,-1.8881621190529985,0
10228,2,0,1,1,0.07929139490513837,0
10229,2,1,0,0,-inf,0
10230,3,1,1,0,0.296721250091741,0
10231,2,0,1,0,0.004819627660600678,0
10232,2,0,0,0,1.0369093658843695,0
10233,3,0,0,0,-inf,0
10234,2,1,0,1,1.8237831468109327,1
10235,1,0,0,0,0.11311339153342509,0
10236,3,1,1,1,2.966767751895145,1
10237,1,0,1,0,0.009715934000621651,0
10238,1,0,0,0,0.9313071151052384,0
10239,2,1,1,1,-inf,1
10240,1,1,1,0,-1.8886625210413166,0
10241,3,1,1,0,1.3077723794009177,0
10242,2,1,0,1,0.9271656375582427,0
10243,1,1,1,1,3.595453940035445,1
10244,2,1,1,1,1.4581384949657634,0
10245,2,0,0,0,0.3804735603074557,0
10246,2,0,1,1,-inf,1
10247,1,0,1,0,-inf,1
10248,2,1,0,0,-1.2226087941316495,1
10249,3,1,0,0,0.7197432794604747,0
10250,2,1,1,0,2.0033051607987407,1
10251,3,1,0,0,-1.935978599726797,1
10252,2,1,0,0,-1.0387714777779355,0
10253,1,1,0,1,-inf,0
10254,1,1,1,1,0.14963078333802166,0
10255,1,1,1,0,-inf,0
10256,3,1,0,1,2.0770470241860766,1
10257,2,0,1,0,1.559232578518047,1
10258,1,1,0,1,0.5742228779262464,1
10259,1,1,1,1,0.9942009434958883,0
10260,3,0,1,0,1.1535040739080318,0
10261,2,0,0,1,1.533537748979561,1
10262,1,1,1,0,-1.1248900081009463,1
10263,3,1,1,1,2.7093597575972073,1
10264,3,0,0,0,-inf,0
10265,3,0,0,0,-1.2095306692397074,0
10266,1,1,0,0,-2.445019776738821,0
10267,2,1,0,0,1.8086629844005926,1
10268,2,1,0,0,0.7152144916344828,1
10269,2,1,0,1,-inf,0
10270,2,1,0,1,-1.062736186859934,1
10271,2,0,0,1,1.7452496334467762,1
10272,1,0,1,0,-inf,0
10273,1,0,0,1,-1.9063905830580399,0
10274,3,1,1,0,1.480485121462295,0
10275,1,0,1,1,1.6767628091235298,0
10276,2,1,1,1,2.611218205308677,0
10277,3,0,1,0,0.667346533263673,1
10278,2,0,1,0,0.9353204561203127,0
10279,2,1,1,0,2.946075587787707,1
10280,1,1,1,0,-1.7347963236532042,0
10281,3,0,0,1,1.4081022937057004,1
10282,2,1,0,0,-0.6336250627064983,0
10283,2,1,1,1,2.272873791264268,1
10284,2,0,0,0,-0.8814143597238232,0
10285,3,0,0,0,-0.6840601508750521,0
10286,3,1,0,0,0.43008474570468547,1
10287,2,1,0,1,-inf,1
10288,3,0,0,0,1.5758896172411985,0
10289,3,1,1,1,-inf,1
10290,2,1,0,0,-0.9724589471484009,1
10291,2,0,1,0,3.2264977506132237,1
10292,2,0,1,1,2.340662729746909,1
10293,3,0,0,1,1.2978296529397553,1
10294,2,0,1,1,1.5051161507110786,1
10295,3,1,0,0,-inf,0
10296,1,0,0,0,-0.7679671712900522,0
10297,3,0,0,1,0.2540252345311116,1
10298,3,1,1,0,0.2306631861868027,1
10299,2,1,0,1,0.5590314709880254,1
10300,1,1,1,1,0.8253334274773605,0
10301,3,1,0,0,-0.2276912154341168,1
10302,3,1,1,0,1.1510344784624027,0
10303,1,1,1,1,1.4196641441244937,1
10304,2,0,0,1,0.777005026886683,1
10305,2,0,1,1,2.0370362048866983,1
10306,2,1,0,0,-2.6825729522316535,0
10307,2,0,1,1,0.11242480963361579,0
10308,2,1,1,1,-0.6125806171303941,0
10309,3,0,0,0,1.5832225379353142,0
10310,2,1,0,0,-0.870456484182331,0
10311,2,1,0,1,1.903793405817801,0
10312,3,1,1,1,1.480220232710773,1
10313,2,1,0,1,0.30841154017342787,0
10314,1,1,1,0,-0.6031516119577173,0
10315,1,0,1,0,1.1486386865520564,0
10316,2,0,1,1,1.5079203672588555,0
10317,1,1,0,0,-1.2623602520149542,0
10318,2,1,1,0,1.6712701951403723,1
10319,2,0,0,0,-inf,0
10320,1,1,1,1,1.875428969805297,1
10321,2,1,0,1,0.9700534704423379,0
10322,2,1,1,0,0.5808451904875579,0
10323,1,1,1,0,-2.34712421070027,0
10324,2,1,1,0,0.7245211404626656,0
10325,3,1,1,1,3.9266990601876595,1
10326,2,1,0,0,1.6648760827695448,1
10327,3,1,0,1,0.7886956632971542,0
10328,2,1,0,0,0.36679868406411154,0
10329,2,0,0,0,-inf,0
10330,1,0,0,0,-1.0209276908303244,0
10331,1,1,0,0,0.31896165784243213,0
10332,1,0,0,1,-0.1846629185540457,0
10333,3,1,0,0,1.2918011768556166,1
10334,2,1,0,1,1.611825861780818,1
10335,3,0,0,0,1.1924097053023446,0
10336,1,1,0,0,0.3280927037115914,0
10337,3,1,0,0,1.5078031924031143,1
10338,1,0,0,1,0.733221765843125,1
10339,1,1,1,0,1.0246564178148305,0
10340,2,1,0,1,0.6740188696127599,0
10341,3,0,0,1,2.6820096632839174,1
10342,1,1,1,1,-0.27397885616940654,0
10343,2,1,1,0,1.9359556279946915,0
10344,2,0,0,0,-0.10238352397662309,0
10345,2,0,0,0,-0.4417540969257854,0
10346,1,0,0,0,-inf,0
10347,2,1,1,0,-inf,0
10348,2,1,0,1,-1.2011456775897782,1
10349,3,0,0,0,0.19110271367122278,1
10350,1,0,1,0,0.06184262000804619,1
10351,3,1,0,1,-inf,1
10352,1,0,1,1,0.6391048519853804,0
10353,1,1,0,1,-1.7871762015021186,1
10354,2,1,0,1,1.815889826352535,1
10355,3,1,1,0,0.8106908790929745,0
10356,2,1,0,0,0.20034361704905718,0
10357,3,0,0,0,0.48038277110011496,0
10358,2,1,1,1,0.7061091828325673,1
10359,3,1,0,0,-0.18129179299121312,1
10360,3,0,0,0,0.06774329086556752,1
10361,3,1,0,1,3.4201143579300113,1
10362,2,0,1,0,1.6022264316180117,1
10363,1,0,1,0,2.5630457877772104,0
10364,3,1,0,0,1.0915331506946209,1
10365,2,0,1,1,2.4387872038240133,1
10366,2,1,1,1,0.716039864716043,1
10367,3,0,0,0,1.2611853157012431,0
10368,1,0,0,1,0.8490848037557635,1
10369,3,1,1,1,-inf,1
10370,3,0,1,1,0.7900985411859669,0
10371,1,0,0,0,0.7144811753809812,1
10372,1,1,1,0,-0.16330281823890377,0
10373,2,1,1,0,0.32892157229644464,0
10374,2,1,0,0,-1.9032773552192919,0
10375,2,0,0,0,-2.0433467933300244,0
10376,2,1,0,0,1.2339011043753567,0
10377,3,1,1,0,0.38314577199331806,1
10378,2,1,0,1,0.3044410657503844,1
10379,3,1,1,0,0.5097588053930231,0
10380,3,1,0,0,0.3593972947731641,1
10381,2,1,1,0,-inf,0
10382,2,0,0,1,1.0586259810586818,0
10383,3,1,0,0,0.02661748615931192,0
10384,3,1,1,1,2.612692415622945,0
10385,1,1,1,0,-0.4309321727941585,1
10386,3,0,1,1,0.5235030252304873,0
10387,1,1,0,0,0.09313772123202763,0
10388,2,0,0,1,-2.262844015908553,1
10389,2,0,0,1,0.9329639799419269,1
10390,2,1,0,0,-1.5784339825774958,0
10391,1,0,1,1,1.7953265866197121,1
10392,3,1,0,0,-2.0384700882707762,0
10393,2,0,0,1,-0.15938810983762663,1
10394,2,1,0,1,-0.9594520076653068,1
10395,2,0,1,0,-0.3218779153702977,0
10396,1,0,1,1,1.5411136651504214,0
10397,1,0,1,1,-inf,1
10398,3,1,0,0,0.9823348555498783,0
10399,3,1,1,0,-inf,0
10400,3,1,1,0,4.1093003676580535,0
10401,2,0,0,0,-1.2653783586928327,1
10402,3,0,0,0,-0.3450036288558271,0
10403,3,1,0,1,-0.3428060571353394,1
10404,3,0,1,0,1.1121139948370153,0
10405,3,1,1,0,2.568175454007714,0
10406,2,0,0,0,-0.19358400302295342,1
10407,2,0,0,1,1.2896932436863187,0
10408,3,1,0,1,-0.5571293588529587,1
10409,1,1,0,1,-inf,1
10410,1,1,0,0,-4.711302446176643,0
10411,3,0,0,0,2.218374370394007,0
10412,2,1,1,0,0.07002939353258303,0
10413,2,1,1,1,0.6240561590435381,1
10414,3,1,0,1,1.8898123617723808,1
10415,3,0,0,0,-0.14259276576853686,1
10416,2,0,0,1,2.310124631687998,1
10417,2,1,0,1,0.10909993710634713,1
10418,3,0,1,0,2.6508571915934964,0
10419,1,1,1,1,-0.9748273590099761,0
10420,2,1,1,0,1.889716381337918,1
10421,3,1,0,0,0.7538408722500765,0
10422,2,1,1,1,0.6746156565098631,1
10423,2,0,0,1,-1.056694172280923,1
10424,3,1,0,1,2.6505672904391746,1
10425,2,0,0,1,-0.16893873954870484,1
10426,2,1,1,0,1.3244448941015645,0
10427,3,1,1,1,3.0965077502336142,1
10428,1,1,0,1,0.34791376611939123,1
10429,1,1,0,1,1.0989776649453724,1
10430,3,0,0,1,1.7666901451762997,0
10431,3,0,1,0,2.3567676529256323,0
10432,1,0,1,0,-inf,1
10433,2,1,0,1,1.0490396905803685,0
10434,2,1,0,1,-0.824175897964385,0
10435,2,0,0,0,-inf,0
10436,1,1,0,1,1.6772161822909846,1
10437,1,1,0,1,-inf,0
10438,2,1,0,0,-inf,0
10439,1,1,0,0,-inf,0
10440,1,0,1,0,-0.6756571585393161,0
10441,1,0,1,0,1.3925028545398346,0
10442,1,0,0,1,1.1050148502033308,0
10443,2,0,0,1,0.6167580704719547,1
10444,3,1,0,1,2.120260482537992,1
10445,2,0,0,1,-0.17218248830551286,1
10446,1,1,0,0,-0.7779957539900094,0
10447,3,1,1,1,3.0205896448953933,1
10448,3,1,0,0,0.5585554001319888,1
10449,1,0,0,0,0.17839196173071525,1
10450,1,0,0,1,-inf,1
10451,2,1,0,1,1.9239179949518743,1
10452,2,0,1,0,2.2523127625890216,0
10453,1,1,1,1,1.0443276306951028,0
10454,1,1,1,1,-inf,1
10455,3,1,1,1,2.656722338474538,1
10456,3,0,0,0,-inf,0
10457,3,0,1,0,2.6855251874232824,1
10458,1,0,0,0,-2.240570686198052,0
10459,1,0,0,1,2.5803665854212285,1
10460,2,1,1,1,1.7468521657182996,1
10461,2,1,1,0,-0.8722193317666328,0
10462,2,0,0,0,-inf,0
10463,3,0,1,0,1.4079836518200566,0
10464,3,1,1,0,1.6424360227797608,1
10465,2,0,1,0,0.026105153587338017,0
10466,2,1,1,1,-0.16218386420439007,1
10467,2,0,0,0,-0.1317341686674789,0
10468,2,0,1,0,2.4215642326027202,0
10469,3,0,1,1,0.822865278701435,1
10470,2,1,1,1,0.5118180605139121,0
10471,3,1,0,0,-inf,1
10472,1,0,0,0,0.9904588561604466,1
10473,2,0,1,0,2.0500975098499907,0
10474,3,0,1,1,1.8858788851329813,0
10475,1,0,1,1,0.9810087098353942,1
10476,2,0,0,1,1.9337017349955237,1
10477,3,1,1,0,0.11585157585859013,0
10478,2,0,1,0,1.0345112896524387,0
10479,1,1,0,0,-2.6519778560394562,0
10480,2,1,0,0,-inf,0
10481,1,1,1,0,0.975476978487543,0
10482,1,0,0,1,-1.7686687002402244,0
10483,3,0,1,1,0.3487220822644833,1
10484,1,0,1,0,1.0141126545766135,1
10485,1,1,1,1,-inf,1
10486,2,1,1,0,-0.13254665681089128,0
10487,3,0,0,0,-0.42292242672200253,1
10488,3,0,0,1,2.360943186284992,1
10489,3,1,0,1,3.596026532985999,1
10490,1,1,0,0,-0.1173582674931305,0
10491,3,0,0,1,2.407812710886687,1
10492,2,1,0,1,-0.5077240604872892,0
10493,3,0,1,1,2.99803801312817,0
10494,3,0,0,0,0.29010343683027273,1
10495,3,0,0,0,-1.346431118610635,1
10496,1,0,0,0,-1.4118525750912343,1
10497,1,0,1,1,0.8417583663606032,1
10498,2,1,0,0,-0.5773115711378567,0
10499,2,0,1,1,1.3286810212356284,1
10500,3,1,0,1,2.986206169113768,1
10501,2,1,0,0,0.46191720864476843,0
10502,1,0,0,1,-inf,1
10503,1,1,0,0,0.9259919941248445,1
10504,1,0,0,1,-0.8065137227798381,0
10505,3,0,0,1,2.3803493505047433,1
10506,2,0,1,0,-0.016961932390197276,0
10507,1,0,1,1,-inf,1
10508,2,1,0,0,0.5469130459114784,0
10509,1,0,1,0,1.2521885417747236,0
10510,2,1,0,1,1.5940254258272897,0
10511,1,0,1,0,-0.17312992138045924,1
10512,2,0,0,1,1.4373395167094802,0
10513,2,1,1,1,3.7331263553477823,1
10514,3,0,0,1,2.3695811956804325,1
10515,2,1,0,1,1.114675247366032,1
10516,3,0,1,0,2.461929690908546,0
10517,1,0,1,1,2.3089295948122754,1
10518,3,0,1,0,0.457523772098729,1
10519,3,1,0,0,-0.37751557263464386,0
10520,2,1,0,0,1.0690573827575487,0
10521,3,1,0,0,-0.46638250628867695,0
10522,3,0,1,0,-inf,1
10523,2,0,0,1,0.18944356477075677,1
10524,1,0,0,0,-0.046687580689576125,0
10525,3,0,0,0,2.757129397068914,1
10526,1,1,0,0,-0.10186119058849719,0
10527,3,1,1,0,-inf,1
10528,2,1,1,1,-0.18886111411827922,1
10529,3,1,1,0,-0.4234307751159383,1
10530,2,1,1,1,-0.6912720689374731,1
10531,2,0,1,1,1.0844269384609355,1
10532,2,1,0,1,0.3284380684900894,1
10533,3,1,1,0,1.047823264831666,0
10534,3,0,0,1,1.448933415874708,1
10535,2,0,0,0,1.236106006225552,0
10536,1,0,0,0,-2.691466003417143,0
10537,2,0,1,0,-0.2731453439723216,0
10538,1,1,0,0,-3.1406201572273096,0
10539,2,0,1,1,0.8456183851877329,1
10540,1,0,0,0,-1.0132382704190055,0
10541,2,1,0,0,1.5956076039098206,1
10542,3,0,1,1,2.988871629804276,0
10543,2,1,0,0,-0.20270570630188567,0
10544,2,0,0,1,1.4212050984582674,1
10545,2,0,0,0,-0.4607037659152166,0
10546,2,0,1,0,-inf,0
10547,3,0,0,0,2.6725836593115124,1
10548,2,0,1,1,0.3355043807803687,1
10549,1,0,0,1,0.35945830443723326,1
10550,1,1,1,1,-0.5165542483534282,1
10551,2,0,1,0,0.8779431026392523,0
10552,3,1,1,0,1.3722162665787208,0
10553,2,1,0,1,0.429789601966036,1
10554,2,1,1,0,-1.4232377796888982,0
10555,1,1,0,0,-3.5761113691195465,0
10556,2,1,0,1,0.8802017493263261,1
10557,1,1,0,1,-0.23651687592211662,1
10558,1,1,0,0,0.5461021779328266,1
10559,1,0,1,1,0.03090784961518314,1
10560,1,1,1,0,0.4313018770209029,0
10561,2,0,0,1,2.710621010248559,1
10562,3,0,1,0,2.6169497075019987,0
10563,2,1,0,1,1.8137595252869279,0
10564,2,0,1,1,0.7862639274923188,0
10565,2,1,0,1,1.6970393361733136,1
10566,1,1,0,0,-inf,1
10567,1,1,0,0,-inf,0
10568,1,0,1,1,3.70604937848199,1
10569,3,0,0,1,1.960488529837331,1
10570,1,0,1,0,-0.4097790765880267,0
10571,3,1,1,0,1.3790931684917331,1
10572,2,0,1,1,0.6706464797066423,1
10573,2,0,1,0,-0.5345093428740523,0
10574,3,0,0,1,2.6638959320814357,0
10575,2,1,0,1,-inf,1
10576,3,1,0,0,0.49130908871115453,1
10577,3,1,0,0,0.8766592514707521,1
10578,1,1,1,0,-1.4609090393108104,0
10579,1,0,0,1,2.58705316257827,1
10580,2,1,0,1,0.7214843396828778,1
10581,3,0,0,1,3.024915761363002,1
10582,3,1,1,1,2.268775525307279,0
10583,2,0,1,0,0.1156270223550453,0
10584,1,1,1,1,-0.4148606212759638,1
10585,1,1,1,1,0.15134312913135722,1
10586,2,1,0,1,-1.1877996301986182,1
10587,3,0,0,1,1.6949880914112792,1
10588,2,0,1,1,3.6371242171415794,1
10589,3,0,0,1,0.7262704168468622,1
10590,2,0,0,0,-inf,0
10591,1,1,1,1,-inf,1
10592,2,0,1,1,-inf,0
10593,3,1,1,0,-0.7635969564257264,0
10594,3,0,1,0,1.792750193617391,0
10595,3,0,0,1,-0.29927234661306923,1
10596,3,0,0,0,-inf,0
10597,2,0,0,0,-0.6751387566476827,1
10598,1,0,0,0,-1.3581436966636145,0
10599,1,0,1,0,-1.2319859256613281,0
10600,3,1,1,0,-inf,0
10601,2,0,1,1,0.19504062239173492,1
10602,3,0,0,0,-0.16055211907647948,1
10603,3,0,1,1,3.323430491415394,1
10604,1,1,0,1,-1.062850982286899,0
10605,1,1,0,0,-2.1500029682791557,0
10606,2,0,1,0,1.4811063914230294,1
10607,2,1,1,1,0.5181908315601742,1
10608,1,1,1,1,-2.3629925560757847,0
10609,2,0,1,0,-inf,1
10610,3,1,0,1,2.806176486182819,1
10611,2,0,0,0,-1.4286809014748378,1
10612,2,1,1,0,0.9458167685852522,1
10613,1,1,1,1,1.565604405590901,1
10614,1,1,1,0,0.0080610041148029,0
10615,3,0,1,0,0.80428647823027,0
10616,2,0,1,1,-inf,1
10617,2,1,0,0,-0.7661683404247742,0
10618,2,1,1,0,0.2493185047183103,0
10619,2,0,1,0,2.147964489691714,1
10620,1,0,1,0,1.5347397762679407,0
10621,1,1,0,1,-0.5180586265108957,0
10622,1,0,1,0,0.21679571671668907,0
10623,2,0,1,1,1.630424547655692,1
10624,2,0,0,0,1.0152127617644509,1
10625,1,0,1,0,0.6410759313528225,0
10626,3,0,0,0,-0.2560467456441809,0
10627,1,1,0,0,-inf,0
10628,2,1,0,1,-0.6524592899978777,1
10629,1,1,1,1,-0.8367829782507812,1
10630,3,1,0,1,-0.423503844119348,0
10631,1,0,1,0,0.23025641127961427,0
10632,2,0,1,1,0.7154195651177707,1
10633,2,0,1,1,-inf,1
10634,2,0,1,0,2.0297261775144966,1
10635,1,0,1,0,1.8157627005439128,1
10636,1,0,1,0,0.43522995221375,1
10637,3,1,1,0,0.2886433430464853,0
10638,2,1,0,0,2.0190582353857276,1
10639,3,1,0,1,3.156869554803683,1
10640,2,0,1,1,-inf,0
10641,2,0,0,1,1.8839603674683527,1
10642,1,1,1,0,0.9546265854657399,0
10643,2,0,1,1,1.7908814952667713,1
10644,2,1,0,0,0.5865282342040353,0
10645,2,0,1,1,2.8585412510578805,1
10646,3,1,0,1,0.3244347857357322,1
10647,3,0,1,1,4.634027487012297,1
10648,2,1,0,0,-1.8569201619272788,0
10649,2,1,1,1,-inf,1
10650,2,1,0,0,-1.802826553754191,0
10651,3,0,0,1,2.8323633979748464,1
10652,2,0,0,0,3.237581566691915,1
10653,2,0,1,0,0.7726719417391343,0
10654,2,0,0,0,0.5419104644552539,1
10655,2,0,0,1,0.46158841685123125,1
10656,3,0,1,0,1.5446023838667413,1
10657,1,0,1,0,-0.24105335653963766,0
10658,1,1,0,1,0.35089975213994207,1
10659,1,1,1,0,-1.079158121682183,0
10660,2,0,1,0,-0.4141400070766166,0
10661,1,1,0,1,-0.514460327388599,1
10662,2,1,1,1,1.1072584543676565,1
10663,2,0,1,0,-0.6166332072355329,0
10664,2,1,1,0,-0.9974078787338987,0
10665,2,0,1,1,0.8133892805495931,1
10666,3,1,0,1,-inf,1
10667,2,1,1,1,1.9925415997143006,1
10668,2,0,0,1,0.2832456002123775,1
10669,3,1,0,0,-0.5678162759445369,1
10670,1,1,0,1,-inf,1
10671,2,0,1,1,2.1211194874531203,0
10672,3,0,1,1,1.0479458315368104,0
10673,1,0,1,1,1.3349501582726293,0
10674,2,1,1,0,-inf,1
10675,2,0,0,1,2.711401234050361,0
10676,2,1,1,1,0.5326832617106771,1
10677,2,1,1,0,1.2176384593661032,0
10678,2,1,0,0,-1.6035749202298821,0
10679,3,0,0,1,2.355461754745229,1
10680,2,0,0,0,-0.5676912813675432,1
10681,3,0,0,1,-inf,1
10682,3,1,0,0,0.1619853102357126,0
10683,3,1,1,1,1.7365169621955152,1
10684,1,1,1,1,0.37386107360813303,1
10685,2,1,1,0,-0.5337311980870169,1
10686,2,1,1,1,2.8308717935582175,1
10687,1,1,0,0,-1.145030438968056,0
10688,2,1,0,0,-0.6572522645279918,1
10689,3,0,1,1,1.6948091991173841,0
10690,2,1,0,0,0.824689444902599,0
10691,3,1,0,0,-3.99552580238195,0
10692,1,0,0,0,-1.0429417866616375,1
10693,2,1,0,0,3.1294401867242243,1
10694,2,0,1,0,1.6705806852175267,1
10695,3,1,0,1,0.8943736677437166,1
10696,1,1,1,1,-0.1230446709307127,1
10697,3,1,1,1,-inf,1
10698,3,0,1,1,1.8442305465219073,0
10699,3,0,0,0,1.0839131088601912,1
10700,1,0,1,0,0.20006476324225336,0
10701,1,0,1,0,-1.092346682645545,0
10702,3,0,0,1,1.382417556629005,1
10703,2,1,1,1,0.5507893626337133,0
10704,2,1,0,1,0.5712959219869196,1
10705,3,1,1,1,1.7691324227817904,1
10706,1,1,0,0,-0.4637334334561471,0
10707,3,0,0,1,3.3819369272134705,1
10708,2,1,1,1,2.4274640031703605,1
10709,2,1,0,0,-0.17317163535408164,1
10710,3,1,0,0,-1.415778984313471,1
10711,2,0,0,0,-inf,1
10712,2,1,0,1,4.202760974512694,1
10713,1,1,1,0,-inf,0
10714,2,0,0,1,-0.16926031331774005,1
10715,2,0,1,0,-0.5015323342937736,0
10716,2,1,1,1,0.7220586680533791,1
10717,1,1,1,0,0.19158721276795965,0
10718,2,0,1,0,-0.22189748622368266,0
10719,1,0,0,0,1.2574000425159257,0
10720,3,0,0,0,-0.3934071499528708,0
10721,1,0,1,0,1.7505293224354919,0
10722,1,1,0,1,0.43702580272615993,1
10723,1,1,0,1,-1.5412146183381257,1
10724,3,1,0,0,1.0968574915872111,1
10725,3,1,1,1,0.9544931045248354,1
10726,2,1,1,0,0.8669458150876421,1
10727,3,1,0,0,-0.9237814456582867,1
10728,3,0,1,0,1.852535492511978,0
10729,3,0,0,1,3.4766007994903703,1
10730,3,0,0,1,2.3632831185672782,0
10731,1,0,1,1,0.6805046241185926,1
10732,2,1,1,1,2.912374082168715,1
10733,2,1,0,0,-0.6541143137551665,0
10734,1,1,1,0,0.6290662004185166,0
10735,1,1,1,0,0.12080527533793795,0
10736,2,1,0,0,-2.237792386867553,0
10737,3,0,0,1,0.580510141881775,1
10738,1,1,1,0,-0.3844463917414405,1
10739,2,0,1,0,1.1567308093201345,0
10740,3,1,0,0,-2.281655899517097,0
10741,3,0,0,1,-0.40901904061910804,1
10742,3,0,0,0,-inf,0
10743,1,1,1,1,0.6762050628660463,1
10744,2,1,1,0,0.9959638539155713,0
10745,1,1,1,0,-0.6348086163818086,0
10746,3,0,0,1,0.7459891618198449,1
10747,2,1,0,1,0.8298184562871675,1
10748,2,0,1,1,4.974254753818588,1
10749,2,1,1,1,1.1801072518402533,1
10750,3,1,0,1,-inf,1
10751,1,0,0,0,0.5121701383296818,0
10752,1,1,1,1,2.931505513312235,1
10753,2,0,1,1,2.61977285484308,0
10754,3,1,0,0,0.03584336765541854,0
10755,2,0,0,0,-0.1094126085378222,0
10756,2,0,0,0,-3.0746453188231944,0
10757,3,1,0,0,-0.4898440452851526,0
10758,2,1,0,0,-0.7194438266791287,0
10759,2,0,0,0,-1.089772505987668,0
10760,3,1,1,1,2.1191235279848155,1
10761,3,0,0,0,-0.2986807527996207,1
10762,2,1,0,1,1.8329781512614702,1
10763,3,1,1,1,3.7979752592939207,1
10764,2,0,1,1,0.9646261864773278,1
10765,2,1,1,0,1.6896790118638076,0
10766,3,1,0,0,-3.044635178323729,0
10767,2,0,1,1,2.145681845783845,1
10768,1,0,1,0,-0.34204493918226664,0
10769,3,1,0,1,-0.31386102990336184,1
10770,1,0,0,0,-inf,0
10771,2,0,0,0,-0.8878610480848061,1
10772,3,0,1,0,-0.28437152320077647,0
10773,1,1,1,1,-0.36248930045864347,1
10774,2,1,1,1,-1.044507265334124,1
10775,2,1,1,1,-inf,1
10776,2,0,1,1,1.4834100576137452,1
10777,3,0,0,0,-1.168072499065325,1
10778,2,1,1,0,-inf,0
10779,1,0,1,0,-0.005718674105076982,0
10780,2,0,0,0,0.4900038211723987,0
10781,2,1,0,1,-0.24779477363402952,1
10782,3,0,1,0,0.7535227193373562,0
10783,1,0,0,0,0.9024972832081948,0
10784,3,0,0,1,0.8883140342023235,0
10785,1,1,0,1,-0.1813550030770698,1
10786,1,0,1,0,-1.8373294766181838,0
10787,3,1,1,1,1.7265900494436424,1
10788,3,1,0,0,-0.15099787370670725,0
10789,1,1,1,1,0.9582431799047204,1
10790,1,0,0,0,-0.2471412269113475,1
10791,3,0,0,0,-0.2189939390294158,0
10792,1,1,1,0,0.27193495586124583,1
10793,3,1,1,0,1.5348076490616742,0
10794,2,0,1,0,0.5794510147832002,0
10795,3,0,1,0,-0.831466126686033,0
10796,3,0,1,1,0.43316515614043327,1
10797,1,1,1,0,0.5068786648913512,0
10798,2,1,1,0,-1.3491674962854223,0
10799,2,0,0,0,0.6583184828056621,0
10800,1,1,0,1,1.205817352050696,1
10801,3,1,0,1,-0.1694784622019383,1
10802,2,1,0,0,-0.8767519002747697,1
10803,2,1,1,0,0.04393727146864568,0
10804,2,1,1,0,-0.2303256407967679,0
10805,3,0,0,1,3.7641816497195264,1
10806,2,0,1,1,3.1558831785717816,1
10807,1,1,0,0,-1.3629733591165105,1
10808,2,1,1,0,-0.8168972194285579,0
10809,2,0,1,1,0.5453721764284136,1
10810,1,0,0,0,0.10476664463953018,1
10811,2,0,0,1,-inf,1
10812,1,0,1,1,-inf,1
10813,1,0,1,0,0.37127142447304845,1
10814,1,1,1,1,-inf,1
10815,2,1,0,1,1.0126824643463697,1
10816,1,1,1,0,0.22127038815927336,0
10817,1,1,1,0,-0.8162037841572972,0
10818,1,0,0,0,1.271515342704067,0
10819,2,0,1,0,-0.611234775383059,0
10820,3,1,0,0,-0.23840991295279468,0
10821,3,1,1,1,3.031313698993861,1
10822,1,1,1,1,1.1662629602166974,1
10823,3,1,1,0,0.37677706826584806,1
10824,1,1,0,1,-inf,1
10825,2,0,1,0,2.5684351667423035,1
10826,1,0,1,1,1.1229911083724098,1
10827,3,1,0,1,-0.3775965138092061,0
10828,2,0,0,0,0.3185089046699392,0
10829,2,1,0,0,-0.42762471054141216,0
10830,3,1,0,1,1.8920879395547052,1
10831,2,1,1,1,2.5693085812640106,1
10832,3,1,0,1,-0.6921865511809929,0
10833,3,1,0,0,-1.9916817275670415,1
10834,1,1,0,1,-0.6468533689974962,0
10835,3,1,0,0,-0.8283652206325889,0
10836,1,0,1,1,-0.16161643879868803,1
10837,3,0,1,1,2.5905797402384554,1
10838,1,0,0,0,-0.5520661571422572,1
10839,2,0,1,0,2.66093582406777,1
10840,2,1,0,1,1.307772647649882,0
10841,3,0,0,1,-inf,0
10842,2,0,0,1,1.092380176167763,0
10843,2,1,1,0,-1.9326662514406232,0
10844,2,1,1,0,-0.8742081247507738,0
10845,2,1,1,1,0.0029082171310835236,1
10846,2,0,0,0,-0.08299884111591893,1
10847,3,0,1,1,3.9331470834461406,1
10848,2,1,0,0,-0.9594336899437375,1
10849,1,0,0,1,-inf,0
10850,3,0,0,0,0.9674759124336394,1
10851,2,1,0,1,1.219162904940133,1
10852,1,1,0,0,-1.217045490046236,0
10853,1,0,1,1,4.088934671897172,1
10854,2,0,0,0,2.0470939503963006,0
10855,1,0,1,1,0.6531783367446223,0
10856,1,1,1,0,0.1547723199458152,1
10857,2,1,1,0,0.32093589422563173,0
10858,2,0,0,0,0.18371863072726002,1
10859,2,1,1,0,0.8879825373973375,0
10860,2,0,1,0,1.1034266566621027,0
10861,2,1,0,1,1.1409390786208402,1
10862,2,1,0,1,-inf,1
10863,1,1,0,0,-0.7520518166006133,0
10864,2,1,1,1,-inf,1
10865,3,1,1,1,-inf,1
10866,3,0,1,0,3.356237128603338,0
10867,2,1,1,0,-0.46066617122702114,0
10868,3,0,0,0,1.159352698180308,1
10869,2,1,0,0,0.9849032320785067,0
10870,1,0,1,0,-1.6195978004732243,0
10871,2,1,1,1,1.335483535257358,1
10872,1,1,1,0,0.04591190918239336,1
10873,2,0,0,0,1.8629464389500388,1
10874,2,1,0,1,-1.3090075150024179,0
10875,1,1,1,0,-1.5691454812936367,1
10876,2,0,0,1,1.9823255502918808,1
10877,1,1,1,1,2.440973087454592,1
10878,2,0,1,1,3.3746569247625984,1
10879,1,1,1,1,0.9812228067824674,1
10880,3,0,0,0,0.2732041422132746,1
10881,1,0,1,0,-1.6694507811098025,0
10882,2,1,1,0,0.44226823637008617,1
10883,1,1,0,0,-1.8500799276022044,0
10884,2,1,1,1,2.363591611851563,1
10885,2,1,1,1,-inf,1
10886,2,1,0,0,0.18214884689738708,0
10887,2,0,0,1,-0.16615476248270603,0
10888,3,0,0,1,0.2480136356788749,1
10889,2,1,0,1,-inf,1
10890,3,1,1,0,0.09214740871536686,0
10891,2,1,0,1,0.3900549705478008,1
10892,1,1,0,0,-0.48662246497047357,1
10893,2,1,0,1,-inf,0
10894,1,1,1,1,2.1756138564852416,1
10895,2,1,0,1,0.15750933319477567,0
10896,1,0,1,0,1.9723320974679397,0
10897,2,0,1,0,1.4495513221912324,0
10898,2,1,1,1,2.7992073677962086,1
10899,3,1,1,1,1.2419962144561913,0
10900,1,1,1,0,1.3558718879611336,1
10901,2,0,0,0,0.20067655930990136,0
10902,1,0,1,1,-inf,1
10903,2,0,1,1,2.3605475604963764,1
10904,2,0,0,1,0.6346413821586249,1
10905,2,0,0,0,-1.0134778636613722,1
10906,2,0,0,1,1.8252258212418822,1
10907,3,1,0,1,0.23089501786771416,0
10908,1,0,1,1,-inf,1
10909,1,1,1,0,-0.6277369478257121,1
10910,3,0,1,1,3.0739624383098314,0
10911,2,0,1,1,2.815000574801081,1
10912,2,0,0,1,1.8296895609122676,1
10913,1,1,1,1,1.3338092410218243,1
10914,3,0,0,1,-0.8004800738945598,0
10915,2,1,0,1,3.2392897165084404,0
10916,2,0,0,0,-0.25717032595396105,1
10917,2,1,0,1,2.1499502105224755,1
10918,1,1,1,1,0.8290739485247393,0
10919,2,1,1,0,0.5546062793646702,0
10920,1,1,0,1,0.5801339248548556,1
10921,2,0,0,0,0.86810816487392,1
10922,2,0,0,0,-0.550068562937083,1
10923,1,1,1,1,0.5717438389656171,0
10924,1,1,1,1,0.4971751086777878,1
10925,3,1,0,1,1.5829835747982137,1
10926,1,1,0,0,-1.9808641309053345,0
10927,1,0,0,1,1.9679426126179114,1
10928,1,0,0,1,0.844367634377684,1
10929,1,1,1,0,0.25703439314994186,0
10930,1,1,1,1,2.807284095969941,0
10931,2,1,0,0,-0.06595266370200548,0
10932,2,0,1,1,3.277332179619269,1
10933,1,0,1,0,0.4597018784456972,0
10934,2,1,0,0,-0.05271004872647911,0
10935,1,0,0,1,-inf,1
10936,1,0,1,1,1.701381341520284,1
10937,1,0,1,1,0.18958734724687143,0
10938,2,0,1,1,1.2065343944580182,1
10939,3,1,1,1,1.8052813974405804,1
10940,2,0,1,1,-0.7974410713527162,1
10941,2,0,1,1,1.0097558969714635,1
10942,1,0,1,0,-3.5505230398251015,0
10943,1,1,1,1,1.5088590998729912,1
10944,3,0,0,1,-0.21884911593233192,1
10945,3,0,0,1,0.6319453927872587,1
10946,2,0,1,0,-0.1289589300986419,0
10947,1,1,0,1,0.323765756342993,1
10948,1,1,1,1,0.7081939056876786,1
10949,2,0,0,1,0.8523379901766757,1
10950,2,1,0,1,1.1848554155721978,1
10951,2,1,0,0,-0.12467300557354055,0
10952,1,0,1,0,-0.025867715874959618,0
10953,3,1,1,0,-0.304230280206107,0
10954,2,0,1,0,1.6364669433058612,0
10955,3,1,1,0,-0.6486551171986865,0
10956,1,1,0,1,-3.346479775859253,1
10957,2,1,1,0,-1.3621593848660014,0
10958,3,1,0,0,0.013424315197125836,1
10959,3,1,0,0,3.56635879669957,0
10960,2,1,1,1,0.4018099890242881,1
10961,3,0,0,1,1.9510765400782124,1
10962,3,0,0,1,3.24861249199071,1
10963,1,0,1,1,0.7893432025128172,1
10964,2,1,0,0,-inf,0
10965,3,1,0,1,0.8627225922424332,0
10966,1,1,1,1,2.3015282010780895,1
10967,1,1,1,1,-0.7166954248444659,1
10968,2,0,0,0,-1.1197513781274113,0
10969,3,1,0,0,-0.23460079080067464,1
10970,1,0,1,1,1.188613623953604,1
10971,1,1,1,0,-2.6410959505438596,1
10972,3,0,0,1,0.6608393935319157,1
10973,2,1,0,0,-inf,1
10974,1,0,1,0,0.3245616384658534,1
10975,3,0,0,0,0.6408782164156347,0
10976,2,1,0,0,-inf,0
10977,3,1,0,0,-0.6961691219685018,0
10978,2,1,0,0,-0.24888577568929465,0
10979,2,0,1,1,-inf,1
10980,2,1,0,1,3.126252032980987,1
10981,2,0,0,0,-0.9121074647641088,0
10982,3,1,0,1,1.442406653746299,1
10983,1,1,1,0,0.11538343217133873,0
10984,1,1,1,1,1.0915832771592493,0
10985,2,0,0,1,0.6498153950824871,1
10986,3,0,1,1,2.8700278188818173,0
10987,3,1,0,1,1.4335084083819776,1
10988,2,1,1,1,-inf,1
10989,2,1,0,0,1.0905917612479108,0
10990,2,1,0,1,-1.3008640982969042,1
10991,2,1,1,0,-0.1902898847490595,0
10992,1,0,1,1,1.511429875814828,1
10993,2,0,0,0,-1.7442457960996338,0
10994,2,1,1,0,1.1257734855836554,1
10995,2,0,1,1,3.0201417503393797,1
10996,1,0,1,1,-inf,1
10997,3,1,1,1,0.6497963078536146,1
10998,3,0,0,0,2.0736236307369627,0
10999,2,1,0,1,0.9865630516330539,1
11000,2,1,0,1,2.0395942570718,1
11001,1,1,1,1,0.10653274083621564,1
11002,2,1,1,1,-0.024966050633015612,1
11003,1,1,1,1,0.26059283732999494,1
11004,2,0,0,1,1.246020715746859,1
11005,1,1,0,0,0.41622920606170405,1
11006,1,1,0,0,-0.5952126425143387,1
11007,3,0,1,0,1.2697951234971483,0
11008,2,1,0,0,-1.0454731871532394,0
11009,3,0,1,1,1.5546286393928663,1
11010,1,0,1,0,-0.4522049654786966,0
11011,1,0,1,1,0.01156123016158589,1
11012,3,1,0,1,1.140581001996539,1
11013,2,1,0,1,0.6342112720692429,0
11014,3,1,0,0,0.7474472993127201,1
11015,2,0,0,1,1.4051551751385114,1
11016,2,0,0,0,-0.7576667406675723,0
11017,1,0,0,0,-0.06813922045983878,1
11018,2,1,0,1,-0.552133304093458,0
11019,2,1,0,0,0.855194055973381,0
11020,3,0,1,1,2.163475744182191,1
11021,2,0,0,1,-0.3308403284492516,0
11022,2,0,1,0,-0.07803074356969825,0
11023,3,1,0,1,-0.25987697891436945,0
11024,2,0,0,1,0.6908664817158553,1
11025,3,1,0,1,1.8455874782802257,1
11026,2,1,0,0,-0.27806116437759365,1
11027,2,0,0,1,1.4562975394778,1
11028,2,0,1,1,1.6976785235145022,0
11029,2,1,0,1,0.2021551535229259,1
11030,2,1,0,0,-0.849468311748071,0
11031,1,0,1,0,1.5021301372508358,1
11032,1,1,0,0,-0.17220370881311986,1
11033,3,1,1,0,-inf,0
11034,2,0,1,1,3.225688159763428,1
11035,2,0,0,1,1.6632288849196848,1
11036,1,0,1,1,-inf,1
11037,1,0,1,0,0.34571719868045225,0
11038,2,1,0,0,-2.742240318834632,0
11039,2,0,0,0,-inf,0
11040,2,1,1,1,1.4471250691020128,1
11041,1,1,0,0,0.38429366883925453,0
11042,2,0,0,1,0.5189787025630251,0
11043,2,0,0,1,3.61819043341047,1
11044,2,1,0,1,-0.2811613143230738,1
11045,1,0,0,1,1.0714538322541434,1
11046,1,1,1,1,0.1688535136788738,1
11047,2,0,0,1,0.6847611878035339,1
11048,2,1,0,1,0.5016088932698699,1
11049,2,0,0,1,0.9108440395873567,1
11050,2,0,1,0,0.2914914119462111,0
11051,2,0,0,0,-0.16813071000719382,0
11052,3,1,1,0,0.5710232562737227,0
11053,3,1,0,1,2.316731218961656,0
11054,1,0,1,1,-0.5414497999273427,1
11055,3,1,0,0,-0.6962012485239644,0
11056,3,1,0,1,3.0515991476627784,1
11057,2,0,1,1,0.06831214177688415,0
11058,2,0,1,1,1.7999676183466815,1
11059,2,1,0,0,-1.544084163268324,1
11060,2,1,1,0,-0.18623250515342893,0
11061,1,0,1,0,0.8039816303850704,0
11062,3,0,0,0,1.742737837015554,0
11063,1,0,0,0,0.02834354398814872,0
11064,2,0,0,0,0.8277880401264264,0
11065,3,1,0,0,-1.7280115631693083,0
11066,1,1,1,0,-inf,0
11067,3,0,0,0,1.9073899359061588,1
11068,3,0,1,1,3.3276042883930828,1
11069,2,1,1,0,1.8934933091545216,1
11070,3,0,1,0,0.11581735705893939,0
11071,1,0,1,0,1.4690320274380992,0
11072,2,1,0,0,-0.6676626748123458,0
11073,3,0,1,0,1.8272982310798978,0
11074,2,1,1,0,-0.47352645832278695,0
11075,2,0,1,0,1.9226912843375445,1
11076,1,1,0,0,-0.26912774513683024,1
11077,2,0,0,1,2.3468147591750137,1
11078,2,1,0,0,-0.9833667538839468,0
11079,2,0,0,0,0.6130962947007983,1
11080,2,1,0,1,-inf,1
11081,1,0,0,0,-1.5324223268019064,0
11082,1,0,1,0,1.084864050702433,0
11083,1,1,1,1,2.913670286246867,1
11084,2,1,1,1,0.5712101266648318,1
11085,2,0,0,1,1.103783180131966,1
11086,3,1,0,1,1.8061792089882793,0
11087,2,0,0,1,0.7871967532477426,0
11088,3,1,0,1,1.2355833307995017,1
11089,2,0,1,0,-0.5783224176283936,0
11090,3,0,0,1,-0.41636135244474487,0
11091,2,1,1,1,1.3943051703262983,0
11092,2,0,0,1,1.612552397062423,1
11093,2,1,0,1,0.22244974417619057,0
11094,2,1,1,0,1.5221608549519645,1
11095,1,0,1,0,-1.123347137598341,0
11096,2,0,1,0,0.34343841792082186,0
11097,3,0,0,0,0.976436583470338,0
11098,3,1,0,0,0.054833632171498836,0
11099,1,0,0,0,-1.123228775498117,1
11100,2,0,0,1,-0.4329765180076159,1
11101,3,1,1,0,0.6300330294613594,0
11102,1,1,1,0,0.4497479294498687,0
11103,2,1,0,1,0.25120178976881957,1
11104,3,1,0,0,-inf,0
11105,3,0,1,0,0.45843441482367375,1
11106,1,0,1,1,2.232580901120735,1
11107,2,1,1,1,2.631050807651286,1
11108,2,1,0,0,1.843961134677496,0
11109,1,0,0,1,1.089530718083646,1
11110,3,0,0,1,2.3712925005500503,0
11111,1,1,0,1,1.2323691798058407,1
11112,2,0,0,0,1.115036078095747,0
11113,2,0,1,1,1.493357531781872,1
11114,2,1,1,0,0.7163476051166939,0
11115,2,0,1,0,-0.047415038086915384,0
11116,2,1,0,1,1.0226268695330654,1
11117,3,0,1,1,-inf,1
11118,1,1,1,1,0.10098541566690622,1
11119,2,0,1,0,-0.8096851241834356,0
11120,3,1,1,0,-inf,0
11121,2,1,0,1,0.10026641697183816,1
11122,3,0,1,0,-0.6148284994313333,0
11123,2,0,1,1,2.2295514794947757,1
11124,3,1,0,0,-1.048928183877294,0
11125,1,1,1,0,0.231841276900502,0
11126,2,0,0,0,0.725500921571509,0
11127,2,1,0,1,0.7961064492501564,0
11128,2,0,1,0,0.2953419584322353,0
11129,2,1,0,1,-inf,1
11130,3,0,0,1,1.783365679288165,1
11131,3,1,1,0,1.8185601713632549,0
11132,2,0,0,1,3.0943144737281685,1
11133,3,0,0,0,0.6503044326957896,1
11134,1,1,0,0,-1.015387659360361,1
11135,3,0,1,1,2.1553650942862705,1
11136,1,0,0,1,-0.2626269135555038,1
11137,2,1,0,0,-inf,0
11138,3,1,1,1,1.74381657072322,1
11139,1,1,1,1,1.6538121151892935,1
11140,3,1,0,0,-1.385608691982641,1
11141,2,1,0,1,0.8708896352850412,0
11142,2,1,0,1,0.25826877068474063,0
11143,3,0,0,1,2.612201354263086,1
11144,1,0,0,1,-inf,1
11145,1,1,0,1,0.17342850972045398,0
11146,3,0,0,0,0.5012214793454173,1
11147,1,1,1,1,2.1247909003541925,1
11148,1,1,0,0,-0.547058363353067,0
11149,1,0,1,1,3.2802182106272912,1
11150,3,0,1,0,2.0453549301551406,0
11151,1,0,0,0,1.216999739199682,0
11152,2,1,0,0,-0.3508380708890479,1
11153,3,1,0,1,1.527850211090548,0
11154,3,0,1,0,-0.8599312087664857,0
11155,1,0,0,0,-0.6210777987396449,0
11156,1,0,1,0,1.8072510509146977,0
11157,2,1,0,0,0.73504814065417,1
11158,3,0,0,1,2.013389524400942,0
11159,2,1,1,0,0.38807315711552803,0
11160,2,0,0,0,-1.5827653712538021,0
11161,3,1,1,0,0.513710344065039,0
11162,3,1,1,1,1.237217965807759,1
11163,1,0,1,0,0.835856146335997,1
11164,2,1,0,0,-0.16899031681259086,0
11165,1,0,0,0,-inf,0
11166,2,1,1,0,-inf,0
11167,2,1,0,0,-0.4999723508851458,0
11168,2,0,0,0,1.966203913513697,1
11169,1,1,0,0,-2.2173562024707403,0
11170,1,0,1,1,1.4131282604323698,0
11171,2,0,1,1,3.638400904236079,0
11172,3,1,0,0,0.6185502103612842,1
11173,3,1,1,1,2.2072569769100636,1
11174,1,1,0,0,-1.0912441310677006,0
11175,1,1,1,1,-0.33914288694756567,1
11176,2,0,1,1,2.643868383900994,1
11177,1,1,0,0,-1.4269622286684858,1
11178,2,0,1,1,2.3351247895994853,1
11179,2,0,1,1,0.717867999689983,1
11180,2,0,1,0,-0.346383051474522,1
11181,2,1,1,0,0.045863734551298,1
11182,2,0,1,0,2.715220445378579,0
11183,2,1,1,1,1.2130627914958714,0
11184,3,1,0,1,1.2703303939951305,0
11185,2,1,0,1,1.7318721169854505,1
11186,2,0,1,1,0.2901257448017367,1
11187,2,0,0,1,2.8731943322273894,1
11188,3,1,0,1,-0.13751307789796144,0
11189,2,0,1,0,1.5880577147578654,0
11190,2,0,0,1,2.0304730721435855,1
11191,3,0,0,1,1.1653678933469818,1
11192,2,0,1,0,0.19749323491198573,0
11193,3,1,1,1,-inf,1
11194,3,1,0,0,1.7873369414518505,1
11195,1,1,1,0,-0.8822101010948369,0
11196,2,1,0,0,0.05738083157236271,0
11197,1,0,1,1,-inf,1
11198,2,0,1,1,1.0558826147233313,1
11199,1,0,1,1,0.6675222634081343,1
11200,1,1,0,0,0.596368912877202,0
11201,2,0,0,0,0.36208988445810225,1
11202,2,0,1,1,2.8838562957826164,1
11203,2,0,1,1,1.108804480493356,1
11204,1,1,0,1,1.3487153152716238,1
11205,1,0,0,0,-1.076269150666323,1
11206,2,1,0,1,-inf,1
11207,3,1,0,1,-inf,1
11208,3,0,0,0,-1.0449219499277396,0
11209,1,1,0,0,-1.936060861679207,0
11210,2,0,1,0,1.8060526571623627,1
11211,1,0,1,1,-0.9973731192211677,1
11212,2,0,0,0,-2.504260755216631,0
11213,3,0,0,0,1.1797808632039497,0
11214,3,0,1,1,3.1964645240072485,1
11215,2,0,0,0,0.9007713555269682,0
11216,3,0,0,1,2.0391075067786666,1
11217,2,1,0,0,-inf,0
11218,1,0,1,0,-0.7678681623228927,0
11219,2,1,1,1,-0.5618734977154964,1
11220,2,1,0,1,-0.059753075748003204,1
11221,3,0,0,0,0.6012117698161641,0
11222,2,0,0,1,-0.5561962511879154,1
11223,3,1,0,0,0.8941412604668282,0
11224,3,1,1,0,1.5091625754959028,0
11225,3,0,0,1,1.093027351483308,0
11226,1,1,1,0,-1.4173066465267552,0
11227,2,1,1,1,0.8149664166034307,1
11228,1,0,0,1,0.29525696102663956,1
11229,2,1,1,0,0.1804439067914122,0
11230,3,1,1,1,4.840483285504153,1
11231,1,0,0,0,-0.5586451013419238,1
11232,1,0,0,0,-0.9938598415995106,0
11233,2,0,0,1,3.2564557065496986,1
11234,2,0,1,0,0.11540465030223268,0
11235,1,0,0,0,-0.6577490820707479,0
11236,2,1,0,0,-0.9426293217219266,0
11237,2,1,1,0,0.39833155722913616,0
11238,1,0,0,0,-0.2508490047155443,0
11239,3,0,1,1,1.7980260615032657,1
11240,1,0,0,0,0.17829438891053828,0
11241,1,1,0,0,-0.9875225760515047,0
11242,1,0,1,1,-0.34481565092125055,1
11243,2,0,0,0,0.595235099749712,1
11244,2,1,1,1,2.303846644297285,1
11245,3,1,0,0,1.6993023325991803,1
11246,1,1,0,0,-0.24889985964979244,1
11247,3,0,0,1,-0.7128597717272726,1
11248,3,1,0,1,1.8754471624352842,1
11249,2,1,0,0,1.6284565602475782,1
11250,3,1,0,0,2.1513636539009218,1
11251,3,0,0,0,-inf,0
11252,3,1,1,0,1.3837365724071113,0
11253,3,0,1,0,2.5884239908469677,0
11254,3,1,0,1,-0.4689518136848067,1
11255,2,1,1,1,2.1508156081685725,1
11256,2,0,1,0,4.006954335106558,0
11257,3,0,0,1,0.7819376259154656,1
11258,3,1,0,0,-0.9390315895959976,1
11259,1,1,0,0,-0.5897262105347061,1
11260,3,0,0,1,3.4335785629767077,1
11261,1,1,0,1,0.31337515971357083,1
11262,2,0,0,1,-inf,1
11263,2,1,0,1,3.1218531657780035,1
11264,1,1,1,1,1.0404053403787512,1
11265,2,0,1,0,-inf,0
11266,2,0,0,1,0.27189003802519784,1
11267,2,1,0,1,0.1517211745278483,1
11268,2,0,0,0,-0.35144344213754086,0
11269,3,1,0,1,1.484516658981692,1
11270,2,1,0,1,2.314116494286349,1
11271,3,0,0,0,0.3495787636187372,0
11272,3,1,0,0,-1.4252689295479584,0
11273,3,1,0,0,1.1411705628470719,0
11274,1,1,1,1,-0.2182272664900137,1
11275,3,0,0,1,-0.15206505465926923,1
11276,2,0,1,1,-0.29680362707793995,1
11277,3,0,1,1,3.7757924341887303,1
11278,1,0,1,0,-inf,0
11279,2,1,0,0,-1.334069324077732,0
11280,1,1,0,0,-0.9648623641856252,0
11281,3,0,0,1,0.9577402211461066,1
11282,1,0,0,1,-0.18199653562926954,1
11283,2,1,0,0,0.17762216637188566,1
11284,2,1,1,1,0.8494594382410328,1
11285,1,1,0,0,-0.6271956119860549,1
11286,3,1,0,1,-inf,1
11287,2,0,1,1,3.384985055860294,1
11288,1,1,0,0,-2.681799345784739,0
11289,1,0,0,1,-2.021219772048303,1
11290,3,0,1,0,1.7191505323081164,1
11291,2,0,0,0,0.92499515181595,0
11292,1,1,1,0,-inf,0
11293,2,1,1,0,-0.7967920904879302,1
11294,2,0,1,0,0.9337079836942334,0
11295,2,1,0,1,0.18620887547802245,1
11296,2,0,1,0,0.9924212629209193,0
11297,2,0,0,1,1.7357608760550574,1
11298,1,1,1,1,1.8724526571693798,0
11299,3,1,1,1,-0.20705142811125654,1
11300,1,0,1,1,1.7847847969072252,1
11301,1,1,1,1,2.3868415301329717,1
11302,2,0,1,0,0.9146905151896949,0
11303,1,0,1,1,3.0037122151733815,1
11304,3,0,0,0,1.768383227756388,0
11305,3,0,0,0,0.9508391250924851,1
11306,3,0,0,1,3.1986928644882697,1
11307,1,1,1,1,-0.03596161543990864,1
11308,2,1,1,0,0.5986103614472564,0
11309,2,0,0,0,-0.6564998530946455,0
11310,1,1,1,0,0.6104947303783343,0
11311,3,1,1,0,1.3269833371575006,1
11312,3,0,1,0,2.044895228975858,0
11313,2,0,0,1,2.433407051867923,1
11314,2,0,1,0,-0.5080728762424191,1
11315,2,1,1,1,-inf,1
11316,2,0,1,0,-inf,0
11317,3,1,1,0,1.0057987096056071,0
11318,2,1,0,0,-inf,1
11319,3,0,1,1,2.1808267255868174,1
11320,1,0,1,1,2.3781813925779094,1
11321,2,1,0,1,-inf,1
11322,3,0,0,1,2.4249688282334683,1
11323,3,0,0,1,0.685886868434564,1
11324,2,0,1,1,3.5919124633965627,1
11325,2,0,0,0,-0.7961504154075472,0
11326,1,0,1,0,0.6053207327127323,0
11327,1,1,0,1,-1.0167509665616628,1
11328,1,1,0,1,-0.6708735802996413,1
11329,1,0,1,1,-inf,1
11330,2,1,1,0,-0.14363833127779235,0
11331,3,1,0,0,-inf,0
11332,3,0,0,0,0.9912259174743282,1
11333,1,1,0,0,-3.63780042737192,1
11334,1,0,1,1,-0.8275062155719975,0
11335,1,0,1,1,1.4583759885895058,1
11336,2,0,1,0,2.154897938859974,0
11337,1,1,1,1,-inf,0
11338,3,0,1,0,2.3052324463472487,1
11339,1,1,1,0,-0.5056891081939954,0
11340,1,1,0,1,-1.0805365448298518,0
11341,1,1,1,1,0.5382845050634901,1
11342,3,1,0,0,-inf,0
11343,1,0,0,0,-0.1503118436369119,1
11344,1,1,1,1,2.1980212721640324,1
11345,1,1,1,0,0.47000558705167955,1
11346,1,0,1,0,0.17989603652638364,1
11347,3,1,0,1,-0.23577322114218974,0
11348,3,1,0,1,2.176567057964581,1
11349,1,1,0,0,0.5226765890573231,0
11350,3,0,0,1,-inf,1
11351,3,0,0,0,-inf,0
11352,2,1,0,0,-0.05484706418626145,0
11353,1,1,0,0,-0.5558088227537246,0
11354,2,1,0,0,-1.6211772025953743,0
11355,1,1,0,0,-1.054713861259065,1
11356,2,0,0,0,0.4423080410438007,0
11357,1,0,1,1,0.8454133298653227,1
11358,3,0,0,1,1.278767641988505,1
11359,2,1,0,0,-0.5932279966772345,1
11360,1,1,1,0,-2.4811394093136667,1
11361,2,1,0,0,-0.838586556977608,0
11362,2,1,1,1,2.77412779924362,1
11363,3,0,1,1,3.584156912740886,1
11364,3,1,0,1,-0.6239925525942156,1
11365,2,1,1,1,1.4458824038140934,1
11366,3,1,1,1,-0.6657630403350261,0
11367,1,0,0,0,-1.4331514907417886,0
11368,1,0,0,0,-0.4460193532269436,0
11369,3,0,0,0,1.2601015347586533,0
11370,2,0,0,0,-0.616126986376529,1
11371,2,1,1,1,1.0111699933942166,1
11372,3,1,0,0,0.19809727766197982,1
11373,3,0,1,1,2.603804700621443,0
11374,2,1,0,0,-0.9774136504833075,0
11375,1,0,0,1,3.302599893776028,1
11376,1,1,1,1,0.8945842996964813,1
11377,2,0,1,0,1.4929979330872307,1
11378,1,1,1,0,1.3969679823622068,0
11379,2,0,1,0,0.2851470467231315,0
11380,2,1,1,0,2.213611210058696,0
11381,1,0,0,0,-3.6621612441942673,0
11382,2,1,0,0,-inf,0
11383,3,1,1,1,2.8127032296264924,1
11384,2,1,1,0,1.6528930507596453,1
11385,2,1,1,0,-0.2163724492120683,0
11386,1,0,0,1,-0.758440779986652,1
11387,3,0,1,0,0.1924217696899394,1
11388,3,1,0,0,-0.771990145786019,0
11389,1,1,1,1,-0.26245242813644276,1
11390,3,1,0,0,1.1007580596969884,1
11391,1,0,1,0,0.537584765173066,0
11392,3,1,0,1,-inf,1
11393,1,0,0,0,-inf,0
11394,3,0,1,1,1.1130635040621235,1
11395,2,0,0,0,-0.6730601565852761,0
11396,2,0,0,0,-0.8137329888590284,0
11397,3,1,0,0,-1.1402431052751034,0
11398,3,0,1,1,3.0932660457667156,1
11399,1,1,0,1,0.5686760827059657,0
11400,3,0,1,0,1.8997853895354955,0
11401,3,0,0,1,1.0792990659513495,1
11402,1,0,1,1,0.9888967199637639,0
11403,2,0,0,0,1.140421559054984,1
11404,2,0,0,0,-1.7215298046425949,0
11405,2,0,1,0,0.8585504612637991,0
11406,1,1,1,1,0.523944737673676,1
11407,1,0,1,1,0.9362204304018802,1
11408,2,1,0,0,-0.12634633439051382,1
11409,1,0,0,0,-0.6513655018139217,0
11410,3,0,1,0,1.836284447141661,0
11411,3,1,0,0,-1.4652049912618568,1
11412,3,1,0,1,3.9841215942966564,1
11413,2,0,1,0,0.839994242223786,1
11414,3,1,1,0,0.4829662953832592,0
11415,3,1,0,1,1.3504297818654267,1
11416,3,1,0,1,0.815859002916893,1
11417,2,1,0,0,1.5077512791400662,1
11418,3,0,0,1,-inf,0
11419,1,1,1,1,0.11155391180607557,1
11420,1,1,0,0,-2.595000017361556,0
11421,2,1,0,0,-1.5229406165742168,0
11422,3,1,0,1,1.0709001162956515,1
11423,1,1,0,0,-2.4318415611629995,0
11424,2,0,0,1,-0.7311535123503303,0
11425,2,1,1,0,0.18211004240802384,0
11426,3,0,1,0,0.3363607920615376,0
11427,1,1,1,1,1.5536292533096565,0
11428,1,0,1,1,2.345961426680031,1
11429,1,0,0,1,-2.0509652164469703,1
11430,2,0,1,0,1.5368825804160635,0
11431,1,1,1,1,1.329530936417692,1
11432,2,0,0,0,-0.9237766278076706,1
11433,2,1,0,1,2.5980006639322744,1
11434,1,0,0,0,-2.6041206906236054,0
11435,3,1,1,0,2.212901847713557,0
11436,3,1,0,1,1.2591546473925186,1
11437,1,0,1,1,-0.6955341706734922,1
11438,2,1,0,1,2.1124148412502644,1
11439,3,1,0,0,-1.1899180404380711,0
11440,3,0,0,0,2.1966192015018136,1
11441,2,0,1,1,-inf,1
11442,2,0,1,1,1.4689042979730322,1
11443,2,1,1,1,2.237952265890223,1
11444,3,1,1,1,2.0836874954980273,1
11445,2,1,1,1,1.9591969832534963,1
11446,3,0,1,1,1.0503781328203692,0
11447,3,0,0,0,-inf,0
11448,3,0,1,1,1.0135070552088972,0
11449,2,0,1,0,-0.001299374679293419,1
11450,1,0,1,1,2.0093309223400118,0
11451,1,1,0,0,-0.4915663530398021,0
11452,2,0,1,1,0.39186333347221525,0
11453,3,0,0,0,-inf,0
11454,3,0,1,1,2.6553053581888184,1
11455,3,0,1,1,3.5870527509059755,1
11456,2,0,0,0,-1.1732027129972717,1
11457,1,0,1,1,0.40029104325378195,1
11458,1,1,1,0,-0.4067433623764314,0
11459,2,1,0,0,-inf,1
11460,2,0,1,1,2.357924797969993,0
11461,2,0,1,1,2.3441723536803587,1
11462,1,0,0,0,1.2423533022954136,1
11463,1,0,1,0,-0.9356406046289673,0
11464,2,0,0,1,0.9118100458337854,1
11465,1,0,0,1,1.4522835557456448,0
11466,2,0,1,1,-inf,0
11467,2,0,0,0,-0.5302423485156235,0
11468,2,0,0,1,2.473878582850454,1
11469,3,1,0,0,1.141257381476741,0
11470,1,1,0,0,-0.2777737309926579,0
11471,2,0,1,1,4.074330280449132,1
11472,1,1,0,0,-2.6877704623585092,0
11473,1,1,0,0,-0.4378057319561084,1
11474,1,1,0,0,-2.97168619637395,1
11475,3,0,1,1,2.0693112581712283,0
11476,2,1,0,1,1.2109485398921136,1
11477,3,1,1,1,4.787296330939991,1
11478,2,1,0,0,-0.02364416855996998,0
11479,3,0,0,0,0.47921329656720074,0
11480,2,0,0,1,1.5943165221940114,1
11481,1,1,0,1,-2.3284735851824463,1
11482,1,0,1,0,0.5554482549050392,0
11483,2,0,0,1,0.6881922478459352,1
11484,2,1,1,1,1.0955909167975257,1
11485,2,1,1,0,0.936853914250962,1
11486,2,0,0,1,1.0110496909423328,1
11487,3,1,0,1,0.2123260822757893,1
11488,2,0,1,0,-0.301898725115803,0
11489,2,1,1,1,0.5293078593521892,0
11490,2,1,1,1,3.400902920065598,1
11491,2,0,0,1,-inf,0
11492,3,1,0,0,1.6663334721067673,0
11493,1,1,1,1,-0.34918683541932033,0
11494,1,1,0,0,0.9779134434775794,1
11495,3,1,0,0,-inf,1
11496,2,0,1,1,0.288835180210429,1
11497,1,1,0,0,2.069282093367615,1
11498,3,0,0,1,0.5094920011297182,0
11499,2,1,0,0,-2.3391106341720396,1
11500,2,1,0,0,0.13718217222045992,0
11501,3,0,0,1,-inf,1
11502,1,1,1,0,3.390168744869063,1
11503,2,1,0,0,0.1347085758566604,0
11504,2,1,1,1,1.45339996828572,1
11505,3,0,1,1,2.887152648940299,1
11506,3,1,0,1,1.55599212658868,1
11507,3,0,0,0,1.8087816962740353,1
11508,3,1,0,1,0.6574029885912656,1
11509,1,1,1,0,-3.248064352569186,0
11510,3,0,0,0,2.064512881140163,0
11511,2,1,0,1,2.9313061989150704,1
11512,3,1,0,1,-inf,1
11513,2,1,0,1,-0.7771501709363066,1
11514,2,0,0,1,1.973611601298832,1
11515,2,0,0,0,2.545308802193258,0
11516,3,1,0,1,1.3173838684902626,1
11517,3,0,1,1,-inf,1
11518,3,0,0,0,0.562187690413614,1
11519,1,1,0,1,1.3537693238438224,0
11520,3,0,0,1,3.0661838140464144,1
11521,3,1,1,0,-0.6039136659834786,0
11522,2,1,1,1,-inf,0
11523,2,0,1,1,1.9846294867318017,1
11524,2,1,1,0,1.2502671143234267,0
11525,1,1,0,0,-0.13240517723353346,0
11526,3,0,0,1,1.583977857283396,1
11527,2,1,0,1,0.9513684975151924,1
11528,1,0,0,0,0.6766488976089471,0
11529,1,1,1,1,2.6474248430647824,1
11530,3,1,0,0,-0.4900137283820044,0
11531,2,0,1,1,0.2776987186845265,1
11532,3,0,0,1,1.0181806413817163,1
11533,1,0,1,1,-0.2672011483555522,1
11534,3,0,0,1,2.6833564286519667,0
11535,2,0,0,0,0.02160158819659941,0
11536,2,0,0,0,-inf,1
11537,1,1,1,0,-0.1447423807909834,0
11538,1,1,0,0,-1.2652906099085277,0
11539,3,0,0,0,0.4254189695744599,0
11540,2,1,0,0,-0.6047286959695993,0
11541,2,1,0,0,0.8420670103171676,1
11542,3,1,1,1,2.099798072984192,1
11543,2,1,0,1,-1.024986649973766,1
11544,3,0,0,0,1.5154077103659054,0
11545,1,0,1,1,0.027915874761883397,1
11546,3,1,1,1,2.9406544854431136,1
11547,3,0,0,1,-0.1359361284176248,1
11548,3,1,0,0,1.4206190814741553,0
11549,3,0,1,1,2.1410201655316135,0
11550,1,1,1,0,0.3197106194983669,1
11551,1,0,0,0,1.8787919623517406,1
11552,3,1,1,0,3.1804925361310907,0
11553,3,0,0,0,2.1981332216372405,0
11554,3,1,1,1,3.3256597696764696,1
11555,2,1,0,0,-0.8703761298383095,0
11556,2,1,0,0,0.9308775114925139,0
11557,3,1,1,1,2.6504695741928312,1
11558,1,1,0,1,0.0009914712683464222,0
11559,1,1,1,1,-inf,1
11560,2,0,0,0,0.6180344725048306,0
11561,3,0,0,0,0.2054385717620646,1
11562,2,0,0,0,1.4195112740034415,1
11563,2,0,0,0,0.5438686485189841,0
11564,3,0,1,1,2.1333727136019487,1
11565,3,1,0,0,2.3682187760356035,0
11566,1,0,0,0,-0.8974528014284748,0
11567,2,1,0,1,2.3405031965618797,1
11568,3,1,0,1,0.8058349269956626,1
11569,3,1,0,0,1.481000905965304,0
11570,2,0,0,1,0.33121896237349246,1
11571,2,0,1,1,1.5310012633073558,1
11572,1,0,1,1,2.0876067818545025,1
11573,1,0,1,0,0.574689570565688,0
11574,2,1,0,0,-0.2092560977815724,0
11575,3,0,0,1,1.3093642345441792,0
11576,1,1,0,1,-inf,1
11577,1,0,0,1,0.002415100123498465,0
11578,1,0,1,1,-0.4455803366688571,0
11579,3,1,0,0,-0.32307659001690153,0
11580,1,0,1,0,1.8453391800354846,0
11581,2,1,0,0,-inf,0
11582,2,1,0,0,-1.2211525170631075,1
11583,2,1,1,0,-inf,1
11584,1,0,0,0,-inf,0
11585,1,0,1,0,1.4798240784608458,1
11586,2,1,0,0,1.7067909532796361,0
11587,3,1,0,0,-inf,0
11588,1,1,1,0,-3.5881554782706973,0
11589,1,0,0,0,-0.6980169783862957,0
11590,2,0,1,1,-0.1994115529517635,1
11591,1,0,0,0,-0.3314662577927611,0
11592,1,0,0,0,-1.7684689549502364,0
11593,3,0,0,0,-0.8358361043845035,0
11594,3,1,1,0,0.5170520894320946,0
11595,3,1,0,1,1.6007511330081248,0
11596,3,0,0,0,0.28932303945109783,0
11597,1,1,1,0,-0.673185684673288,0
11598,3,1,0,1,2.611159008766659,1
11599,2,1,1,1,3.962234913650981,1
11600,3,0,0,0,1.6140251747329324,1
11601,3,0,0,1,3.640026347299072,1
11602,2,1,0,0,-0.6974871692552866,0
11603,2,1,0,0,-inf,0
11604,2,1,0,0,0.948070988730053,1
11605,1,1,1,0,-inf,0
11606,3,1,0,0,-0.10506743810745339,0
11607,1,1,0,0,-2.3391884713106164,0
11608,1,1,0,0,-0.48556012042051455,1
11609,2,1,1,1,1.1154893318522103,1
11610,1,1,1,0,1.2504640613971292,1
11611,3,1,1,1,2.799901661005954,1
11612,3,1,0,1,1.1398731958038004,1
11613,3,1,0,1,-0.7444922444676333,0
11614,3,1,0,1,0.5234396355565406,1
11615,3,0,1,1,3.4685459440301343,0
11616,3,0,0,0,0.57184295656561,0
11617,1,1,0,0,-0.43884216571059154,0
11618,3,0,0,0,1.0171257668871383,1
11619,1,1,0,1,-inf,1
11620,1,0,0,0,-inf,0
11621,2,1,0,0,-1.864524519278971,0
11622,1,1,1,1,-0.07379217963146216,0
11623,2,1,0,0,0.5206835968738492,0
11624,2,1,0,0,0.26079770676334413,1
11625,1,1,1,0,0.8818135663166913,0
11626,2,1,1,0,2.42827798553392,1
11627,2,0,0,0,-0.29074317882415557,0
11628,1,1,1,0,1.8367185996055,0
11629,2,0,0,1,0.4897573869660705,1
11630,2,0,1,1,-inf,1
11631,3,0,0,1,-0.7178083170997414,1
11632,2,1,1,1,1.3453967781547238,1
11633,1,1,1,0,-2.029666114650558,0
11634,2,1,1,0,0.36866207843091703,0
11635,2,1,1,1,-inf,0
11636,2,1,1,1,-1.13140730277559,1
11637,3,0,0,1,1.0574915097921695,1
11638,2,0,1,0,-1.5537262464127193,1
11639,3,1,0,0,-1.8745479678245371,0
11640,1,0,0,1,2.5155173138905567,1
11641,1,0,0,0,0.46279397424629276,0
11642,1,0,1,0,0.6002142927065779,1
11643,2,1,1,1,-inf,1
11644,1,0,1,0,1.1292032417235065,0
11645,2,1,1,0,0.5913976742274034,0
11646,1,1,0,0,0.1373666095892725,1
11647,3,1,0,0,-inf,0
11648,3,0,1,1,2.79766547592345,1
11649,2,1,0,0,-1.1471389251196455,0
11650,2,1,0,1,-0.2569124596434945,1
11651,2,1,0,0,-1.254636381875558,0
11652,2,1,1,0,0.2254481106830835,1
11653,1,0,1,1,2.4885336610157056,1
11654,1,1,1,0,0.47256088110939853,0
11655,1,1,0,1,1.6076625998471774,1
11656,3,1,1,1,2.019574989411995,1
11657,3,0,1,1,1.9331050652419581,1
11658,2,1,0,1,1.7455296942873448,1
11659,3,1,1,1,3.0311095503613075,1
11660,3,1,1,1,3.0871962313110797,1
11661,3,1,0,0,0.1028335509371904,0
11662,2,1,1,1,0.6315908137394728,0
11663,2,1,1,1,2.441304321452896,1
11664,2,0,0,0,-inf,1
11665,1,0,0,0,0.5474793501747174,0
11666,3,0,1,0,0.9709506982482569,0
11667,1,0,0,1,-0.29088436193843425,0
11668,2,0,1,1,-inf,1
11669,1,0,1,0,0.456813780951165,0
11670,2,0,1,0,0.36460205111727967,0
11671,1,1,0,1,-inf,1
11672,2,1,1,0,1.2697848017339233,1
11673,2,0,1,0,1.934803933540091,0
11674,3,1,1,1,1.7995028878020691,1
11675,1,0,0,1,-0.2703523221213315,1
11676,2,0,0,1,0.5724854700526889,1
11677,1,1,1,1,0.3746411853759026,0
11678,3,0,0,0,-0.44883840636969874,0
11679,2,0,0,0,1.0019308334666788,0
11680,1,1,1,0,0.9751402680460908,0
11681,2,0,1,0,0.25061145991802714,1
11682,2,0,0,1,-inf,0
11683,1,1,0,0,-0.5158010306243532,1
11684,1,1,1,1,0.17900221980236886,1
11685,3,0,1,0,1.3472420017699898,0
11686,3,0,0,0,-0.22512514262636962,0
11687,1,0,1,0,-0.26466182261720195,0
11688,1,1,0,0,-0.3454419922419602,0
11689,2,0,0,1,3.8739551032475332,0
11690,2,0,1,1,1.819667769881279,1
11691,2,1,1,1,2.8880883103133907,1
11692,2,1,0,0,-2.219661862145873,1
11693,2,0,0,0,-0.46128020542744436,0
11694,2,1,1,1,2.0645717239650625,0
11695,3,0,1,0,3.158498225226774,0
11696,2,1,0,0,-0.1929210257498606,1
11697,1,1,1,0,1.7312573985221729,1
11698,2,1,0,0,-1.571781464516452,1
11699,2,1,0,1,1.4156798662552645,1
11700,1,1,0,0,-1.5654782125537352,0
11701,1,0,1,1,1.1966212300506833,1
11702,3,0,0,1,2.024334243160114,1
11703,3,0,1,1,-inf,1
11704,1,0,1,0,-1.2529880824393425,0
11705,2,1,1,0,0.39665863210317565,0
11706,1,1,0,1,0.6314150618551224,1
11707,1,0,1,1,2.2933881717739677,1
11708,3,0,1,1,1.132122739319729,0
11709,1,1,1,0,-1.260187196892843,0
11710,3,1,0,0,-0.7189515039238082,1
11711,1,1,0,1,-0.784158390274025,1
11712,1,0,0,1,2.949710754203314,1
11713,2,1,0,1,-inf,1
11714,2,1,0,0,0.9625892651137493,0
11715,3,1,0,0,-inf,0
11716,2,0,1,0,0.047292236535489585,0
11717,1,0,1,1,1.005538937994848,1
11718,2,1,1,0,-0.9057979744085035,0
11719,2,1,0,1,0.8210839766581872,1
11720,3,0,0,1,3.164851154855995,1
11721,3,0,0,0,0.6901703106472539,0
11722,3,0,0,1,1.1628391650514187,0
11723,1,0,1,1,-0.39582828535689685,1
11724,3,0,1,0,1.4649099431540278,0
11725,2,0,1,0,0.9418378843817097,0
11726,2,0,0,1,3.1372666017505786,1
11727,3,0,1,0,-0.5658111933269716,0
11728,1,0,0,0,-1.0858362987104266,0
11729,2,1,1,0,-1.7402281827940413,0
11730,2,1,0,1,-inf,1
11731,3,1,0,1,2.353610540766694,1
11732,2,1,1,1,-0.4137247801862116,1
11733,3,1,0,0,-0.9682268108924454,1
11734,1,0,0,0,0.15537851910199507,0
11735,3,0,0,0,0.7634312669621145,0
11736,1,1,0,1,0.7021828208983243,1
11737,1,0,0,0,-1.5988203594544603,0
11738,3,1,1,1,2.193209070360456,1
11739,3,0,0,1,3.3374953144362323,0
11740,2,1,1,0,0.4681184386700713,0
11741,3,0,1,1,0.8771431227364441,1
11742,2,1,0,1,0.3059661613231556,0
11743,2,0,1,1,3.651859412607589,0
11744,2,0,0,0,0.6376359574247974,0
11745,1,0,1,1,0.7344022345532005,1
11746,1,0,0,0,0.03346628033139147,0
11747,2,0,0,1,0.7945941499662341,0
11748,2,1,0,1,0.5976179154914709,1
11749,3,1,0,0,1.7293544592284504,1
11750,2,1,0,1,1.145644412783378,1
11751,1,0,0,0,-0.2116255679166996,1
11752,1,0,1,0,0.6453929292431901,0
11753,1,1,1,1,-0.037472188123891415,1
11754,2,0,1,0,2.8502579526976963,0
11755,1,0,1,1,1.8305125842067929,1
11756,2,0,0,0,1.1028265665198234,1
11757,3,1,0,0,0.11821622118531727,0
11758,1,1,1,1,-0.5816072859557028,1
11759,3,1,0,1,-inf,0
11760,3,0,0,0,1.7933097388062071,1
11761,1,1,0,0,0.8051492113321495,0
11762,3,0,0,0,-0.4474472743659965,1
11763,3,1,0,1,1.9124877300053962,1
11764,2,0,0,1,0.7402787048751054,1
11765,3,0,0,0,-0.5461766841529649,0
11766,2,0,1,0,-1.1307274171146515,0
11767,3,0,0,1,-inf,1
11768,1,1,1,1,-1.0330967876106798,1
11769,1,0,1,0,0.851882071790994,0
11770,1,1,1,1,-inf,1
11771,3,1,0,1,3.997773979249866,1
11772,3,0,0,0,1.1752478368698047,1
11773,2,1,0,0,0.39227502241937773,0
11774,3,1,0,0,2.743081777416114,1
11775,1,0,0,0,-inf,1
11776,3,0,0,1,4.559017181367163,1
11777,3,0,1,1,1.9785722259936165,1
11778,2,0,0,0,-inf,1
11779,3,1,0,0,0.7086851698459844,0
11780,2,0,1,1,0.595123381180136,1
11781,3,1,0,0,-inf,0
11782,2,0,1,0,0.294962427416835,0
11783,3,1,0,0,-0.6841877031985015,0
11784,2,0,0,0,-0.37825014212458996,0
11785,3,1,0,0,-0.2609279720404214,0
11786,2,1,0,1,-inf,1
11787,1,0,0,0,-1.0260986380105026,1
11788,3,1,0,0,1.043724197245266,1
11789,3,1,1,0,2.9686071049450846,1
11790,2,0,0,1,0.6041310051044377,1
11791,2,0,0,1,-inf,1
11792,2,1,0,0,0.29580195583781743,1
11793,2,0,0,0,1.9873627752855634,1
11794,2,1,1,0,3.2601472637226063,0
11795,1,0,0,1,-1.0282321591877928,1
11796,3,1,1,0,1.0389518530452673,0
11797,2,0,1,0,1.3268303797512249,1
11798,2,0,0,0,-inf,0
11799,2,1,0,0,-0.14627968282474169,0
11800,1,1,1,0,0.34583837526171896,0
11801,1,1,0,0,-1.840304289069808,0
11802,2,0,1,1,2.8756992016385525,1
11803,2,1,1,0,1.0393423177681482,1
11804,1,0,1,0,-inf,0
11805,1,1,0,0,0.7198269817966256,0
11806,1,0,1,0,-0.39132819136706304,0
11807,1,0,0,0,-0.13103567865614896,0
11808,2,0,0,0,-0.6926081068912704,0
11809,3,1,1,0,2.829871818800744,0
11810,1,1,0,1,-0.6113594498959356,0
11811,1,1,1,0,-0.5399703308684511,1
11812,2,0,1,1,1.1906363999965102,1
11813,3,0,0,0,2.5001136948213603,0
11814,2,0,0,0,1.057748087602322,0
11815,3,0,0,1,1.9827627571787065,1
11816,3,0,0,0,-inf,0
11817,3,0,0,0,0.34400567747487987,0
11818,1,0,1,0,-0.7578508241697264,1
11819,2,1,1,1,1.735226453092924,1
11820,2,0,0,0,0.6033206151653774,0
11821,3,1,1,0,0.24698187024985296,0
11822,1,1,1,1,1.2944515621672879,0
11823,2,0,1,0,-0.5081386975348209,1
11824,1,0,1,1,0.661112954910121,0
11825,3,1,0,1,2.7486596446120304,1
11826,3,1,0,1,2.75882803082567,1
11827,3,1,0,1,0.40867176660580196,1
11828,1,0,1,1,-0.050303510643166516,1
11829,2,1,1,1,-0.023156420303004466,0
11830,2,0,0,0,0.9970505803024456,1
11831,1,0,1,0,0.914771089694057,0
11832,3,0,0,0,1.2889684091338027,1
11833,3,0,1,1,2.7808249975093853,1
11834,3,1,0,0,1.2195871602288764,0
11835,2,1,1,1,1.7540513177085988,1
11836,3,1,0,1,0.916990154968885,1
11837,2,1,1,0,1.8598068975047302,0
11838,2,0,0,0,-0.41471887404946817,1
11839,3,1,0,1,2.1120635676315342,1
11840,1,1,0,1,2.19469084994624,0
11841,3,1,0,1,1.9566864481108874,0
11842,2,1,1,0,1.012547713077331,0
11843,2,1,1,1,0.1653627682086165,0
11844,1,0,1,1,2.3094752090102046,1
11845,2,1,1,1,0.9392389949441504,1
11846,3,0,0,0,-1.3777480084830676,0
11847,1,0,1,0,1.9910074717300712,1
11848,3,1,1,0,0.26761694812604186,0
11849,1,0,1,1,0.44824395402253,0
11850,2,1,0,0,-3.0249366912799194,0
11851,1,0,0,0,-1.4632482910582525,0
11852,1,1,1,1,-0.08364799241361909,0
11853,3,0,0,0,1.3831019361211734,0
11854,2,0,0,0,1.1380234342027111,0
11855,1,0,1,0,-0.7006441957039972,0
11856,3,0,1,0,-0.031598948836798035,1
11857,2,0,0,0,1.3773483729805838,0
11858,2,0,1,0,-inf,1
11859,1,1,0,1,-inf,1
11860,2,1,1,0,-1.7043452438622544,0
11861,2,1,0,0,-1.4059779645263695,0
11862,2,0,0,1,-0.813470542128445,1
11863,3,0,0,1,-0.0639249808829172,1
11864,1,0,0,1,0.5244756864754503,1
11865,2,1,1,1,-0.3411116035275809,0
11866,3,0,1,1,3.8919472542861446,1
11867,2,1,1,1,-inf,1
11868,1,0,0,0,-1.3979713529303295,0
11869,3,1,0,0,-inf,1
11870,3,1,0,0,0.661681756279965,0
11871,3,0,0,1,-inf,1
11872,2,1,1,0,-0.4267980018096974,0
11873,2,1,0,0,-1.3134572096160273,0
11874,1,1,1,1,2.6488878254541013,0
11875,3,1,1,0,1.7195305008334754,0
11876,2,0,0,0,-2.03684737845659,1
11877,3,0,0,0,1.9117846280211734,1
11878,1,0,1,1,-inf,1
11879,2,1,0,1,-0.39311220773497957,1
11880,1,1,0,1,-0.9811915259110713,1
11881,1,1,0,1,-1.4984244504765674,0
11882,3,1,1,0,2.49990492892926,1
11883,2,0,0,0,-inf,1
11884,2,0,0,1,2.487658078179358,1
11885,3,0,0,0,1.5728194385510292,1
11886,1,0,1,0,-2.3190527759084976,0
11887,1,1,1,1,-inf,1
11888,2,0,0,0,-0.9868599420828581,0
11889,3,0,0,1,1.0344604817708887,0
11890,2,1,1,0,0.5566409220180738,1
11891,2,1,1,1,0.29878637665615115,1
11892,1,0,1,1,0.5158092343267745,1
11893,3,0,1,1,2.731965940494024,1
11894,1,1,1,1,1.860194190105714,1
11895,1,0,0,0,-0.33693460327508673,1
11896,3,1,1,1,2.1701461529130315,1
11897,2,1,1,1,1.7311654563329573,1
11898,2,1,1,0,-0.6513101491160924,0
11899,1,1,0,1,-inf,1
11900,2,1,1,0,-inf,0
11901,3,1,0,0,-1.0743608605264554,0
11902,2,1,0,0,-0.9679081784699459,1
11903,2,1,0,0,-inf,0
11904,1,0,0,1,0.8732891618693013,1
11905,3,1,0,0,0.4472851961412674,0
11906,1,1,1,0,0.14576396174285683,0
11907,2,1,1,1,1.9784079206094853,1
11908,2,1,1,1,3.763784507683176,1
11909,1,1,0,0,-inf,1
11910,2,0,1,1,2.2952822024151676,1
11911,2,0,0,1,3.235241989187263,1
11912,3,1,0,0,0.061809495763153754,0
11913,1,0,1,0,2.280384890216898,1
11914,2,0,1,0,1.5719481004500493,0
11915,2,1,0,0,-0.6082980809223786,0
11916,2,0,0,0,0.741858197343621,1
11917,1,1,0,0,0.22042409513327932,0
11918,2,0,1,0,-0.5558557819095963,0
11919,3,1,1,0,1.8818855510371684,0
11920,2,0,0,0,-2.285117977638378,1
11921,3,1,0,0,-inf,0
11922,2,1,1,0,0.813109429422251,0
11923,1,1,1,0,0.07793927098991871,0
11924,3,1,0,1,3.439525976463043,0
11925,1,0,1,0,0.7000478675272566,1
11926,3,1,1,0,1.9856215824756718,1
11927,1,0,1,0,1.4357748706947238,0
11928,2,0,1,1,2.802649214526919,1
11929,1,0,1,1,-0.9066507685604451,1
11930,2,1,0,0,-2.3132180601426775,1
11931,1,0,1,0,-0.5806909601193158,0
11932,3,1,0,0,0.03846143514946364,0
11933,1,0,0,0,-1.2702173403378263,0
11934,1,0,0,1,-inf,1
11935,2,0,0,0,0.05668151878202754,0
11936,3,1,1,0,1.5131829986762733,1
11937,2,0,0,0,-2.0409721587469822,0
11938,3,0,0,0,0.7695973519350433,0
11939,3,1,0,0,1.2825349491324345,0
11940,2,0,0,0,0.7196640495903125,1
11941,2,1,0,0,1.5823581460331377,1
11942,1,0,0,0,-1.7286322136132173,0
11943,1,0,1,0,1.0762422088335852,1
11944,2,1,1,0,1.6972508047163901,1
11945,2,1,0,0,-2.1448021015693883,0
11946,2,1,0,0,0.07195531424208579,0
11947,3,0,0,1,3.3113083235001244,1
11948,3,1,0,0,0.5342031774055942,0
11949,1,1,0,0,-inf,0
11950,2,0,1,0,-inf,0
11951,1,0,0,0,-1.2751528206610807,1
11952,1,0,0,0,-1.5545430988123616,0
11953,3,0,0,0,0.7063517036808601,0
11954,1,0,0,1,0.526376864107924,1
11955,2,1,0,0,0.9874269955328532,0
11956,2,0,1,0,1.6812480716181626,1
11957,3,0,1,0,-0.008190739131793467,0
11958,2,1,0,1,-inf,0
11959,3,0,1,0,1.8390717223809236,0
11960,2,1,0,0,-0.5367605064190286,0
11961,2,1,0,1,0.45833763381644294,0
11962,2,0,1,0,-0.8522546069844803,0
11963,2,1,1,0,0.3116832873204729,1
11964,1,0,0,0,0.2716123796233455,0
11965,3,1,1,1,3.511182461861281,1
11966,3,0,0,0,-0.6057024984591579,0
11967,2,1,1,0,-0.9449718606566337,1
11968,2,1,0,1,0.08458877974424883,0
11969,2,1,1,0,2.5842175892956054,1
11970,2,0,1,0,2.188899495201521,1
11971,3,0,1,0,2.0543634437179623,0
11972,1,1,1,0,0.15063948944322625,0
11973,2,0,0,1,3.0903064525456587,1
11974,3,1,0,0,0.25056927627464054,0
11975,3,0,1,1,2.176198393641987,1
11976,3,1,0,1,-0.8097416572211866,1
11977,3,0,0,1,2.751651245194041,0
11978,2,1,0,0,-0.9896635318989704,0
11979,1,1,0,1,-0.239648300115534,1
11980,1,1,0,1,-0.2911866278824926,1
11981,1,0,0,0,-0.5834274199178906,0
11982,1,0,0,0,-0.7627428223511519,1
11983,2,1,0,1,0.7392544425088367,0
11984,3,0,1,0,0.695051530728275,0
11985,2,0,1,0,0.013044504081143956,1
11986,3,0,0,1,1.274121180351008,0
11987,2,1,1,0,0.34336457338838877,1
11988,2,1,0,1,-0.010441597439842817,1
11989,2,0,0,1,1.781593459171711,1
11990,3,0,1,1,4.836248525073225,0
11991,2,0,0,0,-0.5597802173522457,0
11992,3,1,0,1,3.074012394725795,1
11993,1,0,1,1,0.9277015173048084,1
11994,2,1,0,1,2.099434010358496,1
11995,2,0,0,0,0.44258701093650527,0
11996,3,1,1,0,1.9390927256944073,0
11997,3,1,0,1,2.67065139531276,1
11998,2,1,1,1,1.0419816287394983,1
11999,1,1,0,1,0.13881938955297446,1
12000,1,1,0,1,0.769312535710061,1
12001,2,0,1,1,-0.5295324618137525,1
12002,2,0,1,1,3.6262338085828794,1
12003,2,0,1,0,0.6466189255191049,1
12004,2,0,0,0,0.245271492091484,1
12005,2,0,0,1,1.2932459901741238,1
12006,3,0,0,0,-2.3444900915862075,0
12007,1,1,0,1,1.373380153371582,0
12008,3,1,1,1,2.4864136601156606,1
12009,3,1,0,1,3.1107062851257856,1
12010,1,1,0,1,1.1664960711833323,1
12011,1,1,1,0,-inf,0
12012,2,1,0,1,2.5987289058397764,1
12013,2,1,0,1,-0.7148878785400117,1
12014,3,1,0,1,-0.9696578718293392,1
12015,3,0,0,1,1.6998029521519724,1
12016,2,0,0,0,-inf,0
12017,2,1,0,0,-1.1753533944123857,1
12018,2,1,0,1,-0.16094861980668967,1
12019,3,1,1,0,2.350073033970576,0
12020,1,1,1,0,-1.8601162531871869,1
12021,2,1,1,1,-1.1634720232112674,0
12022,2,1,1,0,-1.030107299026031,1
12023,3,0,1,0,-inf,1
12024,2,0,0,1,1.3831446871716584,1
12025,2,0,0,0,0.5085754403104835,1
12026,2,1,1,0,2.2347364886422536,0
12027,3,0,1,0,2.337433366014555,0
12028,1,0,1,0,1.8354583016617965,0
12029,1,1,1,1,-0.633715202646886,1
12030,3,0,0,0,-inf,0
12031,2,1,0,0,-0.15986268506129148,0
12032,2,1,0,0,1.6122132280289012,1
12033,3,0,0,0,1.9921173526127718,0
12034,1,1,1,1,1.319894487201228,1
12035,1,1,1,1,0.3280416118351608,1
12036,2,0,0,0,0.13317799680998954,0
12037,1,0,1,1,0.6599153422485389,1
12038,2,1,1,0,-1.154523329175892,0
12039,3,1,1,0,1.928580866682615,1
12040,2,0,0,1,1.3910261056085962,1
12041,2,1,1,1,0.6230482648242052,1
12042,2,0,1,0,0.179745442124273,0
12043,2,0,1,0,0.6282185125307801,0
12044,2,0,0,1,1.0498123032689577,0
12045,2,0,1,1,2.3738132286731912,1
12046,1,0,0,1,1.4392397009469173,1
12047,2,0,0,0,-1.894948048678768,0
12048,2,1,1,1,0.9745150835476174,1
12049,1,1,0,1,-0.7000595694914957,1
12050,1,0,1,0,0.9776037205322227,0
12051,2,0,1,0,1.5060800476085612,0
12052,2,0,0,1,2.6990121351175405,1
12053,1,1,0,0,-2.5694608947281967,0
12054,2,0,0,0,2.230066611847571,0
12055,3,1,0,1,-inf,1
12056,2,1,1,1,3.9348014361593915,1
12057,2,0,0,1,0.6553570244029894,1
12058,3,1,0,1,1.6317105264121927,1
12059,2,0,0,0,0.40035650384024113,1
12060,2,0,0,0,0.6624076750299703,1
12061,3,1,0,0,0.2498600547429013,0
12062,1,1,0,1,0.811192916541571,1
12063,1,1,1,0,0.0025495777115283613,0
12064,2,1,0,1,-0.8594605206620749,1
12065,2,0,1,1,1.390611956927426,0
12066,3,1,0,1,3.148132632506046,0
12067,2,1,0,1,0.6386584241272664,1
12068,2,0,1,1,1.7582539925917604,1
12069,1,0,0,0,-inf,0
12070,1,1,1,0,-inf,1
12071,1,0,1,1,0.3794098480377935,0
12072,1,1,0,0,1.3087363194378971,0
12073,2,0,0,0,-1.494232490849009,0
12074,3,0,0,1,2.9820753512726075,1
12075,1,0,0,0,0.11031126371666633,1
12076,3,0,0,0,-0.4039442800332627,0
12077,2,0,0,0,-0.21692338663614152,0
12078,3,0,0,1,2.655235996624328,1
12079,3,0,0,1,0.7590270634834516,0
12080,3,1,1,0,-0.33178485370820304,0
12081,3,1,1,0,0.5565144865343827,1
12082,3,1,0,0,-0.8621423447382007,1
12083,3,1,1,1,3.7969250498438885,1
12084,1,0,1,1,-0.3047937708489179,1
12085,2,1,0,1,1.6903157229986698,1
12086,3,1,0,0,1.6337671404981438,1
12087,1,1,0,0,-0.7360877981127323,0
12088,1,0,0,0,-1.0208001608002226,1
12089,3,1,1,0,2.814395993988896,0
12090,1,0,1,1,-0.04016822229799866,0
12091,1,1,0,1,-0.2914241558773627,0
12092,3,0,0,0,1.0024675072655227,1
12093,1,1,0,0,-1.4860868446131217,0
12094,3,1,1,1,-0.00852634309192063,1
12095,1,1,1,0,-1.121962798471626,1
12096,2,1,0,0,-0.3259519494199115,0
12097,1,1,1,1,0.5926319769269038,1
12098,3,1,0,0,0.2261524155468717,0
12099,1,0,0,0,-0.697174775557843,1
12100,3,1,0,1,2.060535535843167,0
12101,2,0,0,0,1.788058066515775,1
12102,2,0,0,0,-inf,1
12103,3,0,0,1,2.29816422046187,1
12104,3,1,0,1,3.434393608421495,0
12105,3,1,0,0,-inf,1
12106,2,1,1,0,1.5188971825693554,0
12107,2,1,0,1,1.4924569239501528,1
12108,2,1,1,1,1.1955423904061968,1
12109,1,0,0,1,0.08628558750186333,1
12110,1,0,0,0,-inf,0
12111,3,0,0,0,2.3244373656567454,0
12112,1,0,1,0,-0.16323578783510134,0
12113,2,1,1,0,-inf,0
12114,2,1,0,0,0.7068426625394475,0
12115,2,1,0,0,0.624145499454096,0
12116,1,0,1,0,0.9461064348551235,0
12117,1,1,1,0,1.8362101516794915,1
12118,2,0,1,0,1.031679413333122,0
12119,1,1,0,0,-0.18900112953753345,1
12120,2,0,0,0,0.23642679977268355,0
12121,2,1,1,0,-inf,0
12122,1,0,0,1,1.0506414741839618,1
12123,3,1,0,1,-0.8934411432409267,0
12124,1,1,0,1,-0.6762848291378427,0
12125,1,1,1,0,-0.2913317623371523,1
12126,1,1,1,0,-1.169589731973341,0
12127,1,1,1,1,-0.5466135254295842,0
12128,2,0,1,1,1.278376247681197,1
12129,2,0,0,0,-1.9633322165435718,0
12130,1,0,0,0,-0.03003283055318573,1
12131,3,0,0,0,0.12726454076660731,0
12132,1,0,1,0,-inf,0
12133,2,0,0,1,1.074870928129621,0
12134,3,1,1,1,2.567792362936727,1
12135,1,0,0,0,-0.3874806092315786,1
12136,1,0,1,0,-0.30087592840707994,0
12137,2,0,1,0,1.7130265155396112,0
12138,3,0,0,1,3.2798566444506307,1
12139,2,1,0,0,-0.014027074720241561,0
12140,3,0,0,0,1.9710881683080845,1
12141,3,0,1,1,2.507434938613075,1
12142,2,0,0,0,0.8600664714826999,0
12143,2,1,0,0,0.7637065932812688,0
12144,2,0,1,1,2.106160980055033,1
12145,1,0,0,1,0.5618008868446079,1
12146,2,1,0,1,-0.19730514692564916,1
12147,3,0,1,1,-inf,1
12148,2,1,1,0,0.1572105160755013,0
12149,3,1,1,0,0.16537766774163398,0
12150,3,1,0,1,1.957788261222118,1
12151,1,1,0,1,-0.37831756546943984,1
12152,1,1,1,1,3.3700717608892394,1
12153,1,0,1,0,1.6920342959723107,0
12154,2,1,0,0,-0.21384263992319963,1
12155,3,1,1,1,3.7297991979294016,1
12156,1,1,1,1,-inf,0
12157,3,1,0,1,1.1258428497572843,1
12158,3,0,0,0,-0.482253964241124,0
12159,2,0,1,0,1.5307563868921599,1
12160,3,0,0,0,0.9731726414326085,1
12161,3,1,1,1,-inf,0
12162,2,1,1,0,-0.17794673058635474,0
12163,2,0,1,1,-1.1342046443492453,0
12164,1,0,1,1,-0.28689920317669815,0
12165,3,0,0,1,1.8662263265854293,1
12166,3,1,0,0,1.1326858591381352,0
12167,2,0,1,1,0.15318965788459615,1
12168,1,0,1,0,-1.553204140316686,0
12169,1,0,0,1,-1.1165640401951442,0
12170,2,1,0,0,1.0616286012021245,0
12171,2,1,1,0,2.3332210053364992,1
12172,2,0,0,1,1.94898780960126,1
12173,3,1,1,1,1.7694230652189267,1
12174,2,1,1,0,1.1468410234483342,0
12175,2,0,0,0,0.21640058068866233,0
12176,2,1,0,1,0.18342379130227415,0
12177,3,1,0,0,0.08944435894493674,1
12178,3,0,1,1,1.3236253478159647,1
12179,2,0,0,1,0.8626430535892511,1
12180,3,1,1,1,0.6782439448903388,1
12181,2,0,1,1,1.804987690558943,1
12182,1,1,0,1,-0.3370954570941718,1
12183,2,0,1,1,1.3178884206028172,1
12184,2,0,1,0,0.5825568645106992,0
12185,2,1,0,0,-inf,0
12186,3,1,1,1,2.6965944987962596,1
12187,3,1,1,0,-0.3893314084137176,0
12188,1,1,1,0,-0.9215626053905595,0
12189,3,0,0,1,-1.0237601397422038,1
12190,1,0,1,1,1.7503916081269604,1
12191,3,0,0,1,0.45935778360955754,0
12192,1,0,1,1,-inf,0
12193,1,0,0,0,-inf,0
12194,2,0,0,1,3.12282314992028,1
12195,1,1,1,0,1.4598908628339413,1
12196,3,1,0,1,1.5642472157717973,0
12197,3,1,0,1,1.1992153109926909,1
12198,1,1,0,1,0.39683558020323756,1
12199,3,1,0,1,1.4687281488227557,1
12200,1,0,1,0,-1.3298149517746571,0
12201,2,0,0,1,-inf,1
12202,1,0,1,1,1.3877084122936794,1
12203,2,0,0,0,-0.20541058165495035,1
12204,2,0,1,1,0.6931051647907331,1
12205,3,0,0,0,0.5033738629152777,1
12206,2,1,0,1,-2.3391298991923692,0
12207,3,0,0,0,-0.7377330541537442,0
12208,2,0,1,1,4.575547477114488,1
12209,3,0,0,0,0.7277028284696271,1
12210,1,0,1,1,0.4137953031363252,0
12211,2,0,1,0,2.9764361099900856,0
12212,1,0,1,0,-inf,0
12213,1,0,0,1,-inf,1
12214,3,1,0,0,3.04501053136451,0
12215,2,0,1,1,0.6464451588968669,0
12216,3,0,1,0,1.5793290084297131,0
12217,2,1,0,0,1.1964259272550894,0
12218,2,1,0,1,-0.4131023792113313,1
12219,3,0,1,1,2.0499321870040568,1
12220,2,0,0,0,-inf,1
12221,2,1,0,0,0.8024808580205582,0
12222,1,1,1,1,0.19983711271478577,0
12223,1,0,1,0,-inf,0
12224,2,0,1,0,-inf,0
12225,1,1,1,1,-1.3749378447092477,0
12226,2,1,0,0,-0.7967239390038215,0
12227,2,0,1,1,1.3747317103674583,1
12228,3,1,0,0,-1.6964761528820032,0
12229,3,0,1,0,0.5711861241168976,0
12230,2,1,0,1,2.6190502879497313,1
12231,3,0,0,1,1.8990122641013634,1
12232,3,0,0,0,0.11398079047593934,0
12233,3,0,0,1,1.655943777392902,0
12234,2,0,1,1,3.122877777720699,1
12235,2,0,1,0,-1.0432235678300599,0
12236,1,1,1,1,2.271696061388189,1
12237,3,0,0,0,0.8612337326555827,0
12238,3,0,1,0,0.9762729189645312,0
12239,1,0,1,0,-inf,0
12240,3,0,1,0,1.8125120070670757,1
12241,2,0,0,1,2.2878644916443505,1
12242,2,1,0,0,0.48892066512952626,0
12243,3,1,0,0,1.3848158461315365,1
12244,2,1,1,0,0.43656641857666073,1
12245,1,1,0,0,-0.25271984144265397,1
12246,2,0,1,0,0.9114982036767227,1
12247,3,0,0,1,1.182154816533755,0
12248,2,0,1,1,2.489363280975769,0
12249,3,0,0,0,0.9001004865962665,0
12250,3,0,0,1,2.786722141027243,1
12251,3,1,0,0,-0.7621593346986943,1
12252,2,0,1,1,1.2945988063015874,1
12253,2,0,0,0,-inf,0
12254,2,1,0,1,1.0628047807711305,0
12255,2,0,0,0,1.2035392073900117,0
12256,2,1,1,0,-0.310100404254105,0
12257,3,1,1,1,1.4674056333634726,1
12258,2,0,1,1,-0.6213670758093621,0
12259,3,0,0,0,2.3524202149259077,1
12260,2,0,0,0,1.27058158902584,1
12261,2,0,1,1,0.29713921248310593,1
12262,2,1,1,1,2.527445642975055,1
12263,1,1,1,1,2.665519699178505,1
12264,3,0,0,0,0.4078836772646709,0
12265,3,1,0,1,1.7953514482454054,1
12266,3,1,0,0,-inf,0
12267,2,1,0,0,1.3365693103840144,0
12268,1,0,1,0,-0.8360473308108014,0
12269,1,0,1,0,-0.21447098164274309,0
12270,1,1,1,1,0.7465206474878345,1
12271,2,0,1,0,0.15770518475683815,0
12272,2,1,1,1,1.8348204896214955,0
12273,2,1,0,1,-inf,1
12274,1,1,1,0,0.9142815562315502,0
12275,2,1,1,1,-0.4987431543424079,1
12276,3,1,0,1,1.7467352223160444,1
12277,1,1,1,1,0.31418665755706643,0
12278,3,0,0,0,1.9870314120120298,0
12279,2,0,0,1,1.399217653018521,1
12280,3,0,1,1,2.3767547385910013,1
12281,2,0,1,0,0.7443521984641089,0
12282,2,1,0,0,-2.4685326674341033,0
12283,2,0,1,0,0.3717440459131975,0
12284,3,0,0,1,0.2546776110389878,0
12285,3,0,0,1,1.1428106125708963,0
12286,3,0,0,0,-inf,0
12287,3,1,0,1,0.4620829244077928,1
12288,1,1,0,1,-1.8241920175616828,1
12289,1,0,1,1,1.993389983743133,1
12290,3,1,0,0,0.9313865885502722,0
12291,1,0,0,0,-1.0501941913342758,0
12292,3,0,1,0,1.8480548872727107,1
12293,3,1,0,1,2.04533501659441,1
12294,2,1,0,0,-2.4188204372837383,0
12295,3,1,0,1,2.6926973217961385,1
12296,2,1,1,1,0.1618121439660256,1
12297,1,0,1,1,0.16218296597969362,1
12298,3,1,0,0,0.7561140386206031,1
12299,3,0,0,1,2.4705958665840693,1
12300,2,1,1,1,-0.21805826217659874,1
12301,3,1,1,1,2.3673831944832724,1
12302,1,1,1,0,-0.4462395953024193,0
12303,1,0,0,0,0.06579334985544116,0
12304,2,0,0,0,-1.6689824221157579,1
12305,2,1,1,1,0.2724648457437685,0
12306,2,0,0,1,-0.7529469067682297,0
12307,2,0,0,0,1.248576619553317,0
12308,3,0,0,1,-0.3605707986975365,0
12309,2,0,0,0,-0.5455646920213852,0
12310,2,1,0,0,0.04895522996780263,0
12311,1,1,1,1,0.8578864621974673,1
12312,2,0,1,1,2.48259458872713,1
12313,3,1,0,0,-inf,0
12314,1,1,1,0,-0.13559453060195836,0
12315,2,0,1,1,0.21290673602784227,1
12316,3,1,0,0,0.9826935369777507,1
12317,1,0,0,0,-1.307917925858714,0
12318,2,0,1,1,2.6182360744484767,1
12319,1,1,1,1,-inf,1
12320,2,0,1,0,0.3798697507795232,0
12321,1,0,1,0,-0.7592644459925553,0
12322,2,0,1,0,0.6618936830519555,0
12323,2,0,1,0,2.272481561123417,1
12324,2,1,0,0,-0.04349463316766933,0
12325,3,0,0,1,1.2680556303778998,1
12326,1,1,0,1,2.6712067061491354,1
12327,1,0,1,0,-0.7886890415743909,1
12328,3,0,0,1,1.284910616162038,1
12329,2,0,1,1,1.088044064308992,1
12330,3,0,1,1,2.8305397069682923,1
12331,2,0,0,0,0.99682420482488,0
12332,1,0,0,1,-1.3217902101687837,0
12333,3,0,0,0,-inf,0
12334,3,1,1,1,2.714557702452418,0
12335,3,1,0,1,-0.25944980471439655,1
12336,3,1,1,1,2.2796979234858865,1
12337,1,0,1,0,-1.3708202638659892,0
12338,2,0,0,1,-0.7190002227305945,1
12339,2,1,0,0,-1.8027373515862277,0
12340,3,0,1,0,1.773743578379265,0
12341,2,1,0,1,1.1228725110075901,1
12342,2,1,1,0,1.1337533858339315,0
12343,1,1,1,0,0.08322489934982055,1
12344,3,1,0,1,-1.5604008710159893,1
12345,1,1,1,0,0.11310278455151453,0
12346,3,0,1,1,1.2739484031616304,0
12347,1,1,1,1,2.0615876131528212,0
12348,2,0,0,0,-inf,1
12349,2,1,1,0,-inf,1
12350,2,1,1,1,3.19183213881808,1
12351,3,0,0,0,0.08511968182009697,0
12352,1,1,0,1,0.5828378496441643,1
12353,2,1,1,0,1.2204804073997986,0
12354,1,0,0,1,0.2694470067009329,0
12355,1,0,1,0,-1.431045200462119,0
12356,1,1,0,0,-3.1054000986679617,0
12357,2,1,0,0,-0.6484731438321163,0
12358,3,1,0,0,-0.6846796486704118,1
12359,2,1,0,0,-0.5908827773769546,0
12360,1,1,0,0,1.3688431434350337,0
12361,3,1,0,0,1.6711108193760453,0
12362,3,0,1,0,1.8111401028637308,0
12363,1,1,1,1,0.0824832883333737,0
12364,2,0,0,1,0.19794901855021182,1
12365,2,0,0,1,-0.3334170876248796,1
12366,3,1,0,0,-3.8731376605492316,0
12367,3,0,1,1,2.862700330398645,1
12368,3,0,0,1,1.5768793381985318,0
12369,1,0,0,0,-1.668111222477039,1
12370,3,1,0,1,-inf,1
12371,2,0,1,1,-0.7716601354318213,0
12372,3,1,0,0,2.1348346181007316,1
12373,2,1,0,1,-1.7106691400420537,0
12374,1,0,1,0,-1.3890789073754792,1
12375,1,0,0,0,1.4549809300274374,0
12376,1,0,1,1,1.5219578644275065,1
12377,2,1,1,0,1.5623059376132504,0
12378,3,1,0,0,1.041844892655921,1
12379,3,1,0,0,-0.5184371410996595,0
12380,3,0,0,1,1.0607585872815135,0
12381,2,1,1,1,1.081668095445416,0
12382,3,0,0,1,2.3447980294642994,1
12383,1,1,1,0,-0.20563412439992385,0
12384,3,0,1,0,-inf,0
12385,3,1,0,1,1.6694868885213674,1
12386,2,0,0,0,-0.5515738054946282,0
12387,2,1,0,1,-inf,0
12388,3,1,1,1,1.9745245646964906,1
12389,3,0,0,1,-inf,1
12390,2,0,1,0,-1.4330810715765492,1
12391,1,1,1,0,1.7859228532964742,1
12392,2,0,0,0,0.36462693173212957,1
12393,2,0,1,0,-inf,0
12394,2,0,1,0,-inf,0
12395,1,0,1,0,1.4948285792637777,1
12396,3,1,0,0,-1.4722276383674748,0
12397,3,1,0,0,1.3219021455176425,1
12398,2,1,1,1,-inf,1
12399,3,1,1,1,3.2212510636641327,1
12400,1,0,1,1,-0.28073751625992327,1
12401,2,1,1,0,0.6889263193333703,0
12402,1,0,1,0,-1.0492067372486837,0
12403,2,0,0,1,0.9073653628439496,1
12404,2,1,1,0,-0.7095781116434747,0
12405,2,0,1,1,-inf,0
12406,2,0,1,0,1.2871623294425574,0
12407,1,0,0,1,-2.0337516051235007,0
12408,3,1,0,0,0.3547039680598982,0
12409,3,1,0,1,0.8404686949437947,1
12410,2,1,0,0,-0.7296212855338774,0
12411,3,0,1,0,1.820352343944053,0
12412,3,1,0,1,1.714465361826096,1
12413,1,1,0,0,1.40740759967417,1
12414,1,0,0,1,2.52531238448168,1
12415,2,0,1,0,2.7104862646913404,0
12416,1,0,0,0,-0.5241673508812184,0
12417,2,0,1,0,1.7007980729253658,1
12418,2,1,0,1,1.349489138233087,0
12419,2,1,0,1,4.411747182087977,1
12420,2,1,1,1,1.9437027483490437,0
12421,2,0,1,1,2.2675879054744827,0
12422,2,1,0,0,-2.1704879570124125,1
12423,1,1,1,0,0.9925657928635025,0
12424,3,1,1,1,3.1587825076377825,1
12425,1,0,0,0,-1.143254004134477,0
12426,1,1,0,1,-0.27852972134277976,1
12427,3,0,0,1,1.0242383075230825,1
12428,1,0,0,0,-1.2453157747067276,0
12429,3,1,0,0,0.29251000323674375,1
12430,1,0,1,0,-0.23976855336128222,0
12431,3,1,1,0,1.7891347469163998,1
12432,1,1,1,1,1.822319523835128,1
12433,2,1,1,1,-0.9591071490330773,0
12434,3,0,1,0,-0.9571228634583056,0
12435,2,1,0,1,1.9619787029779692,1
12436,1,0,0,0,-0.5741608788665042,0
12437,2,1,1,0,-0.24232822358453832,0
12438,2,0,1,1,2.4893323044694107,0
12439,3,0,0,0,0.4682695434273819,0
12440,2,0,0,0,-0.12087786923907295,0
12441,2,0,0,1,2.4895393224598443,1
12442,2,1,1,0,0.5480609485073012,1
12443,1,1,1,0,0.23803316449841122,0
12444,2,0,0,1,1.6293273454227168,1
12445,2,0,0,0,-0.8065063054904197,0
12446,2,1,0,0,0.3631798168560194,0
12447,2,1,0,0,1.3090987139168242,0
12448,3,1,1,0,1.9007656728480145,0
12449,2,1,1,0,-0.0738326113794939,0
12450,3,1,0,0,0.9162812162556683,0
12451,3,1,0,1,-inf,1
12452,2,1,1,0,-0.1838470692054397,0
12453,2,0,1,0,2.658127649396704,0
12454,3,0,0,1,2.5060499985646585,1
12455,3,1,0,1,0.9508575169352,1
12456,2,0,0,0,-1.418463581372951,0
12457,3,1,0,0,-inf,1
12458,3,1,0,0,-inf,0
12459,1,0,0,0,-1.9526143868262813,0
12460,3,1,1,1,-inf,1
12461,2,0,0,0,0.9789331671410453,0
12462,3,1,1,1,6.310682079786467,1
12463,1,1,0,0,-1.3501935951988038,0
12464,1,1,1,1,1.1436662154928836,1
12465,2,0,0,0,-1.2561631104257307,0
12466,2,1,0,1,-0.217814693365451,1
12467,3,0,0,1,0.4442446908435218,0
12468,1,1,1,0,-inf,1
12469,2,0,0,1,-0.8195039166476449,0
12470,3,1,1,0,0.01630302959378893,0
12471,1,0,0,0,-2.092356697236702,0
12472,1,0,0,0,1.7849878146768434,1
12473,3,0,0,1,-inf,1
12474,2,0,0,1,-0.13237486283717526,0
12475,3,1,0,1,0.8538128802218986,1
12476,2,1,0,1,1.3832512596946656,1
12477,2,0,0,1,1.9403164458266842,1
12478,3,1,1,1,2.7118853448622176,1
12479,2,1,1,1,1.9258118296251348,1
12480,2,1,0,0,0.3650779611871929,0
12481,1,0,1,0,0.1625633366874935,1
12482,3,1,1,1,3.847122673423192,1
12483,2,0,1,1,1.5691658685396026,0
12484,2,1,1,0,-0.3620894007373352,0
12485,1,0,0,1,1.5836958710941014,1
12486,3,1,0,1,1.136402588401981,1
12487,2,1,0,0,-0.5981387247550769,0
12488,1,0,0,1,-0.8930095423030938,0
12489,2,0,0,0,0.41135789861836836,0
12490,1,0,1,1,1.6381475624137027,1
12491,2,1,1,0,-inf,1
12492,2,1,0,0,-1.1520307355483135,0
12493,2,1,1,1,2.763448765601554,0
12494,2,0,0,1,1.063719708972508,1
12495,3,0,0,1,-inf,1
12496,1,1,0,0,-2.1208027115651125,0
12497,2,0,0,0,1.249297757316037,0
12498,1,1,1,0,0.9028520704016609,1
12499,3,1,0,0,0.09649730305323806,1
12500,2,1,1,1,0.44332734535375995,0
12501,3,1,0,0,-inf,0
12502,1,0,0,1,1.0040254118289458,1
12503,3,1,0,0,0.7810658350481463,1
12504,2,0,1,0,2.1346354919524293,1
12505,3,1,0,1,0.07219717213755072,1
12506,2,1,1,1,2.0627810915930165,0
12507,2,1,0,0,-0.7102485023297496,0
12508,2,0,1,0,0.5610290619870187,1
12509,2,0,1,1,2.140787749129409,0
12510,1,0,1,0,0.8874087289818834,0
12511,3,0,0,0,-0.5427778459823474,0
12512,1,0,1,1,0.6461076630902892,0
12513,3,1,1,1,4.8015590918375315,0
12514,1,0,1,0,-0.09004631368025845,0
12515,1,0,1,1,0.6929763638410305,1
12516,1,0,1,1,0.9350528372155835,1
12517,3,0,0,1,-inf,1
12518,3,1,0,0,-2.5829028902619244,0
12519,1,1,1,0,1.2396275281526912,0
12520,2,0,1,0,-0.4302471605383683,0
12521,2,0,1,1,0.978204236618029,1
12522,2,0,1,0,0.021134669110263793,0
12523,3,1,0,1,2.471583993150996,1
12524,1,0,0,1,-0.6986629699894134,0
12525,2,0,1,1,-inf,1
12526,3,1,0,0,-0.00961664990608091,0
12527,2,0,0,0,1.1936381887669794,0
12528,3,1,0,0,1.262130760480102,0
12529,1,1,1,0,-2.2343420910807588,0
12530,3,0,0,0,1.8351300210367847,1
12531,3,0,1,0,1.4312098026644477,0
12532,1,1,0,1,-0.9328181562265585,1
12533,3,0,0,0,-0.18261032243919206,0
12534,3,0,1,0,1.5999839938788616,0
12535,3,1,1,0,1.4163634734196195,0
12536,3,0,1,0,-inf,1
12537,1,0,0,0,0.4206423810584248,0
12538,3,0,0,1,-inf,1
12539,1,1,0,1,0.9691267628259472,1
12540,2,0,0,1,-1.2892941802732507,0
12541,2,0,0,1,1.962574882568267,1
12542,1,0,1,1,0.8955426410047324,1
12543,3,1,1,1,1.1282495893862092,1
12544,2,0,0,1,0.7359148203992166,0
12545,1,1,0,1,-0.23851431077630725,1
12546,1,0,0,0,-0.10192354545224219,0
12547,3,0,0,0,-inf,1
12548,2,0,0,0,-1.517881395194673,0
12549,1,1,1,1,0.31533297963714385,1
12550,3,1,0,1,1.8525563561489236,0
12551,3,1,0,1,-1.8464671167159783,1
12552,2,0,1,0,-0.3880067589841194,1
12553,3,1,1,1,3.2996938843708326,1
12554,1,1,0,1,-inf,1
12555,2,1,0,0,-0.25826517947362687,1
12556,3,1,0,1,0.6254019170297822,1
12557,3,1,0,0,0.8603861912229761,1
12558,3,1,1,1,-0.9881768256445378,1
12559,1,1,1,0,-0.06624044280518876,0
12560,1,1,1,1,-1.7772511647417815,1
12561,1,0,1,0,-0.8074938601499783,0
12562,2,1,1,0,-0.9083293855883479,0
12563,2,1,0,1,-0.9590749253860648,1
12564,1,1,0,0,-1.0168942665506866,0
12565,2,0,0,1,0.498515028563302,1
12566,3,1,0,1,2.4456578103423228,0
12567,2,1,1,1,1.7332919359786603,0
12568,2,1,0,0,1.2366415995713829,0
12569,2,1,1,1,1.5284551184072435,1
12570,2,1,0,0,-1.4687798694120155,0
12571,2,0,1,1,1.3222002563514392,1
12572,2,1,0,1,2.205667667310763,1
12573,1,1,0,1,1.2646255930109809,0
12574,1,1,0,0,1.6219202624292062,1
12575,3,1,1,0,4.0842991715613515,1
12576,3,1,0,1,0.9200077055842947,1
12577,3,1,1,1,2.5133678497543643,1
12578,2,0,1,0,0.8390240986581751,1
12579,3,1,1,1,-inf,1
12580,1,1,0,1,-1.131085115664832,1
12581,3,1,1,1,0.2586079497333413,0
12582,2,1,1,0,1.6588694793708827,0
12583,2,0,0,0,-0.7619898900661544,0
12584,2,1,1,1,1.2727370241737277,1
12585,2,1,0,0,-0.06538393244647471,0
12586,3,0,0,0,3.0762369338535223,0
12587,1,1,0,0,-2.4329351453135795,1
12588,2,1,1,1,-0.7181376771472083,0
12589,2,0,0,1,2.343143796416535,0
12590,2,1,0,1,1.8191522142014511,0
12591,2,0,0,0,1.2859790216666676,0
12592,3,1,1,1,1.9878898988742784,1
12593,2,0,0,1,0.8608033249760304,1
12594,3,1,0,1,2.670921142872258,0
12595,2,1,1,1,1.505903887968723,1
12596,1,1,0,1,2.1982266146907046,1
12597,2,1,1,1,1.0820933057534579,0
12598,2,1,1,1,-0.5512525254757317,0
12599,2,0,1,0,0.8371130576471904,0
12600,2,0,0,1,0.9389357013578152,1
12601,1,1,0,0,-inf,1
12602,2,0,0,1,1.5503744362491227,0
12603,3,0,0,0,-0.4456035016543856,0
12604,3,0,0,0,-0.34928192845780914,0
12605,1,1,1,0,-0.4202677804338991,0
12606,3,0,1,0,2.991794499105377,0
12607,2,1,1,0,0.2142740837631581,1
12608,1,0,1,1,2.0752604829874333,1
12609,2,0,0,0,-inf,0
12610,3,1,1,0,-inf,0
12611,3,1,0,0,-inf,0
12612,3,1,1,0,1.6742352109397576,0
12613,2,1,0,0,-0.2172466916724456,0
12614,3,1,0,1,1.41331959591122,1
12615,1,1,0,0,-inf,0
12616,2,1,1,1,2.352890027809978,0
12617,1,0,0,0,-1.4151432308316303,0
12618,2,0,0,0,0.44970912210854647,0
12619,3,1,1,1,-inf,1
12620,1,0,0,1,-2.012959776577927,1
12621,2,1,1,0,1.0211543360970459,0
12622,3,0,0,1,0.8786277980486454,0
12623,3,0,0,0,0.3010192621571347,0
12624,1,1,1,0,-1.2880880083396473,0
12625,2,1,0,1,-2.1675890719957582,0
12626,1,0,0,1,0.9904629359572543,1
12627,3,0,0,0,0.6191655316444789,1
12628,2,0,0,1,2.515140824792838,1
12629,3,0,0,0,-1.5522629151224148,0
12630,2,1,1,0,2.6655665161151787,0
12631,2,0,1,0,2.233628321238832,0
12632,1,1,0,0,-1.2928280590837242,0
12633,1,0,1,1,1.2167239113387915,0
12634,1,0,0,0,0.5742548285072515,0
12635,3,1,1,1,1.2254197724470866,0
12636,1,0,1,0,0.7440499071464294,0
12637,1,1,0,0,-2.3119256790832834,1
12638,3,1,0,0,1.37522086649553,0
12639,3,1,0,0,0.1717735530367863,1
12640,3,0,0,0,-0.2071768917641511,1
12641,2,1,1,1,0.14665008201220409,1
12642,3,0,0,0,1.283013569903098,0
12643,2,0,1,1,-inf,1
12644,2,0,0,0,-inf,0
12645,1,0,1,0,-1.551308155532842,1
12646,2,1,1,0,0.4089689509591301,1
12647,2,1,0,0,0.3068182665932558,0
12648,2,0,0,0,-inf,1
12649,2,1,1,1,2.0264341706892535,0
12650,1,1,0,0,-0.711454816220961,0
12651,1,1,0,1,-0.9644903096478163,0
12652,3,0,1,1,1.1062615412556558,0
12653,2,1,1,1,-0.33740201530128844,0
12654,1,0,0,0,-3.3224703709668413,0
12655,2,1,1,0,-2.598006652685262,1
12656,3,1,0,1,0.7520521274038279,0
12657,3,1,1,0,1.0207169899422275,0
12658,1,0,0,1,0.04137712435337326,0
12659,1,0,1,0,0.11260787832760025,0
12660,2,0,0,0,-0.4746077044718182,0
12661,2,1,1,0,0.6840193829236593,0
12662,1,0,1,0,1.3130627538426682,1
12663,1,0,0,1,2.14328542477608,1
12664,2,1,1,0,-0.4750542691005324,0
12665,3,0,0,1,-0.7706355749378804,1
12666,2,0,0,0,0.11726160381138684,1
12667,2,1,0,1,1.8192603377194159,1
12668,3,0,0,0,1.3776274722400719,0
12669,2,1,0,0,1.0271688277716926,1
12670,1,0,0,0,-1.7195209774325457,0
12671,2,1,1,1,2.3114409091757344,1
12672,1,1,0,1,-0.9923946773488695,1
12673,3,0,1,0,0.9768192742214822,0
12674,1,1,0,0,-0.8513429163455473,0
12675,2,0,1,0,2.8283514577083992,0
12676,2,1,0,0,-inf,0
12677,1,0,0,1,0.1742775167688232,1
12678,3,0,0,1,-inf,1
12679,3,0,0,0,-0.8677067735385995,1
12680,2,0,1,0,2.4176282840433116,0
12681,1,0,1,0,-0.8344319560384369,0
12682,1,1,0,0,-1.2612451397440059,1
12683,3,0,0,1,-0.05369304924854865,1
12684,3,1,0,0,0.7229448822394702,0
12685,2,1,1,0,0.543813635138167,0
12686,1,1,0,1,-inf,1
12687,2,1,1,1,1.721523599967789,1
12688,1,1,1,0,0.8507292984677748,0
12689,1,1,1,1,1.2313229057826345,1
12690,2,0,0,1,2.3582564561432853,0
12691,1,1,0,0,0.5873193906314279,1
12692,2,1,1,1,-inf,1
12693,2,1,0,1,0.6929915776997044,1
12694,1,0,1,1,0.5783489062239793,1
12695,3,1,1,0,-0.7783746696059421,0
12696,2,1,0,1,-0.08580295948180039,1
12697,3,0,1,1,4.656243487575424,1
12698,3,1,1,1,0.5083323704762381,1
12699,3,0,1,0,0.42014116923272404,0
12700,1,0,0,0,-inf,0
12701,1,0,1,0,0.8280527798394739,0
12702,3,0,1,0,-inf,0
12703,3,0,0,0,1.2212021198668173,0
12704,1,1,0,0,-2.0183600740548377,0
12705,1,1,1,0,0.34220599999620704,0
12706,3,0,0,0,0.07619979893576503,1
12707,2,0,0,1,2.2823512311424357,1
12708,1,1,0,0,-0.4310605873525887,1
12709,3,0,0,1,2.652179991475432,1
12710,1,1,0,1,-0.28728450211644646,1
12711,1,1,1,1,-0.40842926155844816,1
12712,2,1,1,1,0.28711063094840494,1
12713,1,1,1,1,0.6528390724408875,1
12714,1,0,1,1,1.965077950020312,1
12715,3,0,1,1,2.3211107492956895,1
12716,2,1,0,0,0.2054093775488074,1
12717,2,1,1,1,0.6577338562311313,0
12718,2,1,0,0,-0.22144994139780638,1
12719,1,0,1,1,1.3530036479090763,0
12720,2,0,0,0,-inf,1
12721,2,0,0,0,-0.448691784063258,0
12722,2,0,1,1,4.579379281180458,1
12723,3,1,0,1,1.3211619437687179,1
12724,3,0,1,1,1.287389644899045,0
12725,3,1,0,0,-0.9983599928411865,0
12726,2,0,0,1,0.45114970627385687,1
12727,2,1,0,0,-inf,0
12728,2,0,1,1,0.9386751504788582,0
12729,2,0,1,1,0.48796331346645194,1
12730,2,1,0,0,-1.5501938126569172,0
12731,2,0,0,1,3.4176881200208182,1
12732,3,1,0,1,0.9147710372375952,0
12733,2,0,1,1,0.5537659623073035,0
12734,2,0,1,1,-inf,0
12735,3,1,0,0,2.4395636797544626,0
12736,3,0,0,0,-0.2952798335920505,1
12737,3,1,0,0,1.2702392765032418,1
12738,1,0,0,0,0.29197882455951185,0
12739,3,1,0,1,3.2648525915330477,1
12740,2,0,0,0,-inf,0
12741,3,0,1,1,2.7512338380357546,0
12742,2,1,0,1,1.3172036234638027,0
12743,2,0,0,1,0.9049865428930781,0
12744,2,0,0,1,0.9876851787593398,1
12745,2,1,1,0,0.2525951526934904,0
12746,3,0,1,0,3.2946315966631685,0
12747,2,1,1,1,0.11126521383247212,1
12748,1,1,1,0,-1.33454894295649,0
12749,1,1,0,1,-0.4350372050568524,1
12750,3,1,0,0,1.580711083834688,1
12751,1,1,1,0,-2.056050031811922,0
12752,2,0,1,0,-0.7512747021499298,1
12753,2,1,1,0,1.009867219114482,0
12754,2,1,0,1,0.4599057958704764,1
12755,3,1,0,1,-inf,1
12756,3,1,0,1,-inf,1
12757,2,1,0,1,2.8670844026082145,1
12758,1,1,0,1,2.0255290884552486,1
12759,1,0,0,0,-2.192970507297278,0
12760,2,1,0,0,-0.043233117969620705,0
12761,2,0,1,1,2.93556600408178,1
12762,2,0,0,0,-0.137237622316564,0
12763,2,0,0,1,2.029177542718775,1
12764,3,1,0,0,0.41005535863885356,1
12765,3,0,1,0,2.3072347062610272,1
12766,1,0,0,0,0.5172688274737877,0
12767,2,1,1,0,-1.50087581575226,0
12768,2,1,1,1,0.15352758226858854,0
12769,1,0,0,0,-1.4280281650796107,0
12770,2,1,0,1,-0.4520381468808998,0
12771,1,1,0,1,0.739623731876101,1
12772,3,0,1,0,2.8849746138791077,1
12773,1,1,0,1,0.7845318439918835,1
12774,2,0,1,0,-1.7396800937277181,0
12775,2,0,0,1,2.452821628502549,1
12776,2,1,0,0,0.2961983353129703,1
12777,3,1,1,0,0.6788106991639139,1
12778,2,0,0,1,1.2104688835743762,1
12779,3,0,0,1,2.113437893602126,1
12780,3,1,0,0,0.4985844452859366,0
12781,3,0,0,1,-inf,1
12782,2,0,0,0,-1.6115719079831852,0
12783,2,1,0,1,0.15465824944307338,1
12784,1,0,0,0,0.57666790878829,0
12785,2,0,0,0,-0.45108305909567387,0
12786,2,0,0,0,1.6658509855826558,0
12787,1,0,1,1,1.1227605141728163,0
12788,2,1,1,0,1.0309797139424752,0
12789,1,0,0,0,-1.118072943340593,0
12790,2,1,1,0,0.2827323643697572,0
12791,2,1,0,0,0.1408380099022134,1
12792,3,0,1,1,0.41359782040273463,1
12793,2,1,1,1,-1.1283014630626869,1
12794,3,0,0,0,-1.3085433143324874,0
12795,3,0,1,1,-inf,1
12796,3,1,0,0,1.1873070349920214,1
12797,2,1,0,0,-1.5364826056191445,0
12798,3,0,0,0,2.4480806708812666,0
12799,2,0,0,0,0.896542390290137,0
12800,2,1,1,1,2.556488571241898,1
12801,1,1,0,1,0.35656162378051204,1
12802,3,1,1,0,-0.23812885263070033,0
12803,2,0,0,1,-0.13387002698349887,0
12804,3,1,0,1,0.6728098506895601,1
12805,1,1,1,0,-inf,0
12806,1,0,0,1,-0.25028471171633704,0
12807,2,0,0,0,-0.30760870746858787,0
12808,2,0,1,1,-inf,1
12809,1,1,1,0,-inf,1
12810,1,1,1,1,2.0825913998752963,1
12811,1,1,0,1,-2.257303099953261,0
12812,1,0,1,0,-0.6368395033281427,0
12813,2,0,0,0,0.8478669778472994,0
12814,3,0,0,0,0.9196567631416019,0
12815,1,1,1,1,1.7373320970589816,1
12816,3,0,1,0,-inf,0
12817,1,0,1,0,-0.6006532638162152,0
12818,1,0,0,1,-0.08221045837986757,0
12819,2,0,0,0,-0.6185725170527299,0
12820,3,1,1,1,1.2566522990160078,1
12821,2,0,0,0,2.6597314215349437,1
12822,2,0,0,0,-inf,1
12823,1,0,1,0,1.0977914963922237,1
12824,2,0,0,0,0.8945462981639731,0
12825,1,1,1,0,1.553370533343498,0
12826,3,1,0,0,0.652374167968508,0
12827,3,0,1,1,3.0785003610663426,1
12828,3,0,1,1,1.56283863760221,1
12829,3,0,0,1,1.9616918820964473,0
12830,1,1,0,0,0.7653740916946856,1
12831,2,0,0,1,2.0995564087939997,1
12832,2,0,1,0,1.177740342637605,0
12833,3,0,0,1,1.7457066997949087,0
12834,1,1,0,0,-1.9071365872951636,0
12835,1,0,1,0,1.7663722289988066,1
12836,1,1,0,0,-inf,1
12837,1,0,0,1,0.5086243004123039,1
12838,3,0,0,0,0.39560657447638103,0
12839,2,1,0,0,-0.3614427874117624,1
12840,3,0,1,1,0.6313861969403864,1
12841,1,1,0,0,-0.7887346995001102,0
12842,2,0,1,0,-inf,0
12843,3,1,1,0,-inf,1
12844,2,0,0,1,2.0622514558033753,1
12845,3,0,0,0,-1.3125653371244195,0
12846,3,1,1,0,-0.8854623469847496,0
12847,2,0,0,1,1.3277930840549725,0
12848,1,0,1,1,1.2228581660573339,0
12849,1,1,1,1,2.4316421472736223,1
12850,1,0,1,0,-0.7008860285892358,0
12851,3,1,1,1,2.4170552769473357,1
12852,2,0,0,1,1.6789157074121683,1
12853,2,1,0,0,0.17025344974811585,0
12854,3,1,0,0,0.823915897761876,0
12855,2,1,1,0,2.746568585755992,1
12856,1,0,1,1,1.5799769152856311,0
12857,2,0,1,1,0.255233943756519,1
12858,2,0,1,1,1.5491279062132925,1
12859,2,0,0,1,-0.17291912123364173,1
12860,1,1,0,0,-2.4155580499190377,0
12861,3,1,1,0,0.9231373460721474,1
12862,2,1,1,0,2.01223359616488,1
12863,2,0,1,1,0.766457837144381,1
12864,2,1,0,0,-1.4692994275095486,0
12865,1,0,0,1,-0.5676212254737969,0
12866,1,0,1,0,-inf,0
12867,2,1,0,1,0.12085534856503877,0
12868,1,1,0,0,-0.15851147757354256,0
12869,3,0,1,0,2.059679423586316,1
12870,2,0,1,1,1.552413766927982,1
12871,1,0,1,1,0.3743327270883733,0
12872,2,0,1,1,1.8484459404469167,1
12873,2,1,1,0,4.882333312673712,1
12874,2,0,1,0,0.9460284100780192,0
12875,2,1,0,0,0.3628370008340173,1
12876,2,0,0,1,1.6247191702007482,1
12877,1,0,0,0,-0.2975365694700353,0
12878,2,1,0,0,-0.07464678449672141,1
12879,1,1,0,1,0.4578786629908326,0
12880,2,1,1,0,-0.02474892619880864,1
12881,3,0,1,1,3.9614648741369805,1
12882,3,1,1,1,0.9585996204620806,1
12883,1,1,0,0,-1.4417982472456012,0
12884,2,0,0,0,-inf,0
12885,2,1,0,0,0.48292799593750413,1
12886,3,1,0,0,1.758579777346854,1
12887,2,0,1,0,0.88967631996768,0
12888,1,0,1,1,-0.33001702573289615,0
12889,2,0,0,0,1.476214567699482,0
12890,2,0,0,1,1.094305346535053,1
12891,3,0,1,1,2.7719556986490783,1
12892,2,0,1,0,0.9866125701833979,0
12893,1,1,1,1,0.5945996508653404,0
12894,2,1,0,1,-inf,0
12895,3,0,1,1,2.506530704656747,1
12896,1,1,0,0,1.9211587055296186,1
12897,2,1,1,1,0.9465804174211757,1
12898,3,0,0,0,-1.747021173523701,0
12899,2,0,0,0,0.7025306685383417,0
12900,3,0,0,0,0.61607204680987,0
12901,3,1,1,0,1.5664664750862345,0
12902,1,0,1,0,2.2999793899390477,1
12903,2,1,0,0,-2.1443523350204794,0
12904,1,1,1,1,1.4803789440576127,1
12905,2,0,0,0,-0.28988904546650174,0
12906,2,0,1,1,-0.2746178312451578,0
12907,1,1,1,1,-inf,1
12908,3,1,0,1,0.21672895463257513,1
12909,3,0,0,1,1.194282410550486,1
12910,3,1,0,0,-0.6165677776937954,0
12911,2,1,0,0,-0.9313875837787753,0
12912,2,1,0,0,-0.9548046295612524,0
12913,1,1,0,1,0.4193108815750574,1
12914,1,0,0,0,-0.28197821050494,0
12915,2,0,1,0,-inf,0
12916,2,1,1,1,1.559422559338098,0
12917,1,1,1,0,-1.4498682557258387,1
12918,1,0,0,0,1.000583943910766,0
12919,2,0,0,1,0.8547919579482024,0
12920,1,1,1,0,-1.3022232849135555,1
12921,3,0,1,0,0.9091499037032778,0
12922,3,1,0,1,0.4300826050630244,1
12923,2,0,0,0,-0.9012702593584774,0
12924,2,0,0,1,-inf,1
12925,3,0,0,1,1.1031111680040535,1
12926,2,0,1,1,0.5080124201614163,0
12927,3,1,0,1,-0.15775345941016655,1
12928,3,1,1,1,0.8004682642701703,1
12929,2,1,0,1,3.0591666470734866,1
12930,2,0,0,0,0.4231312729781338,0
12931,2,1,1,0,1.2768106657891172,0
12932,1,1,1,0,0.6704363135125329,1
12933,1,1,1,1,2.337327593388942,1
12934,3,0,0,1,0.5165210099461953,0
12935,2,0,0,0,-inf,0
12936,1,1,1,0,-1.9086415488896422,0
12937,1,1,0,0,-0.6849218130685681,1
12938,1,0,0,1,-0.7389240926437812,0
12939,3,1,0,1,2.969867477640096,1
12940,3,1,0,0,-inf,1
12941,2,0,1,0,1.5775117024069567,0
12942,1,0,0,0,-0.6008246595549697,1
12943,1,1,0,1,-1.4497844582444337,1
12944,3,0,1,1,2.2027253909649795,1
12945,2,0,1,0,-0.30901316792551203,0
12946,2,0,1,0,1.421400914596838,1
12947,3,1,0,0,0.5398950791304734,0
12948,1,1,0,1,-0.9965350001082456,0
12949,2,1,1,1,2.0084059066712348,1
12950,2,1,1,1,0.4674960770883827,1
12951,1,1,1,1,0.3636696666827724,1
12952,1,1,0,0,-0.13879934783116266,0
12953,2,0,0,1,-0.29050712050483346,1
12954,1,1,0,0,-4.337526137580179,0
12955,2,1,0,1,-inf,1
12956,3,1,1,1,3.304756584972315,1
12957,2,1,0,1,-1.9815884833595958,0
12958,3,0,0,1,1.6858577567677202,1
12959,3,0,0,1,0.7719993726287815,1
12960,2,0,1,1,1.8944370987374164,1
12961,2,1,1,1,2.1042010821910266,1
12962,1,1,1,1,0.7789005952484087,1
12963,3,0,1,1,2.510919843460824,0
12964,1,1,0,1,-0.3434937175250805,1
12965,3,0,1,1,0.8459192016501165,1
12966,3,1,0,1,0.8819788747154542,0
12967,3,1,0,1,0.6343217389695278,1
12968,2,0,1,0,0.4242113636100885,0
12969,1,0,1,1,2.5145283430159884,1
12970,1,1,1,0,1.4066624299119308,0
12971,3,1,0,0,-0.6538475288451173,0
12972,3,1,1,0,0.998396691167259,0
12973,2,1,0,0,-inf,1
12974,3,0,1,0,3.6035392738334995,1
12975,1,1,1,1,-0.7585732009342308,0
12976,2,0,1,0,2.2728478011656335,1
12977,3,1,1,1,0.7905658660921133,1
12978,1,0,0,0,-1.1262559880355767,0
12979,1,1,1,1,-0.31895523488910965,0
12980,3,1,0,1,1.5354126541266013,1
12981,2,0,0,0,-0.4299932505657245,0
12982,2,0,0,1,0.23381762825135055,1
12983,2,1,0,0,0.3858755036244807,0
12984,2,1,0,1,1.2763138129970377,1
12985,3,1,0,1,-0.30926046762604237,1
12986,1,1,1,0,-inf,0
12987,2,1,1,0,1.124339643722755,0
12988,3,0,1,1,3.256952395489133,1
12989,3,1,1,0,-0.7099528104977347,1
12990,3,0,1,0,-inf,0
12991,1,1,0,0,-2.438781627388609,0
12992,1,1,0,0,1.9664194641875143,1
12993,1,1,1,0,-0.6152132297904667,0
12994,2,0,0,1,2.1192181869040208,1
12995,2,1,1,0,1.6537323803606223,0
12996,1,0,0,1,0.5359485468089826,1
12997,2,0,0,1,2.6385357023532823,1
12998,1,1,0,1,0.47097695410053275,1
12999,1,1,1,1,-inf,1
13000,1,0,0,1,-0.7095392625377581,0
13001,2,0,1,1,1.569804525923916,1
13002,1,1,1,1,0.5643570258279837,1
13003,1,0,1,0,-0.37333681729426266,0
13004,2,1,0,0,-0.6001757123231536,0
13005,1,1,0,1,0.8433021830202351,1
13006,1,0,0,0,-0.7544945353381828,1
13007,3,0,0,1,2.163191049092671,1
13008,2,1,1,1,-0.28393989280993387,0
13009,1,0,0,1,1.7877778449614201,1
13010,2,1,0,0,-inf,1
13011,1,0,0,1,0.13805458080386557,1
13012,1,0,1,0,0.29653587927165004,0
13013,1,0,1,0,0.35391516520423383,0
13014,1,0,1,1,3.484222659126189,1
13015,1,0,1,1,1.8122768133082885,1
13016,1,1,0,1,-inf,0
13017,3,0,0,0,0.505053163579663,0
13018,3,0,0,0,-1.0788946756110658,0
13019,2,0,1,1,2.3941670761914304,1
13020,3,0,0,0,-0.025119043319615675,1
13021,2,0,0,1,-0.08571367767347338,1
13022,2,1,1,1,1.4068081017996348,1
13023,1,1,1,0,0.6925113377925591,1
13024,2,1,0,0,0.9746020819495786,0
13025,3,0,1,1,3.2406476061529728,1
13026,3,1,0,1,2.383260593311487,1
13027,1,1,1,1,-inf,1
13028,2,1,0,0,1.7658091787553425,0
13029,2,1,1,0,-0.28491424392187814,0
13030,3,0,0,1,1.1049158138717052,1
13031,2,1,1,1,1.3995826980460968,1
13032,2,0,0,1,1.8393136764667468,1
13033,3,1,0,0,-0.27357695551369404,0
13034,1,0,0,0,0.4496417579834785,1
13035,3,0,1,0,-0.5211185440317122,0
13036,3,0,1,1,2.8291528878047663,1
13037,2,1,1,1,-inf,1
13038,1,0,1,0,-2.3286658735657504,1
13039,2,0,1,0,0.004837851061585574,0
13040,2,1,1,1,2.3162040371424535,1
13041,2,0,1,1,4.926611224346708,0
13042,3,1,1,1,3.0396485899013976,1
13043,1,1,1,1,0.21339133154851808,0
13044,3,0,0,0,-inf,0
13045,1,0,1,1,0.32575890026334614,1
13046,2,0,1,0,0.277940842601473,1
13047,1,1,0,1,1.3443340676151558,0
13048,3,1,1,1,0.6237725186370858,1
13049,1,1,1,0,-1.8275181375527363,0
13050,2,0,1,1,1.6120407248668625,1
13051,2,1,1,1,2.693147157849645,0
13052,1,1,0,1,-inf,0
13053,2,1,0,1,-0.5158379120945306,0
13054,2,1,0,0,0.5492254926056519,0
13055,3,0,0,0,-inf,0
13056,2,0,0,1,0.36464410414345744,1
13057,2,1,0,1,-0.4600665328268972,1
13058,1,1,0,0,-1.1379951431317108,0
13059,2,0,0,0,-1.366108669088246,0
13060,3,0,0,0,3.3394138677293634,0
13061,3,1,0,0,-inf,0
13062,1,0,0,1,-0.9028027561933097,1
13063,1,0,0,0,-0.06990810523269073,1
13064,2,1,1,1,2.6797596232547383,1
13065,2,1,1,1,0.09592415959131884,1
13066,3,1,0,0,0.679105220186727,0
13067,2,1,1,0,-0.5428270592777549,0
13068,3,0,1,0,1.2374897994606564,0
13069,2,0,0,1,2.71478307077475,1
13070,1,1,1,1,0.40291558386084425,1
13071,1,1,1,0,-0.599058678501835,0
13072,2,1,0,0,-inf,1
13073,3,1,1,1,1.6249474226500984,1
13074,2,0,0,0,2.0714919087543535,1
13075,3,0,1,1,1.772421610748339,1
13076,2,1,0,1,3.949141680483441,1
13077,3,0,0,0,1.0006530862812113,0
13078,2,0,0,0,0.7801020707219319,0
13079,1,1,1,0,1.8900938298188188,0
13080,1,0,0,0,0.41135675210847034,0
13081,2,1,0,0,-0.5139853442504067,1
13082,3,1,0,0,1.5220625407677817,0
13083,2,1,1,1,3.3954637940230255,1
13084,3,1,1,1,2.115800639268055,1
13085,1,1,1,1,-inf,0
13086,1,0,0,0,0.07457001872883906,1
13087,1,0,0,0,0.3216920255036462,0
13088,2,0,1,0,-0.4622185648530941,0
13089,1,1,1,1,0.6243575390046981,0
13090,3,1,0,1,2.0259191186445786,1
13091,3,1,0,1,0.1084077493234572,1
13092,1,0,1,1,1.611268508908247,1
13093,1,0,1,1,3.3641050503023826,1
13094,2,1,0,1,5.384587614059909,1
13095,2,1,0,0,1.295110748671485,0
13096,3,1,0,1,-inf,1
13097,2,0,1,0,1.3520049959164018,1
13098,3,0,1,0,2.412730648815658,0
13099,2,1,0,0,-0.7595273179749248,0
13100,2,1,1,0,0.529354969399554,0
13101,2,0,1,0,1.9729154029989606,0
13102,2,0,0,0,-0.4914178985407355,0
13103,3,0,0,1,4.738819378338237,1
13104,1,1,0,1,0.7982122234968584,0
13105,3,0,1,0,2.5845160056433256,1
13106,2,1,0,1,1.4188204427417785,1
13107,3,1,0,0,-0.21492867893765288,0
13108,3,0,0,0,0.09934480943050222,0
13109,1,1,1,1,1.2950805140267088,1
13110,2,1,0,0,-1.3272969559861818,0
13111,2,1,0,0,-1.0448789889731245,1
13112,3,0,0,0,-0.30047547115665196,0
13113,1,1,1,0,-inf,0
13114,2,0,0,0,-0.03959534887278757,0
13115,2,0,1,0,-0.1422010193828825,0
13116,3,0,1,0,1.0686777086933756,0
13117,2,1,1,0,0.42567544051507406,0
13118,1,1,1,0,-inf,0
13119,2,1,0,0,-2.1938096525670585,0
13120,3,0,1,0,1.9185492379438196,0
13121,1,0,0,1,1.1518119689230735,1
13122,3,0,0,1,0.8258158513225716,1
13123,3,1,0,1,0.7771995269760184,1
13124,2,0,1,0,1.117848356044293,0
13125,1,0,1,1,-inf,1
13126,3,1,1,0,1.2624016209470732,0
13127,2,1,1,0,-1.2890992975271438,1
13128,3,0,1,1,0.6587942925169212,0
13129,2,0,0,1,1.972223321912912,1
13130,1,1,1,1,-0.31280401703943833,1
13131,2,1,1,0,0.7330624114896672,0
13132,3,1,1,1,-inf,1
13133,2,1,0,0,-1.6090449949364687,0
13134,3,1,0,1,3.667769340059462,0
13135,3,0,0,0,-inf,1
13136,2,1,1,1,1.9240470140727721,1
13137,2,1,0,0,-0.6221515080922162,0
13138,2,0,1,0,1.8521497997025922,0
13139,2,1,0,1,0.8402445801174374,1
13140,1,1,1,1,0.1410827309145828,1
13141,1,0,0,0,1.1039924629697906,0
13142,2,0,1,1,2.2032115692014194,1
13143,3,1,0,0,0.37082082086378904,0
13144,2,1,0,1,1.627662834012535,0
13145,2,0,0,1,-0.28216579871320546,1
13146,3,0,0,0,0.7384518422853952,1
13147,3,1,0,1,1.331207157808177,1
13148,1,0,0,1,-inf,1
13149,2,0,1,1,1.0342602103297476,1
13150,1,1,0,0,-3.9375484713340825,0
13151,1,0,1,1,0.652262629353911,1
13152,1,1,1,1,2.563432633812417,1
13153,3,1,0,1,2.7615005413684233,1
13154,2,1,0,0,-0.06617945017780258,0
13155,2,0,0,0,-2.009265090719986,1
13156,2,0,1,0,-inf,1
13157,2,0,0,1,-inf,0
13158,3,0,0,1,1.0897727305907168,0
13159,1,0,0,0,-2.371036149243233,0
13160,3,1,0,1,0.25584609382025847,1
13161,2,1,0,0,0.9946465494808447,0
13162,1,0,0,1,-2.5905905218050376,1
13163,1,0,1,0,-0.9428180418560451,0
13164,3,0,0,1,1.8287550980932126,1
13165,3,0,0,0,-2.8768799573933355,0
13166,3,1,0,0,1.3784417646057006,0
13167,1,0,0,0,-0.8120596893150064,0
13168,3,0,0,1,0.4136278415322022,1
13169,1,1,0,1,0.4821214733151737,1
13170,2,1,0,0,0.8470227758828275,0
13171,2,0,0,0,-0.41186683358586823,0
13172,3,1,0,1,-0.05960195787782932,1
13173,1,1,1,1,-0.4670074661363355,0
13174,1,1,1,0,0.6421386278665455,1
13175,2,1,0,0,-1.339466738674092,1
13176,3,0,1,0,2.2936262436310524,0
13177,2,1,1,0,-0.7087670219897119,0
13178,1,0,1,1,0.05646982347138896,1
13179,3,1,0,1,1.8925912137354386,1
13180,3,0,1,0,2.6055114194463043,0
13181,2,1,0,1,0.7415363448520762,1
13182,2,1,0,0,-0.9573159035510833,0
13183,2,1,0,0,-0.578750593441925,0
13184,2,1,1,1,3.759509548924892,1
13185,2,0,1,1,1.718710417804491,1
13186,1,1,0,1,-0.5554732709651403,0
13187,3,1,0,0,0.9100027347818489,0
13188,2,0,1,1,2.5180519770605994,1
13189,2,0,1,1,-0.39307536484126304,1
13190,1,0,0,0,0.5733664858547576,1
13191,2,0,1,1,-inf,0
13192,3,1,1,0,0.4344147560555842,0
13193,1,1,0,0,1.2162640821101025,0
13194,2,0,1,0,3.4674374785226982,0
13195,2,1,0,1,0.28427688628922065,1
13196,3,0,0,0,-0.7213837183585109,0
13197,1,0,1,0,0.9987425676965193,0
13198,1,0,1,0,0.28647527880294466,0
13199,2,0,0,0,0.9321622330371464,0
13200,3,0,0,0,0.8182868739902741,0
13201,1,1,1,1,0.8865786184592354,1
13202,3,1,1,1,2.6392807400279703,1
13203,2,1,1,1,2.1756149589504443,1
13204,2,1,1,1,-inf,1
13205,1,0,0,1,-inf,1
13206,2,0,0,0,1.1645341167391032,0
13207,1,1,0,0,-0.5994962869728212,1
13208,3,0,0,0,-1.9981412509565812,0
13209,1,0,0,0,-1.064112702496415,0
13210,3,0,1,0,0.8882227079398365,0
13211,2,1,1,1,1.2679218688880338,1
13212,1,0,0,1,0.3289145062670823,1
13213,2,1,0,0,-1.3267716345446232,1
13214,1,1,1,1,-0.926062071247705,1
13215,1,0,0,0,-inf,0
13216,3,1,0,1,1.9239061771779589,1
13217,1,1,0,0,0.7018066655603644,0
13218,2,1,0,1,-inf,1
13219,2,0,0,1,2.3233764861853397,1
13220,3,1,1,0,-1.170126319614394,0
13221,2,1,0,1,0.45600429542163845,0
13222,2,0,1,1,0.6796513780523991,1
13223,1,0,0,0,-1.6077310703824699,1
13224,3,1,0,1,-inf,1
13225,1,1,0,1,0.6057295107850673,1
13226,1,0,0,0,-0.936841187407,0
13227,1,0,0,0,-4.000218126322112,0
13228,2,0,0,1,0.6514943486333677,1
13229,1,0,0,1,-0.00505360147410483,0
13230,2,1,1,0,0.48352113076083914,0
13231,2,0,0,0,-0.3065825486189128,1
13232,2,1,0,1,1.405551094320582,0
13233,2,1,1,1,2.189898588341128,1
13234,2,1,1,0,1.5285412658145952,0
13235,1,1,1,0,0.5256696164999263,0
13236,2,1,0,0,-0.7660355007492017,0
13237,1,1,1,0,0.8436778750365523,0
13238,2,0,1,0,-0.9002977625509221,0
13239,1,1,0,1,-0.9094403676969947,1
13240,3,1,1,0,1.8417201089164656,1
13241,3,1,0,1,0.9445778276873421,1
13242,2,0,1,1,2.73745177860342,1
13243,1,0,1,0,1.3830138025345713,1
13244,1,0,1,0,-0.7516129632750177,0
13245,2,0,0,0,0.053620927102458804,0
13246,1,0,1,0,0.003270667889000378,0
13247,3,1,0,1,2.6241471861205588,0
13248,2,0,0,1,-0.47028817686027946,1
13249,1,0,1,0,-inf,0
13250,2,0,1,1,1.0474758998083706,1
13251,3,0,0,0,-0.18384777073668213,0
13252,3,0,0,1,0.1001034550441926,0
13253,2,0,0,1,1.6007288806774924,1
13254,2,0,1,0,1.7176051443998412,0
13255,2,1,1,1,-inf,1
13256,1,0,0,1,0.6333465603416368,0
13257,1,1,1,1,1.3183957039011875,1
13258,2,1,0,0,1.7140725582990002,1
13259,2,0,1,1,0.9651377120579215,0
13260,2,1,1,1,2.0041981851698134,1
13261,2,0,1,0,1.5231013597785235,1
13262,3,1,0,1,0.7727341084846167,1
13263,2,0,1,1,2.739785091216799,1
13264,1,0,1,0,0.27134091373285185,1
13265,2,1,1,0,-0.02344009070436874,0
13266,1,1,1,1,1.720112454376447,1
13267,3,0,0,1,1.0768596922197085,1
13268,3,1,1,0,1.936455891696908,1
13269,2,1,1,1,3.0928254506634,1
13270,3,0,0,0,0.9057232828154185,0
13271,2,1,0,0,-2.9249886230016786,0
13272,3,0,1,0,1.9366501948978159,0
13273,2,0,1,1,1.3879736711583965,0
13274,2,0,0,0,1.5353021949442398,0
13275,2,0,0,1,2.3612741845755565,1
13276,2,1,0,1,-0.25645747747721015,0
13277,1,1,1,1,2.6302524218864676,1
13278,3,0,0,0,-2.2641633308612414,0
13279,1,1,1,0,-0.3048830340214631,0
13280,2,1,0,1,0.6209527804164148,1
13281,2,1,1,1,2.158965106306488,1
13282,1,1,1,0,1.5899998164565508,0
13283,3,1,1,1,2.236446441271109,1
13284,3,1,0,0,1.2233568636326082,0
13285,3,1,0,0,-0.5569840142882145,1
13286,2,1,1,1,1.756196374353803,0
13287,2,1,1,1,3.066127462175703,1
13288,1,1,1,1,-0.6529636051299605,0
13289,2,0,0,0,-inf,0
13290,2,0,1,1,0.6875993020635449,1
13291,2,0,0,0,0.8329414103857091,1
13292,1,1,1,1,-inf,1
13293,2,1,1,1,0.9780356889719617,0
13294,2,1,0,1,1.0435867222143456,0
13295,2,1,0,0,-2.265791121413855,0
13296,2,0,0,1,-inf,0
13297,1,0,0,0,-0.8647277987325562,0
13298,1,0,0,0,-0.2754401262321428,0
13299,1,0,0,0,-1.2426587815795045,0
13300,3,1,0,1,2.192183843893896,1
13301,2,1,1,1,1.5827383261440975,1
13302,2,0,0,1,-0.913106032544491,1
13303,2,1,0,1,1.06843095360487,1
13304,3,1,1,0,-0.3531557417681591,0
13305,2,1,1,1,2.5411615732725266,1
13306,3,0,1,1,2.685764049382284,1
13307,2,0,0,0,0.1674755076734648,0
13308,3,1,0,1,1.432858165768372,1
13309,3,0,1,0,3.046633251277827,1
13310,3,1,0,0,2.0850013075630534,0
13311,2,0,0,1,-0.3708296515106637,0
13312,3,0,1,1,2.4533645086575055,1
13313,1,1,1,1,2.302168709109393,0
13314,1,0,0,0,-0.9099582657242387,0
13315,1,1,1,1,-1.2503381517935104,1
13316,3,0,0,1,1.8248775802747654,1
13317,2,1,0,0,-inf,1
13318,1,0,0,0,-1.415239313503292,0
13319,3,0,0,0,-3.046922376608943,0
13320,2,0,0,1,2.8801121023811285,1
13321,1,1,0,0,1.9458029574128755,1
13322,2,0,0,0,-inf,1
13323,3,1,0,1,3.745551554456518,0
13324,1,0,0,0,0.631595729423913,1
13325,2,1,1,0,0.49650561308066127,1
13326,3,0,1,1,2.640918931051832,1
13327,3,1,0,1,1.0902133599302335,0
13328,2,0,0,0,0.590051585975879,0
13329,3,0,0,0,0.3883076456670248,0
13330,2,0,0,0,-0.793424108313136,0
13331,2,0,0,1,0.8993865874901077,1
13332,2,1,1,0,-1.0784588623581994,1
13333,1,0,1,0,0.7347666941373759,0
13334,3,1,0,1,1.3317673003287112,1
13335,2,1,1,1,1.82308652785469,0
13336,2,1,0,0,0.8107901606072629,0
13337,1,1,0,0,0.2734660324377727,0
13338,1,0,1,1,0.27154069903771993,1
13339,3,0,1,0,2.7601940072937086,0
13340,1,1,0,1,2.045916522149632,1
13341,2,1,1,0,1.049411462183243,0
13342,2,1,0,0,-0.3609271584554373,0
13343,3,0,1,1,2.0637037851792965,1
13344,2,0,1,1,1.1908728145812235,1
13345,1,0,1,1,1.6977111880738291,1
13346,3,1,0,1,3.081622513412004,1
13347,2,0,0,1,2.2213854496076832,1
13348,2,1,1,0,1.673084213113822,0
13349,3,1,1,0,0.7948352300284334,0
13350,2,1,0,1,0.6585623970209296,0
13351,3,1,1,1,3.9018687380833486,0
13352,2,0,0,1,4.787809301914192,1
13353,3,0,1,1,3.44529290617292,1
13354,2,1,0,1,2.657143987209088,1
13355,2,0,1,0,2.0789807950914714,0
13356,1,1,0,0,-0.3827453534533184,1
13357,2,1,1,1,3.323496925970572,1
13358,1,1,0,0,-0.9345014479315403,0
13359,2,1,0,1,-inf,1
13360,3,0,1,1,4.195494303581295,0
13361,3,0,1,0,2.33229659535779,0
13362,2,0,1,0,-0.8120482502026156,0
13363,1,0,0,0,0.2512080408840905,1
13364,2,0,1,1,2.364262096279155,1
13365,1,1,1,0,-0.8962783998327428,1
13366,3,1,0,1,0.41885096645767705,1
13367,1,1,0,1,-1.673148071741691,1
13368,2,0,1,1,1.5770861871691526,1
13369,3,0,0,0,1.1201009233367782,0
13370,1,1,1,1,0.16549648209862267,1
13371,2,1,0,0,1.5184282354136172,1
13372,2,0,0,0,-0.26281369255392045,0
13373,2,0,0,0,1.8201266735162704,1
13374,2,1,0,1,1.1087170671904245,0
13375,3,1,0,0,3.4531828398845055,1
13376,1,1,0,1,2.0669741304004696,1
13377,2,0,1,0,-0.46445156563337653,0
13378,2,1,0,1,2.239039112627562,0
13379,1,0,0,0,0.380343988411825,0
13380,1,0,0,0,-1.2157878611853588,0
13381,3,1,0,1,0.17717977536415608,0
13382,2,1,0,1,-0.4079066157137162,1
13383,2,0,1,0,0.04446670486746418,0
13384,2,1,1,1,1.155409410806096,0
13385,1,0,0,0,-0.4538281927311871,0
13386,1,0,0,1,0.6836144873422345,1
13387,2,0,0,1,0.040934835233672744,1
13388,3,1,1,1,1.5288786219523818,0
13389,2,1,1,0,-0.6659196976178569,0
13390,3,1,1,0,3.7999706206791606,0
13391,2,1,0,0,-0.6279043063060681,0
13392,3,1,0,0,1.7237077383611834,0
13393,1,0,1,0,-inf,0
13394,1,0,1,1,1.744756756795523,1
13395,2,0,0,0,1.781726506298428,0
13396,1,1,1,1,2.2563680894576996,1
13397,2,0,0,0,-0.6744119379418314,0
13398,2,0,0,0,1.8204212014679175,0
13399,3,1,1,0,1.6240168309667466,0
13400,3,0,1,1,3.326320726288678,0
13401,1,0,1,1,0.6200790009208522,1
13402,2,1,0,0,-inf,1
13403,3,1,1,1,-0.9721958094491824,1
13404,1,1,1,0,-0.5614137490341733,0
13405,2,1,1,0,-inf,0
13406,2,0,0,0,-0.29354986895426427,0
13407,3,1,1,1,2.0686868137479535,1
13408,2,0,1,0,0.7446237244181618,0
13409,2,0,1,0,3.1708959334687097,0
13410,2,0,1,0,2.0482372970086677,1
13411,2,1,0,1,-1.8719587645910762,0
13412,2,0,1,1,-inf,0
13413,2,0,0,1,1.2069465870496419,1
13414,2,0,0,1,0.5531587438214052,1
13415,3,0,0,0,0.6583480518169724,1
13416,2,0,0,0,0.45279357668029463,0
13417,2,0,1,1,-0.5573754901862475,0
13418,2,0,0,1,1.592935814152639,1
13419,2,1,0,1,1.8266002179070389,0
13420,1,0,1,1,2.5588585095349368,1
13421,2,0,1,1,2.2335909597543826,1
13422,1,0,0,0,-0.966377867195779,0
13423,2,0,0,0,0.30980847839236014,0
13424,3,1,1,1,3.203823736652325,0
13425,1,1,0,1,-inf,1
13426,3,1,0,1,0.23479315559217273,1
13427,2,0,0,1,1.5423982769714522,1
13428,2,1,1,1,3.7502941011492847,1
13429,3,1,0,1,0.7357900962830123,1
13430,3,1,0,0,-1.018846224939917,0
13431,3,1,0,0,1.9647242659534827,0
13432,3,1,0,0,-0.11296417327404668,0
13433,2,0,0,0,-0.2755913608036392,1
13434,2,0,0,1,-0.7767954869854692,1
13435,2,1,0,1,1.2555637624568443,0
13436,2,1,0,1,1.5712485401468799,1
13437,3,1,0,1,-inf,1
13438,2,1,1,0,1.776569762950003,0
13439,2,0,0,0,-1.331427389731707,1
13440,3,1,1,1,-0.20350608134234027,1
13441,2,0,0,1,1.2875452532400253,1
13442,3,0,0,0,3.1820737653374036,1
13443,3,1,1,1,0.8834340740028502,1
13444,2,0,0,1,-inf,1
13445,3,1,1,0,2.9190681579844266,1
13446,3,1,1,1,2.9385667225824053,1
13447,3,0,0,0,-0.12566024634664463,0
13448,1,1,1,1,-0.1977966839443006,0
13449,1,1,0,1,0.05274997991363001,1
13450,2,0,1,1,1.6690666811179151,1
13451,2,1,1,1,-inf,1
13452,3,0,1,1,2.39687490511084,0
13453,3,1,0,0,-inf,1
13454,1,0,1,0,-inf,1
13455,2,0,1,0,-0.7067729288270348,0
13456,2,1,1,1,-0.28984180787916186,0
13457,2,1,1,1,-inf,1
13458,2,1,1,0,0.3143485006877367,1
13459,1,0,1,0,2.1223376439252464,1
13460,1,1,1,1,1.0669005970753154,1
13461,1,0,1,0,-inf,0
13462,2,1,1,0,-0.8888281940577427,0
13463,3,0,0,1,1.1534472250109258,1
13464,3,0,0,1,3.2205632204464205,1
13465,1,0,1,1,1.3417101016205235,0
13466,2,1,0,0,-2.333481563908587,0
13467,2,0,1,0,-1.0530630842932767,0
13468,2,0,0,1,1.8441633749433284,1
13469,2,1,0,0,-inf,0
13470,3,1,1,1,3.7462846233358365,1
13471,1,0,0,0,-inf,1
13472,1,1,1,1,-inf,1
13473,1,0,1,1,2.5581860516708064,1
13474,2,1,1,1,-inf,1
13475,1,1,0,0,0.0859527506606976,0
13476,3,1,0,0,1.0465340076573673,1
13477,2,0,1,0,3.251547924672856,0
13478,1,0,0,0,-2.925461013975262,0
13479,2,0,1,0,-0.30631365224741436,0
13480,2,1,1,1,2.632566056576236,1
13481,2,0,0,0,0.25355317232362284,0
13482,3,0,0,0,-0.3359280298508083,0
13483,3,1,0,1,2.1959549857945113,1
13484,3,0,0,0,-0.7702983155210953,0
13485,1,0,1,0,2.458114591191436,0
13486,3,1,0,1,2.217919755220783,1
13487,1,1,1,0,-0.8681497784750312,1
13488,1,1,1,0,-0.6735953961843157,0
13489,1,1,0,0,-0.7215936479689444,0
13490,3,0,1,1,-inf,1
13491,1,1,0,1,1.6076932727905553,1
13492,1,1,0,1,-inf,1
13493,3,1,0,1,-inf,0
13494,3,0,1,1,2.625330246181475,1
13495,2,0,0,0,0.18436592413476816,0
13496,2,0,0,1,0.2857843995040909,0
13497,1,0,1,0,-0.9539786584676726,0
13498,2,1,1,1,1.5912710660425466,1
13499,1,0,1,1,-1.4135685589399687,1
13500,2,0,0,1,2.79558447725496,1
13501,1,1,0,1,1.0713894563719213,1
13502,1,0,1,0,-0.43992288828190096,0
13503,1,1,1,0,-0.05462039883445968,1
13504,1,1,0,1,0.38332643335520045,1
13505,2,0,0,0,-inf,0
13506,2,0,0,0,2.1697864107009566,1
13507,2,1,0,1,-2.0011559527250005,1
13508,3,1,0,0,-0.3055724527762359,1
13509,1,0,1,1,-0.3460442878317416,0
13510,2,0,0,0,0.9193892677687832,1
13511,2,0,0,0,0.15265394684742206,0
13512,2,1,0,0,1.738074241942714,0
13513,2,0,0,0,-0.31118543861412523,1
13514,2,1,0,0,-2.1667202475411274,1
13515,3,0,0,0,-0.5434149019597752,0
13516,2,1,1,0,-0.7039075753342718,0
13517,1,1,1,0,0.4034926146845067,0
13518,1,1,1,1,-0.7233257491807177,1
13519,3,0,0,1,0.5516378721950035,0
13520,1,0,1,0,-0.5884647513648161,0
13521,1,1,0,1,-1.4639021363540619,0
13522,1,1,1,0,-2.815081612563689,0
13523,2,0,0,1,-0.3933337907537141,0
13524,2,1,0,1,1.673359538489438,1
13525,2,0,1,0,0.4640160373594554,1
13526,3,1,0,1,0.6775590397976092,0
13527,1,1,0,1,0.5376079692921756,1
13528,2,1,1,1,2.260474630140964,0
13529,2,0,0,0,0.1620106640114778,0
13530,3,1,1,0,-0.9032340391336435,1
13531,1,1,0,0,-1.2892587922562841,0
13532,3,0,0,1,0.655061091379934,1
13533,3,1,0,0,1.3670861489482038,1
13534,3,1,1,0,-0.39263476094280714,1
13535,2,1,1,0,-0.8079804959306482,0
13536,3,0,0,1,1.8232516865200312,1
13537,1,1,1,0,-0.014094177429542887,0
13538,2,0,1,1,2.013552723956715,0
13539,1,1,1,1,0.985904492367359,1
13540,3,1,0,1,1.5168913977095029,0
13541,1,1,1,0,-1.9607680483594903,0
13542,3,0,0,0,1.082970578756656,0
13543,2,1,1,1,2.343617148345758,1
13544,1,0,1,1,0.9056999964474716,1
13545,2,1,0,0,-0.03365313106514972,0
13546,2,1,0,1,0.885556643303602,1
13547,1,1,0,1,2.0416932913773342,1
13548,1,1,1,1,1.3319241776381063,1
13549,1,0,1,0,-1.6603547100152423,0
13550,2,1,0,1,3.536750785947347,1
13551,2,1,0,1,1.83301672288612,1
13552,3,0,1,1,6.827993887436698,1
13553,2,0,0,0,0.5015038883688536,0
13554,2,0,1,1,2.3057074619456657,1
13555,3,0,0,1,1.4424051475872606,1
13556,1,1,1,1,0.42539711625946347,1
13557,1,1,0,1,-inf,1
13558,2,0,0,1,1.7517605486296506,1
13559,1,0,0,1,-0.932301927905942,1
13560,2,1,1,0,-1.3221395122346258,0
13561,2,1,0,0,-2.0601437454223497,0
13562,1,0,0,0,-0.9121280815449038,0
13563,1,0,1,1,2.090072818660824,1
13564,3,0,0,0,-0.37342898944498204,0
13565,2,0,1,0,-0.3811615164363848,0
13566,1,1,1,1,0.883411446742892,0
13567,1,0,1,0,1.4926700009082103,1
13568,1,0,1,1,1.2598763637688926,1
13569,3,1,1,0,0.06232057152310444,0
13570,2,1,1,0,-inf,1
13571,3,1,1,1,1.057710639643329,1
13572,2,1,0,1,-inf,1
13573,3,0,1,0,3.6220960142701957,1
13574,3,1,1,0,1.111666439446545,0
13575,2,0,0,0,-inf,0
13576,1,1,0,1,-4.124313671708382,0
13577,2,0,0,0,-inf,0
13578,2,1,1,0,-0.7201086678618321,0
13579,3,1,0,0,1.3221409194255698,0
13580,2,1,0,1,0.09668773250071461,0
13581,2,1,1,1,-0.6976408827495739,0
13582,1,0,1,1,1.9009319127240525,1
13583,2,1,1,0,0.4732673678889899,0
13584,2,0,0,0,-1.8776924737597125,0
13585,1,0,0,0,-inf,1
13586,1,0,1,0,-2.7248705508985442,0
13587,3,0,0,0,2.3311725083915382,1
13588,1,1,0,0,-1.035728357044801,1
13589,1,1,0,1,-0.40070726039634286,0
13590,3,1,1,0,1.9877023813939148,1
13591,2,0,1,0,1.1348875634662783,0
13592,2,0,0,0,-inf,0
13593,2,0,1,0,1.078643879446416,0
13594,2,1,0,1,-inf,1
13595,1,1,0,1,-0.9882377443103707,0
13596,1,1,1,0,0.35511242264384396,0
13597,3,1,0,0,-inf,0
13598,3,1,0,1,3.6420621529427417,1
13599,1,1,1,0,-0.9049790127303525,0
13600,1,0,1,1,1.054522657996149,1
13601,1,1,1,1,-1.5940111623625217,0
13602,1,1,1,1,0.9079847888294488,1
13603,3,1,1,0,-0.4596652236072956,0
13604,2,1,1,1,0.47737210840181077,1
13605,3,0,0,0,-1.900906496648228,1
13606,3,1,0,0,0.8007463718372864,1
13607,2,0,0,0,-inf,1
13608,3,1,0,1,1.0860193164325072,0
13609,2,1,0,0,-2.1433331251010697,0
13610,1,0,1,1,1.7805741582308676,1
13611,1,1,0,1,0.39234028557274647,1
13612,3,0,1,0,2.1023757852490523,0
13613,1,0,0,1,-0.1499349533658329,1
13614,2,1,0,0,0.2670331668909779,0
13615,2,1,0,0,1.598197368642404,1
13616,3,1,1,0,-1.434913435216842,1
13617,2,0,0,1,-inf,1
13618,1,1,0,1,0.20035733634566555,1
13619,3,1,0,1,1.2852875240498078,1
13620,2,0,1,1,0.6389501053288738,1
13621,2,0,1,0,1.0190526072037054,1
13622,3,1,0,0,0.3695849109166771,0
13623,1,1,0,0,0.12331273113941421,0
13624,3,0,0,1,0.4735637808170887,1
13625,3,1,1,1,1.589449380345017,0
13626,1,0,1,1,1.3444394147217142,0
13627,2,1,0,1,-0.035078402245533935,1
13628,3,1,1,1,1.1632002470753005,1
13629,2,0,0,1,-inf,1
13630,1,1,1,1,1.8168849547741277,1
13631,3,0,0,0,0.4447454431426029,1
13632,1,1,1,1,-0.3286773390212576,1
13633,2,0,0,0,1.4525374077149067,1
13634,3,1,0,0,1.5687446465586248,0
13635,1,1,1,0,-0.7656990744248523,1
13636,2,0,0,1,3.400624102743997,1
13637,1,1,0,1,-inf,0
13638,1,0,1,1,0.6106448040330729,0
13639,3,0,1,1,3.47505726933409,1
13640,2,1,1,1,-0.6331989204481931,1
13641,2,1,0,1,0.758889878787329,1
13642,2,0,1,1,3.5554701196874685,1
13643,2,1,1,1,1.3816953167898138,1
13644,3,1,0,1,2.2387131783702543,1
13645,3,1,0,1,-inf,1
13646,2,0,1,1,0.20752369455355546,1
13647,2,0,0,0,0.23634965281847697,0
13648,2,1,0,1,0.17192813439851123,0
13649,3,1,1,0,1.516819796297988,1
13650,1,0,1,1,2.307222508809991,1
13651,2,1,0,0,-0.8658009272376077,0
13652,2,0,1,0,-inf,0
13653,1,0,1,0,1.707295932123476,0
13654,1,0,0,1,-0.5484222600189621,1
13655,1,0,0,0,-1.0403083979721022,0
13656,3,0,1,1,-inf,1
13657,1,0,1,0,-2.1098772356929727,1
13658,1,1,0,0,-inf,0
13659,2,0,1,1,0.6381815191539101,1
13660,1,0,1,0,0.9087132907311515,0
13661,2,0,0,0,1.394444903309958,1
13662,2,1,0,1,-inf,1
13663,1,1,0,1,2.0739873741218675,1
13664,1,0,1,0,-inf,0
13665,1,1,1,0,1.6444725394218378,1
13666,2,0,0,1,1.089625227258427,1
13667,1,0,1,0,-1.1607255805388998,1
13668,1,1,1,0,0.1003274138445901,0
13669,2,1,0,0,-1.6261518880726746,1
13670,1,1,0,1,1.2083009727731122,0
13671,2,0,1,1,1.1129114089294807,1
13672,3,1,0,0,2.091774949250824,1
13673,2,1,0,0,-0.25075623396854463,0
13674,1,1,0,0,-1.186727859613557,0
13675,2,0,0,0,0.163785547488578,0
13676,2,0,1,1,1.4295666227372896,0
13677,2,1,1,0,2.4144885398371847,0
13678,1,0,1,0,0.39601764612062684,0
13679,3,0,0,1,2.335993909353956,0
13680,3,1,0,1,1.1088643525013904,1
13681,1,1,1,0,2.035244835285095,1
13682,2,0,0,1,1.3246061254477608,1
13683,2,0,0,0,0.8544035471669507,0
13684,1,1,1,1,2.73616420824948,1
13685,1,1,1,1,0.5694343011059976,0
13686,1,0,1,1,0.8549530539289742,1
13687,2,0,1,1,2.1219201706402737,1
13688,2,0,1,1,1.4275064111822175,0
13689,1,0,1,0,-2.387944614213003,0
13690,2,1,0,0,1.7344088994722409,1
13691,3,0,0,1,1.9917563780852947,1
13692,2,1,0,0,0.07611873301789943,1
13693,2,0,0,1,0.09092415005120738,1
13694,1,0,1,0,-2.1968533985545857,0
13695,1,0,0,0,-0.8983460198063861,0
13696,3,0,0,1,-0.7512197855229603,1
13697,1,0,1,0,0.7959450141395843,0
13698,2,1,1,0,-0.4280813705239855,1
13699,3,0,1,0,2.049305738898856,0
13700,2,0,0,0,-1.5061010712105463,0
13701,2,1,1,1,1.9907090611653744,1
13702,1,0,1,1,2.2323990511416336,1
13703,2,1,1,1,1.5841730031576196,1
13704,2,0,0,1,0.0524265548778996,0
13705,3,0,0,1,3.794468503835674,1
13706,1,0,0,0,-0.9800976155527086,0
13707,1,0,0,0,-0.190177593475777,0
13708,2,1,0,1,-inf,1
13709,2,1,0,1,-1.8211155268136423,1
13710,2,0,0,0,-1.8609824507330623,0
13711,3,0,0,1,-0.7438313207376407,0
13712,3,0,1,0,2.396436079241797,0
13713,3,0,1,0,2.3112300108969177,1
13714,2,1,0,1,0.5743302149101234,1
13715,2,1,0,0,-inf,1
13716,1,1,1,0,-inf,0
13717,3,0,0,1,1.2465958972811866,1
13718,1,0,1,1,-0.6224222174490444,0
13719,2,0,0,1,0.22460089306082542,1
13720,3,1,0,1,0.008675211660292725,1
13721,3,1,1,0,0.8642946170488858,1
13722,3,1,1,0,1.2997438219587552,1
13723,2,0,0,0,1.8488724360978899,1
13724,2,1,0,1,0.7937604067230051,1
13725,1,0,1,0,-0.3119612646870922,1
13726,2,1,1,1,1.5244216379499365,1
13727,2,0,0,1,0.22040908155991012,1
13728,2,1,0,0,-0.5778820188749176,0
13729,3,0,0,0,0.4837164382774501,1
13730,2,0,1,1,3.43403929509974,1
13731,1,0,1,0,0.9162056432212647,0
13732,1,0,0,0,0.6463466362232122,1
13733,2,1,0,1,0.34626521989380776,0
13734,3,1,1,1,1.119789696368568,1
13735,2,1,0,1,0.9329160971473817,1
13736,3,0,0,0,-0.6010745216582972,0
13737,1,0,1,1,2.9702937459845256,1
13738,1,1,0,0,-2.1386449590796923,0
13739,1,1,1,0,-1.0156797405956781,0
13740,3,1,1,0,3.095966995487033,0
13741,3,0,1,0,-0.02847192266792542,0
13742,3,1,0,0,-0.7539962181637081,0
13743,2,1,1,1,1.3804460123984292,1
13744,1,0,1,0,1.027766216946269,0
13745,3,1,0,0,0.8465165049006735,0
13746,1,0,1,1,2.1473022524667993,1
13747,2,0,0,1,0.3348285802936537,1
13748,3,1,0,0,-0.6935392334241112,0
13749,2,1,1,0,-0.12146884496421606,0
13750,1,0,1,0,1.5700318807081435,0
13751,3,0,1,0,1.5959541526529528,0
13752,1,0,1,1,0.7054518632910868,0
13753,2,1,0,0,-1.3641159988010914,0
13754,1,1,0,1,0.24292413704151233,1
13755,2,0,0,0,0.09446781332288745,1
13756,2,1,0,0,-1.4484374373530255,0
13757,1,1,0,0,-1.2456567556383864,0
13758,1,1,1,1,1.5580849172176652,1
13759,3,1,0,1,-inf,1
13760,1,0,1,1,0.8945461801135631,0
13761,1,1,1,0,-1.4168700689261464,0
13762,2,1,0,1,2.162904270437486,1
13763,1,0,1,0,-1.6472353570797091,0
13764,2,1,1,1,2.0933444470203666,1
13765,3,0,1,1,3.304119423852597,1
13766,3,0,0,0,0.3052957010061037,0
13767,1,0,0,0,-2.1990870467119694,0
13768,3,1,1,1,-inf,1
13769,1,1,0,0,-1.1274681709661358,0
13770,2,1,0,0,-0.6327841076024245,0
13771,2,1,0,1,-inf,0
13772,3,0,0,1,2.6305862400212283,1
13773,2,0,0,0,-1.754180248320671,0
13774,2,0,0,1,2.2574506856822056,1
13775,3,0,1,1,3.5314062692712067,1
13776,2,0,1,1,2.401804832191923,0
13777,1,1,0,0,-inf,0
13778,3,0,0,1,0.6233066530194503,1
13779,2,1,0,0,-1.1948559172527606,0
13780,3,1,0,1,-inf,1
13781,2,1,1,0,2.4600077192161542,1
13782,2,0,0,0,-0.8678175032127136,1
13783,2,1,0,0,-inf,0
13784,2,1,1,0,0.6832857493205192,1
13785,1,1,1,1,1.5011725943047707,1
13786,2,0,1,1,1.1813077286793134,1
13787,2,1,0,0,0.695932289252241,0
13788,2,0,0,0,0.39847073669489774,0
13789,2,0,1,1,0.9907963403330498,1
13790,2,1,0,1,1.2055539228934764,1
13791,3,1,0,0,0.831472597327721,0
13792,2,1,0,0,-0.16651309461287384,0
13793,1,1,1,1,0.75261781196546,1
13794,3,1,1,0,1.5032723449956111,0
13795,2,0,0,1,-0.23094558152737965,1
13796,1,0,1,0,-0.10887014867066364,1
13797,2,1,0,1,-inf,1
13798,3,0,0,0,0.7142953802665843,0
13799,2,1,0,1,0.976839835580404,0
13800,2,1,0,0,-0.7462949342038577,0
13801,3,0,0,1,1.3491045286043466,1
13802,1,0,0,1,-inf,1
13803,2,1,1,1,1.11021618859335,0
13804,1,1,1,1,0.9069092659812759,1
13805,2,1,1,1,1.7161462849032552,1
13806,2,1,0,0,0.6032463625695292,0
13807,3,0,1,1,3.1587863054169034,1
13808,2,0,1,1,2.9333177066465055,1
13809,3,0,1,1,1.2165215573566028,0
13810,3,0,0,0,0.10454776051857712,1
13811,2,1,1,1,4.939762431142289,1
13812,3,0,0,0,0.6249066738465856,1
13813,3,1,0,1,0.29032349299927007,0
13814,2,1,0,1,1.2767629493345598,1
13815,2,0,1,0,1.2225743425682754,0
13816,3,1,1,1,-0.2781475285677817,0
13817,2,0,0,1,3.244520651519237,1
13818,3,0,1,0,2.078436308836004,0
13819,3,1,1,1,4.908894696064651,0
13820,1,1,1,1,-0.9354807122559167,1
13821,3,1,0,1,-0.0448714572968907,1
13822,2,0,1,1,0.8794764678803206,1
13823,1,1,0,1,0.9357805971862676,1
13824,3,1,0,1,1.1410858689864647,0
13825,3,0,1,0,1.4728605158664203,0
13826,2,1,1,0,-2.7099985935887787,1
13827,2,1,1,0,0.19670908091673878,0
13828,1,1,0,1,0.7220720978968267,1
13829,2,0,1,1,0.7612166611025952,1
13830,1,0,0,1,1.0869856602165477,1
13831,3,1,1,1,0.7915400861256332,0
13832,2,0,0,0,1.0259963269192296,1
13833,1,1,0,1,0.9810313620199597,1
13834,2,1,0,0,1.22576230858352,1
13835,3,0,1,0,1.4768041778544532,0
13836,2,1,0,0,-2.757333760340122,0
13837,1,0,1,0,-0.4018960174756968,0
13838,2,0,0,0,-0.3218053560876596,0
13839,1,1,1,1,-0.018844405677402642,1
13840,1,1,0,0,0.0068651840955661556,0
13841,2,0,0,0,-0.1384887762625135,0
13842,3,1,0,0,0.04832811285375792,1
13843,3,0,0,0,0.5445271330654213,0
13844,1,1,0,0,-0.16166150559524223,1
13845,3,1,0,1,-1.1365596853658424,0
13846,2,0,0,1,1.2688181149879683,0
13847,2,1,1,0,1.5959607443793686,0
13848,2,1,1,0,0.8603594027177947,0
13849,2,0,0,0,-3.486976065656921,0
13850,3,0,0,1,2.6736463547063885,1
13851,2,1,1,0,-0.8087245624992477,1
13852,2,1,0,1,-0.38537695157459506,1
13853,2,1,0,0,-0.33021112979153155,0
13854,2,0,1,1,-0.57074591084012,0
13855,2,0,1,0,-inf,0
13856,2,0,1,1,2.8353700636270616,1
13857,2,1,0,1,0.908994946044622,1
13858,2,0,0,1,0.3811626010875045,0
13859,2,1,1,0,-0.20018036235566095,0
13860,3,0,1,0,0.7561067162081897,0
13861,2,0,1,0,0.48907298369661545,0
13862,2,1,1,1,-inf,0
13863,3,1,0,1,3.087228161532076,1
13864,2,0,1,1,-inf,0
13865,3,1,0,1,0.8203082376678341,1
13866,3,1,0,0,-inf,0
13867,2,1,0,1,0.47815795645061976,1
13868,2,0,0,1,1.8907734164178591,1
13869,2,1,0,1,0.8967700977720311,1
13870,3,1,0,0,3.3997801699153567,0
13871,3,0,0,0,1.3177531493242363,1
13872,1,0,0,1,-0.43117921553951505,1
13873,3,0,0,0,0.08811016775222724,1
13874,2,0,1,0,-inf,1
13875,1,1,0,1,-0.08112738669631536,1
13876,3,0,0,1,0.9911269877402584,0
13877,2,1,0,0,0.7233655177645044,1
13878,1,1,1,0,-0.6125526141950234,0
13879,2,1,1,0,2.3849319041787127,1
13880,3,1,1,0,0.6161484695693794,0
13881,2,1,0,0,-0.8220445549553812,0
13882,2,1,1,0,-inf,0
13883,2,1,0,1,0.4851310819057844,1
13884,3,0,0,0,0.13154429322087924,0
13885,1,0,1,1,1.3906401847694752,0
13886,1,0,1,1,1.3227633126601817,1
13887,2,1,1,0,0.11922414402986381,1
13888,2,1,0,0,-1.0630955926004857,1
13889,3,1,1,1,3.7647492178783337,0
13890,2,0,0,1,2.3751084883163607,1
13891,3,0,0,1,4.025006419932625,1
13892,2,1,0,1,0.8539728616651018,0
13893,1,0,0,1,-inf,1
13894,3,1,1,1,2.1984777745375674,1
13895,1,1,1,1,-0.23413094774904686,0
13896,1,1,0,1,1.4449016462521196,1
13897,3,0,1,1,1.1921907160286458,1
13898,2,0,1,1,1.9008964206638634,1
13899,2,1,1,1,3.2820588074476333,1
13900,1,1,0,0,-inf,0
13901,2,1,1,1,1.8071847236889145,0
13902,2,1,1,1,1.6134095773359143,0
13903,3,1,1,1,5.046640552791218,1
13904,1,0,1,0,0.3809129532393833,0
13905,2,1,0,0,-0.07400478148202948,1
13906,3,1,0,1,1.990123189808948,0
13907,1,1,1,0,1.062994903433394,1
13908,2,0,1,1,3.2423628793323847,1
13909,2,0,0,0,-0.43255669026934024,0
13910,3,1,0,1,2.671084678878419,1
13911,1,1,0,0,-2.0159235605466446,1
13912,1,0,1,1,1.3119541880722057,1
13913,3,0,0,0,0.8131618484860967,0
13914,1,0,0,0,-inf,0
13915,3,1,0,1,1.649864198345767,1
13916,1,0,1,0,-1.094766049511123,1
13917,2,1,0,0,-0.513831638452549,0
13918,3,1,1,1,1.60841463391431,0
13919,1,1,0,1,-0.37710907038282815,1
13920,3,1,0,1,-inf,1
13921,1,0,0,0,-inf,0
13922,3,1,0,0,-1.6533859344788184,1
13923,1,0,0,1,0.33698720958075945,1
13924,2,1,0,1,0.37251198346428593,0
13925,2,1,0,1,1.6934555069556336,1
13926,3,0,0,0,0.6001296210200513,1
13927,3,0,0,1,-inf,1
13928,1,1,0,0,0.4191832316939331,0
13929,1,0,0,1,0.6468286134499448,0
13930,1,0,0,1,-inf,0
13931,3,1,1,1,2.2292299531014232,0
13932,3,1,0,0,-1.823343443854183,0
13933,1,0,1,0,-0.26502450550863677,0
13934,3,0,0,0,-0.39556840434394047,0
13935,2,1,1,1,2.9465707076804586,1
13936,3,0,0,1,1.5366149566733915,1
13937,2,0,0,1,5.007577056981434,1
13938,2,1,0,1,-0.17522924335877382,0
13939,3,1,0,0,-0.810101471753504,0
13940,1,0,0,1,1.432438207652329,1
13941,3,0,0,1,-inf,1
13942,3,1,1,1,-0.04020892573273349,1
13943,2,1,0,1,1.1007400186624916,1
13944,3,1,0,0,0.35151699444356366,0
13945,1,1,1,1,1.7658794923109218,1
13946,3,0,0,0,-inf,0
13947,1,0,0,1,-inf,1
13948,1,1,1,1,2.222331120698221,1
13949,1,1,1,0,-inf,1
13950,3,0,0,0,2.596023922448566,1
13951,2,0,0,0,-0.05233793071214371,1
13952,1,0,0,1,1.082330215602626,1
13953,2,1,1,1,1.768469959083774,1
13954,1,1,1,1,-1.4411068804130596,1
13955,2,0,0,1,2.356130451293948,1
13956,1,1,1,0,1.2385266811805535,1
13957,2,1,0,1,0.23197840515302826,1
13958,1,0,0,0,-1.2602229677034995,1
13959,2,1,0,1,0.018811258532127062,1
13960,1,0,1,1,1.0137325597387108,1
13961,3,0,0,1,1.2471631135202776,0
13962,3,1,0,1,2.777535048039642,1
13963,2,1,1,1,2.1403940827413304,0
13964,3,0,0,1,4.3231531514755295,1
13965,2,1,0,1,-1.0875648344584388,1
13966,3,1,1,1,3.066033120930667,1
13967,3,0,1,1,5.351425182139485,1
13968,2,0,0,1,2.0001834035708868,1
13969,3,0,0,0,-inf,0
13970,1,1,0,0,0.9482434775799935,0
13971,3,0,0,0,0.7208494054550111,0
13972,2,1,0,1,1.3672166087929343,0
13973,2,0,1,1,2.3482133906516514,1
13974,2,1,0,1,0.3591753845912039,1
13975,1,1,0,0,-0.6827654622263519,0
13976,3,0,0,1,2.709015068288463,0
13977,1,0,0,0,-0.4023044322702721,0
13978,3,1,0,1,1.1113963895207368,1
13979,1,1,1,0,-1.071745027893637,0
13980,3,0,1,1,1.2709397777513656,1
13981,2,0,1,1,1.5396103633999236,0
13982,2,1,0,1,1.1921289303632885,1
13983,3,0,0,1,1.8912381339558861,1
13984,2,1,0,1,-1.1948818823156144,0
13985,1,0,1,1,1.5242436176430998,1
13986,2,0,0,0,1.5511683339942746,1
13987,3,1,1,1,1.3781251351719646,1
13988,2,1,0,0,-0.29852401560097863,0
13989,1,0,1,1,-inf,1
13990,2,1,1,0,1.2601859315420596,0
13991,2,1,0,1,1.393418490849859,1
13992,3,0,1,0,3.217293024230557,0
13993,2,1,0,0,-0.9356675119985396,0
13994,3,1,0,1,0.9553755432800856,0
13995,1,0,1,1,2.666244866495148,1
13996,3,0,0,0,2.1060202899301665,1
13997,3,1,0,1,1.4447109195369165,1
13998,1,0,1,0,1.0800745429618654,0
13999,3,0,1,1,3.0926298653141266,1
14000,2,0,0,0,0.2640140411979915,0
14001,3,0,1,0,0.22432021551507442,0
14002,2,1,0,0,-inf,0
14003,1,1,0,0,-0.4237720333453876,0
14004,3,1,0,0,-1.4358534198153894,0
14005,2,1,0,1,1.6620300048882761,1
14006,2,1,0,1,-1.6263656740142998,0
14007,3,1,0,1,-0.7019988381984353,1
14008,1,1,1,1,1.6883398821296165,1
14009,3,1,1,0,0.27603272232314846,0
14010,2,0,1,0,0.12100746563362608,0
14011,2,1,0,1,1.2432948827288288,1
14012,3,1,0,1,0.33453015361649746,1
14013,3,0,1,1,-inf,0
14014,3,1,0,0,-2.4030575557460545,0
14015,3,0,0,0,0.49867316902201664,1
14016,3,1,0,0,-0.5791173639949174,1
14017,2,1,0,0,0.6167316637050717,1
14018,2,0,0,0,-0.8573489436866641,1
14019,2,0,0,0,0.14147918162843126,0
14020,3,0,0,0,1.9014398334291038,0
14021,3,1,1,0,3.032560097825462,0
14022,1,1,0,0,3.227652065970894,0
14023,2,0,0,0,1.3179764793572515,0
14024,2,1,1,1,2.023338960169136,1
14025,1,0,1,0,1.1452549150686848,1
14026,1,0,0,0,0.30177659115771077,0
14027,2,0,0,1,1.693731250261344,1
14028,1,0,1,1,0.4111730848062304,1
14029,2,0,0,1,-1.2242453576866155,1
14030,3,0,0,0,-0.407999664226315,0
14031,2,0,1,0,1.8428786531670762,0
14032,2,1,1,0,-0.3697390407732454,0
14033,1,1,1,0,1.1736008110891807,1
14034,3,1,0,1,-0.11715557160439993,0
14035,1,0,0,0,-0.07033332386539193,0
14036,2,0,0,1,-1.1360448635345848,0
14037,3,0,1,0,2.261452633651361,0
14038,2,0,0,1,3.9306634062174566,1
14039,2,1,0,0,-1.5627144754265352,0
14040,1,0,0,1,1.1421783881814958,1
14041,1,1,0,0,-0.2666837036885764,0
14042,2,1,1,1,0.9131285583265442,1
14043,2,0,0,0,1.0423338064950909,1
14044,2,1,1,0,0.4230324354014976,0
14045,3,0,1,1,3.580494859037314,1
14046,3,1,0,0,0.32833924563134403,1
14047,2,1,0,1,-0.2836545290943575,1
14048,2,0,0,0,-1.2011324358695084,0
14049,1,1,1,1,1.3797530260553175,1
14050,2,0,1,0,-0.6248567526193223,0
14051,1,0,1,1,1.2287522575842558,1
14052,3,1,0,0,-inf,1
14053,2,0,0,1,3.3010674065286025,1
14054,2,0,1,1,3.4310303701137466,1
14055,1,0,1,1,0.03528393694078291,1
14056,3,1,0,1,-inf,1
14057,2,1,1,0,0.4641088106830301,1
14058,2,1,0,0,-0.668531710797976,0
14059,2,1,0,1,3.1693114380661074,0
14060,2,0,0,0,0.17996930230152708,0
14061,1,0,1,0,1.8679780558973305,1
14062,3,0,1,1,2.5460535273284064,0
14063,1,0,1,0,1.725621234423738,1
14064,3,0,0,0,1.489699990712133,0
14065,2,1,0,1,0.23887820253409026,1
14066,3,0,0,0,0.5330178779163062,0
14067,3,0,0,0,0.15552112351532904,0
14068,2,1,1,1,0.8111786517399573,1
14069,1,0,0,0,-0.5697776190895132,0
14070,2,0,0,0,1.2392358847643652,0
14071,2,1,0,1,-0.6224043029023396,0
14072,1,0,1,0,-0.6544913132598573,0
14073,2,1,0,1,1.8891068160521212,1
14074,2,0,1,1,2.1603076901113676,1
14075,3,1,0,0,-2.3580140576779085,1
14076,1,0,1,0,0.2397225146049657,0
14077,2,1,1,1,-0.7570458364762024,1
14078,2,0,0,0,-inf,0
14079,2,0,0,1,-0.39283612351319497,0
14080,3,0,1,1,3.670183132872739,1
14081,2,0,1,0,-0.9635132136713229,0
14082,2,0,1,0,3.5743211828735593,0
14083,3,0,0,0,0.20044729033847306,0
14084,3,1,1,1,0.5611047995604712,1
14085,1,1,1,0,-0.7873997130810295,0
14086,3,0,0,1,0.7976711701013351,1
14087,2,0,0,1,1.8846996282482316,1
14088,1,0,1,1,-0.3604934673472049,1
14089,3,0,1,1,-0.09257682206523465,0
14090,1,1,1,0,-0.7030529959381666,0
14091,1,1,0,1,2.1421002121346984,1
14092,3,1,0,0,-1.3489455333107951,1
14093,2,1,0,0,0.8876930551909106,0
14094,2,0,1,1,3.7692138432828735,1
14095,3,1,0,0,1.941490307561146,1
14096,3,0,0,0,-0.29292409464825686,1
14097,2,0,0,0,1.189801477616591,0
14098,3,0,0,1,0.6565656077404651,0
14099,3,0,0,0,1.3743708049258985,1
14100,3,1,0,0,0.0957592462141948,0
14101,2,0,0,1,-0.6700758858173727,1
14102,3,1,1,0,-inf,0
14103,3,1,1,1,3.6533122690671833,1
14104,3,0,0,0,2.484446101776788,1
14105,1,0,1,1,2.561889755896646,1
14106,3,0,0,0,-1.3424550668666422,0
14107,2,1,1,0,-1.1906258467410702,1
14108,2,1,1,1,3.6770763359371754,1
14109,1,1,0,0,-1.8093319183994159,1
14110,3,1,0,0,-0.419819328763253,0
14111,2,1,0,1,-0.6193010318793242,1
14112,2,1,0,0,-0.6556571826094746,0
14113,2,1,0,0,-1.4682763835192962,0
14114,2,0,0,1,1.3385043297345876,0
14115,3,1,1,0,0.4652488422942349,0
14116,2,1,0,1,-0.263760405792521,0
14117,3,0,0,1,-1.1727589838794126,1
14118,3,0,1,1,4.740174137800359,1
14119,2,1,1,1,2.6795088365287123,1
14120,3,1,1,1,3.361121970439962,1
14121,2,1,0,1,-inf,1
14122,1,0,1,1,-inf,0
14123,1,1,0,1,-inf,1
14124,3,1,0,1,1.4409179612616132,0
14125,3,0,0,0,-0.9005286284151612,0
14126,1,0,0,0,-0.3882723594734765,1
14127,2,0,0,0,0.8814653719858627,1
14128,1,0,1,0,1.2308192019743571,1
14129,3,1,1,0,2.7708220893370883,1
14130,3,0,0,0,-2.521447956115749,0
14131,2,1,0,0,-inf,0
14132,1,1,0,0,-1.5600281519893193,0
14133,2,1,0,1,-0.37627572269884424,1
14134,3,1,1,1,1.6908233235692463,0
14135,2,0,1,1,0.8107970679157168,1
14136,1,0,0,0,2.4155243962013886,1
14137,2,1,0,1,-inf,1
14138,2,0,0,0,0.28352227906804073,0
14139,1,0,0,0,-inf,0
14140,2,0,1,1,-inf,0
14141,2,1,1,1,2.4198390473819114,1
14142,1,1,1,1,1.8531265876513698,1
14143,2,0,0,1,-0.9956675171083561,1
14144,2,0,0,0,0.9891894533795793,1
14145,1,0,1,1,1.2442754799008655,1
14146,2,0,0,1,0.38455332887063837,1
14147,3,1,0,0,-0.5932451849778935,1
14148,2,0,1,0,-0.012678765198949768,0
14149,2,1,0,1,3.2120046286164046,1
14150,1,0,1,0,-3.5147578233831656,0
14151,2,1,0,1,1.4507521270463721,0
14152,2,1,1,0,-2.1881403115089277,0
14153,1,0,1,1,2.189001418042023,0
14154,3,0,1,1,1.1633922304352995,0
14155,3,1,1,1,0.5861586149096298,1
14156,1,0,0,0,-0.6903170598910531,0
14157,1,0,0,0,-1.8810731370753313,0
14158,1,0,0,0,-0.71208714190544,0
14159,1,0,0,0,-0.5118721814845766,1
14160,1,1,1,1,2.0824015110577925,1
14161,2,1,1,0,0.9641808761042551,0
14162,3,0,0,0,-0.21423428588995774,0
14163,2,0,0,0,0.9899132185460895,1
14164,3,0,1,1,0.9034206900985131,1
14165,2,0,0,0,-0.1613002090027218,0
14166,1,1,1,1,1.1699822414855878,0
14167,2,1,1,1,1.66156857460668,1
14168,3,1,1,1,4.33427026391989,1
14169,1,0,1,1,1.2104195927669337,1
14170,2,0,1,0,1.6994406735904362,1
14171,2,0,0,0,0.10695510665670693,1
14172,2,0,1,1,1.5778760279236739,0
14173,2,0,1,0,1.836896647139212,1
14174,2,1,0,0,-0.10502035987793334,0
14175,2,0,1,0,-1.127659713407886,0
14176,3,1,1,1,1.6828114132819778,1
14177,2,1,0,1,-1.0035239503678006,1
14178,3,0,0,0,0.46599434592694133,1
14179,2,0,0,0,-inf,0
14180,2,0,0,1,1.0150271439855703,1
14181,3,0,0,1,1.7365948691101543,0
14182,2,1,1,1,1.3311902221565242,1
14183,2,1,1,1,1.190076710650204,0
14184,3,0,0,1,2.4027686993697737,1
14185,2,0,1,0,-0.45820903139366653,1
14186,2,0,0,0,-1.1230366738958961,0
14187,2,1,0,1,1.089822605910152,1
14188,2,0,1,0,1.7508306401502463,1
14189,2,0,1,0,0.22122111348687423,0
14190,1,1,0,1,-inf,1
14191,3,0,1,1,3.3323692858699583,1
14192,3,0,1,1,5.080561784492881,1
14193,2,0,1,0,1.7790030406693962,0
14194,3,1,0,0,-inf,0
14195,2,1,0,0,-1.07989891017894,0
14196,2,0,0,1,0.591196571559554,1
14197,2,0,0,1,0.6894016279078181,1
14198,1,1,0,0,-0.992431356398646,0
14199,2,0,0,0,0.39036105130529253,0
14200,3,1,0,0,0.16703165158882988,1
14201,3,1,1,1,2.894879365257619,1
14202,2,0,0,1,-inf,1
14203,2,1,0,0,0.8207598663827429,0
14204,3,1,0,0,-0.8353474975956748,1
14205,3,1,1,1,3.130527450939671,0
14206,3,0,0,0,-inf,0
14207,2,1,0,1,0.5063244740520565,1
14208,1,0,1,0,1.978594487929599,1
14209,3,1,0,1,2.844198595336046,1
14210,2,0,1,1,3.394022182091996,1
14211,3,1,0,0,-1.0355700044656748,0
14212,1,1,0,0,-1.7312943334246575,0
14213,2,0,0,1,0.8910043653635649,0
14214,2,0,0,1,1.3139709745322619,1
14215,3,0,1,1,3.4110229530353102,1
14216,2,0,0,1,-0.1123095284353981,1
14217,3,0,1,1,3.260873869854066,0
14218,3,1,0,1,1.8382977458278424,1
14219,2,1,0,0,-0.7634201257042615,0
14220,2,0,0,0,1.7293539001278941,0
14221,1,0,1,0,0.29133015495364506,1
14222,1,1,1,1,0.9976676354461714,1
14223,3,1,0,1,0.2787324163776025,1
14224,2,0,1,0,-0.07711365433060746,0
14225,2,1,1,1,0.4435440010712737,1
14226,2,1,1,0,1.2278392849173922,1
14227,3,1,1,1,0.4247133625172228,0
14228,3,0,1,0,-0.16954210470068254,0
14229,1,1,0,0,0.6220920358963027,0
14230,2,1,0,0,0.037068260670454434,1
14231,3,1,0,1,2.4681090312738823,1
14232,2,0,1,0,-inf,0
14233,2,1,1,0,0.3585402501699053,0
14234,1,1,0,0,-1.9742785601898105,0
14235,2,0,0,0,-3.565218302220351,0
14236,3,1,0,0,1.8656511963400912,1
14237,2,1,0,0,-0.2180818965261323,1
14238,3,1,0,1,0.14408209879158518,1
14239,3,0,0,1,3.0379208125278194,1
14240,2,1,0,1,-inf,1
14241,3,1,0,1,0.997516262875098,0
14242,3,1,0,0,-0.3481781456990159,0
14243,3,1,0,1,0.3094647147853574,1
14244,1,0,1,0,0.392947391508931,0
14245,2,1,0,1,1.6117863850499774,1
14246,1,0,1,1,-0.491873499305639,1
14247,2,0,0,1,1.7222718487400341,0
14248,3,0,0,1,-0.2886250503796788,1
14249,2,0,0,0,-inf,1
14250,1,1,1,0,-1.3857056229945413,0
14251,2,0,0,1,-inf,1
14252,2,0,1,0,-0.8943487905214751,1
14253,3,1,0,1,0.7451458296233805,1
14254,2,1,0,0,-2.6153360275248927,0
14255,1,0,0,0,0.13836086926388547,0
14256,1,1,0,0,0.03685077690013838,1
14257,3,0,0,1,2.3629795217003666,0
14258,2,0,0,1,0.5835421662040507,1
14259,3,1,0,0,0.022277866874317903,0
14260,2,1,0,0,-0.16165764268872967,0
14261,1,1,1,1,1.0969924518837526,1
14262,2,0,0,1,1.0075485763716747,1
14263,2,1,1,1,2.946073432874949,1
14264,2,0,0,0,2.8172728672739478,1
14265,2,0,0,0,0.3763406066471836,0
14266,1,0,1,0,0.637759162518859,0
14267,3,0,0,0,-0.24036722767720242,0
14268,1,0,1,1,2.8539431788202996,1
14269,1,0,1,0,-inf,1
14270,1,0,1,1,0.5983003754395065,1
14271,3,1,0,1,-inf,1
14272,3,0,0,0,1.1055963252311507,0
14273,2,0,0,0,1.5761289078052585,1
14274,3,0,0,0,-1.291613139201892,0
14275,3,0,1,1,1.5964316865801393,1
14276,1,1,0,0,-0.6181533783848636,1
14277,3,0,0,0,-0.1949433072706208,1
14278,2,1,0,1,-inf,1
14279,2,1,0,1,-0.40685373499196403,0
14280,1,0,1,0,1.478338502879596,1
14281,3,1,1,1,1.5708595544177826,1
14282,3,1,1,1,2.7920794694287694,1
14283,3,0,0,1,0.674130192010908,1
14284,1,1,0,0,1.0121359308624935,1
14285,1,1,1,1,2.131792555930179,0
14286,3,0,0,1,1.6970115713235934,1
14287,2,0,1,0,2.052177293671677,1
14288,2,1,1,1,0.27890016021433217,0
14289,1,0,1,0,1.2242373481736715,0
14290,1,1,1,0,0.6141456740841441,1
14291,2,0,1,0,-1.5399630640645665,0
14292,3,1,0,1,1.1844424556789492,1
14293,3,0,0,0,-0.8515916070728683,0
14294,3,1,0,0,-inf,0
14295,1,0,1,1,1.3203479163127056,1
14296,1,1,0,1,1.7437781426169428,1
14297,3,1,0,0,0.4417189750119508,0
14298,3,0,0,1,2.491745313594532,1
14299,3,1,1,1,3.222738790619479,1
14300,2,1,1,0,-0.9553791241916207,1
14301,2,1,0,1,2.3480571952032325,1
14302,3,0,0,0,-0.6058997698746683,1
14303,2,1,1,0,-inf,1
14304,2,0,0,0,0.4069874145704514,1
14305,2,0,1,0,2.7814925123254737,1
14306,2,0,1,0,-0.15606347735122617,1
14307,2,1,0,0,1.1014638881273067,1
14308,1,0,1,0,-0.12723643134963944,0
14309,2,0,0,0,0.4760455963271919,0
14310,2,1,0,1,-1.7322047064740769,0
14311,2,1,0,0,0.838744054486643,1
14312,3,0,0,0,1.5081607229373601,0
14313,1,0,0,1,0.24694491232934418,1
14314,3,1,1,1,2.383078561843671,1
14315,2,0,0,1,0.31778873705666055,1
14316,2,0,0,0,1.095153250454749,0
14317,2,1,1,0,1.3870181752620834,0
14318,1,0,1,1,0.007777536680349084,0
14319,3,0,0,0,0.6587094019275135,0
14320,3,1,1,1,1.264184689416242,0
14321,3,1,0,1,0.7226525633376535,1
14322,3,0,0,1,-0.19458301380333726,1
14323,1,1,1,1,-inf,1
14324,1,0,0,1,0.4826108099485675,0
14325,2,0,0,0,-1.474826803686341,0
14326,1,1,0,1,0.049404512168830905,1
14327,2,0,0,0,0.9226705892547904,1
14328,1,0,0,0,1.3529671653387918,0
14329,1,1,1,0,-0.31738843251294213,0
14330,3,0,0,1,1.617985377839891,0
14331,2,1,0,1,-inf,1
14332,3,1,1,1,1.8883429117762336,1
14333,2,1,0,1,2.535387761249409,1
14334,3,0,1,0,1.670937869783614,1
14335,1,0,0,1,0.45408197791659,1
14336,3,0,0,0,-0.8696650811580962,0
14337,1,1,1,1,-inf,0
14338,2,1,1,0,-0.3594204771880637,0
14339,1,1,0,1,-0.9640126907434211,1
14340,3,0,0,0,-0.05543176578764519,0
14341,1,1,0,1,1.698228613755351,1
14342,1,1,1,1,1.086883897492683,1
14343,2,0,0,0,-0.045860898968219266,0
14344,3,0,0,1,1.8928164103050253,1
14345,2,0,0,1,-0.6219447084099641,1
14346,1,0,1,0,0.7786159425569066,0
14347,2,0,0,0,-0.7424063794655885,1
14348,2,0,1,1,3.6305320317885053,1
14349,3,0,1,0,2.9552776422280735,0
14350,3,1,0,0,-inf,1
14351,2,1,0,0,1.79451429704501,0
14352,1,0,0,0,1.5974519270828829,1
14353,3,0,1,1,-0.418656061309832,1
14354,1,1,1,0,0.1614470958964518,0
14355,2,0,0,0,-inf,1
14356,3,0,0,0,-0.285102044945289,0
14357,3,0,0,0,2.5997925295139086,0
14358,2,1,0,0,-inf,1
14359,1,1,0,0,-inf,0
14360,1,0,1,1,3.1428208841209244,1
14361,2,0,0,0,0.3125286164766039,0
14362,2,0,1,1,1.5323775357785907,1
14363,3,0,0,1,1.425000200245735,1
14364,1,0,0,0,1.3855547627904723,1
14365,3,0,0,0,1.4175046007762528,0
14366,3,0,1,1,2.122612605874352,1
14367,1,1,0,1,-1.5956542511660294,0
14368,1,0,1,1,-0.26122713178203466,1
14369,1,0,0,0,-1.2801369884890699,0
14370,3,0,1,1,3.4037815141854453,1
14371,2,1,1,1,1.0332182499680256,1
14372,3,1,0,0,1.1943380521662101,1
14373,2,0,1,0,-0.4122301695111339,0
14374,2,1,0,1,1.4368177099829402,0
14375,1,1,1,0,0.8689993594436081,0
14376,3,1,1,1,3.0285306133617076,1
14377,2,1,1,1,-inf,1
14378,1,1,1,1,2.37135532105383,1
14379,2,0,1,0,1.9090126446467448,1
14380,1,0,1,1,-inf,1
14381,3,0,0,1,1.954862380549946,1
14382,1,1,0,1,1.7018580056788837,1
14383,3,1,1,0,-1.9628940175324134,0
14384,2,0,1,0,-0.4298708126238566,1
14385,1,0,0,1,-0.7332561038843826,0
14386,2,1,0,1,2.5667370070507203,1
14387,2,1,0,0,-1.1126092230256033,0
14388,2,0,1,1,1.6875317662230214,1
14389,2,1,0,1,-1.1508893645073115,0
14390,3,0,0,0,1.2722740600097113,1
14391,2,1,1,1,1.1957745820492123,0
14392,2,0,0,1,1.2725923551597935,0
14393,2,1,1,1,-0.4270854127174595,1
14394,1,0,0,0,-2.5944312089835053,0
14395,3,1,0,0,0.8263571475036725,1
14396,2,1,0,1,2.382824167025346,1
14397,3,0,0,0,0.3264930645586385,1
14398,2,1,0,0,0.3897498676896976,0
14399,3,1,1,1,2.1443512737964587,1
14400,2,0,0,1,1.4181561597125745,1
14401,1,0,0,0,-1.2522582884330122,1
14402,1,0,0,0,0.26729192866351253,1
14403,3,0,1,1,2.902563376264829,1
14404,2,0,0,0,-0.9018640401117977,0
14405,3,0,1,1,3.10176108582216,0
14406,2,0,0,1,0.5497836850357505,1
14407,2,0,1,1,-inf,0
14408,2,0,0,1,-1.1492603279842606,0
14409,3,0,1,1,4.25521788524655,0
14410,1,0,0,0,-2.4295793927587974,1
14411,2,0,1,0,1.2761770839170765,1
14412,3,1,1,1,2.5230483511132897,1
14413,3,1,0,1,-inf,1
14414,1,0,0,1,-0.23678808445254818,0
14415,1,1,1,1,1.598164161555398,0
14416,1,1,0,1,0.5653504276618866,1
14417,2,0,1,1,2.1043660535749407,0
14418,2,0,1,0,-0.840862970520401,0
14419,3,1,0,0,-0.6281693408325122,0
14420,3,1,1,1,2.037608443498102,1
14421,1,1,0,1,2.2547870332569744,1
14422,2,0,1,1,1.774579897938783,1
14423,2,0,0,0,2.174235672247762,1
14424,2,0,0,1,2.6979500030676182,1
14425,3,1,0,0,1.5128696645545427,0
14426,2,1,0,1,3.0444649636242858,1
14427,3,1,0,0,-0.9732628010504962,0
14428,3,0,0,1,0.4353836393192162,1
14429,2,0,1,0,1.6373609642643616,1
14430,2,0,0,0,-1.5329635059884654,1
14431,2,0,1,1,2.4842933021294393,1
14432,1,1,0,0,-1.7549072954843203,1
14433,2,1,0,1,-inf,1
14434,3,0,0,1,2.852080125827129,1
14435,3,0,1,0,3.3176556073319152,0
14436,2,1,0,0,-0.4382191252428172,1
14437,3,0,0,1,-inf,1
14438,1,0,1,1,0.10807922816225435,1
14439,3,1,1,1,1.7705648848085915,0
14440,3,1,0,1,-0.6610670624796186,0
14441,3,1,0,0,-0.6268204630576467,1
14442,1,0,1,1,-0.3737663799043336,1
14443,2,1,1,0,-1.4569190848072389,0
14444,1,0,0,0,0.8219382046976305,0
14445,3,1,0,0,0.596817782566534,0
14446,2,0,0,0,-inf,0
14447,2,0,0,1,-inf,1
14448,3,0,0,0,-0.5620293787113394,0
14449,1,0,0,1,1.8308793662215332,1
14450,2,1,0,1,0.957657543938146,1
14451,3,1,0,0,-0.1097289030266899,0
14452,2,0,0,0,-2.480892266999973,0
14453,3,0,0,0,-1.7111355558301011,0
14454,1,0,0,0,1.1157409409506653,0
14455,2,1,1,0,0.8237480544880073,0
14456,1,1,1,1,1.1009278968826794,0
14457,1,1,0,1,-inf,1
14458,3,1,0,1,2.6971690052675372,1
14459,1,1,1,0,-0.23332275747443942,0
14460,1,0,1,1,-0.49652291816496363,0
14461,2,0,1,1,-inf,1
14462,2,1,0,0,-0.08959995686573141,1
14463,2,1,1,0,-0.8286529682203571,0
14464,3,0,1,0,0.8849400598230134,1
14465,3,0,1,1,3.712246260009584,1
14466,2,0,0,1,-inf,0
14467,3,1,0,0,-inf,0
14468,1,1,1,0,-0.4834420445842189,0
14469,2,1,0,0,-1.9818452222080365,0
14470,1,0,1,0,-0.23078836035520633,0
14471,2,0,1,1,2.4656902268794103,1
14472,2,1,1,1,1.3779735163942255,1
14473,1,1,0,0,-1.0300836160731262,0
14474,2,0,0,1,0.728214828701977,1
14475,2,0,1,0,0.618465048163796,0
14476,3,0,0,1,1.6551103008711783,1
14477,1,1,0,0,-1.3433887775599425,0
14478,1,1,0,0,0.22963370012446463,1
14479,2,1,1,0,1.8220316606363056,1
14480,3,1,0,1,1.7788257355756176,1
14481,3,0,0,0,0.46414342370817474,0
14482,2,1,0,0,-0.9230294371405471,0
14483,2,0,1,0,-1.695470448181494,0
14484,2,1,0,0,-0.08170105454019871,1
14485,3,1,0,0,0.8844186202253231,0
14486,2,1,0,1,-0.5173933717376641,0
14487,2,0,1,0,2.2237473598867963,1
14488,3,0,1,0,2.189433580144801,0
14489,1,1,1,1,0.22873958861477728,1
14490,3,1,0,0,-1.2680917510863792,0
14491,1,0,0,0,-1.1823719558765924,0
14492,2,0,1,0,2.13097512919824,0
14493,1,1,0,1,-0.7899044835060851,1
14494,1,0,0,0,-0.10278668856840828,0
14495,2,1,1,0,-inf,1
14496,3,1,0,0,-2.4933560991567854,0
14497,1,0,0,0,-0.44297501455512867,1
14498,2,1,0,0,-1.31510980575508,0
14499,2,1,1,1,0.13954175383142653,0
14500,3,1,1,0,-1.9069149661981177,1
14501,2,0,0,1,-inf,0
14502,1,1,1,1,3.0255542761914356,1
14503,2,0,0,0,-0.6011307488037334,0
14504,2,0,1,1,1.6864936715404604,1
14505,3,1,1,0,1.0414605186977202,0
14506,2,0,1,0,0.37483984056707137,0
14507,1,1,1,0,-1.2026562014194606,1
14508,1,1,0,0,-1.3155293970661976,0
14509,3,0,0,1,0.3163187937702221,1
14510,1,1,0,1,1.8239417657811015,1
14511,1,0,0,0,-inf,1
14512,3,0,1,1,0.2650314396175864,1
14513,3,0,0,0,0.857943371791314,0
14514,1,0,1,0,-1.6887536449211895,0
14515,3,1,0,1,2.6421382258502346,1
14516,3,0,0,0,0.5535162925316586,0
14517,2,0,0,0,1.6123784409157782,0
14518,1,1,0,1,0.010484790198028504,1
14519,3,1,0,0,-1.9214742323366536,0
14520,3,1,0,0,-inf,0
14521,3,0,0,1,1.9459422012685519,1
14522,2,1,0,1,-0.31866468352415567,0
14523,1,1,1,0,-inf,0
14524,3,0,0,0,-inf,0
14525,2,0,1,1,0.2464911303169086,1
14526,3,0,1,1,4.246934655174978,1
14527,1,1,1,0,-2.176764740321892,0
14528,3,1,0,1,1.0045736633923688,1
14529,1,1,0,1,1.6958510301601992,1
14530,3,1,1,0,2.1432078223655546,0
14531,2,1,0,0,0.3076233030749883,1
14532,1,1,0,1,1.1986586713664893,1
14533,1,0,1,0,0.6317087038799285,0
14534,1,0,0,0,-0.16802099069204957,0
14535,2,0,1,0,1.0400142476533347,1
14536,2,1,0,0,-0.5511971116831311,0
14537,2,0,1,1,1.934617071842807,1
14538,3,1,0,0,1.0453695922110573,1
14539,2,1,1,0,0.26888674454908545,0
14540,2,0,0,1,-inf,1
14541,3,1,0,0,-inf,0
14542,3,0,0,1,2.1885258151407196,0
14543,2,0,1,1,-0.09790379229534973,1
14544,2,0,0,1,-0.0009388099932547966,1
14545,2,0,0,0,-1.6058193596529757,1
14546,2,1,0,0,0.06257246668723404,1
14547,1,0,1,1,0.91891215908303,1
14548,3,0,0,0,0.8634550254947093,0
14549,1,1,1,0,-0.7462887947558758,0
14550,1,0,0,0,-1.669210662574677,1
14551,3,0,0,1,-inf,1
14552,2,0,0,0,0.48514164942986865,0
14553,1,1,0,1,-1.177838090783752,0
14554,3,1,1,1,1.0657933549894594,0
14555,3,1,1,0,1.075801024239908,0
14556,2,1,1,1,0.3801660447568852,0
14557,3,1,0,0,-inf,1
14558,3,1,0,1,1.9380715120882714,1
14559,3,1,0,0,0.01834714409588467,0
14560,2,0,1,1,2.782200028365328,1
14561,2,1,0,0,0.16926042807600883,1
14562,3,0,0,1,1.5134041469391217,1
14563,1,1,1,0,1.2894086984657638,0
14564,2,1,0,0,-1.4718786318882462,0
14565,2,0,0,1,0.33517255932580386,0
14566,3,0,1,1,0.7689972860414871,1
14567,2,1,0,1,-0.04637766606387092,0
14568,2,0,1,0,1.5320344794974836,1
14569,2,0,0,0,-0.45888765600765197,0
14570,2,1,0,1,-1.0454115599225904,1
14571,1,0,1,1,1.920667871185842,1
14572,2,0,0,1,1.3865027577662552,1
14573,2,0,0,0,1.58760008959297,0
14574,2,1,1,0,1.7781945996096744,0
14575,2,0,1,1,2.7888125276349354,0
14576,3,1,0,1,0.2611592418448685,1
14577,2,0,1,1,0.40123919212915093,1
14578,3,1,1,1,1.1497487104939328,1
14579,3,0,0,1,2.6116903181048983,1
14580,2,1,0,0,-inf,0
14581,1,0,1,1,2.9780259799458544,1
14582,3,1,0,0,2.06013051329369,0
14583,2,0,1,1,2.9688847921648054,1
14584,2,0,0,0,0.7226991337769073,1
14585,3,0,0,1,0.8810802565259295,1
14586,2,1,1,1,3.1277471227569174,1
14587,2,1,0,0,0.5302906269363221,1
14588,3,1,1,0,0.9564670629905017,0
14589,2,0,0,1,2.9015094961802665,1
14590,1,0,1,0,-0.17413924330482625,1
14591,3,0,1,1,1.241895135948057,1
14592,2,1,0,0,-0.20733208329579675,0
14593,2,0,0,1,1.5147610569013767,1
14594,3,1,0,0,0.47523967418175816,1
14595,1,0,0,0,-0.418608269961397,0
14596,1,0,0,1,1.388959199555604,0
14597,2,0,0,0,-0.62465936432283,0
14598,1,0,0,0,-inf,1
14599,2,1,1,1,0.42604547562906847,1
14600,1,1,1,0,-3.353186010539515,1
14601,3,0,0,0,2.7290782779872003,0
14602,1,1,1,0,-1.861592298989541,0
14603,2,1,0,1,2.689995472182726,1
14604,2,1,0,0,0.5611073120588876,0
14605,1,0,0,1,0.04836032891525177,0
14606,1,0,1,0,0.2809689004563818,0
14607,2,0,1,1,3.049450616435448,0
14608,2,0,1,1,2.417411253169828,1
14609,1,1,1,0,0.015074167650498627,1
14610,2,1,0,1,1.018140739250457,1
14611,3,1,0,1,1.0450810884460164,1
14612,3,1,0,1,0.8819117421731781,1
14613,3,0,0,0,0.8461992895558897,1
14614,1,1,0,1,0.5689614257991451,1
14615,2,1,1,1,4.2417170612471535,1
14616,2,1,1,0,-0.3093816964148334,0
14617,2,0,0,0,-2.0914623556609855,0
14618,2,1,0,1,0.6192944019250004,0
14619,2,1,0,0,-1.3297801649905892,0
14620,1,1,1,1,-0.04180784283018285,1
14621,3,1,1,1,0.913728348878434,0
14622,2,1,1,1,2.1409307898171086,1
14623,3,0,0,1,1.2573494575808715,1
14624,1,0,1,1,0.6845584537967634,1
14625,3,1,1,0,-1.1172508802832481,0
14626,1,0,0,0,-3.3321915538017084,0
14627,2,1,0,0,-0.2298451628100726,0
14628,3,0,0,0,-0.5936552791669354,0
14629,3,0,0,0,0.6914802299155305,1
14630,2,0,1,0,-inf,0
14631,1,1,1,1,2.983194447341476,1
14632,2,1,1,1,-inf,1
14633,1,1,0,0,-0.46039450016886396,1
14634,2,1,1,1,2.0362620214938163,1
14635,2,0,1,1,1.30130498125477,0
14636,2,1,0,0,0.603958613484993,1
14637,1,1,1,0,-0.6490662513701404,1
14638,3,0,1,1,2.5527111917932848,1
14639,2,1,1,1,3.0784693752261796,1
14640,3,1,1,1,2.141841859408741,0
14641,3,0,1,0,1.4496164911435179,1
14642,2,0,0,1,-inf,0
14643,3,1,0,1,0.7816341686609695,1
14644,3,1,1,1,1.9770849928883512,0
14645,1,0,1,1,2.174554771899167,1
14646,3,0,0,1,3.4434550416012195,1
14647,2,1,1,1,-inf,1
14648,2,0,0,0,-0.1618828761517339,1
14649,3,1,0,1,2.784281002695898,1
14650,3,1,0,1,1.7394752906628788,1
14651,2,1,0,1,-inf,0
14652,2,0,1,1,0.019981857771511624,1
14653,2,1,1,0,0.7170793197617877,0
14654,2,1,1,0,1.3455627512119597,1
14655,1,0,0,1,1.863907065654776,1
14656,2,0,0,0,1.3082374867567124,0
14657,2,0,0,1,0.6541119216631577,1
14658,2,0,0,1,1.3323603440763359,1
14659,1,1,0,1,-1.3001102592273686,1
14660,3,1,1,1,0.6092710707575988,0
14661,3,1,1,0,2.002203703080848,0
14662,2,1,1,0,-inf,0
14663,1,1,1,1,-inf,0
14664,2,0,1,1,1.0200300116661691,1
14665,2,1,0,1,1.1747152543689454,0
14666,2,0,0,0,-0.4359113488014504,0
14667,1,1,0,1,-1.8662201584685938,1
14668,2,1,1,1,0.9341355478944562,1
14669,1,1,1,0,-0.9601895609036037,1
14670,2,1,1,1,2.8454895396486046,1
14671,2,0,1,0,2.5306936015921533,0
14672,1,0,1,0,-0.16015198910976258,0
14673,3,0,0,0,1.1966515436155425,0
14674,2,1,0,0,-1.0634377827764159,0
14675,1,1,0,1,-1.8442763448965291,1
14676,3,1,0,0,0.0697850411994998,0
14677,1,0,0,1,0.7287187855525675,0
14678,3,0,0,0,1.3102165624730393,1
14679,1,1,0,1,-0.04195124863993571,0
14680,1,1,0,0,0.28991945597046165,1
14681,1,1,0,0,1.1463041300268624,1
14682,3,0,0,0,1.2681560343710925,1
14683,3,1,0,1,0.6281266898980511,1
14684,2,1,1,0,0.799844715800101,0
14685,3,0,1,1,3.1667115219995896,1
14686,1,1,1,1,1.299473355801318,1
14687,3,1,0,0,-1.058797666532631,0
14688,2,1,0,1,1.8623237363461485,0
14689,3,1,0,0,-inf,0
14690,3,0,1,1,3.907158371101597,1
14691,2,1,0,0,1.2963828937727038,0
14692,2,0,1,0,0.9933516101076946,0
14693,3,0,0,0,1.9273555021392064,0
14694,1,1,0,0,-2.5026639941498856,0
14695,1,1,1,1,-0.12754703727023786,1
14696,2,1,1,0,1.3180197506020235,0
14697,1,1,0,1,-1.1941805010531232,0
14698,3,1,1,0,1.5692476926384105,0
14699,2,0,1,1,2.5397406338532824,1
14700,1,0,0,0,1.6080182886440146,0
14701,1,0,0,0,0.8764927728011634,1
14702,1,1,0,0,-0.492605468307424,0
14703,3,0,0,1,0.3403206842474793,1
14704,2,0,1,1,2.9717474670888824,1
14705,2,0,0,0,-0.5960696074210923,1
14706,1,1,1,1,0.8324301952218498,1
14707,1,0,0,0,2.2212818152336693,1
14708,3,0,0,0,-0.18783418391105244,0
14709,3,1,1,1,-0.042736218049662544,1
14710,3,0,1,0,-inf,1
14711,2,0,0,1,-2.313034989033403,1
14712,1,1,1,1,1.794845992268498,1
14713,2,1,0,1,1.645189403855484,1
14714,1,0,0,1,1.5614280784587833,1
14715,1,0,0,1,0.9176084766136399,1
14716,3,0,1,0,3.8085324142110784,0
14717,3,0,0,1,1.605959504380663,1
14718,2,1,1,1,-inf,1
14719,3,0,1,1,4.542577617823347,1
14720,3,0,1,0,0.49680816701909836,0
14721,2,1,1,0,0.15852958553237206,0
14722,2,0,0,1,-inf,1
14723,2,0,0,1,1.18382054938098,1
14724,2,0,0,0,0.6024662446390449,0
14725,2,1,1,1,2.1097435485182983,1
14726,3,0,0,1,3.2188345748867344,1
14727,1,0,1,1,0.6467869756887016,0
14728,3,0,0,1,0.7638054431460738,1
14729,1,1,1,0,-1.4765263951917147,1
14730,3,0,1,0,1.8996215630258688,0
14731,3,0,1,0,-0.3990085691475871,0
14732,2,0,0,1,2.5649903365466473,1
14733,3,0,1,0,2.25930830838291,1
14734,3,1,0,1,-0.7294374306504612,0
14735,3,0,1,0,3.0989545416661874,1
14736,2,0,1,0,2.44903847348663,1
14737,2,1,1,1,1.9288874726414746,1
14738,2,1,1,1,2.0538092206848324,1
14739,2,0,0,1,-inf,0
14740,1,0,1,1,1.219156816355901,1
14741,3,1,0,0,-0.6869892712562609,1
14742,2,0,0,0,0.6043224944006561,1
14743,3,1,0,1,0.6235449763727388,0
14744,2,1,0,0,-0.8700913689588412,1
14745,3,0,1,0,1.3213325959104951,1
14746,2,1,1,1,-0.2418327999829366,1
14747,2,1,0,0,0.3066695918936096,0
14748,1,0,1,1,1.8013826306679785,1
14749,2,0,0,1,3.1249563751419926,1
14750,3,1,0,1,0.8782259864596991,1
14751,2,0,1,1,-0.5462684429701183,1
14752,2,0,0,1,-0.7934541067794356,0
14753,3,1,0,1,2.5135448247918224,1
14754,2,0,0,1,1.4665592667406995,0
14755,2,1,1,1,1.6385177451855535,1
14756,2,0,0,1,1.7420618433707178,1
14757,2,0,1,1,3.5231969350605303,1
14758,3,0,0,0,1.6324195087067972,1
14759,3,1,1,1,1.64546026595283,1
14760,2,0,1,0,1.8477267796111483,1
14761,2,1,0,1,-0.2626442368942974,1
14762,2,0,1,1,-inf,0
14763,1,0,1,0,0.9579086337549196,1
14764,3,0,0,0,0.3084070353061557,0
14765,1,0,1,1,2.670273023693283,1
14766,2,0,1,1,-inf,1
14767,3,1,0,0,1.6097965650191888,0
14768,1,0,1,0,-inf,0
14769,1,0,1,1,1.878870494540097,1
14770,1,1,0,0,-0.32064892199395545,0
14771,3,1,0,0,-0.35015280821527184,0
14772,3,0,0,1,2.34162453639832,0
14773,3,0,0,1,1.9186221549593137,1
14774,3,1,0,0,-inf,0
14775,2,1,0,0,-inf,1
14776,3,1,0,1,-inf,0
14777,1,0,1,0,0.5259770898689577,0
14778,3,0,1,1,2.7312283033990052,1
14779,2,1,0,1,0.8494284486704122,1
14780,1,1,0,1,-1.247829144427585,0
14781,1,0,1,1,1.117599389993077,1
14782,2,0,1,0,-0.5608081796080752,0
14783,2,0,0,1,-inf,0
14784,3,1,0,0,-1.1601549032292995,0
14785,1,1,1,0,-inf,0
14786,1,1,0,1,-0.8399984483125349,0
14787,2,1,1,0,-1.891408490135623,0
14788,3,1,1,0,0.07631616780624206,0
14789,3,0,1,1,-inf,1
14790,2,0,0,0,-0.5902491510307587,0
14791,1,0,1,0,-1.3102000350309702,0
14792,3,1,0,1,1.8946707733792016,1
14793,2,1,0,1,-1.455239905685862,1
14794,1,0,0,1,1.1833802782837588,1
14795,2,1,0,1,0.9188492638333385,0
14796,1,0,0,0,-2.193743459257491,0
14797,1,0,1,0,0.928306921874984,0
14798,2,1,0,0,-inf,1
14799,1,1,1,1,2.0949267756332466,0
14800,1,1,0,1,0.7924902978816792,1
14801,1,1,1,1,2.7443104487209196,1
14802,3,1,1,1,3.21398347353894,1
14803,2,1,1,1,0.45240096568287375,0
14804,2,0,0,0,0.005038330260487389,0
14805,2,0,0,0,0.6327457453398674,0
14806,3,0,0,0,0.16402924122324714,0
14807,2,0,0,0,-0.04337236288391638,0
14808,3,0,0,0,-0.9037358462949006,0
14809,2,0,1,1,0.9042799819971161,0
14810,1,0,0,1,0.5115118320568136,0
14811,2,1,0,0,-1.096640194436222,0
14812,2,0,0,1,2.1426711298930674,0
14813,2,1,1,1,0.062398957575692915,1
14814,2,1,1,0,0.2533139863555788,0
14815,2,0,0,0,-1.118603502236015,1
14816,1,1,1,0,-0.9219724144584037,1
14817,1,1,1,1,1.4545045719423664,1
14818,1,1,1,1,0.7365943937023499,1
14819,2,0,1,1,1.1811601812633115,1
14820,1,0,0,1,0.5107918069816004,0
14821,3,0,0,0,1.4459815431055145,1
14822,2,1,1,0,3.3279719914763524,1
14823,2,1,1,1,1.178640610142395,1
14824,2,1,0,0,0.16987489001520678,1
14825,3,1,0,1,1.0131936872261416,1
14826,1,0,1,0,-0.7204612290841658,0
14827,1,1,0,0,-0.6846617555182759,0
14828,3,1,0,0,-0.35056773193356544,0
14829,2,0,1,1,-inf,1
14830,2,1,0,0,-inf,0
14831,1,1,1,1,1.760877840901339,0
14832,2,0,1,1,0.4698460956625361,1
14833,1,0,0,0,-1.144507898528929,0
14834,1,1,1,1,0.0631996390631015,1
14835,2,1,0,0,-0.60281203812997,0
14836,3,1,1,1,-inf,1
14837,2,1,0,0,-1.436146109531803,1
14838,2,1,0,0,-1.0882202231915692,1
14839,3,0,0,0,1.3445783425915605,0
14840,2,1,1,0,-2.3669036992652446,0
14841,2,0,0,1,-inf,1
14842,2,1,0,0,-1.7565779211067227,0
14843,2,1,0,1,0.8154231242371873,1
14844,2,1,1,0,0.8576197144185482,0
14845,2,1,1,1,1.2511840187960162,0
14846,2,1,0,0,-inf,1
14847,3,1,0,1,1.256119620512453,1
14848,2,1,0,1,3.0963900176315717,1
14849,2,1,0,1,-inf,1
14850,1,1,1,1,2.053968843180018,1
14851,3,0,1,1,2.333539015417939,1
14852,3,0,0,0,-0.2926500393904495,1
14853,3,0,1,0,2.0309873279902653,1
14854,2,0,0,1,2.376772766805053,1
14855,2,0,0,0,1.5770959088160645,1
14856,2,0,0,1,1.1943987603817745,1
14857,2,1,1,1,1.8237459374858278,0
14858,3,0,1,0,3.134902167128801,0
14859,2,0,0,0,1.427010477637911,0
14860,3,0,0,0,0.21411195559489918,0
14861,2,1,1,1,2.2386477415930894,0
14862,2,1,0,0,-0.06950831500915933,0
14863,1,1,0,1,-0.6866036533481439,0
14864,3,1,0,0,-1.2537641182084216,1
14865,3,0,0,1,0.22103889234164176,1
14866,2,0,0,0,-2.286433970971026,0
14867,1,0,0,1,-inf,0
14868,1,0,0,1,2.6599555028266795,1
14869,1,1,0,1,0.4959441132686335,0
14870,2,0,0,0,0.6409995487627848,0
14871,1,0,0,0,-0.8297141335899701,0
14872,3,0,0,0,0.870645215708475,0
14873,2,0,0,0,2.1537911344250884,1
14874,2,0,0,1,1.6516429696608932,1
14875,3,0,0,0,-0.6415508752660486,1
14876,2,0,0,0,-inf,0
14877,1,1,0,1,0.24316508520158323,1
14878,2,1,1,1,1.0849952377877632,1
14879,2,0,1,0,1.9044297427050902,1
14880,3,0,1,0,-inf,0
14881,2,0,0,0,1.1250144639330542,0
14882,2,1,1,0,-0.19428954802167575,0
14883,3,0,1,1,2.5552446160021147,1
14884,1,0,1,1,0.1473445649147418,0
14885,2,0,1,0,1.849618797432802,0
14886,3,0,0,1,-inf,0
14887,3,1,1,1,3.3641826564604904,0
14888,2,0,0,1,1.0028751366978836,1
14889,2,1,1,1,0.28402190448778786,0
14890,3,1,0,0,-1.7209002517430783,1
14891,1,0,1,0,-3.00017604861286,1
14892,2,1,1,1,3.1011893553290313,1
14893,2,1,0,0,-inf,0
14894,2,0,0,1,1.008769527729234,1
14895,2,1,0,1,2.503143693092569,0
14896,1,1,0,0,-1.0675463476042304,0
14897,1,1,0,0,-1.971523813616983,0
14898,2,1,1,1,3.829482582774884,0
14899,3,1,0,0,-inf,0
14900,2,0,0,1,1.5211030955473974,1
14901,2,1,0,0,1.391087737153567,0
14902,1,0,0,0,0.5169409480942713,0
14903,2,0,0,0,3.569030870145916,0
14904,3,0,0,0,-inf,1
14905,3,1,0,0,-0.07540878996665223,0
14906,3,1,0,1,1.069738784764726,0
14907,3,1,0,0,-0.8177281588668588,1
14908,2,0,0,1,-0.0895742942694494,0
14909,3,1,1,1,2.7115021798010743,1
14910,3,0,1,0,0.3214167638234962,0
14911,2,0,1,0,1.0976512000472474,1
14912,2,0,1,0,0.5707063466175243,0
14913,3,0,1,0,-0.1784587886645494,0
14914,2,0,0,1,0.31806090479084614,0
14915,2,0,1,0,1.380498988732272,1
14916,3,1,0,1,0.48781899863063866,1
14917,2,1,1,1,1.6052641468497542,0
14918,3,1,1,0,3.5288648950989705,1
14919,1,1,0,1,0.2288384292103818,1
14920,1,0,1,1,1.8464413086921816,1
14921,3,0,1,0,0.6624917914355645,0
14922,1,0,1,0,2.1749170604550754,1
14923,1,0,0,1,-1.4064517528952742,1
14924,2,1,0,0,-1.292487515694766,0
14925,3,0,0,1,1.934561298259896,1
14926,3,1,1,0,0.13154676095377016,0
14927,1,0,0,0,-2.173264808656031,0
14928,2,1,0,1,0.5161676731106748,1
14929,1,0,1,0,-0.48824883769407856,0
14930,2,0,0,1,0.6301011916629145,1
14931,1,0,0,0,-0.5719980743541464,1
14932,3,0,0,1,4.506599716111065,1
14933,2,1,1,0,-2.703179840583932,0
14934,3,0,1,1,2.76316826525737,1
14935,2,1,0,0,0.8719399020811843,0
14936,1,1,1,1,0.4743073517366848,1
14937,2,0,1,1,2.658752779882416,1
14938,3,0,0,1,2.5682673978031993,1
14939,1,0,1,1,2.5114296777483385,1
14940,2,1,1,1,2.463984016745778,1
14941,1,1,1,0,0.08065741632565349,0
14942,1,1,1,1,1.3224384417370199,0
14943,3,1,1,1,0.5236825728942298,1
14944,3,1,1,0,1.2531166459723995,0
14945,1,0,1,0,-0.26152374765397685,1
14946,2,1,1,1,0.6651460792866295,0
14947,1,0,0,1,-2.353224899212017,1
14948,2,0,0,0,-1.4606276453154383,0
14949,1,0,1,1,-0.9227039133194542,1
14950,3,1,0,1,2.383249473361404,1
14951,2,0,1,0,0.7607085705404358,0
14952,2,0,1,1,2.624665473475311,1
14953,3,0,0,0,-0.07804559893984941,0
14954,1,0,0,1,1.97843218135002,1
14955,1,0,0,0,-0.05202002287414775,1
14956,2,0,1,0,-2.1767986033908104,0
14957,2,0,0,1,0.6919523795703068,0
14958,2,0,0,0,1.1987180066193257,0
14959,1,0,1,0,-0.4595517331723233,0
14960,1,0,1,1,0.7920304669140878,1
14961,3,1,1,1,1.2777276453802444,1
14962,1,1,0,0,-inf,0
14963,2,1,1,1,-inf,1
14964,1,1,0,0,2.8354588402803573,1
14965,3,1,0,1,2.1738520745060383,1
14966,2,0,1,1,1.0179306716886192,1
14967,1,1,1,1,1.2580324706068309,1
14968,2,0,0,0,-0.6726224212476372,0
14969,2,1,1,0,0.6771259132176313,1
14970,2,1,0,0,-0.501823306752788,0
14971,1,1,1,1,1.2012833790970634,0
14972,3,0,0,1,2.640517833333758,1
14973,2,1,1,1,2.559873694699183,0
14974,1,1,1,0,-1.2266494966812842,0
14975,2,1,0,0,-inf,0
14976,3,1,0,1,2.0989608133568485,1
14977,2,1,0,1,-0.02018664157175194,1
14978,3,1,1,0,3.4293741821634747,1
14979,2,1,0,0,-0.6725140684605864,1
14980,2,1,0,0,2.5621587580399576,0
14981,3,0,0,1,-inf,0
14982,2,0,0,1,-0.04298362111296572,1
14983,1,1,1,0,0.4873342257568665,0
14984,3,0,0,0,1.2579720757872972,0
14985,3,1,1,0,-inf,1
14986,3,1,0,1,0.5370650219869284,1
14987,2,0,1,0,-inf,1
14988,2,0,0,0,0.2891562077897065,0
14989,1,0,0,0,-0.2228306187148196,0
14990,3,1,0,1,2.735839729541377,1
14991,2,1,0,0,2.31442515507104,0
14992,1,1,1,1,-0.7006739192954137,1
14993,1,1,1,1,-inf,0
14994,3,1,1,1,3.831205111219652,1
14995,1,1,0,1,1.668919197806042,1
14996,2,1,0,0,0.8469095656985262,0
14997,1,1,1,0,-2.026967363448344,1
14998,2,1,0,1,2.3339329214821625,1
14999,1,0,0,1,0.41353423451675386,0
15000,1,1,1,0,0.5777136655481009,0
15001,1,1,1,1,-0.20089284534130203,0
15002,1,0,1,1,2.588443986717396,1
15003,3,0,1,1,-inf,1
15004,2,0,1,1,2.2693906214962984,0
15005,1,0,1,1,0.6953170071797576,1
15006,3,0,1,0,1.2853479082973192,0
15007,3,1,0,0,1.5541520725631766,0
15008,2,1,1,1,1.577490288046629,0
15009,1,0,0,0,-0.22253384358506378,1
15010,2,0,0,0,-0.45926671214311665,0
15011,3,1,0,0,-inf,0
15012,1,1,0,0,-0.4613165736665538,0
15013,3,1,0,1,1.7264905833121251,1
15014,2,0,1,1,0.7435339520806995,1
15015,3,0,1,0,-0.25642416116932776,0
15016,3,1,0,0,2.178241285279793,1
15017,3,0,1,0,2.3650142328120607,0
15018,3,0,0,0,0.011407330844658836,1
15019,2,1,1,1,0.8945820404583389,1
15020,2,0,1,1,1.3440974146317988,1
15021,1,0,0,0,0.08852559346092,1
15022,2,1,1,0,2.0939949114893732,0
15023,3,1,0,0,-inf,0
15024,1,1,1,1,0.766132012446094,1
15025,3,1,0,0,0.6127916028336524,0
15026,2,0,0,1,1.1229122143151609,1
15027,3,1,0,1,1.2705251779976443,1
15028,2,1,0,0,0.31021364589993705,1
15029,1,0,1,0,-0.8363015472018815,0
15030,2,0,1,0,0.425427490369235,0
15031,2,0,0,0,0.13870339742594728,1
15032,2,0,0,1,0.8297127253705616,0
15033,2,1,0,0,-0.07296320901653003,0
15034,2,1,1,1,-0.03550905205906574,1
15035,2,1,0,0,-inf,1
15036,2,0,0,1,-1.700415746066409,1
15037,3,1,1,1,0.8925064523679627,0
15038,3,0,1,0,-inf,0
15039,2,1,1,1,3.1532023035294294,1
15040,1,1,1,1,-inf,0
15041,2,0,1,0,0.21724338741503585,0
15042,3,0,1,0,1.487153996761905,1
15043,3,1,1,0,2.429104538864036,1
15044,2,0,1,0,1.5894870219445858,1
15045,2,0,1,0,0.731933148544019,1
15046,2,0,0,1,-0.08906858271881618,1
15047,1,1,1,0,-1.5970957964652546,0
15048,3,0,1,1,1.3580015286944758,1
15049,2,1,1,0,-0.8968675113091882,0
15050,1,0,1,1,0.3090623605994358,1
15051,2,0,0,0,2.4468393052065625,0
15052,2,0,1,1,2.7358764414428,1
15053,1,1,1,1,2.2342881138836246,0
15054,3,1,0,0,0.19367206131791023,0
15055,3,0,0,1,1.1293560989426839,1
15056,3,0,0,1,-inf,1
15057,3,1,1,1,-inf,0
15058,3,1,0,0,-0.08996374382880812,0
15059,1,0,0,0,-0.48808002821402896,0
15060,1,0,1,0,1.3103429088254057,0
15061,2,1,1,0,-0.8955533618322898,0
15062,2,1,0,1,0.7536299835598975,1
15063,1,0,1,0,-2.4600246207646257,0
15064,3,0,0,0,0.5282474547319955,0
15065,3,1,0,0,-1.0113180015919219,1
15066,2,0,1,0,-0.7524101336476804,0
15067,2,1,1,1,2.5159995852042787,1
15068,2,1,1,1,3.346515868199301,1
15069,1,0,1,1,0.2843229240493592,1
15070,2,0,1,0,0.9164066961481767,1
15071,2,1,1,1,-0.1059011909288195,1
15072,3,0,0,0,0.4001333741225458,1
15073,2,1,1,1,1.6907272705451368,1
15074,1,1,1,1,1.2795710802736242,1
15075,1,1,1,0,-0.47558646621711836,0
15076,3,0,0,1,2.4215800223887345,1
15077,2,0,1,0,1.188290471567643,0
15078,1,0,0,1,1.317146837757961,1
15079,3,1,1,1,1.9232623598246674,0
15080,1,0,1,1,-0.1546669764797417,0
15081,1,0,1,0,-1.4980940002278595,0
15082,3,1,1,0,-inf,0
15083,2,0,0,1,-0.5214086189645138,0
15084,2,1,0,1,1.3151891766212969,1
15085,1,1,1,1,0.8222697511794955,1
15086,1,0,0,0,-inf,0
15087,2,0,0,1,-1.8385404297847716,0
15088,1,1,0,0,-inf,0
15089,1,0,1,1,2.6550345388382524,1
15090,2,0,0,1,0.35604452874992076,1
15091,1,1,1,0,0.1684307328811233,0
15092,1,1,1,1,1.6526516290381619,1
15093,2,1,1,0,-2.8047836559222104,0
15094,2,0,1,1,1.8560584100877244,1
15095,2,1,0,0,-1.0929407887662332,1
15096,2,0,1,0,2.1369649445318513,0
15097,3,0,0,0,1.2962676124388783,0
15098,1,1,1,1,3.666423805206602,1
15099,3,0,1,1,0.2537268270355528,0
15100,1,0,0,0,-1.8455916190697095,0
15101,2,0,0,1,0.7995699678793915,1
15102,3,1,0,1,1.7311064646792917,1
15103,2,0,0,0,-0.3450265207116182,1
15104,3,0,1,1,3.3074618489835257,1
15105,3,1,1,1,2.301998836576058,0
15106,1,1,0,0,-inf,0
15107,1,0,0,0,-2.129235646176898,0
15108,3,0,0,1,1.074846499351814,0
15109,3,0,0,1,1.6782528798657137,1
15110,1,1,0,1,-inf,1
15111,2,1,0,1,0.9665608408624705,1
15112,2,0,0,0,0.26188546214324687,0
15113,3,1,0,1,-0.13030007651245834,1
15114,2,1,1,0,1.892188258145715,0
15115,1,1,0,1,0.6864137641210206,1
15116,1,0,0,1,0.6770721767731402,1
15117,1,0,1,0,1.6724855167272217,0
15118,3,0,0,0,-inf,0
15119,3,0,0,0,1.4450130067202354,1
15120,2,0,1,1,-inf,0
15121,3,1,0,1,1.9619956689005846,1
15122,2,1,1,1,0.41272247644329596,1
15123,3,1,0,1,-inf,1
15124,2,1,0,0,-1.491389008526355,0
15125,2,0,0,0,0.1949490609226182,0
15126,1,1,0,0,-1.192185839524625,0
15127,2,1,1,1,1.209041847607348,0
15128,3,1,0,1,1.9847318805758145,1
15129,2,1,0,1,-0.7659731693968971,1
15130,2,0,0,0,3.1743473749699262,0
15131,2,0,0,0,0.413501619450015,0
15132,2,1,0,1,-0.19095691168655898,0
15133,3,1,0,1,-0.3026770449207352,0
15134,3,1,0,0,0.39024322786026866,0
15135,2,1,1,1,0.7187320752303725,1
15136,2,0,1,1,1.4479144803066255,1
15137,3,1,1,1,1.428981969761364,1
15138,2,0,0,0,1.3983074058828855,0
15139,1,1,1,0,-0.6384317032512581,0
15140,3,0,0,1,0.35056657122420226,1
15141,2,1,0,0,1.0004867179632075,0
15142,1,1,0,1,-inf,1
15143,3,0,0,0,-0.08110322895441899,1
15144,3,1,0,0,0.45970702356531423,0
15145,2,1,0,1,-0.4158074834462059,1
15146,1,1,0,1,-0.5224022925939575,1
15147,2,1,0,0,-3.2971373211145094,1
15148,3,0,1,0,2.3521418320503455,1
15149,3,1,0,0,0.4157055018152918,0
15150,2,1,0,1,-inf,1
15151,2,1,0,0,-0.48434598565065645,0
15152,2,1,0,1,-0.025405097351849593,0
15153,2,1,1,0,-1.303475446965625,0
15154,3,1,0,1,0.9315572422697647,1
15155,1,1,1,0,-1.203209697501675,1
15156,2,1,1,1,1.5697300714499856,1
15157,2,0,0,0,-0.6876930902622462,0
15158,1,1,1,1,0.9997439497304875,1
15159,2,0,1,0,0.8086196476665279,1
15160,2,1,1,1,1.3648153309943054,1
15161,1,1,0,1,-0.7604390418324012,1
15162,1,0,1,1,-0.18671318039389118,0
15163,3,0,0,0,1.225263840787349,1
15164,2,0,1,0,0.8233263768644434,0
15165,1,0,0,0,-0.9669383921827089,0
15166,1,0,1,0,-0.15950555433242994,0
15167,2,1,1,0,-0.08281012681521371,1
15168,1,0,0,0,-1.63506351571744,0
15169,1,0,1,1,2.042035713197536,0
15170,3,0,0,0,-inf,1
15171,2,1,0,1,-1.987243901585426,1
15172,1,1,0,1,0.46110463059068924,1
15173,2,1,0,0,-0.044832840726614864,0
15174,1,1,1,1,1.4609829291388376,1
15175,1,0,0,0,-1.532672697018076,1
15176,1,1,1,1,1.7537730724181624,1
15177,3,0,0,0,-0.3396035518972468,1
15178,2,0,0,0,-inf,0
15179,2,1,0,1,-inf,1
15180,2,0,1,1,1.5570997743094632,0
15181,2,0,0,0,0.1977911212208351,0
15182,3,1,0,0,1.3955060014730751,0
15183,3,1,1,1,1.0432348488903622,0
15184,1,1,0,0,-3.815425507302868,0
15185,1,1,0,0,-0.39036878735918346,1
15186,2,0,0,1,1.7070074169703644,1
15187,2,0,1,1,0.2685144884229079,1
15188,2,0,1,1,1.7505354524802803,0
15189,3,0,0,1,2.294043614439606,1
15190,1,0,1,0,0.8344369137119887,1
15191,2,1,1,0,2.1760346653523093,1
15192,3,0,1,1,2.8495605308516248,1
15193,1,1,1,1,-0.6346464456826724,1
15194,2,1,0,0,-1.1887320743859862,1
15195,2,0,0,1,2.108688055353161,1
15196,1,0,0,1,2.0707156011384864,0
15197,2,1,0,0,-0.9571159273977288,0
15198,3,0,1,0,0.43562435955765927,0
15199,2,1,1,1,1.9819168125595734,1
15200,1,1,1,1,-0.02118261383239349,1
15201,2,1,1,1,1.561273183294496,1
15202,3,1,0,1,2.689447203734857,1
15203,2,0,0,1,2.165346530519456,1
15204,1,1,0,1,1.9615933679069129,1
15205,1,0,1,0,-0.2625783592546008,0
15206,1,0,1,1,-inf,0
15207,3,0,0,0,0.1281495648610409,0
15208,2,0,0,0,1.7225360005736987,1
15209,1,1,0,0,-1.34981306245325,0
15210,2,0,0,0,2.480471253891199,0
15211,1,1,1,0,0.37420650288013524,0
15212,1,0,0,1,-0.1884313082711493,0
15213,3,1,0,1,0.9292103134679845,1
15214,1,0,0,1,0.4398935381906812,1
15215,2,0,1,0,-0.6815429860468851,0
15216,2,1,1,0,0.2237125478598077,0
15217,3,1,0,0,-0.7674079999114876,1
15218,2,1,0,0,-1.6556098478693704,0
15219,2,0,0,1,1.2971669232004235,1
15220,3,1,0,0,1.1211280276182163,0
15221,3,0,0,0,-inf,0
15222,1,0,1,1,-0.24952293580400436,1
15223,2,1,0,1,0.1744248164417066,1
15224,3,1,0,0,-0.4773703775319426,0
15225,1,1,1,1,2.100728771400601,1
15226,3,1,1,1,2.3752722451253074,1
15227,2,1,1,1,2.783071684029644,1
15228,1,0,0,0,-1.4950211549733283,1
15229,2,1,1,1,2.6331831856943877,1
15230,3,0,1,1,-inf,1
15231,2,0,0,1,0.35244459073060513,1
15232,3,0,1,0,5.003244713453417,1
15233,3,1,0,1,-inf,1
15234,3,0,1,1,2.0557674535958284,0
15235,1,1,1,1,-inf,1
15236,3,0,1,0,1.4116577798381207,0
15237,3,0,0,1,4.861083589366481,1
15238,3,1,0,1,2.198259159380818,1
15239,1,0,0,1,-0.49729999122189095,1
15240,3,0,0,0,-0.5668594522921233,1
15241,3,0,0,1,2.6317431983917947,1
15242,1,0,1,0,0.843701932785823,1
15243,3,1,0,0,-1.7668662218459599,1
15244,3,1,0,0,-inf,1
15245,1,0,0,0,-0.36804775432294445,0
15246,2,0,1,0,0.16397692679148823,1
15247,3,1,0,1,1.734824935693832,1
15248,1,0,0,0,0.3694145972858258,0
15249,2,0,0,1,-inf,0
15250,1,1,0,0,-0.9613493125939154,0
15251,2,0,0,0,-1.6634651651244015,0
15252,1,0,1,1,2.8487527548473652,0
15253,3,1,0,1,0.944911378987257,1
15254,2,0,0,0,-0.5619712542531516,0
15255,3,1,0,0,-1.362960820118676,1
15256,2,1,1,1,2.887671030928531,1
15257,2,0,0,1,1.1334891506790352,1
15258,1,0,1,0,-0.5012148139439638,0
15259,2,0,1,1,1.1509702021144925,0
15260,2,1,0,1,0.04414890429295062,0
15261,3,1,1,1,2.3881681867753874,1
15262,2,1,0,0,0.6431129374134414,1
15263,2,0,1,1,1.6768278036050603,0
15264,1,0,0,1,-0.38977180225743135,1
15265,2,1,1,1,1.069157142271593,1
15266,2,1,1,0,-0.07716979447978733,0
15267,1,0,0,1,1.8332716865463965,1
15268,2,0,0,1,0.04043245063693579,1
15269,3,1,1,1,2.686406702531161,1
15270,3,0,1,1,0.492690306535861,1
15271,1,1,1,1,1.021903656852985,1
15272,1,1,0,0,0.35200224091876675,1
15273,1,1,0,0,-inf,1
15274,2,1,1,1,2.898032670419551,1
15275,1,1,0,0,-inf,0
15276,3,1,0,1,2.2726308195427247,1
15277,3,1,0,1,2.8038640342644765,1
15278,2,0,1,0,-inf,1
15279,2,0,0,0,0.824845483857775,0
15280,1,1,0,0,-1.8059408978558136,0
15281,2,0,0,1,0.35755942267096263,0
15282,3,1,0,1,1.5562044729567308,1
15283,2,0,1,1,1.5087780189460607,1
15284,1,1,1,1,0.3377642607302649,1
15285,2,0,0,0,0.5494397852461866,0
15286,1,0,1,1,-inf,0
15287,2,0,1,1,2.969002667650675,1
15288,3,1,0,1,0.01276910799583364,1
15289,3,1,0,0,-inf,0
15290,1,1,0,1,-inf,0
15291,3,1,0,1,2.3712943205377477,1
15292,1,0,1,1,0.5442503033401774,1
15293,2,1,1,1,2.335781439057321,1
15294,1,1,0,0,-0.018597100026757185,0
15295,2,0,0,0,-1.8959715396950516,1
15296,1,0,0,0,-0.7049589435228103,1
15297,3,0,0,0,0.5988397567272543,0
15298,2,0,0,1,-inf,1
15299,3,0,1,1,-inf,1
15300,3,1,0,0,2.4951037791762727,1
15301,2,1,0,0,-0.7665913210895483,0
15302,3,0,1,0,1.756640951244773,0
15303,3,0,0,0,-0.10042991043810556,0
15304,2,1,0,0,-0.5483017194023212,0
15305,2,1,0,1,3.0119785132449612,1
15306,2,0,0,1,1.2743785267702332,1
15307,1,0,1,0,-0.8584209483110231,0
15308,2,0,1,0,0.9610925145081525,0
15309,1,1,0,1,0.4690516808049272,1
15310,3,0,1,1,2.0189437356851574,1
15311,2,1,0,1,0.8581682702314417,0
15312,1,1,0,0,-0.2906287258030751,1
15313,2,1,1,0,-1.1140794752733822,0
15314,2,1,0,1,1.4619379819324985,1
15315,3,1,0,0,-1.5255814340037426,1
15316,1,0,1,0,1.438064045869352,0
15317,2,1,1,0,2.491952969742269,0
15318,1,1,1,0,0.7447576680514383,0
15319,1,1,0,0,-1.8519972545536727,0
15320,3,0,1,0,2.536985415408944,1
15321,1,1,0,1,0.19662963198094596,0
15322,2,1,0,1,2.2611322517329855,1
15323,2,0,0,1,0.6340004807466101,1
15324,1,0,0,1,-inf,1
15325,1,1,1,0,-1.6669959518796316,0
15326,2,1,0,1,2.0541959446502602,1
15327,1,1,0,0,0.5899501073459791,0
15328,2,1,1,0,1.2661421595986395,0
15329,1,0,1,1,1.1257103323935573,1
15330,2,0,1,1,4.236775546725259,0
15331,1,1,1,0,-inf,0
15332,1,0,0,1,-1.0487474431390376,1
15333,1,1,1,1,-inf,1
15334,1,1,1,1,-inf,0
15335,3,1,0,1,2.593565108720018,1
15336,2,0,0,0,0.16677637718338187,1
15337,1,0,0,0,0.8183328037656178,0
15338,2,1,1,0,-inf,0
15339,3,1,0,0,-0.6401874354899957,0
15340,3,1,0,0,0.7155897692654865,0
15341,2,1,0,1,-0.6807079092725992,0
15342,2,0,1,1,1.2432104115651816,0
15343,3,1,1,0,-inf,1
15344,3,0,1,1,1.8415874508610868,0
15345,2,0,0,0,0.4644984649781069,1
15346,2,1,1,1,2.0808620639223916,1
15347,1,0,1,1,-inf,1
15348,2,1,0,0,-0.29361487119473983,0
15349,3,1,0,0,2.280950160940888,1
15350,3,0,1,1,2.471551351291595,1
15351,2,0,0,0,-0.010298237309206537,0
15352,2,0,0,0,0.1842272619679044,1
15353,1,1,0,1,0.395272772706726,1
15354,1,0,1,1,1.5673671910957385,1
15355,2,0,1,1,-inf,0
15356,1,1,1,1,0.9636435111985568,1
15357,2,1,0,0,1.3090455946517725,0
15358,1,1,0,0,0.45425908561361306,1
15359,2,0,1,0,-1.6631036781393662,1
15360,2,1,0,1,1.8317681491983264,1
15361,2,1,0,0,0.9636626067128098,0
15362,2,1,1,1,1.3817427546328922,1
15363,2,1,0,0,-0.3281573159508033,0
15364,3,0,1,1,3.230462812280953,1
15365,2,0,0,0,0.8532032413915113,0
15366,1,1,1,0,0.9452753751161987,0
15367,1,0,0,1,-inf,0
15368,3,1,0,0,0.3227248485682679,1
15369,1,0,1,0,-inf,1
15370,3,0,1,0,2.0954581610451792,0
15371,1,1,0,1,1.976595077694739,1
15372,3,1,1,1,2.601238910094231,1
15373,2,0,0,1,-0.928820407576442,0
15374,3,0,0,1,3.274651605961453,1
15375,1,1,1,1,1.945972063485813,0
15376,3,1,0,0,-0.441623210232646,0
15377,3,0,0,0,2.8077649981312502,1
15378,3,0,0,0,-inf,0
15379,2,0,1,0,1.0708094829195791,0
15380,2,0,0,0,0.9612236200122847,0
15381,3,1,0,0,0.8951465431134581,0
15382,1,0,1,1,1.3846419669963832,1
15383,1,1,1,0,-1.93618926644564,0
15384,2,1,1,1,1.985875149058148,1
15385,2,1,1,1,3.172262283606707,1
15386,1,0,1,1,2.077229403471103,0
15387,2,0,0,1,1.103910451459837,1
15388,2,1,0,0,-1.639072960588869,0
15389,1,0,1,0,-0.6838021979274749,0
15390,3,0,1,1,2.348369729805027,1
15391,3,0,0,0,-0.20166353048267804,1
15392,1,1,0,0,-0.16586623269705716,0
15393,1,1,1,0,0.13505855090072255,1
15394,3,1,1,0,2.8419650771522686,0
15395,2,0,1,1,0.835684972997439,1
15396,2,0,1,1,0.4789533473645765,1
15397,1,1,0,0,-1.0902248089578233,0
15398,2,0,0,0,-1.9813773849685525,0
15399,1,1,1,1,1.3286872145611492,0
15400,3,0,0,0,-0.18680411062938984,0
15401,3,0,0,0,1.2721152540699996,1
15402,3,0,1,0,1.052652752623105,0
15403,3,0,1,0,1.8997454880685791,1
15404,1,1,0,0,-1.581155558561741,1
15405,2,1,1,0,1.6579814136742876,0
15406,2,1,1,0,-1.171354539399497,0
15407,3,1,1,1,1.7807752373102073,1
15408,3,1,1,0,1.3984968851488606,0
15409,3,1,0,1,1.3528907822833665,1
15410,2,1,0,1,-inf,1
15411,2,0,0,1,-inf,1
15412,1,0,1,0,1.0145671262380032,1
15413,3,1,0,1,-0.8516256559165771,0
15414,2,0,1,1,1.632387967434713,0
15415,2,1,1,1,1.9516833106618385,0
15416,1,0,1,1,0.14725130440892342,1
15417,3,0,0,1,-inf,0
15418,2,0,1,1,3.530854454562968,1
15419,1,1,1,1,0.07358533971102255,0
15420,3,1,1,1,-inf,1
15421,2,1,0,0,-0.9080438739348234,0
15422,1,1,1,0,-0.5471029517948873,1
15423,2,0,1,0,3.086399502927013,0
15424,1,1,0,1,2.2892196826548368,1
15425,3,1,0,0,1.7772783620879942,0
15426,2,1,1,1,2.7405170143781596,1
15427,2,0,1,1,1.7107480835546962,1
15428,3,1,1,0,-0.4263920057663463,0
15429,1,0,0,1,0.7213403844573548,1
15430,3,0,1,0,-inf,0
15431,3,1,0,1,1.3692118286361343,1
15432,2,1,1,1,1.183961096241574,1
15433,2,1,0,0,-0.7677595020430854,1
15434,2,1,0,0,-0.6500679871575727,0
15435,1,0,0,0,-inf,0
15436,3,0,1,0,2.0653167113836832,1
15437,2,0,1,0,0.5937988611392662,0
15438,3,1,0,1,0.5984859665918623,1
15439,3,1,0,0,-3.0021892556307366,0
15440,2,0,0,1,0.516426666529489,1
15441,3,0,0,0,1.187520065003612,0
15442,2,1,0,0,-inf,0
15443,2,0,0,0,-2.3486264035140305,0
15444,3,0,0,1,2.569722458301145,1
15445,2,1,0,0,-0.9626272864907064,0
15446,2,0,0,0,-1.0175728829270432,0
15447,1,1,0,0,-1.8712383077185781,1
15448,3,0,1,1,1.6978420726734451,1
15449,3,1,0,0,-0.8684582472658139,0
15450,2,0,1,0,2.419407235304554,1
15451,3,1,1,0,1.5402217354433392,0
15452,3,1,0,0,1.2746925035665329,1
15453,2,1,0,0,-1.6862499077835402,1
15454,2,0,0,0,0.16650624964232064,1
15455,1,1,0,1,-0.25921945125491586,0
15456,2,1,1,1,0.45603317159922474,0
15457,3,0,0,1,1.2085129795872538,1
15458,1,0,1,1,2.1875775913397897,1
15459,2,0,0,0,1.4347842776467088,1
15460,2,0,1,0,-0.05755206064431756,1
15461,1,0,1,1,0.3084887619916368,1
15462,3,0,0,0,0.8287640247239826,0
15463,3,1,0,0,-inf,0
15464,1,1,1,0,-0.4988184641907671,0
15465,2,1,0,0,-0.14399603699129748,0
15466,1,1,1,0,1.664487219449578,1
15467,2,0,1,1,4.902336412046333,1
15468,2,0,0,1,0.3594014314368533,0
15469,3,0,1,1,2.04501270668748,1
15470,3,1,1,0,2.3056949806756135,0
15471,2,1,0,0,-0.4672326833457702,0
15472,2,0,0,0,-inf,0
15473,1,1,1,0,-0.37629756793330804,1
15474,2,0,0,1,-0.3198737472880654,1
15475,1,0,0,0,1.1175208492371973,0
15476,2,0,1,0,1.8722078127241755,0
15477,1,0,1,0,-inf,0
15478,2,0,1,1,1.8518463149778996,1
15479,2,0,0,1,-0.2567665124044021,0
15480,2,1,0,1,1.9152669829451205,1
15481,2,1,1,1,1.219595002931073,1
15482,2,0,0,0,-2.0489856175310686,0
15483,3,0,1,0,0.06510283589511423,0
15484,3,1,0,0,-0.2696430195055589,0
15485,2,1,1,1,3.09999440145603,0
15486,3,0,0,1,3.486595928690221,0
15487,1,0,1,0,1.1051685393788744,0
15488,2,0,0,0,-1.1110340123114748,1
15489,2,0,0,0,-0.6985507292347501,1
15490,2,1,0,0,-1.6553576423846403,0
15491,3,0,0,0,0.3410529654324103,0
15492,3,1,1,0,1.091186569013729,1
15493,2,1,0,0,-0.8238923641265048,0
15494,3,0,0,1,0.36698654329083674,0
15495,2,1,0,0,-0.3346433505971146,0
15496,3,0,0,1,2.1870308886543843,1
15497,2,1,1,1,1.6773417863288373,1
15498,2,0,1,1,1.691436190167876,1
15499,2,1,0,1,2.7749596860010275,1
15500,1,0,1,1,2.5222025421721934,1
15501,3,0,1,0,-0.9547742279375374,1
15502,1,0,0,1,1.5214140732524655,1
15503,3,0,0,1,1.3866526445467553,0
15504,2,1,1,0,-1.0149658308992804,1
15505,3,1,0,1,-0.14996200233832058,1
15506,2,1,1,0,0.6407726563200637,0
15507,2,1,0,1,-1.1605221163349086,0
15508,3,0,0,1,3.766325059024066,0
15509,3,0,0,1,4.523598446676114,1
15510,3,0,0,0,2.0731087786712927,1
15511,3,1,1,1,2.1060443577778636,1
15512,3,0,0,1,1.1151516837307152,1
15513,1,0,1,0,-0.4662594773669541,1
15514,3,1,0,0,0.8233711957134079,0
15515,3,0,1,1,3.249773061164775,1
15516,3,1,1,1,4.628211700699378,1
15517,3,0,1,0,-inf,0
15518,3,1,0,1,2.3266046229968604,1
15519,2,0,0,1,-inf,1
15520,3,0,0,0,-1.3951901992056217,0
15521,2,0,1,1,2.7284523659051945,0
15522,2,0,0,0,-0.37779284387676554,0
15523,2,0,1,1,-inf,1
15524,3,0,1,0,1.7312075895478856,0
15525,2,0,1,0,-0.12176566239871825,1
15526,2,1,0,1,1.232332564556401,1
15527,2,1,0,1,0.9411962026466836,1
15528,3,0,0,0,-inf,1
15529,1,1,0,1,-0.6167560081152601,0
15530,2,0,1,0,1.730579544105458,0
15531,1,1,1,1,-inf,1
15532,3,0,1,1,1.6391762208463934,1
15533,1,1,1,0,0.18306704391602552,1
15534,1,1,0,1,0.7418631249988743,1
15535,1,0,0,1,-inf,1
15536,3,1,0,0,-0.21131548607661038,0
15537,1,0,0,0,-0.7836211917570433,0
15538,1,1,0,0,-1.1036796220319256,0
15539,3,0,0,1,-1.6446840448509485,0
15540,1,1,1,0,-0.7103097909141318,0
15541,1,0,1,1,0.5318507443245233,1
15542,2,1,1,1,-0.43476831026675017,1
15543,3,0,0,0,-0.48369495842216026,0
15544,2,0,0,1,1.6153788858600826,1
15545,1,1,1,1,1.1583355412154182,1
15546,2,1,0,1,0.9489139180935925,1
15547,2,1,0,1,0.02008141619122733,1
15548,3,0,0,0,0.787900490095222,0
15549,2,1,1,0,-0.43748297242452683,0
15550,1,0,1,1,0.485918633728318,1
15551,1,0,0,0,-2.191216626362116,0
15552,2,0,0,1,2.0666784876775077,1
15553,1,1,0,1,-2.109044979035241,1
15554,1,1,0,1,-0.9790910312571093,1
15555,2,0,0,0,-0.6534593456656794,0
15556,2,0,0,0,0.4562891256530779,1
15557,2,1,0,1,2.544349416416819,1
15558,2,0,0,1,1.521500731437154,0
15559,1,1,0,0,-inf,1
15560,2,1,1,1,0.26473661593635567,0
15561,2,0,1,0,2.817849213623007,0
15562,2,1,0,0,-inf,0
15563,2,1,1,1,-1.5043963417092157,1
15564,2,1,1,1,2.19609731816722,1
15565,1,0,1,0,0.9377368245562976,0
15566,2,0,0,0,-inf,0
15567,3,1,0,1,-inf,0
15568,3,0,0,1,2.5336485567546183,0
15569,2,1,0,1,3.2351224107670027,1
15570,1,1,1,1,-inf,1
15571,1,0,1,0,0.15294202778868582,0
15572,3,0,1,0,1.9373585199626022,0
15573,3,1,0,1,1.9636806692569373,1
15574,1,0,0,1,0.930603991692202,1
15575,2,0,1,0,1.383414408117121,0
15576,2,1,0,1,-inf,1
15577,2,1,0,1,0.8777598062310833,0
15578,3,0,1,1,3.0133225825084207,1
15579,3,0,1,0,1.0717216402784633,1
15580,1,0,1,0,1.0179028608183363,1
15581,2,0,1,1,0.4329963852257672,1
15582,1,0,0,1,0.3787198978781833,0
15583,2,1,0,0,1.002790073716496,0
15584,2,1,1,1,2.8902804223431864,1
15585,1,1,1,0,-1.1022210374931234,0
15586,1,1,0,0,-0.19470970596311665,0
15587,2,1,0,1,-0.4320185311530391,1
15588,2,0,0,0,-2.2341716977559676,0
15589,2,1,0,0,-inf,0
15590,2,0,1,1,-inf,1
15591,1,1,1,0,-1.1587459579108108,0
15592,2,0,0,1,1.2302672452073067,0
15593,3,0,1,0,1.2612205138509474,1
15594,1,1,0,0,-1.502062904927858,0
15595,1,1,0,0,-1.0951423025936844,0
15596,1,0,0,0,1.4706752986309484,0
15597,3,0,0,0,-inf,0
15598,1,1,1,1,0.5846383901892849,1
15599,2,0,0,0,2.3465918294206842,1
15600,3,0,0,1,2.688469305066059,1
15601,1,0,1,0,-1.4728661531170875,0
15602,2,1,0,0,-inf,1
15603,1,1,0,0,-0.9860083673642265,0
15604,3,1,1,0,1.8806391371016238,0
15605,1,0,1,1,-0.9519727925111199,1
15606,2,0,1,0,0.40984227452079075,0
15607,2,1,1,0,0.8236530503262952,0
15608,3,0,1,0,2.075843200522117,1
15609,1,1,0,0,-1.4884211627531692,1
15610,2,1,0,1,0.8045859800998002,0
15611,2,1,0,1,2.7531030130864194,1
15612,3,1,0,0,0.02503988424372905,0
15613,1,1,1,1,0.32144516321405014,1
15614,1,1,0,1,1.30827095518654,0
15615,2,1,1,0,2.1439228540636748,1
15616,3,0,1,1,2.7807209661296195,0
15617,2,0,0,1,1.0764824516697427,0
15618,1,0,1,1,0.3910958574557828,1
15619,2,0,1,0,-inf,0
15620,1,0,1,0,-inf,1
15621,1,1,1,0,-0.061810507542654804,0
15622,2,0,1,1,3.043520963187423,1
15623,2,0,1,1,1.541950741904117,1
15624,3,0,0,0,-1.4657683851599115,0
15625,2,0,1,0,-inf,1
15626,2,1,0,0,-inf,1
15627,3,1,1,0,-0.3549186472023952,0
15628,1,1,0,0,-0.22219649192014318,0
15629,2,0,0,0,-0.4113565317059406,1
15630,3,1,0,1,0.7932740977248292,1
15631,2,0,1,1,2.674240957004896,1
15632,1,1,0,0,-0.9484174080424187,0
15633,1,1,1,0,-inf,0
15634,3,1,0,0,0.7977262596776572,0
15635,2,1,0,1,1.5043631424495898,1
15636,2,0,1,1,0.9071181166658161,1
15637,1,1,1,1,2.492362461636601,1
15638,1,0,1,1,-0.9610691991252474,1
15639,2,0,1,0,-inf,1
15640,2,0,1,1,1.5959661147603834,1
15641,1,0,1,0,-0.5665132842195977,0
15642,2,1,1,1,2.107850402629077,1
15643,1,1,0,1,-1.3774979949013724,0
15644,3,1,0,0,-0.07708349630537714,1
15645,2,0,0,0,0.8017216125242508,0
15646,2,0,0,0,0.18772705271607137,1
15647,1,0,0,0,-inf,0
15648,3,0,0,1,0.8765044723001227,1
15649,1,1,0,0,-3.7607847517363053,0
15650,2,1,1,0,2.9428278435613064,0
15651,3,0,0,1,-0.1792648405322752,0
15652,2,0,0,0,-0.6492540743109046,0
15653,1,0,1,1,1.3116856796212306,1
15654,1,0,1,0,0.7668775714997038,0
15655,3,0,1,1,2.779783817534806,0
15656,1,1,1,1,-inf,0
15657,3,0,0,1,1.5813686475690574,1
15658,1,0,0,0,-1.0402672139204752,1
15659,1,1,1,1,-0.08008179742146265,1
15660,3,1,1,1,1.6557284093306925,1
15661,2,0,0,0,-0.6481007866735943,0
15662,2,0,1,1,2.709171633748099,1
15663,3,0,0,1,-0.19477825900817713,1
15664,1,1,1,1,-inf,1
15665,1,0,1,0,-0.10305310457381944,1
15666,2,0,1,1,-1.0230015146962765,1
15667,3,1,1,1,4.2049543325705905,1
15668,1,1,1,1,1.0343322494232483,1
15669,1,0,0,1,0.06511361500722179,0
15670,2,0,1,1,-inf,1
15671,3,1,0,1,2.0415083866919868,1
15672,3,1,1,1,2.690635828231977,0
15673,3,0,0,0,2.841177442355739,1
15674,3,0,0,1,1.018603488453353,1
15675,2,0,0,1,-0.02191183579261513,1
15676,1,0,1,1,1.5827812876897098,0
15677,2,1,1,1,2.226224935567241,1
15678,2,1,0,1,1.1046479265577924,1
15679,1,0,0,0,-1.6252606127763012,0
15680,2,0,0,0,-1.4168332074355523,0
15681,1,1,0,0,-1.6018737611410412,0
15682,1,0,1,0,0.7800418945636445,1
15683,3,1,1,1,2.955685052238157,0
15684,1,0,1,0,1.0977947765337888,1
15685,3,1,0,0,2.1340005505961526,1
15686,2,0,0,1,0.443469941542272,1
15687,2,1,1,0,0.5838543813169899,1
15688,2,1,0,1,-1.0510445625605214,0
15689,3,1,0,0,0.5602645250970932,0
15690,1,0,0,1,-0.22473403142144255,1
15691,2,0,0,1,0.839897695843342,1
15692,2,0,1,1,0.969900358781262,1
15693,3,0,0,1,-inf,1
15694,2,0,1,1,0.6547043720036809,1
15695,2,0,0,0,0.7174536355366644,0
15696,1,0,0,1,0.9649515229509289,0
15697,1,0,0,1,1.5017970863117933,1
15698,3,1,0,1,1.776598762235128,1
15699,2,1,0,1,2.4726959400758557,0
15700,1,1,0,0,-1.6624115023945714,0
15701,3,1,1,0,-0.12880710101193982,1
15702,1,0,0,0,-0.24632187793170485,1
15703,2,1,0,0,-1.6247299667023336,1
15704,1,1,0,0,-inf,0
15705,1,1,0,0,-1.6318658251305014,0
15706,2,0,0,0,0.49503429421196027,0
15707,3,1,0,0,-1.1532999065159095,0
15708,3,1,0,0,-0.7359097448431362,0
15709,3,1,0,1,1.4991281935183218,1
15710,2,1,1,0,-0.3624930731960255,1
15711,1,1,1,0,0.6181329866827738,0
15712,3,0,1,0,0.8896037454204049,0
15713,3,0,0,1,1.210358181930644,0
15714,2,1,1,1,3.197791070602206,1
15715,1,1,1,1,-0.6967356563952887,1
15716,2,1,0,0,-inf,0
15717,1,0,1,0,2.2129911458067504,0
15718,1,1,1,1,1.8110894491242187,1
15719,2,0,1,1,2.1746548226877174,1
15720,3,1,0,0,1.8154177099553885,0
15721,2,0,0,0,0.6374861566580654,0
15722,2,0,1,1,1.487957424542522,1
15723,3,1,1,1,1.8768531106123416,1
15724,2,1,0,0,0.7035782538945549,0
15725,3,0,0,1,1.9317651529158548,1
15726,3,1,1,1,3.6809534810495554,1
15727,3,0,0,0,-inf,0
15728,2,1,0,1,2.6771785626977844,1
15729,2,0,0,0,0.7257015607508299,0
15730,1,0,1,0,0.5342010045806957,0
15731,3,0,1,0,1.070546881215895,0
15732,1,0,1,0,-1.2487521853748853,0
15733,3,0,0,0,-inf,1
15734,3,1,0,0,-0.36598739369900835,0
15735,2,0,0,1,1.1566578606962892,1
15736,1,0,1,0,-2.2214418163380123,0
15737,3,0,0,0,-0.13114930411980774,0
15738,3,1,0,1,0.7532996095866215,1
15739,2,1,0,1,0.338491929334759,0
15740,1,1,0,0,-2.781560475901767,0
15741,2,1,0,1,0.9556338587059139,0
15742,1,1,1,0,-1.3486329783107518,0
15743,3,1,0,1,2.910639898680412,1
15744,1,0,1,0,0.1921369780316821,1
15745,2,0,1,1,1.430011755873411,1
15746,2,0,1,1,3.428761357849188,1
15747,3,0,0,1,1.4350762090403526,1
15748,3,1,1,1,1.6714697147594477,1
15749,3,0,1,0,2.2778330218351126,1
15750,2,0,0,0,0.3151163313443336,0
15751,2,0,0,0,-1.3607161335481757,0
15752,3,1,1,1,1.9910706542917889,1
15753,3,0,1,1,1.5578914704976699,1
15754,2,0,0,1,2.937475903568742,1
15755,2,1,1,0,0.426936855884937,0
15756,1,0,1,1,2.3120646835877574,1
15757,2,1,1,1,0.09417718191743059,1
15758,1,0,0,1,-inf,1
15759,2,1,1,1,1.4521589524902856,1
15760,2,0,1,1,-0.013643346059411088,1
15761,3,1,1,0,3.3239100621890527,0
15762,2,1,0,0,-0.10726295089842453,0
15763,1,1,0,1,1.2283939745897716,1
15764,1,0,0,0,-0.5036071752448603,0
15765,1,0,0,0,-3.5512503384761573,0
15766,2,1,1,1,0.569147536139055,1
15767,2,1,1,1,2.0179042871674424,0
15768,1,0,1,1,1.7149170513566245,1
15769,2,0,0,1,1.966604983362072,1
15770,2,0,1,1,0.8490073638281517,0
15771,2,0,0,0,-inf,1
15772,2,1,0,1,-0.25395906471463814,1
15773,3,0,1,0,0.8825075644489884,0
15774,3,0,0,1,1.661679798949945,0
15775,2,0,0,0,1.9754598683344131,0
15776,1,0,0,0,0.4020214266580362,0
15777,1,1,0,0,-2.7906235530590404,0
15778,3,1,1,1,0.8786193269355698,1
15779,3,1,0,1,0.8114162930463888,1
15780,3,1,1,1,1.7136837847457198,1
15781,1,0,0,1,0.8265330266279347,0
15782,2,1,1,0,-1.5835385781001128,0
15783,3,0,0,0,-inf,0
15784,3,1,1,0,0.022765246486608826,1
15785,1,0,1,1,1.9245257563226268,1
15786,3,0,0,0,1.5880469332917704,0
15787,1,1,1,1,0.45898132862720764,1
15788,3,0,0,1,-0.19421873856525218,0
15789,3,1,1,1,2.1537988967636585,1
15790,3,0,0,1,0.10186244955990005,1
15791,3,0,1,1,2.750592301635338,1
15792,2,0,0,0,0.15060921201048338,0
15793,2,1,0,1,-inf,1
15794,2,0,0,0,-inf,1
15795,2,0,1,0,2.841832288079984,0
15796,3,1,1,1,2.4662977084736077,1
15797,2,1,1,0,-0.6982745045077517,0
15798,2,1,0,1,1.0156595719606192,1
15799,1,0,1,0,1.93324323404343,1
15800,2,0,0,1,-inf,1
15801,3,0,0,1,1.0021525397000381,1
15802,2,1,1,0,0.44445391240668514,0
15803,2,1,0,0,-2.443546981655772,1
15804,2,0,0,0,0.39228603138877616,0
15805,3,1,0,1,-2.0965276925784515,1
15806,1,1,0,1,1.6968052759135515,1
15807,1,1,1,1,0.2242546589797616,1
15808,1,1,1,1,3.0882731131633707,0
15809,2,0,0,0,-0.3474115524137399,1
15810,3,1,0,1,3.391338401040849,1
15811,2,1,1,0,-2.32926050708248,0
15812,1,1,1,0,-0.9580586574761762,0
15813,1,1,1,0,-1.201686516516943,1
15814,1,0,1,1,-0.08826179781923027,0
15815,2,1,0,0,-1.977687346145124,0
15816,2,1,0,1,2.5767730238266644,1
15817,1,0,0,1,-0.2732943948974045,1
15818,1,1,0,0,-2.557965518042403,0
15819,2,1,0,0,-inf,0
15820,1,1,1,1,1.109026691166486,1
15821,1,0,0,0,-1.295956828198677,1
15822,1,0,1,1,2.972501029939262,1
15823,2,0,1,1,2.108090639509856,0
15824,2,1,0,1,1.7396070736270912,0
15825,2,0,0,1,-1.992564117966996,0
15826,1,0,1,1,0.40494613208959884,1
15827,3,1,0,1,2.5082423161171485,0
15828,2,1,0,1,2.9127354933030443,1
15829,2,1,0,0,0.4152961506308813,1
15830,1,0,1,1,2.934395414964566,1
15831,3,0,0,0,1.5190225441702494,0
15832,1,0,0,0,-1.0743532075447975,1
15833,2,0,1,1,0.9874625268019541,0
15834,1,0,1,1,2.6232242820091645,1
15835,3,1,0,0,-3.162160135057345,0
15836,2,0,0,0,-0.8490271875036542,0
15837,2,0,0,0,2.0040825198810537,0
15838,3,0,0,1,0.003913187641410132,0
15839,2,0,1,0,-inf,0
15840,2,0,0,0,-0.3244783541349999,1
15841,2,1,0,1,-inf,0
15842,3,1,0,1,1.750125182969711,1
15843,3,0,1,1,4.127947305457436,0
15844,2,1,1,1,2.3484359525089555,1
15845,3,0,1,1,4.720735038697355,1
15846,2,1,0,1,-inf,0
15847,2,0,0,1,0.25984704738291686,1
15848,2,1,0,0,-2.336625463223153,0
15849,3,0,0,0,-0.033922443679257785,1
15850,1,0,1,1,2.775913037760936,1
15851,2,1,0,1,-inf,1
15852,2,0,0,0,-1.8933408906317697,0
15853,3,0,0,0,1.1911142353466295,1
15854,3,1,1,0,-0.14420760451936676,0
15855,2,1,1,1,0.30853193808917767,1
15856,1,0,0,1,1.5528088628476175,1
15857,2,1,0,1,-0.30362748937231626,0
15858,1,0,1,1,-0.1587774383208269,1
15859,2,1,0,0,0.5875943908963652,0
15860,1,1,0,0,-1.0859996366690792,1
15861,2,1,0,1,-inf,1
15862,2,1,1,0,1.09161281958812,0
15863,1,1,1,1,-0.9492916799098442,1
15864,2,0,1,1,2.7778119992200505,1
15865,3,1,1,0,1.3013766319003837,0
15866,2,1,0,0,-0.3351703106602698,0
15867,3,1,0,0,-1.5022164282719461,0
15868,3,1,1,1,2.8678059719530036,1
15869,2,1,0,1,1.2295764650425802,1
15870,1,1,1,1,-3.127783384042042,0
15871,3,1,0,0,-0.048692424657040934,0
15872,2,1,1,1,1.6591716432388168,1
15873,3,0,0,1,0.6563344761022245,1
15874,1,0,0,1,2.8503891986128242,1
15875,3,0,0,0,1.1690650109080207,0
15876,2,0,0,0,-inf,0
15877,1,1,0,0,-0.6913565692259867,1
15878,3,1,0,0,0.6073152273613232,0
15879,2,1,1,1,-0.7699715209598935,1
15880,3,0,1,0,2.131914712207961,0
15881,1,0,0,0,0.35241306130702255,0
15882,3,0,0,0,1.6861647212172501,0
15883,3,0,0,1,3.0028265473003377,1
15884,3,0,0,1,0.968648144894823,1
15885,2,1,0,1,1.7622725367628682,0
15886,2,0,0,1,1.0869628210435545,1
15887,2,0,1,0,0.0679100330730202,0
15888,1,0,0,0,-inf,1
15889,3,1,1,0,-1.0648438430697758,1
15890,3,0,0,0,0.35899076951465764,1
15891,1,0,0,0,-1.9937466313782723,0
15892,1,1,1,1,3.1088107045308617,1
15893,2,1,1,0,-0.037035995127237153,1
15894,1,1,1,0,0.06776484201996293,1
15895,3,1,0,1,1.9453560658792919,0
15896,1,0,0,1,-0.01923574276798007,0
15897,3,1,0,1,3.1154520847286764,1
15898,3,0,0,0,1.034700417061427,0
15899,2,1,0,1,2.8950896171194103,1
15900,2,0,1,1,1.8917093912423208,1
15901,2,0,0,0,0.27714733270778047,0
15902,3,0,0,0,-0.41744128198029407,0
15903,1,0,0,0,-0.18355037555233406,0
15904,1,0,1,0,0.47167957840713826,1
15905,1,1,0,0,-0.6006502863687744,0
15906,2,0,0,0,0.9113345008025426,0
15907,2,0,1,1,1.004855937737392,1
15908,3,1,1,1,0.883657528014729,1
15909,3,1,0,0,1.918948993293515,0
15910,3,0,0,1,2.098725891192843,0
15911,2,0,1,1,2.24226615028649,1
15912,2,0,1,1,0.20691103146808254,0
15913,3,0,1,1,2.467241552557045,0
15914,3,1,0,1,1.4088976042223407,1
15915,2,1,0,0,-1.0392045861766572,1
15916,3,1,0,0,1.5588224870219083,0
15917,1,1,1,1,0.1316580617558517,1
15918,3,0,0,1,1.0758395393252596,1
15919,3,0,0,0,1.3137431034485705,1
15920,1,0,1,0,-0.031158181904152815,0
15921,2,1,1,1,-inf,1
15922,3,1,1,1,4.155868265197269,1
15923,2,1,0,1,0.5884909140594836,1
15924,1,0,1,1,-1.0910119398965743,0
15925,3,0,1,1,0.9367424818884567,0
15926,2,1,0,0,-1.1914197889392453,0
15927,2,1,0,1,2.1902604577964664,1
15928,1,1,1,1,0.21703570366534702,1
15929,1,1,0,0,-2.808319197681292,0
15930,3,1,1,1,-inf,1
15931,3,0,0,0,2.140065937477479,1
15932,3,1,1,1,-inf,1
15933,2,0,0,1,0.657487841818059,0
15934,3,0,1,0,0.2400924206121673,0
15935,1,1,0,0,-2.3416676173800677,0
15936,1,1,1,1,1.105630555782592,1
15937,3,1,0,1,0.5948536990656915,1
15938,1,0,1,1,1.0535927726873218,1
15939,2,0,0,0,-2.142268157946091,0
15940,3,1,0,0,0.4616024806073771,0
15941,1,0,1,0,1.1563188349832783,0
15942,2,0,1,0,-inf,0
15943,1,0,0,1,-1.413540337434987,1
15944,2,1,0,1,1.3146337547447426,1
15945,1,1,1,0,0.44689660623170735,0
15946,2,1,0,0,1.191673561125243,1
15947,3,0,1,0,0.07184103940203712,0
15948,3,1,0,1,1.467561467409445,1
15949,2,0,1,0,-1.90605470558791,0
15950,1,1,1,0,2.1834722589815554,1
15951,3,0,0,0,1.148464961431925,1
15952,1,0,1,0,-0.9848205768052299,0
15953,2,0,1,1,1.2096191682600304,1
15954,3,1,1,0,1.7841796642717518,0
15955,2,0,0,0,0.19282548662089588,0
15956,3,0,1,1,1.879403916936099,1
15957,1,1,0,0,-1.9060152958135457,1
15958,2,1,1,0,-1.114766905822854,0
15959,1,0,1,0,-inf,0
15960,1,1,1,0,-inf,0
15961,3,1,0,0,2.115903966500544,1
15962,2,1,1,1,1.4546413638774207,1
15963,3,0,0,0,-inf,0
15964,2,1,0,0,-inf,0
15965,2,1,0,1,0.187312990572003,1
15966,1,0,1,1,1.6595697263174507,1
15967,1,0,1,0,0.525343091718213,1
15968,1,0,1,1,2.43059756393378,1
15969,1,1,0,0,-1.3263584817827547,1
15970,3,0,1,0,0.9715992339762458,0
15971,2,1,0,1,1.2611707935895158,1
15972,2,0,0,1,1.3337261715235296,0
15973,3,1,1,0,1.5942798574380899,1
15974,2,1,0,1,-inf,0
15975,1,1,1,0,-0.7685148763419961,1
15976,3,1,0,0,-0.2171245398200542,0
15977,2,1,1,0,0.18985918683021685,0
15978,3,1,0,0,0.9202934479361864,0
15979,2,0,0,1,0.32027099274414805,0
15980,2,0,1,0,2.4872129650923123,0
15981,3,1,1,1,2.57332597463359,1
15982,3,1,0,0,-0.611738984350143,0
15983,3,1,1,1,0.7285771335142778,1
15984,1,0,0,0,-0.05514714519742561,1
15985,2,0,0,0,-0.0546332816349282,1
15986,3,1,0,1,1.1049951614521945,1
15987,2,0,1,1,1.5892082727003076,1
15988,1,0,0,0,0.33980928961984924,0
15989,1,1,1,0,-2.1548908210183457,0
15990,2,0,1,1,0.3073888485072289,1
15991,3,1,1,0,-inf,0
15992,2,1,0,0,-0.057298547378689224,0
15993,1,1,0,1,0.2619988959466364,1
15994,2,1,0,1,1.661222556108082,1
15995,1,1,1,1,1.7045981503449488,1
15996,1,0,0,0,-0.5748224442326333,0
15997,3,0,0,0,-inf,0
15998,2,0,1,1,0.47118700659866963,1
15999,1,0,0,0,-0.07980584207354258,1
16000,2,0,1,1,1.4061120112867131,0
16001,1,1,1,1,-inf,0
16002,1,1,0,0,-2.607647799920565,0
16003,2,0,0,0,0.9291824159736259,0
16004,3,1,0,0,-inf,0
16005,3,0,1,1,1.9312679846707201,1
16006,3,1,1,1,0.5277769629508224,0
16007,1,0,0,0,-1.1035819174768808,0
16008,1,1,0,0,-inf,0
16009,1,1,0,0,-0.2627643274343414,0
16010,1,0,1,0,-0.43819900546752133,1
16011,3,1,0,1,1.657854598718071,0
16012,1,1,0,1,1.4076796247686005,1
16013,2,1,0,1,0.02896286988427177,1
16014,2,1,1,0,0.6550103360943575,0
16015,2,0,0,0,1.366717701331673,0
16016,1,1,1,0,2.064846816782381,0
16017,1,1,1,1,-0.28308015385881197,1
16018,3,0,0,1,1.8612638689562289,1
16019,2,0,0,0,1.5037085684214053,0
16020,2,1,0,0,2.2433726652626254,1
16021,2,1,1,0,2.319562224249176,1
16022,2,1,0,0,0.6136727687026613,0
16023,2,0,1,1,-0.11991343590805226,1
16024,3,1,0,0,0.36804920866296303,0
16025,2,0,1,1,-inf,1
16026,1,1,1,1,1.4347353900648452,1
16027,1,1,0,0,-1.0263121234704788,0
16028,3,0,1,1,1.7558612431450178,0
16029,2,0,0,0,1.4218762316155016,0
16030,1,0,1,0,1.4360237294836011,0
16031,2,1,1,0,1.285124081544242,1
16032,3,0,0,0,0.3390642134200553,1
16033,2,0,1,1,0.8319606172726416,0
16034,3,1,0,0,-1.4442998974338228,0
16035,3,0,0,0,0.4813958004789657,0
16036,2,0,0,0,-0.8245357013546031,1
16037,1,1,0,1,-inf,1
16038,3,0,0,0,1.132300021054195,0
16039,3,0,0,1,4.922418308124129,1
16040,1,0,1,1,0.03479075108616328,1
16041,2,0,1,0,0.6610181883601627,0
16042,1,0,0,0,-2.3798500178592557,0
16043,2,0,0,1,3.822156344774729,1
16044,2,1,1,0,0.5241650569639049,1
16045,3,0,0,0,2.2047341701305383,0
16046,2,1,0,1,1.7199251822025508,1
16047,3,0,0,1,2.374963526263331,1
16048,1,0,0,0,-0.9798551957933335,0
16049,3,1,0,1,-inf,0
16050,2,0,0,0,1.0548696053784958,0
16051,1,0,1,0,0.9817800078437285,0
16052,3,0,0,0,1.6501371662721505,0
16053,1,0,1,0,0.029820289146234802,0
16054,2,0,1,0,0.21678692063071936,1
16055,3,0,1,0,1.728889445525859,0
16056,1,1,0,0,-0.41798019568736655,0
16057,1,0,1,0,-inf,0
16058,1,0,0,1,1.3027280337661893,0
16059,2,1,1,0,-inf,0
16060,1,1,1,0,0.859300648566562,0
16061,1,1,0,1,-1.2616694019873493,0
16062,3,0,0,0,1.5949418660493524,0
16063,3,1,1,0,0.9451890571814325,0
16064,2,0,1,0,2.1434190466885363,1
16065,2,1,0,1,-0.4125352652570248,1
16066,3,1,1,1,1.8034932182413952,1
16067,3,1,0,1,2.5848835162689987,1
16068,2,1,1,1,0.9752319769674636,1
16069,3,0,1,0,0.864238239555072,0
16070,3,0,1,1,5.947629165292579,1
16071,3,0,0,0,0.6772817712829542,1
16072,1,0,1,1,1.5103170897264946,0
16073,2,1,0,0,-inf,0
16074,2,0,1,1,3.8170147970259025,1
16075,1,1,0,1,0.6985971669317692,1
16076,1,1,1,0,-0.6549472307386275,0
16077,1,0,0,0,-2.7785608348521404,0
16078,1,1,0,1,0.36052785757734984,1
16079,3,1,1,0,1.401521374244224,0
16080,2,1,1,0,1.1450008330578614,0
16081,2,0,0,0,-0.6612214745211071,0
16082,2,1,0,0,-inf,0
16083,1,0,0,1,0.9295569206807806,0
16084,2,1,0,1,1.445695103006491,0
16085,1,0,1,1,1.5694452346728978,1
16086,3,0,0,0,1.705237912748118,1
16087,2,1,1,0,0.7673250550523025,0
16088,1,0,1,1,2.131308383170549,1
16089,2,0,0,1,0.498848529952742,1
16090,3,0,1,1,1.343719018534989,1
16091,3,1,0,0,0.195680916524424,0
16092,3,0,0,0,1.1805692301361501,0
16093,1,1,0,1,-inf,1
16094,3,0,1,0,2.375551059322092,1
16095,3,1,0,0,-1.428970404415403,1
16096,3,0,0,0,0.036670826935583656,1
16097,2,0,1,0,-0.49233274331612276,0
16098,1,0,1,1,-inf,0
16099,3,0,1,1,4.148131836328673,1
16100,2,0,1,0,1.5288363402830676,0
16101,2,0,0,0,-0.6022241108092785,0
16102,1,1,0,0,-inf,0
16103,1,0,1,0,0.8058323495874109,0
16104,3,0,1,1,3.791449889101616,1
16105,2,1,0,1,0.11354376253500442,1
16106,2,1,1,0,-0.5689143232830411,1
16107,2,1,0,1,1.3394716555003428,1
16108,2,0,1,0,-0.30412385435374656,0
16109,3,0,0,0,2.7816861862684155,1
16110,3,1,0,0,-0.16143903630115586,0
16111,2,0,0,0,-inf,1
16112,2,0,1,0,0.9112775054427731,0
16113,1,0,1,0,0.8926605109317916,0
16114,3,0,0,1,2.766121787258758,1
16115,1,0,1,1,3.2615329292337925,1
16116,2,1,1,1,3.2598320387272897,1
16117,1,1,1,1,0.3414528080800834,0
16118,2,0,1,1,1.7980891425836165,0
16119,3,1,0,1,-0.08552089196836776,1
16120,3,0,0,1,0.1236575263398862,0
16121,2,0,1,0,-1.1143990579425214,0
16122,2,0,0,1,1.488731899283681,1
16123,2,1,1,0,0.5334230714338992,0
16124,1,0,0,1,0.807160058729807,1
16125,3,0,1,1,2.1300109554141837,0
16126,3,0,0,0,3.151283473559256,1
16127,2,1,0,0,-0.1519497970836584,0
16128,1,0,0,1,1.3854207973152393,1
16129,1,0,0,0,-0.286208536272487,1
16130,3,1,1,0,2.41493202929174,1
16131,1,0,1,0,-0.705796065824605,0
16132,2,1,1,1,2.7638976113563762,1
16133,3,0,0,0,0.013089185158678879,0
16134,2,1,0,1,0.8265190863426123,1
16135,2,0,1,1,2.2240479691846295,0
16136,2,1,0,1,-inf,1
16137,2,0,1,1,1.514445289167183,1
16138,2,1,0,1,1.8407203275706345,1
16139,1,1,1,0,0.43779188890984544,0
16140,2,0,0,0,-1.1585680718396696,0
16141,2,0,0,0,-0.8562206267722079,0
16142,3,0,0,0,-0.4506736304278532,0
16143,2,1,1,0,0.8517318595057715,0
16144,3,0,0,0,1.586764824760427,0
16145,1,0,0,0,-2.491752571117879,0
16146,2,1,0,0,-0.4730406672773293,1
16147,2,0,0,0,-inf,0
16148,3,0,0,1,-0.9996244104726406,1
16149,1,0,1,0,1.2840962137911833,1
16150,2,1,1,1,-inf,1
16151,3,0,1,0,1.2119535957499963,0
16152,1,0,0,0,-1.348403187348945,0
16153,1,1,1,1,0.8989593771994715,1
16154,2,0,0,0,-0.5328423571961834,0
16155,2,1,1,0,1.344803790418388,0
16156,3,0,1,0,-inf,0
16157,2,1,0,0,-1.3361991881983484,1
16158,2,1,0,1,-0.8076007073015632,0
16159,2,1,0,0,-1.4712252632222484,0
16160,3,0,1,1,0.8930734618742219,1
16161,2,0,0,0,2.043818655275969,1
16162,3,0,0,1,2.960506207807833,1
16163,1,1,1,1,1.5717822938374961,0
16164,2,1,0,0,0.19360494359052344,0
16165,2,0,1,0,-0.5310154280902144,0
16166,2,0,1,0,0.6050449657665499,0
16167,2,1,0,0,-0.7165532160765182,1
16168,1,1,0,0,0.4931337241994018,1
16169,2,0,1,0,-inf,0
16170,1,0,0,1,-inf,1
16171,2,1,1,0,0.5358544565429038,1
16172,2,1,1,1,0.8528586636082126,1
16173,1,0,1,1,2.2686755045923706,1
16174,1,1,1,0,-1.10436955660505,0
16175,2,0,0,0,-1.4587348564070681,1
16176,3,0,0,0,-0.18457242648894856,0
16177,2,0,1,0,-inf,1
16178,2,0,0,1,-inf,1
16179,3,0,0,0,0.7233655399679105,1
16180,1,0,0,0,-0.6491621103785956,0
16181,1,1,1,1,0.6629395735689865,1
16182,2,1,1,1,4.5696147908242475,1
16183,1,0,0,1,-1.3184687083162783,1
16184,1,0,1,0,-0.7110594417512884,0
16185,1,0,1,0,-0.1449113402246056,0
16186,1,0,1,0,1.8100452506149616,1
16187,1,1,1,0,-0.9644653223115385,0
16188,1,0,0,0,0.20299514652964767,0
16189,2,0,0,0,-0.05641414291390712,0
16190,1,0,1,1,1.7241998888494912,1
16191,2,1,1,0,-0.1768538193659719,1
16192,2,1,1,1,2.617571426055583,0
16193,2,1,1,1,2.831504287870134,1
16194,2,1,0,1,2.155439920199962,0
16195,3,1,0,1,1.4681368439744933,0
16196,2,0,1,0,0.9888532763707468,0
16197,2,0,1,0,0.7523622153631842,0
16198,2,1,1,0,0.3679759745121719,1
16199,2,1,1,1,1.0301093393643304,1
16200,1,0,1,0,1.5127736992487095,0
16201,1,0,0,1,2.112036781017398,1
16202,3,1,0,1,0.29071023835959714,1
16203,2,1,0,0,1.8044875326612961,1
16204,1,0,0,1,-0.14494663456377238,1
16205,1,1,0,0,-2.834726639371374,0
16206,2,0,0,0,-1.0255812332093184,0
16207,1,0,1,0,-inf,0
16208,2,1,0,0,-1.2285144925484697,0
16209,1,1,0,0,-0.9692290813006813,0
16210,1,1,1,0,-1.2908105904547735,0
16211,1,1,0,1,1.6660402474121776,1
16212,2,1,1,0,-1.4206909042896116,0
16213,2,0,1,0,-0.6865589363394005,0
16214,3,1,1,0,1.4676601449925268,0
16215,2,1,1,0,-inf,0
16216,1,0,1,1,1.1209391927467853,1
16217,3,1,0,0,0.39141538203593995,0
16218,3,0,0,0,1.9521284811529471,1
16219,3,0,1,1,2.033666902016098,0
16220,3,1,0,0,1.8331681402058013,0
16221,2,0,0,0,2.3649450577564237,0
16222,1,0,0,0,-1.1202978693569208,0
16223,3,1,0,0,-0.9007679488508066,1
16224,1,0,1,1,-inf,1
16225,1,0,0,0,-1.6659673678015574,1
16226,2,1,0,1,2.2663331861178113,1
16227,3,0,0,0,0.825560014271984,1
16228,1,1,0,1,-0.15474301493417433,1
16229,2,1,0,1,1.0151910354443725,1
16230,1,1,0,0,-1.409724027715773,0
16231,3,1,1,1,3.5996658102468286,1
16232,2,0,1,0,-inf,1
16233,2,1,1,1,-inf,0
16234,2,1,0,1,-0.6296978881652713,0
16235,2,1,0,0,0.5856373972504973,1
16236,3,1,0,1,1.010720115222245,1
16237,2,0,0,1,2.766060395686826,1
16238,3,0,1,0,-0.13837247772444866,0
16239,2,1,1,1,0.08933364519733633,1
16240,2,1,1,0,1.9395076574708612,0
16241,3,1,0,1,-0.046490922600057605,1
16242,2,1,0,0,-0.5149760752557941,0
16243,2,0,0,0,0.30361153035537936,1
16244,2,0,1,1,-0.4812195900292955,0
16245,3,0,1,1,1.4574006394851162,0
16246,3,1,0,0,0.20618612887649324,0
16247,1,1,0,0,-inf,0
16248,1,0,0,0,-1.2906765262923638,0
16249,2,1,0,0,0.4051133143978283,1
16250,2,0,1,0,0.41811058561186143,0
16251,3,1,1,1,1.4034512742225531,1
16252,3,0,0,1,3.204244449403499,1
16253,3,0,1,1,4.349789125826135,0
16254,3,1,1,1,-inf,1
16255,2,0,0,0,-1.0704288880538577,0
16256,3,1,0,1,1.6486329453620876,0
16257,2,0,0,1,0.10492179227230441,1
16258,3,1,0,0,-inf,0
16259,2,0,0,0,-0.39876330699484164,1
16260,2,1,0,1,0.61942400735371,0
16261,3,0,0,0,0.3019347924942086,0
16262,2,1,1,0,1.9662086248461894,0
16263,3,1,0,1,2.8175222188124236,1
16264,2,1,0,0,-inf,0
16265,2,1,0,1,-1.1252899182698235,0
16266,1,1,1,0,1.2112130954843479,0
16267,2,1,1,1,1.0941258494819435,0
16268,2,1,0,0,-1.0016535718451074,1
16269,3,1,0,0,0.15932583540013573,0
16270,1,1,1,0,1.3461684333632573,0
16271,1,0,1,1,-inf,1
16272,3,0,1,1,-inf,0
16273,3,1,1,1,3.5750558922569393,1
16274,2,1,0,0,-0.03413796352423548,0
16275,3,1,0,0,0.19567133469342018,0
16276,1,1,1,0,-0.5091626154113311,1
16277,3,1,1,0,-inf,0
16278,2,1,0,1,0.7262458219082695,1
16279,2,1,1,0,1.7827329227269673,0
16280,1,0,0,0,0.7621336657642228,0
16281,2,1,1,0,0.08308014267503194,0
16282,2,1,0,1,-0.8659336455173079,0
16283,2,0,0,0,-1.159448662709359,0
16284,3,1,1,1,2.044249165573409,1
16285,1,0,0,1,-0.3637058715666327,0
16286,2,0,1,0,0.3977917398985862,0
16287,1,1,0,1,-0.5676005659079104,1
16288,2,0,0,0,0.30863983266462613,0
16289,2,1,0,0,-0.6640851563495852,0
16290,1,1,1,0,1.2342578364147008,0
16291,3,0,0,0,-0.856741395762162,0
16292,1,0,0,0,-0.4885357947623457,0
16293,3,1,0,1,1.6900858134931007,1
16294,1,1,1,0,-3.372832602230771,0
16295,2,0,0,0,0.14741301637269683,0
16296,1,0,1,1,1.8293280792466158,1
16297,2,1,0,0,0.09904621251854795,1
16298,2,0,1,1,-1.5317975001896669,0
16299,2,1,1,1,1.3444810574567125,0
16300,2,1,0,0,-1.943008927264535,0
16301,3,0,0,0,0.8490459216241057,0
16302,3,1,0,1,2.5546899548765465,1
16303,2,0,1,1,2.6037350227862364,0
16304,3,0,1,0,3.5066923998012958,1
16305,1,0,0,1,1.8979369850858516,1
16306,1,0,1,1,0.5081875644136009,1
16307,2,0,0,1,-inf,1
16308,1,0,1,1,-0.17799974777152427,1
16309,3,1,1,0,1.8465487753345335,0
16310,3,0,1,0,0.40855290917366627,0
16311,1,1,0,1,-inf,1
16312,3,1,1,0,0.9273206101949931,1
16313,2,1,0,0,-0.3865772114873219,0
16314,2,0,1,0,0.4382903832099116,0
16315,1,0,1,0,0.5953845879623113,0
16316,3,1,0,0,-inf,1
16317,2,0,1,0,1.456684055614738,1
16318,1,0,0,0,-2.6245371783670546,0
16319,3,0,0,1,0.4023522197506826,0
16320,2,0,0,1,2.3140973082354774,1
16321,1,0,1,1,1.3040249446497674,1
16322,1,0,1,1,1.5792226561816036,1
16323,2,1,1,1,0.9552382238235781,0
16324,2,1,1,1,-1.4544052902376,0
16325,1,1,1,1,1.653439815880497,0
16326,2,0,1,1,0.8113808911024532,1
16327,2,0,0,1,2.9653060463013903,1
16328,3,0,1,1,3.620377301738693,1
16329,3,1,1,1,2.808563123350812,1
16330,1,1,1,1,-inf,1
16331,2,0,0,0,-inf,0
16332,1,1,0,1,0.05841243144639896,1
16333,2,1,0,0,-1.5665078443294043,0
16334,3,1,1,1,1.4791089885544426,1
16335,1,1,1,1,-0.9360218700546971,1
16336,2,1,1,1,-inf,1
16337,2,0,0,0,-0.6040722478028167,0
16338,1,1,0,0,-0.7408983703609435,0
16339,2,1,1,0,0.10867606930859497,0
16340,3,0,1,1,3.0584931273201286,1
16341,3,0,0,0,2.7454521077648297,1
16342,2,0,0,1,1.006311901936823,1
16343,1,1,1,1,-inf,1
16344,3,0,0,0,-1.1964396093034626,1
16345,3,1,0,1,2.5508561297090595,1
16346,2,0,0,0,-2.176324338816879,0
16347,3,0,0,0,0.9981227737567082,1
16348,1,0,1,1,-inf,1
16349,2,0,1,1,2.0418359455557176,0
16350,2,1,0,0,-0.8789549467435837,1
16351,2,1,1,0,-0.6137529407258505,1
16352,3,1,0,0,-0.6772755538506715,0
16353,3,0,0,0,1.5897036038659347,0
16354,2,0,0,1,0.23447084364701176,1
16355,1,1,0,0,-0.6917384696250661,0
16356,2,1,1,0,-0.44960216996015584,1
16357,1,0,0,1,-inf,1
16358,3,0,0,0,-0.6715661841180349,0
16359,1,1,1,1,0.6288712558502665,1
16360,1,0,0,1,1.3650037625715215,0
16361,1,1,0,1,0.894954111490952,1
16362,2,0,0,1,1.0670447838946948,1
16363,3,0,1,0,2.4018338012597926,0
16364,3,0,1,0,-inf,0
16365,1,1,1,1,1.2516464978116253,1
16366,2,0,0,1,-0.31595749012259033,1
16367,1,0,0,1,0.020326655930440862,1
16368,1,0,0,1,3.5989820992424644,1
16369,2,1,1,1,0.8787084301454684,1
16370,1,0,1,1,0.7549736322638556,1
16371,2,0,0,1,-0.24273811495237485,1
16372,2,1,0,0,0.329780607627705,1
16373,2,1,0,0,-0.4604412198870723,1
16374,3,1,1,0,0.8409875257443971,0
16375,2,0,1,1,1.8519512163074874,1
16376,2,1,0,1,0.08939523356933177,1
16377,1,1,0,1,-1.7167762981710766,0
16378,2,1,0,1,-inf,0
16379,2,1,0,1,-inf,0
16380,3,0,1,1,3.0009820462132275,1
16381,1,0,0,0,-1.7121814696857807,1
16382,1,0,1,0,-0.2239750545044642,1
16383,2,1,0,0,-0.4449888468474351,0
16384,2,0,0,1,1.681035331347887,1
16385,3,0,1,0,2.4106960778142277,1
16386,2,0,1,1,0.12937203313473036,1
16387,2,1,0,1,-0.8281053794195583,1
16388,1,1,0,0,-2.7107428221328984,0
16389,1,0,1,1,1.5774199899233647,1
16390,2,1,1,1,-inf,0
16391,2,0,0,0,-0.6041994678969866,0
16392,3,0,0,1,-0.08158265536227938,0
16393,3,1,0,0,0.5095841620637547,0
16394,3,0,0,0,-1.5679759891633316,1
16395,3,0,0,0,4.049839198311202,0
16396,3,0,1,1,-inf,1
16397,3,0,0,0,1.0812506244698161,0
16398,3,1,0,1,0.8396353631837968,1
16399,1,0,0,0,-1.7358862555097327,1
16400,1,0,0,1,1.0296249899228613,1
16401,1,1,0,0,-4.267256260917511,0
16402,3,0,0,1,2.291903905415922,1
16403,2,0,0,0,0.4811535899771125,1
16404,2,1,0,0,0.6730444828284882,0
16405,2,1,0,0,-1.060970485714168,0
16406,1,0,1,1,-1.7926957384940034,0
16407,2,1,1,1,0.8753250898731928,0
16408,1,0,1,1,0.6611618663574418,1
16409,2,0,0,0,-0.3058996040658233,0
16410,2,0,1,1,3.4082313640382673,1
16411,1,1,1,1,0.20852932791633544,1
16412,3,0,0,1,2.696898605115935,1
16413,2,1,0,0,-2.8463807444318023,1
16414,3,1,0,1,-inf,1
16415,1,1,1,0,-1.2762785770928118,0
16416,1,1,0,1,-0.10005341153231734,1
16417,2,1,1,1,2.5591284718624583,1
16418,2,1,0,1,2.6214984624150945,0
16419,3,1,1,1,2.35708633321171,0
16420,2,0,0,1,2.610222804985489,1
16421,3,0,1,0,2.3624050917096353,0
16422,3,1,0,0,0.8730621159073347,1
16423,1,1,0,0,-2.2682738374314066,1
16424,2,1,1,1,-inf,0
16425,2,1,0,0,-0.12012672116372422,0
16426,2,0,1,1,1.6294941544243868,1
16427,1,0,1,0,-0.7235409047082796,1
16428,3,1,0,1,0.6315685100699491,1
16429,3,1,1,1,1.1574988897926404,1
16430,3,1,0,0,0.9700765663884631,0
16431,3,1,0,0,1.6892156823919995,0
16432,1,0,1,1,1.203155123503367,1
16433,1,0,1,1,-inf,1
16434,2,1,0,0,-1.2264056740018563,0
16435,3,1,1,0,0.1723696513497293,0
16436,3,0,1,0,-inf,0
16437,2,0,0,1,0.9571900386379238,1
16438,3,0,1,0,2.205734287087449,1
16439,2,1,0,0,1.3975379739295808,0
16440,2,1,1,1,1.6360149095349836,1
16441,1,1,0,1,1.2442697401027951,1
16442,3,1,0,1,0.5612651897178702,0
16443,3,1,0,0,0.200055700287779,1
16444,3,1,0,0,-0.486152241898893,1
16445,3,1,1,0,1.1806153588559283,0
16446,3,1,0,1,-inf,1
16447,2,0,0,1,1.7542260470669842,0
16448,3,0,1,0,-0.25563426860158533,0
16449,1,1,0,0,-1.003387666483579,0
16450,3,0,1,1,3.098783556287696,1
16451,3,1,0,1,1.3618065958465844,1
16452,2,0,0,0,-0.37922999228622856,0
16453,1,0,0,0,-0.26609012340680865,0
16454,3,0,1,0,2.561803208072824,0
16455,2,1,0,1,-inf,1
16456,3,0,0,1,2.338021307372546,0
16457,1,1,0,0,-0.2248911818081129,0
16458,2,0,0,0,-inf,0
16459,3,0,0,1,0.05158636197543609,1
16460,2,1,1,1,1.42956637247512,1
16461,3,0,0,0,0.8683399616138208,1
16462,3,1,0,0,0.41743655298145754,0
16463,3,0,0,1,1.2861366395247829,0
16464,2,1,1,1,0.7644141162433296,1
16465,3,1,0,0,0.9458283816228736,0
16466,1,1,1,0,-0.10152015159532277,1
16467,1,1,1,0,-0.8235901318740693,0
16468,2,1,0,1,0.4775705674741437,0
16469,3,0,1,1,5.51053806648715,1
16470,3,1,1,1,2.540056585545052,0
16471,3,1,1,0,3.1723075360019743,0
16472,1,1,0,0,-0.7766083399775185,0
16473,3,1,0,1,2.7245266010914397,1
16474,3,1,0,1,1.191156051104771,0
16475,1,1,0,1,-3.4391575680572735,0
16476,3,1,0,1,1.9044643806612889,0
16477,1,1,1,1,2.2040559601705856,1
16478,1,1,1,1,0.21455139993082184,1
16479,2,0,0,0,-0.19658171685170045,1
16480,1,0,1,0,-1.6965294563691715,1
16481,3,0,1,0,-inf,0
16482,2,0,0,0,0.543439922402205,1
16483,1,1,1,1,-inf,1
16484,3,1,1,0,0.34834061324048393,0
16485,2,1,1,0,2.079321783713852,1
16486,3,1,0,1,0.6645666983129702,0
16487,2,1,0,0,-1.181357228980115,0
16488,2,1,1,1,0.7188509006672638,1
16489,3,1,0,0,0.09817300101900839,0
16490,2,1,1,0,1.0199881290684067,0
16491,3,1,0,0,0.3983205848431371,0
16492,3,0,1,1,1.8943403398033156,1
16493,1,0,1,0,-0.41483082763090856,0
16494,2,0,1,1,-inf,1
16495,1,1,0,1,0.6456361685007721,0
16496,3,1,0,1,0.3124149563716322,1
16497,2,0,0,0,-0.9147210533209121,0
16498,3,0,0,0,1.2622438450522981,0
16499,3,1,0,0,0.7593269572710706,1
16500,3,0,1,1,4.517794053689128,1
16501,3,0,0,0,1.342526978724051,1
16502,3,1,0,0,-0.20242681678350094,0
16503,3,0,0,0,0.052325169324963616,0
16504,2,0,1,1,0.12507899680754198,0
16505,1,1,1,0,-inf,1
16506,3,0,0,0,2.4347875853351297,1
16507,3,0,0,1,2.323459193644071,0
16508,2,1,0,0,-inf,0
16509,2,0,1,1,2.526415974809842,1
16510,3,1,0,0,-0.8774499502539377,1
16511,2,0,0,1,-inf,1
16512,3,1,0,1,3.119124132048323,1
16513,1,0,1,1,1.4983259478499582,0
16514,2,1,1,1,2.1220178191835393,1
16515,1,1,1,1,1.1611468778143341,1
16516,2,1,1,1,1.3382260217521846,0
16517,3,0,1,1,3.200682367647651,1
16518,3,1,0,0,0.42338677560168314,0
16519,3,1,0,1,1.412048944858877,1
16520,3,1,1,0,2.043262692987181,0
16521,1,1,0,1,-1.1266815123398057,1
16522,2,1,0,1,-2.154878419301897,1
16523,2,1,1,1,1.8670233880306173,1
16524,3,0,1,1,2.8149501769680114,1
16525,2,1,1,1,-1.0527277733454712,0
16526,3,0,1,1,0.9680260271505461,1
16527,1,1,1,0,0.9522581265241125,0
16528,2,0,1,1,-inf,1
16529,1,0,0,1,0.08837249436600847,0
16530,1,0,1,1,0.7239816633280576,1
16531,3,1,0,1,4.5141112009242175,1
16532,2,1,1,0,2.9075961048077685,0
16533,2,0,1,0,0.3098022319716285,0
16534,3,0,0,1,-0.2765166206949985,1
16535,1,0,1,0,-1.3962195982932804,0
16536,3,1,0,0,0.4195941803178026,0
16537,2,0,1,1,2.108133860666382,0
16538,3,0,1,1,2.660557836662184,1
16539,2,1,1,0,-0.03308549220653523,1
16540,3,0,1,1,2.069919136379906,1
16541,1,1,1,0,0.6550475433382582,0
16542,3,1,1,1,2.1346910811447164,0
16543,3,0,0,0,3.6803167688012577,1
16544,3,1,0,0,0.4956016251783817,1
16545,2,1,1,0,-inf,0
16546,2,0,0,0,0.8241281585489032,1
16547,2,1,1,0,3.3596430123132652,1
16548,3,1,1,1,2.8069745908794252,0
16549,1,0,0,1,0.2049603038540161,1
16550,2,0,0,1,-0.6128028288514153,1
16551,1,1,1,1,2.7255550894210683,1
16552,2,1,1,0,0.4837823197437294,0
16553,2,0,0,1,3.0482259556184133,1
16554,2,0,0,0,1.153117566756809,1
16555,3,1,0,0,0.1592930693602812,0
16556,1,1,1,1,2.4559183877848687,0
16557,3,0,1,0,-inf,0
16558,1,0,0,0,-1.197361457895519,0
16559,1,0,0,0,0.06167534551010978,0
16560,3,0,1,1,-0.8726717094158156,0
16561,2,1,1,1,-0.7792027840228912,1
16562,2,1,1,1,1.1735192644334864,1
16563,2,1,0,1,0.31106691453687185,1
16564,3,0,0,1,-0.6361745904650911,1
16565,2,1,1,0,0.20093571811163913,0
16566,1,1,1,0,-inf,0
16567,2,1,0,1,-0.05935774558889928,1
16568,2,0,1,0,0.9888275094127041,0
16569,2,0,0,1,0.76952531063616,1
16570,1,0,1,0,2.456035770552741,0
16571,3,0,1,1,0.5502587081750463,1
16572,1,0,0,1,-inf,1
16573,3,0,1,1,1.9917249542544093,0
16574,3,1,0,0,0.996882969204157,1
16575,2,1,0,1,0.23001280148496406,1
16576,1,0,0,0,-1.1458914130878692,0
16577,3,1,0,0,0.011492060021694228,0
16578,2,0,0,1,2.51490205098753,0
16579,3,1,0,0,2.5221406497039522,1
16580,1,1,1,1,-inf,1
16581,1,0,1,1,-inf,1
16582,2,0,1,0,1.581046597329557,0
16583,3,0,0,1,1.492490565914982,1
16584,3,1,1,0,-0.14365212466259614,0
16585,2,1,0,0,-4.2889055757842725,0
16586,2,0,0,0,-0.4726881706915005,0
16587,3,0,1,0,1.474401969317378,0
16588,2,0,1,1,3.012836932978961,1
16589,2,0,0,1,1.536125817981574,1
16590,2,0,1,0,1.286051367039446,0
16591,2,0,0,1,1.2226232284913578,1
16592,2,0,0,0,0.4091036912906717,0
16593,1,0,0,0,0.4909843483116672,1
16594,1,0,1,0,0.917270568708386,1
16595,2,0,0,1,1.7768146799524294,1
16596,3,0,0,0,1.2665503188957277,0
16597,3,0,1,1,1.903109204048966,1
16598,2,0,0,1,0.28945712815634217,1
16599,2,0,1,1,-inf,0
16600,2,1,0,1,0.46532692029235534,1
16601,2,0,1,0,0.5553056820537621,1
16602,2,0,0,1,0.041537243384969905,0
16603,2,0,0,0,-1.266932967810367,0
16604,2,1,1,1,1.794592706698412,1
16605,1,1,0,0,1.6986155837266699,1
16606,2,1,0,0,1.0252262693213126,0
16607,3,1,0,1,-inf,1
16608,2,0,0,0,1.721898648446439,1
16609,3,0,0,1,2.0972449690837087,1
16610,3,0,0,0,1.1835572133553502,0
16611,1,1,1,1,0.1044029356015218,0
16612,3,0,0,0,0.045319506746552524,1
16613,2,1,0,1,1.9465858824309294,1
16614,1,0,1,0,0.13872458733125137,0
16615,3,0,0,0,1.8898711501838619,1
16616,3,0,0,1,3.769676375433758,0
16617,1,1,0,0,0.9983152750529448,0
16618,1,0,1,0,1.0599634180186555,0
16619,1,1,0,0,0.11736144659900619,0
16620,3,1,0,1,3.0089373493462004,0
16621,2,0,0,1,2.654566893385482,1
16622,1,0,0,0,-1.9460797155673508,0
16623,2,0,1,0,2.08195208613244,0
16624,1,0,1,1,0.7833078934838275,1
16625,2,0,1,1,1.4325108506919502,1
16626,2,1,1,1,0.8416807963320543,1
16627,1,1,1,0,0.11908154800469783,0
16628,1,1,0,1,-0.5255278618975514,1
16629,2,0,0,0,-0.20558405367803348,0
16630,3,0,0,0,0.2387358028320431,1
16631,1,0,1,0,-2.0144148315020027,0
16632,2,1,0,1,0.08047251891588314,0
16633,3,0,0,0,-0.774095362400273,0
16634,1,1,1,0,-inf,0
16635,1,1,0,1,-inf,1
16636,1,0,0,1,1.0415138482415178,0
16637,2,0,1,1,1.40249222757439,1
16638,2,0,1,1,3.3978672546432866,1
16639,1,0,1,0,1.7683654159690865,0
16640,2,0,0,1,-inf,1
16641,2,0,1,0,-1.1070274588039173,1
16642,2,1,0,1,1.2137016658453645,1
16643,1,0,1,1,2.7542824725437147,1
16644,2,1,0,1,-0.4284614130224692,1
16645,3,1,0,0,0.7943479072508154,1
16646,2,1,0,1,-0.4832049531309842,0
16647,2,0,1,0,-0.8891096957457312,0
16648,1,1,0,1,0.9020466081428364,0
16649,3,1,1,1,2.527811837587686,0
16650,2,0,0,0,-0.2697748377901556,0
16651,1,0,1,0,0.9266205089043869,1
16652,1,1,1,1,-0.49039240492557473,0
16653,2,0,0,1,2.9040477799614544,1
16654,2,1,1,0,0.1348054430169007,0
16655,2,0,0,0,-inf,0
16656,3,1,1,1,1.8385283563698258,1
16657,3,1,0,0,-inf,0
16658,3,0,0,0,-0.13020106506034446,1
16659,2,1,0,0,0.23609860536750132,0
16660,2,0,1,0,-0.581440854101032,0
16661,3,1,1,1,0.7060761011850265,1
16662,1,1,1,1,1.3764072443901005,1
16663,1,0,1,0,-1.1194529799428778,0
16664,2,1,1,1,0.322993958136238,1
16665,3,1,0,0,1.0436913267293688,1
16666,2,1,1,0,0.1850853201478062,0
16667,1,1,1,1,-inf,1
16668,2,0,0,1,1.7987017838853305,0
16669,1,0,0,1,-1.8646982550533504,1
16670,2,0,0,1,0.9814959954205368,1
16671,2,1,0,1,-0.9003286319326596,1
16672,3,0,1,1,3.0533340380856178,1
16673,2,0,1,0,1.0678386863966103,0
16674,2,0,1,0,-0.13377565313964956,0
16675,2,1,1,0,-0.5053672177077532,0
16676,3,1,0,0,2.2338027737663513,1
16677,2,1,1,1,2.2294793783828,1
16678,3,0,1,1,-inf,1
16679,2,0,1,1,3.35086826890081,1
16680,3,0,0,1,0.5613187249002017,1
16681,2,1,0,0,0.4034082073320107,0
16682,2,1,0,0,-0.12336063874129806,0
16683,2,1,1,0,-0.6026468185065622,0
16684,1,0,0,0,-0.4447730712273686,0
16685,3,0,0,1,1.2660527794970347,1
16686,2,1,0,1,2.963245850142354,1
16687,2,1,0,1,1.505125047471908,1
16688,1,1,1,0,1.2679029024243151,0
16689,1,1,1,0,0.3844642924355854,1
16690,1,1,1,1,-0.5822199476168677,1
16691,1,1,1,0,1.5956952530181383,1
16692,2,1,0,1,1.736338065744307,1
16693,2,1,1,0,-0.17263955214913299,0
16694,2,0,1,0,0.7750837010331522,1
16695,2,1,1,1,1.9788714354687906,1
16696,1,0,0,1,0.7584820622119245,1
16697,3,0,0,1,0.6130125312427945,1
16698,1,0,1,0,-0.7428981243357273,1
16699,2,1,1,1,0.20411525578769055,1
16700,2,1,1,1,-1.503509749837239,0
16701,3,0,0,0,-0.43362151510171015,0
16702,1,1,0,1,-inf,0
16703,1,0,0,1,-0.2891977095475471,1
16704,3,0,0,0,0.8497076573860659,0
16705,1,1,1,0,-1.006387307008995,0
16706,3,0,0,0,-0.9389988490324723,0
16707,2,1,1,1,2.051217885727352,0
16708,2,1,1,1,3.236436803158322,1
16709,2,0,0,1,2.7870920642494976,1
16710,3,0,1,1,3.732788946115878,1
16711,2,0,0,1,1.412670354836122,1
16712,1,1,1,1,0.6170927182397558,1
16713,2,0,0,0,-0.2645065870031817,0
16714,2,0,0,0,-inf,0
16715,3,1,0,1,-inf,0
16716,1,0,0,0,-inf,1
16717,1,0,0,0,-1.1824974786661384,0
16718,2,0,1,0,1.0808173251517053,0
16719,2,0,0,1,-inf,1
16720,2,0,1,0,-0.013951878298928633,1
16721,3,1,0,0,-0.495149420660415,1
16722,2,1,1,1,-inf,0
16723,2,0,1,1,0.8223188189157676,1
16724,2,0,0,1,2.543584398794387,0
16725,3,1,0,0,-0.5975702555334108,1
16726,1,0,0,1,-inf,1
16727,3,1,1,1,1.8897576127652262,1
16728,1,0,0,0,1.1845270886529984,1
16729,1,1,0,1,-0.03324023377408647,0
16730,1,0,0,1,-0.6429080750955248,1
16731,3,0,1,1,2.4621003795856082,1
16732,1,0,1,0,0.28746475310628355,1
16733,2,1,1,0,-0.3660985527921697,0
16734,3,0,0,0,0.7257661142357456,0
16735,2,1,1,0,-1.6596320332071735,0
16736,3,1,0,1,-inf,1
16737,1,1,0,0,-2.919238764020684,0
16738,2,0,0,1,1.196322735835834,1
16739,3,0,0,1,1.6002276048863107,1
16740,3,0,1,0,1.199048980218711,0
16741,3,0,0,0,0.874599263624587,0
16742,1,0,0,0,-2.2228535446307265,0
16743,3,0,0,1,3.03799161905082,1
16744,1,0,0,1,1.8624277115741485,1
16745,2,1,1,0,-1.2580604227793142,0
16746,1,0,0,0,-1.2012009173921996,0
16747,3,1,0,0,-inf,1
16748,3,1,0,1,0.1135102547013613,1
16749,1,0,1,1,1.4429209614228289,1
16750,2,0,0,0,-0.7756876621628674,0
16751,2,1,0,0,0.2187441519513546,0
16752,2,0,1,1,2.930526319732718,1
16753,1,1,1,0,0.4952402667214735,0
16754,1,1,0,1,0.06210432660626419,1
16755,1,0,0,0,-1.2463118389251795,0
16756,3,0,1,1,2.1655914947013875,1
16757,1,1,0,0,-1.8787245507401156,0
16758,1,0,1,0,-0.4941072934640426,0
16759,1,0,1,0,1.2834758106243522,1
16760,1,0,0,0,0.7038284000950621,1
16761,1,0,0,1,-0.6853231281467032,1
16762,2,1,0,1,0.013875689301778349,1
16763,1,0,0,1,0.013786065612043985,1
16764,3,1,0,1,1.4793666752883954,1
16765,3,0,0,0,1.2539296897548073,1
16766,2,1,0,1,-1.898380617183826,0
16767,1,1,0,1,-0.7554418398129461,0
16768,1,0,0,0,-0.07964608299991044,0
16769,2,0,0,0,0.06121894438050657,0
16770,2,1,1,0,-1.296420222098477,1
16771,3,1,0,1,1.0827739058341481,1
16772,3,0,0,0,-inf,0
16773,2,1,0,0,-inf,0
16774,3,0,0,0,-0.6694661181636107,1
16775,2,0,0,0,0.42703362070171547,0
16776,2,1,0,0,-2.4269060422469466,0
16777,2,1,0,0,-1.21619910142406,0
16778,2,1,1,1,-inf,1
16779,1,0,1,1,-1.2279179151490736,0
16780,3,1,0,1,1.9394950629801224,0
16781,2,0,0,1,0.8712933926704265,1
16782,3,0,0,0,0.7561516904277463,0
16783,2,1,1,0,-1.0412604949358886,0
16784,2,1,0,0,-1.9895202430072845,1
16785,3,1,0,0,-0.9169336190388209,0
16786,1,0,1,1,-inf,1
16787,3,0,0,1,1.32730132760424,1
16788,1,0,1,0,-2.003521010277706,0
16789,2,1,0,0,0.28484106832218836,0
16790,1,1,1,0,2.7115759898351035,1
16791,3,1,0,0,0.06304956657469774,1
16792,3,1,1,1,1.0747712286171793,1
16793,2,0,1,0,1.2659116151114422,0
16794,3,1,1,0,-0.01902763096019683,1
16795,2,1,0,0,-inf,0
16796,3,1,0,1,2.6272149979577466,1
16797,1,0,0,0,0.6639197808597852,1
16798,3,0,1,0,1.8643967978807978,0
16799,3,0,0,0,0.7027773359962852,0
16800,3,0,1,0,2.135920657438971,0
16801,1,1,1,0,0.5231481568065075,1
16802,2,0,0,0,1.5960635220949424,0
16803,2,0,0,0,0.43051259135240394,0
16804,3,0,0,0,1.1044647990615575,0
16805,3,0,0,0,1.3384083344473574,1
16806,3,0,0,1,2.076831101756072,1
16807,1,1,1,0,-0.991802586536376,1
16808,2,0,0,1,0.5341978453188799,1
16809,2,0,1,1,1.9692750849818532,0
16810,2,1,0,0,2.1933252108772603,0
16811,1,1,1,1,-0.8005881807484356,1
16812,2,1,1,1,-1.5804310084493838,0
16813,2,0,0,1,2.164875636214037,1
16814,2,1,0,1,0.15608530719467806,1
16815,3,1,1,0,-0.4775319642346798,0
16816,2,0,0,0,-0.08680227282262382,1
16817,2,1,0,0,-0.4281144279850855,0
16818,1,1,0,0,-1.385413382491508,0
16819,2,1,0,0,-1.116948759342597,0
16820,3,1,1,0,0.7749137727277753,1
16821,1,0,1,1,0.9835686421667671,0
16822,2,1,1,0,-0.12129825644577924,1
16823,3,0,0,0,0.3795348920921179,0
16824,1,1,1,0,-0.12057942454762305,0
16825,3,0,1,0,3.2994705835017184,1
16826,2,0,0,1,2.008554990709359,1
16827,3,1,1,1,0.31448563477579095,1
16828,3,1,1,1,1.372841127095408,0
16829,3,1,1,1,2.9866314761996504,1
16830,2,0,0,1,2.894041736565941,1
16831,2,1,0,0,-2.4264130363564558,0
16832,3,1,0,0,-inf,1
16833,3,0,0,0,-inf,0
16834,1,1,1,0,0.12851395860128195,0
16835,3,1,1,1,2.1439504949156962,1
16836,3,1,0,0,1.2494799723893313,0
16837,2,0,1,0,1.1417729120556326,0
16838,2,1,1,1,1.224586798464062,1
16839,1,0,1,0,-0.9484584300710622,0
16840,2,1,1,0,-0.8369108659379809,0
16841,2,0,1,1,3.0494497214772656,1
16842,2,0,0,1,2.3702567140144524,1
16843,3,0,0,1,1.3945594513350181,0
16844,1,1,1,0,-inf,0
16845,3,1,0,1,2.2302866589017656,1
16846,1,0,1,1,2.6731428646986353,0
16847,3,1,0,1,0.9451744917186686,0
16848,3,1,0,0,-0.6232331053638036,0
16849,1,0,1,1,1.904713838369589,1
16850,2,0,1,0,-0.03046097440534644,1
16851,1,1,1,0,2.3612105053072385,0
16852,2,0,0,0,1.353086827181997,0
16853,3,0,1,0,1.3717952837301703,0
16854,2,1,0,1,-0.3364156238247006,1
16855,3,1,0,1,1.3749637742816798,1
16856,2,0,1,0,0.9693074684963489,0
16857,3,1,1,1,2.372467096684125,1
16858,1,1,1,0,-0.399287322201724,0
16859,2,0,1,1,2.4681733437739273,1
16860,2,0,0,0,1.1946918391444912,0
16861,3,0,0,0,3.3140202540534447,1
16862,3,0,0,1,0.6576700077162085,0
16863,3,1,0,1,0.511601470832977,0
16864,2,0,1,0,-0.24039580934911886,0
16865,3,1,0,1,-inf,1
16866,1,0,1,0,-1.22781169535984,1
16867,2,1,0,0,-1.7445596800235268,0
16868,2,0,1,0,-0.3558607184908523,0
16869,3,1,0,1,-inf,1
16870,1,0,1,0,1.1050179655061907,0
16871,1,1,0,0,-1.2360619965106954,0
16872,2,0,1,1,2.0125799163862412,1
16873,3,1,1,1,-inf,1
16874,2,0,0,0,-inf,0
16875,1,1,1,1,-0.12299198918262688,0
16876,2,1,0,1,2.014619934983618,1
16877,3,1,0,1,-0.6388006951363762,0
16878,2,1,1,0,-1.1928021747326212,0
16879,2,0,0,1,0.26347277032963135,1
16880,1,1,1,0,0.25400662436769633,0
16881,1,0,1,1,1.510430624032349,1
16882,1,0,1,0,0.9600996218746758,1
16883,2,0,0,1,-0.716921103565196,0
16884,1,1,0,0,-1.6334884144856026,0
16885,1,1,1,1,-0.6987197147817048,1
16886,3,1,1,0,1.3905882075154052,1
16887,2,0,1,0,-inf,0
16888,1,0,0,1,0.04396694010240343,1
16889,1,0,1,1,3.1507558391426844,0
16890,2,1,1,1,1.686913022414542,1
16891,2,1,0,0,-inf,0
16892,1,1,1,0,1.9954037309013362,0
16893,1,1,1,0,-0.012922433717020065,0
16894,2,0,1,1,1.413148404158008,1
16895,1,1,0,0,0.18390374138577018,0
16896,2,1,1,0,1.2464873718974352,1
16897,2,0,1,1,3.032912010274834,1
16898,2,0,1,1,1.6093833131872048,0
16899,3,1,1,0,2.0275923146716726,1
16900,2,1,1,1,1.1476796060723473,1
16901,3,1,0,1,2.01285552597167,1
16902,1,0,0,1,1.6086723102356935,1
16903,2,0,1,1,-0.3893684237390389,1
16904,3,0,0,0,-0.5654957567737915,0
16905,1,1,0,1,2.171712909914967,1
16906,1,0,1,0,-0.08707586371984363,0
16907,1,0,0,0,-inf,1
16908,2,0,0,0,-inf,0
16909,2,1,1,0,-0.3368025246090978,1
16910,2,1,1,1,1.0099959643727345,1
16911,1,1,0,0,-1.6145576021004628,0
16912,2,0,1,1,0.35185166856960537,1
16913,1,1,0,1,0.9032190039150685,0
16914,3,1,0,0,0.3172728496327273,0
16915,3,1,0,0,0.3298213043088654,0
16916,2,0,1,1,3.4225006591411935,1
16917,1,0,0,1,0.12240773060335465,1
16918,2,0,1,0,-0.32824087089988385,0
16919,1,0,0,1,-2.0458466517975555,1
16920,2,0,1,1,2.2416676132073956,1
16921,1,0,0,1,-0.6223574426664905,0
16922,2,0,1,0,0.5656383303693143,0
16923,2,1,0,1,1.4664680299666297,1
16924,2,1,1,0,1.2289750455086759,1
16925,3,0,0,1,0.1644557902348538,1
16926,2,1,0,0,0.7924951237309253,1
16927,2,1,1,0,0.06911511443446705,0
16928,1,0,0,0,-2.1212289160739637,0
16929,2,1,0,0,-0.4131131688645849,1
16930,2,0,0,0,-2.456145782340747,0
16931,1,1,1,0,0.1574924933668474,1
16932,2,0,1,0,2.2124411379628977,1
16933,1,1,0,0,-1.7648432734545336,0
16934,2,1,1,1,1.932373528329548,1
16935,1,0,1,1,2.448280647847336,1
16936,1,0,1,0,-1.0125045856026171,0
16937,2,1,1,0,-inf,0
16938,2,0,1,0,0.9769681156371989,1
16939,2,1,0,0,0.7425623608909464,1
16940,2,1,0,0,2.5822719938028924,1
16941,2,0,0,1,1.8083987975386,1
16942,2,0,1,0,2.9002742377612414,1
16943,1,1,1,0,0.9477276295253844,1
16944,1,0,0,0,-0.9793640557883134,0
16945,2,1,0,1,0.6821919545770597,1
16946,3,1,0,0,0.1814880962240275,0
16947,1,1,1,1,1.910629672431204,1
16948,1,0,0,0,-0.9792293630708485,1
16949,1,0,1,0,-0.5179061124624469,0
16950,2,0,0,0,0.06940458770389435,0
16951,1,1,0,0,-1.1564825050655636,0
16952,1,1,1,1,-inf,1
16953,1,0,1,0,1.171217910803911,0
16954,1,0,1,1,-0.5302042867165678,1
16955,3,0,0,1,0.7984278587607949,1
16956,1,1,0,0,-0.680451225892285,0
16957,3,0,1,1,0.22944177531992127,1
16958,2,0,0,1,1.3581640909962154,1
16959,1,1,1,1,1.37056479630912,1
16960,2,0,1,0,0.141674257496884,1
16961,2,1,0,1,1.9631884548260765,1
16962,2,1,0,1,-inf,1
16963,1,0,0,0,-1.2490432159146236,0
16964,3,1,1,1,2.9076472018120714,0
16965,3,0,1,0,-inf,0
16966,3,0,0,1,3.3207334354405544,1
16967,2,1,0,1,0.010216299521052241,1
16968,2,0,1,1,0.9287495369382859,1
16969,3,1,0,1,3.2674060552555626,1
16970,2,1,0,1,0.7208925743884503,1
16971,2,0,0,0,-inf,1
16972,2,0,0,0,-0.2838492891261002,1
16973,3,1,0,1,0.6315543522652354,1
16974,1,0,1,1,1.2474327355062362,1
16975,2,1,0,0,-inf,0
16976,1,0,0,0,-inf,0
16977,1,1,0,0,1.800094399367126,0
16978,3,1,1,1,-inf,1
16979,3,1,0,1,1.935801645001781,1
16980,2,1,0,1,0.37569101444000164,0
16981,2,0,1,0,-0.8479632575734367,0
16982,1,0,1,0,-1.150768259599461,0
16983,2,1,0,1,-0.755852959251581,0
16984,1,0,0,0,0.9046466481865912,1
16985,2,1,1,0,0.07595381725955463,0
16986,2,0,1,1,0.4231365183427088,1
16987,1,1,0,0,-2.730268937821194,0
16988,1,1,1,1,1.4205989812792161,1
16989,2,0,0,0,-0.06486732283467034,1
16990,1,0,0,0,0.8930821228858985,0
16991,3,1,1,1,2.6994505144394814,0
16992,3,0,1,1,-inf,1
16993,3,1,0,1,0.7161002306760778,1
16994,3,0,1,0,-inf,1
16995,2,1,0,1,1.1582764166160684,0
16996,1,1,0,0,1.4415021503302627,0
16997,1,1,0,1,-0.12703279087252786,1
16998,2,1,0,0,-inf,0
16999,1,0,0,0,-0.31181077757268816,1
17000,2,1,1,0,0.8972110674223756,1
17001,1,1,0,1,-1.7012020861609574,1
17002,2,1,0,0,0.825725797706987,1
17003,2,0,1,0,0.9215820658304761,0
17004,3,0,0,0,-0.42219846476300493,0
17005,3,0,0,1,3.1327867144628994,0
17006,2,0,1,0,2.203594523243211,0
17007,2,1,1,0,-1.7997909358875566,1
17008,3,1,1,1,3.003136308094692,1
17009,2,1,0,1,3.892106636536697,1
17010,3,1,0,0,0.5738637157708582,1
17011,3,1,0,1,5.370011213712576,1
17012,2,1,1,1,-0.008271343461130565,1
17013,1,0,1,0,-0.36556182313311947,0
17014,2,0,1,0,0.4612554863710705,0
17015,1,0,1,0,0.8710958833817122,0
17016,2,0,1,1,1.0982221804105825,1
17017,1,1,0,0,-1.564314675878759,1
17018,3,1,0,1,1.2505710975968123,1
17019,3,0,0,0,1.5718201507009661,0
17020,1,1,1,0,-inf,0
17021,2,0,0,1,0.5740625165054897,1
17022,1,1,1,0,-2.446657235244717,0
17023,1,0,0,1,-1.4665756071562752,1
17024,3,1,1,1,3.9221791319385804,1
17025,2,1,1,0,0.8919269401698289,1
17026,2,0,0,1,1.8502260304463283,1
17027,2,1,0,1,0.5340161283146595,1
17028,1,0,1,1,0.4334876798818673,1
17029,2,1,0,0,-0.1484536633427621,1
17030,1,0,0,1,0.4928517488598101,1
17031,2,0,0,0,0.4792234582406244,0
17032,2,1,1,0,-inf,0
17033,3,1,0,0,0.8611348324257984,1
17034,2,1,1,0,-0.06951540402025586,1
17035,3,0,1,0,0.7016256315419702,1
17036,2,1,1,0,-1.2915372668723564,0
17037,1,1,1,1,4.064970850388015,1
17038,1,0,1,1,1.8271033976163054,1
17039,1,1,0,0,-1.6415208748934176,0
17040,2,0,1,0,-inf,1
17041,1,0,1,0,1.652519753577399,0
17042,2,0,0,0,0.44004832320706083,1
17043,3,1,0,0,-0.5157371057520721,0
17044,3,1,0,1,0.4654466547028806,1
17045,3,1,0,0,-inf,0
17046,2,0,1,0,2.050733110366422,0
17047,2,1,1,1,1.7023096178635715,1
17048,3,0,1,1,-inf,0
17049,1,0,0,1,0.43371731328354907,1
17050,2,1,0,1,0.6181011441024367,1
17051,2,0,1,0,0.7604653990880355,1
17052,2,1,1,0,0.5559137323039426,1
17053,3,0,0,1,3.933777556498219,1
17054,3,0,0,1,0.9971349332522271,1
17055,1,0,0,1,-1.3818644939683082,1
17056,3,1,0,0,0.7595785500981861,0
17057,3,1,1,1,-inf,1
17058,2,0,0,1,0.6831760605943662,1
17059,1,0,1,1,1.7987245979159636,1
17060,1,1,0,0,0.7009374874843332,0
17061,2,1,0,1,2.6499447114121395,1
17062,2,1,0,1,1.8856779035263638,0
17063,1,1,0,1,2.4756140559036046,1
17064,1,0,1,0,-2.1612590333236756,0
17065,2,1,1,0,-inf,0
17066,2,0,1,0,-0.40982780158809257,0
17067,1,0,0,1,1.305752495785904,0
17068,3,0,0,0,1.392085185677939,0
17069,2,0,0,1,1.3946343432910995,1
17070,3,1,0,1,0.6000393440331289,0
17071,1,1,0,0,-1.3877798471054559,0
17072,2,1,0,0,-0.2520471304678587,0
17073,2,0,0,1,0.9279195702833223,0
17074,2,1,0,1,-0.5785969034176415,1
17075,1,0,1,1,-0.9000566527027885,0
17076,3,1,0,1,0.8810981549604269,0
17077,2,1,0,0,-1.403359538598955,1
17078,1,0,0,0,-inf,0
17079,2,0,1,0,-inf,0
17080,2,1,0,0,0.050944631605411184,0
17081,3,0,0,0,0.2759008273463041,1
17082,1,0,0,0,-1.0854742118800234,0
17083,2,0,0,1,0.05150244244775415,0
17084,1,1,0,1,-0.40846976071882035,1
17085,2,0,1,0,1.3553126022544093,0
17086,1,0,1,0,-0.15288178610136116,0
17087,1,0,0,1,-0.03067857496339854,1
17088,1,0,1,1,-0.4432399435242176,0
17089,3,0,0,0,0.5219468954412018,0
17090,2,0,0,1,-inf,1
17091,1,0,0,1,2.257912439799583,1
17092,1,1,1,1,1.7638586641746903,1
17093,3,0,1,0,-inf,1
17094,2,1,0,0,-0.739256243145882,0
17095,2,0,0,1,2.681218720108729,1
17096,1,0,1,0,-0.2507095811413862,0
17097,2,0,1,0,-0.15973191209458815,0
17098,3,0,0,0,1.5920294373076689,1
17099,3,1,0,1,1.3551227010652716,0
17100,2,0,1,1,2.094023429772053,0
17101,1,1,1,0,1.144057551164258,0
17102,1,1,1,0,-0.41525777403670894,0
17103,3,0,1,1,0.4092544004827452,1
17104,2,0,1,0,1.4131915306563965,0
17105,1,0,0,1,0.30778643151908364,1
17106,3,1,1,0,0.9847249429668844,0
17107,2,1,0,0,0.9420892937287643,1
17108,2,0,1,0,-inf,1
17109,2,0,0,1,0.22687265169856802,1
17110,2,1,1,1,-inf,1
17111,3,0,0,1,1.299262084721324,0
17112,3,0,1,1,2.8979544769334553,1
17113,1,1,1,1,1.9612225806943078,1
17114,2,0,0,1,2.4454880719557144,1
17115,3,1,1,1,2.516099211015608,0
17116,3,1,1,0,-0.3197093734897253,0
17117,2,1,1,0,-inf,1
17118,1,0,0,1,-0.8718374844996815,0
17119,3,0,1,1,1.2936623041701907,0
17120,3,1,0,0,-0.47604643162456195,0
17121,1,1,0,1,-0.869487068963585,0
17122,3,1,0,0,-2.4411705011342253,0
17123,1,1,1,0,-0.6683757714459141,0
17124,2,1,0,1,1.9288722650140007,1
17125,2,0,1,1,2.0514732826866835,1
17126,2,1,1,0,1.8886834460412643,1
17127,3,0,0,1,2.0391300334873894,1
17128,2,0,0,0,0.25440654191564926,0
17129,3,1,0,0,-0.5647400275438057,0
17130,2,0,1,1,0.852986502496132,1
17131,1,0,0,1,-0.07027352478400148,0
17132,2,1,0,1,3.745625893109707,0
17133,3,0,0,0,2.4635129276930656,1
17134,2,1,1,1,2.159268034773111,1
17135,3,0,0,1,1.39930496931538,1
17136,1,0,1,1,-0.15161246323440203,1
17137,1,1,0,0,-1.1197583337056165,0
17138,2,1,0,0,-1.766700246336065,0
17139,1,1,1,0,-0.8678548148764473,0
17140,3,1,0,0,0.5974398538346317,1
17141,1,0,1,1,-0.8284402113156143,1
17142,1,0,0,1,-0.4830482952885172,0
17143,3,1,0,1,1.9507202662179488,1
17144,1,0,1,0,1.660858883027584,0
17145,3,0,0,1,2.447889341621944,1
17146,2,1,0,0,-0.8806944824699999,0
17147,3,1,0,1,1.9852041944425087,1
17148,1,1,1,0,-0.22643661596651224,0
17149,1,1,1,0,-0.5961815689498481,0
17150,1,0,1,0,1.7252684937339948,0
17151,3,0,0,1,1.5801189256393395,1
17152,1,1,0,0,-2.533773807102733,0
17153,1,0,0,0,-1.0841669980604238,0
17154,1,1,1,1,1.3241409187981839,1
17155,2,0,0,0,-inf,0
17156,1,0,1,0,0.7203808975241588,1
17157,3,1,0,0,-0.16582676185687728,0
17158,1,0,1,0,-inf,0
17159,2,1,0,1,1.3121869345687598,1
17160,2,1,0,1,-0.16576537198511873,0
17161,2,1,0,1,-inf,0
17162,2,1,1,0,-0.2058706967028334,0
17163,2,1,0,1,1.9900545471385662,1
17164,1,0,0,0,-1.2069574991696812,1
17165,3,1,1,1,1.6832862412745508,1
17166,3,1,1,0,2.252216536626218,1
17167,3,1,1,1,-0.6231960387125821,0
17168,2,0,0,0,1.3292641046181435,0
17169,2,0,0,0,-1.5686803249949017,0
17170,3,0,1,0,2.1344967529959216,0
17171,3,1,0,1,2.076214718973877,0
17172,3,1,0,1,1.941957996778539,1
17173,2,0,0,0,0.1746012207706169,1
17174,3,0,1,0,3.118616829656979,0
17175,1,1,1,1,-0.5932090843258057,1
17176,2,1,0,0,0.197173717880488,0
17177,2,1,1,0,0.6828177910950135,0
17178,3,1,0,0,-0.009115341159623244,0
17179,2,0,0,1,0.7878857970808487,0
17180,2,1,1,1,0.7064177072285333,1
17181,2,1,1,1,3.278669742026706,1
17182,1,1,1,1,-inf,0
17183,1,0,1,0,3.523380338460041,1
17184,1,0,0,0,-1.9292674769584255,0
17185,3,1,0,0,1.643720085860876,0
17186,2,0,1,1,0.6214274099656778,1
17187,3,1,0,1,2.173476176533346,1
17188,1,0,1,1,0.30114323323534586,0
17189,1,0,1,0,-1.6188475788143806,0
17190,1,1,0,0,-1.4015078512000814,0
17191,2,0,0,1,0.3821553493441654,0
17192,3,1,0,0,0.24178922001618097,1
17193,1,0,0,0,1.000041943025098,0
17194,1,0,1,1,0.94538364249711,0
17195,3,0,0,0,0.6624793654648021,1
17196,1,0,1,0,-0.022924580229274127,0
17197,2,1,1,0,0.7984517531773238,1
17198,1,0,0,1,-1.282031647966568,0
17199,2,1,1,1,1.4061454445716601,0
17200,3,0,0,1,3.3626619246647484,1
17201,1,1,0,0,0.3233874964429557,0
17202,3,0,0,0,2.92508876191844,0
17203,2,1,0,1,0.766869046823205,0
17204,3,0,1,1,0.9143322245111768,1
17205,3,0,1,1,2.32437102484206,1
17206,2,1,0,1,1.6252180243158638,0
17207,1,0,1,0,-0.696308474604199,0
17208,2,0,0,0,0.3653793670323924,1
17209,3,1,1,0,-inf,0
17210,2,0,0,0,0.9038413544776194,0
17211,2,0,0,0,-inf,1
17212,2,1,0,0,-0.6663085297806852,0
17213,1,1,0,1,2.7891148308435683,0
17214,3,1,0,0,0.6834144568592695,0
17215,1,1,1,0,-0.6319861167104672,1
17216,3,1,1,0,0.16548640563543904,0
17217,1,1,0,1,-inf,1
17218,1,0,0,1,-0.3072262647595988,1
17219,3,1,0,1,2.5898874626212347,1
17220,2,1,0,0,0.9309388410129202,1
17221,2,1,0,0,0.012589374616901308,0
17222,2,0,0,1,2.702381044376339,1
17223,2,1,0,0,-1.016750986553457,0
17224,2,1,1,0,1.019063952961325,0
17225,3,1,0,0,2.626759658896415,1
17226,1,0,0,1,1.5796859510146395,1
17227,1,1,1,1,-inf,0
17228,2,1,1,0,1.1373850159430052,1
17229,2,0,0,1,0.40954099974730457,0
17230,2,1,1,1,0.5280340544290021,1
17231,2,0,1,0,-inf,0
17232,2,0,0,0,-1.7334014636571915,0
17233,3,1,1,1,-inf,1
17234,2,0,1,0,1.8868058690296232,1
17235,3,0,0,1,0.6603494991695694,0
17236,1,0,1,0,-0.22064442100496418,1
17237,2,0,0,1,-inf,1
17238,2,0,1,1,0.8091828607507464,1
17239,1,1,0,0,-1.300299174721349,0
17240,2,1,0,1,2.7249249318748285,1
17241,3,1,1,1,1.5271513588070322,1
17242,2,0,0,0,0.31256404922475933,0
17243,2,1,0,0,-0.2492463643276417,0
17244,2,1,1,1,1.5848527137653936,1
17245,2,0,0,1,0.2554767078697874,1
17246,1,1,1,1,-inf,1
17247,2,1,0,1,4.0064189474143435,1
17248,2,0,0,0,1.288691048036456,0
17249,3,0,0,0,0.2691800393815096,1
17250,2,0,1,0,-inf,1
17251,2,0,1,1,1.6820100169906982,0
17252,3,1,0,0,-1.3801131161153462,0
17253,2,0,0,1,-inf,1
17254,3,0,0,1,2.378575063135226,1
17255,1,0,1,0,-0.011119363447459618,1
17256,1,0,1,1,1.663087777308338,1
17257,3,1,0,0,-1.8753774449032352,0
17258,1,0,0,0,0.15425574873052847,0
17259,3,1,1,1,0.2264600599608193,1
17260,3,0,0,0,0.10249007980794289,1
17261,3,1,0,0,-0.26169804154460036,0
17262,2,1,1,0,-0.42894379307404296,0
17263,2,1,1,0,-0.3499496473608993,0
17264,3,1,1,1,2.661349659532366,1
17265,1,0,1,1,2.741583620443045,1
17266,3,1,0,1,1.0953873369378289,0
17267,3,1,0,1,3.8714643782194997,1
17268,2,0,0,1,1.9198780053057314,1
17269,3,0,0,1,3.3280015578405515,1
17270,1,1,0,1,0.32894810196482926,1
17271,1,1,1,0,1.5653725165308174,0
17272,1,0,1,1,-inf,1
17273,3,0,0,1,2.5427407673351676,1
17274,1,1,1,0,-0.7657421346640523,0
17275,2,0,0,1,0.6032651586438605,1
17276,1,0,1,0,-0.008800540355809572,1
17277,2,0,0,0,-0.8577538926066042,0
17278,3,1,1,0,1.833026273942507,0
17279,2,1,1,0,0.4580771591530337,0
17280,1,1,1,1,0.1421835060220939,1
17281,2,0,0,0,0.9650173934886,0
17282,3,1,0,1,0.5057721863798075,1
17283,3,1,0,1,1.1667654270764847,1
17284,1,0,1,1,4.565662514471736,1
17285,3,0,0,1,1.5267183119972658,1
17286,2,0,1,1,3.076107859104386,1
17287,3,1,1,0,1.7871130950988598,0
17288,1,1,0,1,2.4024232467954403,1
17289,2,1,0,0,-0.3495041793489062,0
17290,3,0,0,1,1.532097390222752,1
17291,2,1,1,0,-1.6493482225517933,1
17292,1,1,0,1,0.4452138291681893,0
17293,1,0,0,1,0.7177143594300098,0
17294,2,0,0,0,0.02210112640905182,0
17295,2,0,1,0,0.20588505566802517,0
17296,3,0,0,0,-1.1522241099007633,0
17297,3,1,0,1,2.711421662745911,1
17298,3,1,0,1,2.402875065471757,1
17299,2,0,0,1,0.9351534174683489,1
17300,2,1,1,0,0.21649333084859645,0
17301,3,1,0,0,-1.0691881730301596,0
17302,2,0,1,1,2.9110361742147712,1
17303,1,0,1,0,-0.2728237448074342,1
17304,2,1,0,0,-1.2863676330839822,0
17305,2,1,1,0,-0.5126590965000623,1
17306,2,0,1,0,-1.2882035899150202,0
17307,2,0,1,1,1.8384650747738234,1
17308,2,0,0,0,-1.6771826572878148,0
17309,3,0,1,1,2.841179276509658,1
17310,1,0,1,0,-0.12634149367085112,1
17311,3,1,0,1,0.2880509689998447,0
17312,1,0,1,0,-0.5989441808666036,0
17313,2,1,1,1,2.0212230514772,1
17314,2,1,0,0,-1.4432319008329482,1
17315,2,0,0,0,-2.04523829857391,1
17316,2,1,0,0,-inf,0
17317,3,0,0,1,0.7878480162540898,1
17318,1,1,0,0,0.88892753994949,0
17319,2,0,0,1,0.8075815790313078,1
17320,3,1,0,0,1.1898166631747737,0
17321,3,1,0,1,-0.00017316075703364964,0
17322,3,0,1,0,0.7997463802889738,0
17323,2,1,0,1,1.7597231810627132,1
17324,1,1,0,0,-1.4214070062508657,0
17325,1,0,1,0,0.6821861445005665,1
17326,3,0,0,0,0.2730357650798536,0
17327,2,0,0,1,-inf,1
17328,2,1,1,0,-inf,0
17329,1,0,0,1,0.50778487559452,1
17330,3,1,0,0,-1.5968374976804542,1
17331,1,0,0,1,2.6279686315340576,1
17332,1,0,1,0,-0.5631722004951301,0
17333,3,1,0,1,0.8770166860782005,1
17334,2,1,0,0,0.4097585885420157,0
17335,1,1,1,1,0.14707533969163877,0
17336,3,0,1,0,2.0318906471491776,0
17337,3,1,1,0,-1.0915332894483964,1
17338,2,0,1,1,0.44256833994379396,1
17339,1,0,1,1,0.30574590793804646,1
17340,3,1,0,1,0.9342309964150173,1
17341,2,1,1,0,-0.5995015983195707,0
17342,3,1,1,0,0.08007854611778614,0
17343,2,0,0,1,2.2112083777555402,1
17344,2,0,0,0,-inf,0
17345,2,1,0,1,-0.9563381790256766,1
17346,2,1,0,1,2.1243771124754582,0
17347,2,0,1,1,3.6953827016773557,1
17348,2,0,1,1,-inf,1
17349,3,0,0,1,1.5598643671710324,1
17350,1,0,0,1,-1.420008682391697,1
17351,2,0,0,1,2.4097322462971995,1
17352,2,0,0,1,0.7950694785625492,1
17353,1,1,1,1,-0.8421523185919875,1
17354,2,1,0,1,-0.08976195012382615,1
17355,3,0,0,1,2.604603157949547,1
17356,3,1,0,1,1.6661624377791981,1
17357,1,0,1,0,0.7865801378267624,0
17358,2,0,0,0,0.8729472495950097,0
17359,2,1,0,0,0.36759250206795013,0
17360,2,0,0,0,-inf,1
17361,2,0,1,1,3.405600441389808,1
17362,1,1,1,0,-2.5036246529633277,1
17363,2,0,0,0,-0.09590039430360175,0
17364,2,0,1,1,0.569264951556159,1
17365,2,1,0,0,1.3060146233249252,0
17366,1,0,1,1,-0.050656522544129,1
17367,1,1,1,1,0.45529575850441795,1
17368,1,1,1,0,0.743376898145188,0
17369,3,0,0,1,2.247463268234136,1
17370,1,0,0,1,0.16235548484482928,0
17371,2,1,0,1,1.1754771344677952,1
17372,1,0,1,0,-0.3190172126309262,0
17373,2,1,0,1,1.22968410347673,1
17374,1,1,1,1,-0.156510842864795,1
17375,3,0,0,0,0.7118597360653012,0
17376,2,1,0,0,-1.4092107612170515,0
17377,1,1,1,0,-0.7471920542243782,0
17378,2,0,0,1,1.501381853372779,1
17379,1,0,1,1,2.548199390604179,1
17380,1,0,1,1,2.6128877733150446,1
17381,2,1,0,0,-inf,0
17382,3,0,0,1,3.224322929199715,1
17383,1,1,1,1,1.1119475954981028,1
17384,1,1,0,0,-0.1273884175521952,0
17385,3,0,1,0,0.4968852361125293,0
17386,3,1,1,1,3.532082072676752,1
17387,1,1,1,0,0.24679600284310832,0
17388,3,1,0,1,1.4999173210677739,1
17389,3,1,1,0,2.985925443736852,0
17390,3,1,0,1,-3.023508429735638,1
17391,1,1,1,1,2.9952885850141686,1
17392,1,1,1,0,0.054728193947211234,0
17393,2,1,1,1,0.5901771040286379,1
17394,2,0,1,0,-inf,0
17395,2,1,1,1,3.0854791885150963,1
17396,1,0,1,1,-0.1485179324745598,0
17397,1,1,1,1,0.8710811945773711,1
17398,2,0,1,0,-inf,0
17399,3,1,0,0,0.9503479161164035,1
17400,3,1,0,1,2.0626966747784796,1
17401,3,0,0,1,-inf,1
17402,1,1,0,1,0.9263612925515423,1
17403,3,1,0,0,2.034346458005138,1
17404,3,1,0,0,1.252235667305412,1
17405,1,0,0,0,1.1467075044409873,0
17406,1,1,1,0,-2.225909019922434,0
17407,1,0,1,0,-0.036587712355400745,0
17408,3,0,0,0,-inf,0
17409,1,0,0,0,-0.9737403260888096,0
17410,2,0,1,0,-0.4759986944582483,0
17411,1,0,0,1,0.6596756163074847,1
17412,2,0,0,1,0.1460119661181909,1
17413,2,0,0,1,-inf,1
17414,3,0,0,1,-inf,1
17415,2,1,0,0,0.2904350865786538,1
17416,1,0,0,1,-2.212688889045416,1
17417,3,0,1,0,1.136592033551075,0
17418,1,1,1,1,1.2172719662383122,1
17419,1,1,1,1,-0.8405390959183932,1
17420,3,1,0,1,2.169645301855829,1
17421,1,1,1,1,0.49021736254475046,1
17422,2,0,1,1,0.4090351463865336,1
17423,3,1,0,0,1.2860919360445222,0
17424,2,0,0,0,-inf,0
17425,1,1,0,1,1.9527062401112825,1
17426,3,0,0,0,-0.29176806456369375,0
17427,2,0,1,1,-inf,1
17428,2,1,1,0,0.4328018127609366,0
17429,1,0,0,1,-inf,1
17430,1,1,0,1,-0.35388083163211553,1
17431,2,1,0,0,-inf,0
17432,3,0,1,1,2.358236133910785,1
17433,3,1,0,0,-1.3563611470154344,0
17434,3,0,0,1,2.2993443826455366,1
17435,1,0,1,1,1.9040702812693513,1
17436,2,0,0,1,0.9451226278170936,1
17437,2,1,0,1,0.5059476469753119,1
17438,2,1,0,1,1.1469868117120696,1
17439,3,0,0,0,2.114942531393927,1
17440,2,1,0,0,0.044187885904911184,1
17441,1,0,1,0,-0.11593204177841554,0
17442,1,0,1,0,0.6872504717118378,1
17443,1,1,0,0,0.2886851450505953,0
17444,3,1,1,1,1.6293324303217456,1
17445,2,1,1,1,-0.7805158996487179,0
17446,1,1,1,0,-0.676712047554136,1
17447,2,1,0,0,0.24697386937793542,0
17448,3,0,0,1,2.312965769467096,1
17449,2,1,1,0,0.2642186275975337,0
17450,2,0,0,1,-0.19672979814988706,0
17451,1,0,1,0,2.8417674607415178,1
17452,2,0,1,0,1.8601103982064118,0
17453,3,0,0,0,-0.05229442541380008,0
17454,2,1,1,1,1.4610236122914086,1
17455,2,1,1,0,-inf,0
17456,1,1,0,0,0.4303019874035683,0
17457,3,1,0,0,0.4872443735465867,0
17458,1,1,0,1,1.558731152927793,1
17459,3,1,1,1,2.854242200868681,0
17460,3,1,0,0,-1.6869547295272986,0
17461,3,1,0,1,4.010907923138152,1
17462,1,0,1,0,-0.2768053957073542,0
17463,3,0,0,0,0.21711134801917248,0
17464,3,0,1,0,0.4021819662848569,1
17465,1,0,0,0,0.5700451865839915,1
17466,2,0,0,0,2.0927945601631825,1
17467,1,1,0,1,0.7279797564231818,1
17468,2,1,0,0,0.5295753191966968,0
17469,2,0,0,1,0.8047126515667076,1
17470,2,0,0,1,-1.2798656058410254,1
17471,3,0,0,0,1.6084278567284243,1
17472,3,1,1,1,0.9363937678974833,0
17473,2,0,1,0,0.7254604435773506,1
17474,3,0,1,0,0.25222948142546386,1
17475,1,1,0,0,0.016267244592547248,0
17476,1,1,1,1,0.9700807740069204,1
17477,2,0,0,0,1.0077518782030885,0
17478,3,0,0,1,1.2035100505956886,1
17479,1,1,0,1,-1.8473905315853463,0
17480,3,1,0,1,-inf,0
17481,3,0,1,1,2.8807747688571985,1
17482,3,1,0,1,2.4219394689143643,1
17483,1,1,1,0,-inf,1
17484,1,1,1,1,1.6416223364472788,1
17485,2,0,0,1,0.1297503221748071,1
17486,3,1,0,0,0.6594730232195611,0
17487,1,0,0,1,-inf,0
17488,2,0,1,1,2.291958625271498,1
17489,1,0,1,0,-0.4868951118811894,1
17490,1,1,1,0,-0.3513427480281509,1
17491,2,0,0,1,1.9988321605968489,1
17492,3,0,0,1,1.6770139039632788,1
17493,1,1,0,0,0.9160081299069096,1
17494,1,0,0,1,-0.09955900950959662,0
17495,1,0,1,0,1.0147948483465574,1
17496,2,1,0,0,0.4534450180195404,0
17497,1,0,1,1,-inf,1
17498,2,0,1,0,2.2961359045921945,0
17499,2,0,0,1,1.671684153779717,1
17500,1,0,0,0,-0.5240518331687387,1
17501,3,0,0,1,3.005891518813022,0
17502,2,0,0,0,1.8323817813162622,0
17503,2,0,1,0,1.274112252593308,0
17504,2,1,1,0,-0.7625909156376003,0
17505,3,0,1,0,-inf,0
17506,1,0,1,0,-2.7240807805384364,0
17507,3,1,0,1,1.0802434400367098,1
17508,1,1,0,0,-inf,0
17509,2,0,1,0,-inf,0
17510,2,0,0,0,0.804063864992569,0
17511,1,0,0,1,-0.9543550257789668,0
17512,3,0,1,0,1.856537610376001,0
17513,1,1,1,0,0.13781591190395354,1
17514,2,1,1,1,1.9257647233151456,1
17515,2,0,0,0,-1.8920920918604431,0
17516,1,0,0,1,2.358077862318715,1
17517,2,1,1,0,0.043853355246713244,0
17518,3,1,1,1,0.6166128335036483,0
17519,3,0,0,1,2.9941077560385088,1
17520,2,0,1,1,1.4975175741686275,1
17521,3,0,0,1,2.05826725217652,1
17522,1,1,0,0,-inf,1
17523,2,1,0,1,0.4950203947642222,0
17524,2,0,1,1,1.0251512230999107,1
17525,1,0,0,0,-inf,1
17526,1,1,1,0,-0.5163494387659298,1
17527,2,0,1,0,-1.926613378925426,0
17528,3,1,0,0,0.9296660572899684,0
17529,2,0,1,1,-inf,1
17530,1,1,1,0,0.1330170599040569,0
17531,3,1,0,0,-inf,0
17532,1,0,1,1,1.2035054327897987,0
17533,1,1,0,1,0.6411612783404415,0
17534,2,0,0,0,0.5455225172297513,0
17535,2,1,0,0,-2.999257463076278,0
17536,2,0,0,1,2.037082717547011,1
17537,1,0,1,0,0.8786935838942322,1
17538,2,0,0,1,-2.0112353714931297,0
17539,2,1,0,1,-1.1842735799858906,1
17540,2,1,0,0,1.2750591432643483,0
17541,2,1,0,1,-0.33949340638599423,1
17542,2,0,1,1,0.8509113851438652,1
17543,2,1,0,1,1.78308566404548,1
17544,2,1,0,1,0.6372696622226254,1
17545,2,1,0,1,-0.7457955790685852,1
17546,3,1,1,0,-0.5563236883383607,0
17547,1,0,0,0,-0.6174079097711909,0
17548,3,1,0,1,2.58663678307619,1
17549,3,1,0,1,0.7456381254221339,0
17550,3,1,1,0,0.6892277742156377,0
17551,1,1,1,1,1.7354320262409444,1
17552,2,1,1,0,-0.27280076676991305,0
17553,1,1,0,1,1.7663977025808135,1
17554,2,1,1,0,1.1635504936610914,1
17555,2,0,0,1,0.07823015121444454,1
17556,2,0,0,0,-0.11843969884043237,1
17557,2,1,0,1,-0.03888197464610099,1
17558,1,1,1,1,1.9916996550529085,1
17559,1,0,1,0,-0.38375059411375123,0
17560,3,0,0,1,1.8984697455026331,1
17561,1,1,1,1,1.7452803114585425,1
17562,3,0,1,1,4.15084869700162,1
17563,3,0,1,0,1.5916695997384178,0
17564,1,0,0,1,0.4416726430029305,1
17565,3,1,1,0,0.1029033172288974,0
17566,1,1,0,0,-1.7745504731213837,0
17567,1,1,0,1,-0.7112630634396351,1
17568,3,1,0,1,1.042300183202226,0
17569,1,1,1,1,0.9048154440294209,1
17570,3,1,0,1,2.6421113572023947,0
17571,3,0,1,1,-inf,1
17572,1,1,1,0,-0.8380622397004176,0
17573,1,1,1,0,0.4936877097259922,0
17574,2,0,0,1,0.9418806808259148,1
17575,2,1,0,1,-0.6102774879392272,1
17576,1,0,0,1,1.7497732085993773,1
17577,3,1,0,0,1.1834425635625092,1
17578,2,0,1,0,0.5884309321040988,0
17579,1,0,1,1,1.0981551040629693,0
17580,1,0,0,0,2.177910667262262,1
17581,2,0,0,0,-0.6389893834799483,0
17582,3,0,0,0,-0.08493887294017022,1
17583,3,0,0,0,1.201200964940911,0
17584,1,0,0,0,-2.439186697942194,1
17585,2,1,1,0,-2.3511630749867396,1
17586,3,0,0,1,3.4603448962821686,1
17587,2,0,0,0,0.18603364527176902,1
17588,2,0,0,0,1.1175807736563868,1
17589,1,1,1,0,-0.4880417599684646,0
17590,1,0,0,1,0.33226899175364594,0
17591,2,1,0,0,-inf,0
17592,2,0,1,1,1.9603213318697366,1
17593,2,1,1,1,1.262739909456919,0
17594,2,1,1,0,0.5693894179726962,0
17595,2,1,0,0,-1.062044244237293,0
17596,2,0,1,0,-inf,1
17597,1,0,1,0,-0.2604732080432352,0
17598,1,1,1,1,-0.034496033350502,0
17599,3,1,0,0,-0.7221321749497389,1
17600,3,1,0,1,5.068617849409278,1
17601,3,1,0,0,-0.4979776426614201,0
17602,2,1,1,0,-inf,0
17603,1,0,0,1,-0.30637684731031156,1
17604,2,0,0,0,-1.3494112000434704,0
17605,2,1,0,1,1.0163520180336452,0
17606,1,1,0,0,0.3566952787305806,0
17607,2,0,0,0,0.9090639125902957,1
17608,3,1,1,0,0.12693633029537707,1
17609,1,0,1,0,-1.426303187519547,0
17610,1,1,0,1,-0.3619678138937353,1
17611,3,1,0,1,2.184558606111167,0
17612,1,0,1,1,1.6879220779511284,1
17613,3,0,0,0,-1.4883157469229646,0
17614,1,1,1,0,-1.5685765095152195,0
17615,2,1,1,1,2.498401834251615,1
17616,1,1,0,0,-1.2018523084387807,0
17617,3,0,0,1,1.2161738440513619,1
17618,1,1,0,1,-1.7852627149194311,1
17619,3,0,0,0,0.6995162954241645,0
17620,3,0,0,0,0.26126389502403224,0
17621,1,1,0,1,0.7197363264333726,1
17622,2,0,1,0,-0.29338506470713566,0
17623,2,1,0,0,-inf,1
17624,3,1,1,1,1.2613495598372675,0
17625,2,1,1,1,1.0639716668470625,0
17626,2,1,1,1,1.1234981110879807,1
17627,1,0,1,0,-0.9337416601994134,0
17628,1,0,1,1,3.1601021944035836,1
17629,3,1,0,0,-2.433323158416258,0
17630,1,1,1,0,-1.8874828437402613,0
17631,3,0,1,1,1.2106657333582778,1
17632,3,0,0,1,1.7431570364384101,1
17633,2,0,0,1,1.962006962454803,1
17634,1,0,1,0,0.6360088385594527,0
17635,1,1,1,1,0.3427920320085152,1
17636,2,1,0,0,0.5032473816569809,1
17637,3,0,0,1,0.8408460744032564,1
17638,1,0,0,1,-1.3094865874461243,0
17639,2,0,0,0,-0.21728954847192056,0
17640,1,1,1,0,-1.6594916288245756,0
17641,3,0,0,0,2.846048888197279,0
17642,1,1,1,1,-0.006908961914152634,1
17643,3,1,0,1,1.7307295987431228,1
17644,1,1,0,1,-0.52276059301736,1
17645,3,1,0,0,-0.4250393543781277,0
17646,2,0,1,1,2.429163375058815,1
17647,1,1,1,1,2.0455608898528226,1
17648,1,0,1,1,-inf,1
17649,3,0,0,1,2.1496363833356096,1
17650,1,0,0,0,-0.9237472826273126,0
17651,2,1,1,0,0.3524403373799697,0
17652,3,0,0,0,-0.7102766801284754,0
17653,1,0,1,0,-inf,0
17654,2,0,0,1,1.6828990343045438,1
17655,1,1,1,1,0.3532984420049189,1
17656,3,0,0,0,1.4600571275827074,1
17657,3,1,0,0,1.4507413540335024,0
17658,2,0,0,1,1.8878782513943904,1
17659,3,1,1,1,0.7600540964873705,1
17660,3,1,0,0,0.23975721388640453,1
17661,1,0,0,1,-inf,1
17662,2,1,0,0,0.8525293408350584,0
17663,3,0,0,1,0.03805822091454791,1
17664,2,1,0,0,-0.24234689245910523,0
17665,3,0,0,1,0.7691026073853566,1
17666,2,0,1,1,1.8781622253786787,1
17667,2,1,1,1,-inf,1
17668,3,1,0,0,0.6725331281255903,0
17669,3,0,0,0,-1.6179807358150082,1
17670,1,1,1,1,0.09076404531975607,1
17671,2,0,1,0,2.9257059920976123,0
17672,2,1,0,0,-1.5540545424170888,0
17673,3,1,0,1,1.451309352124674,1
17674,3,1,1,1,1.9735130852143365,1
17675,1,1,0,1,-0.04680878862594448,1
17676,1,0,0,0,-0.8931137942834029,0
17677,2,0,1,1,1.7728730208161652,1
17678,2,1,0,0,1.0802541026642003,0
17679,1,1,0,0,-0.7079791613080377,0
17680,3,0,0,0,-inf,0
17681,1,1,0,0,-2.8700540442348874,0
17682,2,1,1,0,-2.2775355394933925,0
17683,3,1,1,1,1.0309840551317087,0
17684,1,0,0,0,0.5095645707567255,0
17685,2,0,1,0,0.936116938087536,0
17686,3,1,0,0,-0.9337202325330465,0
17687,1,1,0,0,-1.3591733519227547,1
17688,2,0,0,0,-0.2544200953755924,0
17689,2,1,0,0,-2.5129488321751015,0
17690,2,1,0,0,-inf,0
17691,2,0,0,0,1.060358122607485,1
17692,2,0,0,0,0.11986154129489934,0
17693,1,0,0,1,-0.3897160551429234,0
17694,3,1,0,0,2.5909826885536016,1
17695,2,0,0,1,-0.6550115705824493,0
17696,2,1,1,1,2.435255683485667,1
17697,2,0,1,0,0.9263595718870857,0
17698,3,0,0,1,2.5414322013463084,0
17699,2,0,0,0,-0.7925533127666767,0
17700,3,0,1,0,2.630041799823359,0
17701,3,0,1,1,3.5290504853317106,0
17702,1,0,0,1,0.05522178365337882,0
17703,2,1,1,1,0.7694204254395123,1
17704,3,1,0,0,1.5512680917117867,0
17705,2,0,0,0,-0.3841771972097806,0
17706,2,0,0,0,1.2711050096801082,0
17707,3,1,1,0,1.6559855795634417,0
17708,1,1,0,1,2.291572382344415,1
17709,3,0,0,0,-0.8698777275314068,0
17710,2,1,0,1,0.28452185154549503,1
17711,2,0,0,0,0.8530841688752316,0
17712,1,0,1,0,0.663159041841401,0
17713,1,0,0,0,0.3631592458808841,0
17714,1,1,0,1,0.9917951713915163,0
17715,2,1,0,0,-1.242222162510767,0
17716,3,1,0,0,-0.2869296765982868,0
17717,3,0,0,1,-0.5307785288482998,1
17718,2,1,0,1,-0.030292361371644955,0
17719,1,0,0,0,-0.6051488959698518,0
17720,2,0,0,0,-2.6796963923774104,0
17721,1,0,1,0,-0.0011255650091972005,0
17722,1,1,1,1,1.0766769383656385,1
17723,1,0,0,0,-0.5841836678655852,0
17724,1,1,1,0,-0.6904662658954923,0
17725,2,1,1,1,0.9279659441351974,1
17726,1,0,1,1,0.8571343527499635,1
17727,2,1,1,0,-0.2392875990401392,1
17728,2,1,0,0,-0.8610338784401965,0
17729,1,1,1,0,1.1144747170666651,0
17730,2,0,0,1,1.570033032664486,1
17731,3,1,0,0,0.8917729018121375,1
17732,3,1,0,1,1.2751385801514707,1
17733,3,0,1,1,2.9273433901572092,1
17734,2,1,0,0,-1.6563520947684456,0
17735,2,0,1,0,1.1809385592057595,0
17736,3,0,0,0,-0.12365992673265291,0
17737,3,0,0,1,3.068503409247135,1
17738,3,0,0,0,-inf,0
17739,2,1,1,1,0.15165561512525516,0
17740,2,0,0,1,-inf,1
17741,1,0,1,1,0.08248127995610055,1
17742,2,1,1,0,1.462675705318134,0
17743,1,1,0,0,-0.7220767826530785,0
17744,2,0,0,1,0.5763765558719844,0
17745,1,1,0,0,-1.9448361644631025,1
17746,2,0,1,0,-inf,0
17747,3,0,1,0,1.4020286689012993,1
17748,1,1,0,0,1.0012485368908803,0
17749,1,1,0,1,-2.1639176833095775,0
17750,3,0,0,1,-inf,1
17751,2,1,1,1,1.5868067308811096,1
17752,3,0,0,1,2.1816732496306113,1
17753,3,0,1,1,1.8378606660937336,0
17754,1,0,1,1,1.813370152416875,1
17755,2,0,1,1,-inf,0
17756,3,0,0,0,0.7480798756041966,1
17757,2,1,0,0,0.134818456918758,0
17758,2,0,0,0,-0.5494101620317591,0
17759,3,1,0,1,2.875970973802063,1
17760,1,0,0,0,0.952495256887982,1
17761,2,1,1,0,0.29207657836718304,0
17762,1,1,0,1,-2.355061496558511,1
17763,2,1,0,0,0.09346906298543828,0
17764,1,1,1,1,-0.5382711391963753,1
17765,1,0,1,0,0.5861610342151405,0
17766,1,0,0,1,1.368139094351066,1
17767,3,1,1,1,3.4100435292630276,1
17768,3,0,1,1,3.667490634191734,1
17769,2,1,0,0,-1.6190072056595826,1
17770,3,0,0,1,1.8078648573483735,1
17771,2,1,1,0,-inf,0
17772,2,1,1,1,2.2281178605480694,1
17773,2,1,1,1,-0.7733158272318447,1
17774,1,1,0,1,2.3937468126775334,1
17775,2,0,0,0,1.939841769865759,0
17776,3,0,1,0,2.0281689727310126,0
17777,3,1,0,1,2.769464654377779,1
17778,2,0,1,0,-inf,0
17779,1,1,1,0,-inf,0
17780,1,1,1,0,0.038411275631617836,0
17781,3,0,0,0,1.0877373402528758,0
17782,3,1,1,0,2.840974775197713,0
17783,2,1,1,0,-inf,0
17784,1,0,0,1,-inf,0
17785,2,0,1,0,1.9089946641676137,0
17786,3,0,0,1,3.1347804691852352,1
17787,2,1,0,1,0.2896780416431376,1
17788,2,0,1,0,2.0489473135801832,1
17789,3,0,0,1,1.2809529947148341,1
17790,2,1,0,1,0.2229371970833367,0
17791,2,1,0,1,2.3805974673670485,1
17792,2,1,0,0,-1.4722063183441856,0
17793,2,0,0,0,-inf,0
17794,2,0,1,0,0.2841407675644141,0
17795,2,0,0,1,2.1597022813195688,0
17796,1,0,0,1,-1.5249401125371707,1
17797,2,0,0,1,-inf,1
17798,2,0,0,1,0.790244770136336,1
17799,2,0,0,0,0.9842077691041103,1
17800,2,1,0,1,2.1808453473754503,0
17801,2,0,1,0,-inf,0
17802,1,1,0,0,-inf,0
17803,2,0,1,1,1.1693752447459758,1
17804,3,0,0,0,1.5559795641617684,1
17805,2,0,1,1,-inf,1
17806,2,1,1,0,-0.8723891164726254,0
17807,3,0,0,1,1.2504097711578073,1
17808,1,0,0,0,-inf,0
17809,1,0,0,1,0.4194398372606534,1
17810,3,1,0,1,0.992420072108606,0
17811,1,0,1,1,1.3178869049891724,0
17812,3,1,0,1,0.9008335833581119,0
17813,2,0,1,0,1.1717829784480365,0
17814,3,0,0,0,-0.3038501940734675,0
17815,3,1,0,1,1.8446884368975502,1
17816,3,0,0,0,1.7398603277363351,0
17817,1,0,0,0,-1.2730647751284072,0
17818,2,0,1,0,0.9181117776476266,0
17819,1,0,1,0,0.049424031005896846,0
17820,2,0,1,1,2.2000995475247698,0
17821,1,1,0,1,-inf,0
17822,2,0,0,1,1.3294122322320991,1
17823,2,0,1,1,3.50641346996223,1
17824,2,0,0,0,0.8665443245573784,0
17825,2,0,1,0,-inf,1
17826,2,0,0,0,-1.7511473547316319,1
17827,3,0,0,1,2.6365670462439526,1
17828,1,0,0,1,-0.8707292401895583,0
17829,2,1,1,0,1.6768123959254948,0
17830,1,0,1,1,1.6847889820681183,0
17831,2,1,1,1,2.6187801099553596,1
17832,2,1,1,0,-1.9645191297500728,0
17833,3,0,0,0,0.09459917940225071,0
17834,3,0,1,1,2.6660405046892413,1
17835,2,1,0,1,1.5546547836490383,1
17836,3,0,0,0,-0.13299549234317515,0
17837,3,1,0,1,2.2828618399102103,1
17838,1,1,0,0,0.6220297064743786,1
17839,1,1,1,0,-inf,0
17840,2,1,0,1,-0.7876253546529816,0
17841,3,1,1,1,1.4557265818184524,1
17842,2,1,1,0,0.2829358979416239,1
17843,2,0,1,0,2.1481198457198847,0
17844,2,0,0,1,2.420444250326413,1
17845,2,1,0,1,1.4822238278099706,1
17846,2,1,0,1,1.8038980429457436,1
17847,2,0,0,0,1.2043886791583498,1
17848,2,1,1,0,0.5579828030726706,0
17849,2,1,0,1,-1.2589082002722463,0
17850,3,1,0,1,1.6522688509442716,0
17851,2,0,1,0,2.0571776884442263,1
17852,3,0,0,0,-0.9084575374730041,0
17853,2,0,1,0,0.09933750795415086,0
17854,2,0,0,0,1.5734725268818819,0
17855,3,0,0,1,1.3199752211287978,1
17856,1,1,1,0,-0.07937718239646842,0
17857,1,1,1,0,-3.4638305189841776,0
17858,2,0,0,1,1.1180468346185821,1
17859,2,0,0,1,0.6592729350731887,1
17860,1,0,0,0,-0.04047273306986221,0
17861,2,1,1,1,1.3700484487304154,1
17862,3,0,0,1,1.9214712656643675,1
17863,2,1,1,1,2.605607948275465,1
17864,2,1,0,0,0.07577887064460193,0
17865,1,1,1,0,-0.42412545377983446,0
17866,2,1,0,0,1.0751902836847556,1
17867,2,0,0,0,-0.216532237225593,0
17868,2,1,0,1,1.1187073030441466,1
17869,1,1,1,0,2.083628478002389,1
17870,3,1,0,1,1.152969315754885,1
17871,2,1,0,0,-3.067639019453541,0
17872,1,1,1,0,-inf,0
17873,3,0,0,1,1.5285680121573981,1
17874,3,1,0,1,1.6967009029191193,1
17875,1,1,0,0,-1.4764327686285155,1
17876,2,1,0,1,0.7267217800168022,0
17877,2,1,1,1,0.49234295303042075,1
17878,2,0,0,0,2.000399182724381,0
17879,1,1,1,0,-inf,0
17880,2,0,0,1,2.1866933327003886,1
17881,3,1,0,0,-0.9861317507177907,0
17882,3,1,1,0,2.2208693833110424,0
17883,2,0,1,0,1.1704375476106812,0
17884,1,0,1,0,-0.9989466880252266,0
17885,1,0,1,0,-0.6651498929223467,0
17886,3,0,1,1,2.1242011000478147,1
17887,1,0,1,1,0.898419348646036,1
17888,2,0,1,0,-1.3457427245725255,0
17889,3,0,0,0,1.2014455843003151,1
17890,3,0,0,0,0.9292901398391196,1
17891,3,0,0,0,-1.0982874687163746,0
17892,1,1,1,0,-0.6224233626614416,0
17893,2,0,0,0,1.3485408312494473,1
17894,1,0,1,0,-0.11232056152214431,0
17895,3,0,0,0,1.4117078145916944,0
17896,2,1,1,1,3.6651846178904126,1
17897,1,1,0,0,-inf,1
17898,3,0,1,1,2.0099228438810917,1
17899,1,0,1,0,-1.0248655647484703,0
17900,3,1,1,1,2.838983014681582,1
17901,2,1,1,1,3.0815919152758666,1
17902,2,1,1,0,0.60232100890615,0
17903,1,0,0,1,-0.6788698140131288,0
17904,3,1,0,1,-0.7016857643116516,0
17905,3,0,0,1,2.6138482843159885,1
17906,2,1,0,1,0.11855018273493295,0
17907,2,0,1,1,2.5221336942260586,1
17908,2,1,1,1,0.5210020263984381,1
17909,1,1,1,0,-0.578843035447035,1
17910,3,1,1,0,0.7439557482582837,0
17911,1,1,1,1,-inf,0
17912,2,0,1,1,0.42769930985596494,1
17913,3,1,0,1,1.3748911050425485,1
17914,2,1,0,1,-inf,1
17915,3,0,1,1,2.338258994774293,1
17916,3,0,1,0,-inf,0
17917,2,1,0,1,1.4437956977455844,1
17918,2,1,0,0,-0.10303208801882924,0
17919,2,1,1,0,1.9425477906715563,1
17920,2,1,1,1,1.9132497325905797,1
17921,2,1,0,1,2.603028530846462,1
17922,1,0,1,0,1.3202377281658029,1
17923,3,0,0,1,0.7671230045853422,0
17924,2,0,0,1,0.5700837893197843,1
17925,1,0,0,1,0.01253658270454161,0
17926,2,0,0,0,0.7292747053019373,0
17927,2,1,1,1,3.3490788701150707,1
17928,3,1,0,0,1.1457704728588372,0
17929,2,1,0,0,-0.7772404174272444,0
17930,3,0,1,0,2.26524613812838,0
17931,2,0,1,0,0.6121759869684782,0
17932,1,0,1,0,-0.1382368009324686,0
17933,2,0,1,0,-0.5251987150470288,0
17934,2,1,1,1,-inf,1
17935,2,1,0,1,0.10459750054729122,0
17936,1,0,1,0,-0.30890608052058555,0
17937,1,0,0,1,-1.9881842679277573,1
17938,2,1,1,1,1.7201648435915633,1
17939,2,0,0,0,2.1643059905763145,1
17940,1,1,0,1,1.3510693603273964,1
17941,1,0,0,0,0.6107973600095391,0
17942,2,1,1,0,-inf,0
17943,1,1,1,0,-3.8648983290603014,0
17944,1,1,0,1,1.162756667571736,0
17945,2,1,0,1,2.459318581601984,1
17946,3,1,1,1,-inf,1
17947,2,0,1,0,0.3848150477056393,1
17948,2,0,1,0,1.5330666533320962,1
17949,3,1,0,0,1.6209331894411996,1
17950,3,1,0,1,0.5508645692105133,1
17951,3,1,1,0,2.1602409893342402,1
17952,2,0,1,0,1.0608495698429166,1
17953,2,0,0,0,0.11581564391252763,0
17954,2,1,0,0,-0.5296408270476465,1
17955,3,1,0,0,-inf,1
17956,1,1,0,1,-2.091847673853153,1
17957,3,1,0,1,4.13223025081468,1
17958,2,1,1,0,-1.6199056486401977,0
17959,2,1,0,1,-0.7033470713129579,1
17960,2,0,1,0,0.3913849004659008,0
17961,2,0,0,0,0.9808529952021223,1
17962,3,1,0,1,0.9330819254309477,1
17963,3,0,1,1,1.0368386681552593,1
17964,3,0,1,1,1.5433600053984664,0
17965,2,0,0,0,1.147215763117224,1
17966,3,1,0,1,1.9638296622141909,1
17967,1,0,0,0,-2.5410239196500743,0
17968,3,1,0,1,1.599095626076575,1
17969,3,1,1,0,-0.639018996095587,0
17970,2,0,1,0,1.0038834990529675,0
17971,3,1,0,1,3.9250636334624516,1
17972,2,1,0,1,1.8408482584208643,1
17973,1,1,1,1,0.757997529034357,1
17974,2,0,0,0,-0.11180381361869218,0
17975,2,0,0,0,-1.1695403987642068,0
17976,3,1,1,0,0.16329685426266177,0
17977,3,0,0,0,0.14798124526699258,1
17978,3,1,1,1,1.4064597590746475,1
17979,2,0,0,0,0.07215757787155763,0
17980,1,0,0,1,-0.05760086452002422,1
17981,1,1,1,0,0.729438585106264,0
17982,3,0,0,0,0.165129169901173,0
17983,2,0,1,1,1.2527492968798,1
17984,1,1,0,0,-1.7895905066292914,0
17985,2,0,0,1,-inf,1
17986,1,1,0,0,-2.4812015815601907,0
17987,3,0,1,0,0.7818156776564332,1
17988,2,1,1,0,1.581702507370003,0
17989,2,1,0,1,2.4179941246458143,1
17990,3,0,1,0,2.2051607883996445,1
17991,3,0,1,0,1.219745925036808,1
17992,2,1,0,1,1.1078139416871307,1
17993,1,1,1,0,-0.8930189618427328,1
17994,2,0,0,1,0.9049919249922558,0
17995,3,0,0,0,-0.3961424002904055,0
17996,3,0,0,1,1.9487026966834124,1
17997,3,1,0,1,1.0846869619890742,1
17998,1,1,1,1,2.3806846668304327,1
17999,2,1,0,1,-inf,1
18000,2,1,1,1,1.214328841574914,0
18001,2,0,1,1,0.9208284414549084,0
18002,3,1,0,0,0.8734405847325233,1
18003,3,0,0,0,0.21213613971784784,0
18004,1,0,1,0,-0.7220118062974886,1
18005,3,1,1,0,1.4930907182488038,1
18006,1,1,1,0,0.46485222186689096,1
18007,3,0,0,0,-inf,0
18008,2,1,1,0,2.797083110627732,0
18009,3,0,0,0,-0.47380206892164567,0
18010,2,1,0,1,-0.7644460601322656,1
18011,2,1,0,1,-0.5935174805057053,1
18012,1,0,0,1,0.18760978878706047,1
18013,2,0,0,1,-0.16314619465910676,0
18014,2,0,1,1,-inf,0
18015,1,0,1,1,3.8595725035460307,1
18016,1,1,0,1,0.11931010546828213,1
18017,1,0,1,0,-inf,1
18018,2,0,0,0,2.334415600862395,1
18019,1,1,1,0,-1.6404123879165882,0
18020,2,0,1,1,2.8777620404379296,1
18021,2,0,0,1,1.2346880312664916,1
18022,1,1,1,0,-inf,0
18023,2,1,1,1,1.0289949581515698,1
18024,3,1,1,1,3.2504098438715876,1
18025,3,1,0,0,-1.4312067707073222,1
18026,3,0,0,1,2.3996398314280256,1
18027,1,0,1,0,0.07167423687994354,0
18028,1,1,0,0,-0.49788756958999036,0
18029,1,1,1,0,-1.0323127355632997,0
18030,1,0,0,1,-2.050215529673026,0
18031,3,1,0,1,2.31253125600876,1
18032,1,1,0,1,0.8866772474102342,1
18033,2,1,1,1,-inf,1
18034,3,0,0,1,1.580833703160647,0
18035,2,0,0,1,1.8110619181359375,1
18036,2,1,1,1,1.6540011979837252,1
18037,1,1,0,0,-2.079469188279279,0
18038,2,1,0,0,-1.5821529741548175,0
18039,3,0,0,1,1.0228028673472513,1
18040,1,0,0,1,0.6348883614256391,1
18041,1,1,1,0,-1.7132809129553959,1
18042,3,0,1,0,-inf,1
18043,2,1,1,0,0.14752613132479714,0
18044,1,0,0,1,0.8719141667721879,1
18045,3,0,0,1,0.8784252542414751,1
18046,2,0,1,0,-0.9681498678882525,0
18047,2,1,0,0,0.17519505282905148,0
18048,3,1,0,1,0.25981912522422346,1
18049,1,1,0,1,-inf,1
18050,2,0,1,0,1.2884207988753713,1
18051,1,0,0,1,-0.8862997364583931,1
18052,2,1,1,0,-0.18054502337775769,0
18053,1,1,1,1,2.6386108880570474,1
18054,1,0,0,1,1.0078547992737337,0
18055,2,1,1,1,2.8030901857679957,1
18056,2,1,1,1,3.601057318930314,1
18057,1,1,1,0,-0.5010700681580187,1
18058,2,0,1,0,3.1984234371354554,0
18059,3,0,1,0,1.7196212711456114,1
18060,3,0,1,1,2.3998470103473135,0
18061,1,1,0,1,0.4410540206908749,1
18062,2,0,0,0,1.4596358111232948,0
18063,1,1,1,0,0.4229838920008393,0
18064,3,0,0,1,1.3614460999635503,1
18065,3,1,0,0,0.8512025426381558,0
18066,2,0,0,1,0.9934977871196597,1
18067,2,0,0,0,-1.6244945843583474,0
18068,2,0,1,0,-0.021060429784973245,0
18069,3,0,1,0,-0.9934722749012956,0
18070,1,1,1,0,-1.419918570658361,0
18071,1,0,0,0,-1.7530015300336048,1
18072,3,1,0,1,0.8289721390646907,1
18073,3,1,1,1,4.794124582219148,1
18074,2,1,1,1,0.3648684976943059,1
18075,2,1,0,1,-0.21213781417368663,1
18076,1,0,0,0,-inf,0
18077,3,0,1,0,1.1367247559486762,0
18078,3,0,0,0,0.24559335192351345,1
18079,2,0,0,0,-0.7317997627111665,0
18080,3,1,0,0,0.6740502948909787,0
18081,1,0,0,1,1.9112337008638995,1
18082,1,0,1,0,1.1192317518698178,1
18083,2,1,0,0,-0.3075806356661065,0
18084,2,0,1,1,2.2107024789123617,1
18085,2,0,1,0,1.827308526569749,1
18086,3,1,1,1,2.3982145098086236,1
18087,1,0,1,0,-0.17725077825473817,1
18088,2,0,0,0,-1.0357958669834018,1
18089,2,1,1,1,1.5041907071605556,0
18090,2,0,0,1,2.3725832139588343,1
18091,1,1,1,0,-2.054233483501644,0
18092,3,1,0,0,-1.9376700999360907,0
18093,3,1,1,0,-inf,0
18094,1,0,1,1,0.9183426116856211,1
18095,1,1,1,0,-0.4130905681309405,0
18096,1,0,0,0,0.4979732741081073,0
18097,3,0,0,0,0.35178194835565446,0
18098,2,0,0,1,1.6672379232083432,1
18099,3,0,1,1,1.9908996352406665,1
18100,1,1,0,1,0.7784388541817553,1
18101,2,0,1,1,2.3690608555387787,1
18102,1,0,1,1,1.573797203989054,1
18103,1,0,1,1,2.425094998416651,0
18104,3,0,0,1,3.047666272761193,1
18105,2,1,0,1,-0.35540439498341236,1
18106,1,1,1,1,0.7952529027422278,1
18107,1,0,0,1,1.3507856867225019,1
18108,2,1,1,1,1.9083119146201228,1
18109,2,1,0,1,0.7369647564770119,1
18110,2,0,0,0,-inf,0
18111,2,1,0,0,0.9698616458728246,0
18112,3,1,0,0,1.9423640123032482,0
18113,1,0,1,0,1.2696308321781602,0
18114,1,1,1,1,1.0812035836599605,1
18115,2,1,1,1,0.42308847536950234,1
18116,3,1,0,1,2.237538368433696,1
18117,3,0,1,1,4.84221479510813,0
18118,2,1,1,1,-0.37139664627696267,1
18119,3,0,0,0,0.4258351730801882,0
18120,2,1,1,1,-0.30864819555718714,1
18121,2,1,1,1,3.2541698443230973,1
18122,2,1,0,0,-0.9677824755389947,0
18123,1,0,1,1,1.3692376805489528,0
18124,3,0,0,0,-inf,0
18125,3,1,1,1,-0.19380241928022524,1
18126,2,0,1,1,0.005539212886401648,0
18127,2,0,1,1,2.0449621681305588,1
18128,3,0,0,0,0.45169648445377764,0
18129,3,1,0,0,-0.7447180652798516,0
18130,3,1,1,1,1.8437150676117635,0
18131,3,1,0,0,-2.2787387638415444,1
18132,2,0,1,1,2.0685124622453763,1
18133,1,1,1,1,0.17467244469797327,1
18134,2,0,0,1,3.4161351280147656,1
18135,2,0,0,0,1.5888843676458462,0
18136,2,1,1,0,-inf,0
18137,2,0,0,1,0.4242830851094206,1
18138,3,1,0,1,-inf,1
18139,1,0,1,0,0.23049648123070798,0
18140,2,1,0,0,-0.8607308717157398,0
18141,1,1,0,1,-inf,1
18142,3,0,0,1,3.5435115140041797,1
18143,2,0,0,0,0.8482537620272359,0
18144,3,0,0,0,1.6993215835806503,0
18145,3,1,0,1,0.331182064351725,1
18146,1,0,0,1,0.014860550686955257,0
18147,1,0,0,1,-0.8834469671369578,1
18148,1,0,0,0,2.1006180142967703,0
18149,1,0,1,0,1.1677217937849904,0
18150,2,1,0,1,1.125458061852487,1
18151,1,0,0,0,-3.4680781821318947,0
18152,2,0,0,0,-0.0023853748021201993,1
18153,2,0,1,1,3.0261588234597165,0
18154,2,1,0,1,1.1253878158857749,1
18155,3,0,0,0,-1.277032788950652,0
18156,2,0,0,1,-1.8607089148600757,1
18157,3,1,0,1,0.08823710024832115,0
18158,2,1,0,0,-inf,0
18159,1,1,1,0,-2.414912954653034,1
18160,3,1,0,0,1.1724534907346653,0
18161,2,0,1,0,-inf,0
18162,1,0,1,1,0.5225355899299822,1
18163,1,1,0,0,1.3569604735364162,0
18164,2,0,0,0,0.9534554964748138,0
18165,3,1,0,0,-inf,1
18166,1,1,1,0,-0.10421891994882704,0
18167,3,0,0,0,-inf,0
18168,2,0,0,0,0.2278910896400279,0
18169,2,0,0,0,-1.0248720351044764,0
18170,1,0,1,0,0.6881055604029197,1
18171,3,1,1,1,-inf,0
18172,3,0,0,0,0.9951458392273886,0
18173,2,1,0,0,-1.4453856990503244,1
18174,2,1,1,1,0.5418532304425195,0
18175,1,0,0,1,2.149399410057588,1
18176,1,0,1,0,0.3700995400621229,0
18177,2,1,0,1,0.8454767889789054,0
18178,2,1,1,1,-0.7736275986271354,1
18179,3,1,1,1,2.765292361835242,1
18180,1,1,1,0,-0.09033236715788273,1
18181,3,0,0,0,-0.35663726582312555,0
18182,2,0,0,0,-1.1790452915176834,0
18183,2,1,0,1,1.9383633952781465,1
18184,1,1,1,1,1.2809225762505516,1
18185,3,0,0,0,1.8008866774546561,1
18186,1,1,0,1,-2.2880559833797838,0
18187,3,0,0,0,0.45562435055967476,0
18188,2,0,0,1,1.8430993751251585,1
18189,3,1,0,0,0.9223797013153209,0
18190,3,0,0,0,0.5106296122766409,0
18191,1,0,1,1,-1.3058224184177154,0
18192,1,1,0,0,-inf,0
18193,3,0,1,1,1.6854077647773846,1
18194,3,0,0,0,-inf,1
18195,1,0,1,0,2.244906619891184,1
18196,2,1,0,0,0.6995287512472277,1
18197,2,0,0,1,1.9433566865784506,0
18198,2,0,0,1,2.4984660611800233,1
18199,1,0,1,0,1.1686905767464009,0
18200,2,0,0,1,-0.19631882163757258,1
18201,1,0,1,1,0.9401909159345034,1
18202,2,0,1,0,1.6668232688196678,1
18203,2,0,1,0,1.1292731518366497,0
18204,3,1,1,1,0.8377758830878295,1
18205,2,0,0,0,-inf,0
18206,2,1,0,1,-1.1996590908972,1
18207,2,0,0,1,2.422426238296998,1
18208,1,0,1,0,-0.6330619707173477,0
18209,1,0,1,1,0.5442248350607544,1
18210,1,0,1,0,0.7208417290253832,1
18211,2,1,1,0,-1.261247513946448,0
18212,3,1,1,1,0.5245163669383108,0
18213,3,1,0,0,1.4312119736851487,0
18214,2,0,1,0,-0.31632278965064065,0
18215,2,0,0,1,0.25335608915768715,1
18216,3,0,0,0,0.6138956487922049,0
18217,1,0,0,1,0.9972074209656887,1
18218,1,1,1,1,1.939173449159249,1
18219,1,1,0,0,-1.1297164489704339,0
18220,2,0,1,1,1.9295734254141248,1
18221,3,0,0,0,0.8165243182263806,0
18222,2,1,0,1,2.3320784333553313,1
18223,3,1,0,0,0.5951051113163512,0
18224,1,0,1,1,1.0190906876884254,1
18225,2,1,0,1,2.423961435654691,1
18226,1,1,1,0,0.834814870438802,1
18227,1,1,1,1,-inf,1
18228,2,0,0,1,1.0822852975948098,1
18229,2,1,0,0,-inf,0
18230,3,1,0,0,-0.4449889373460525,1
18231,2,0,1,1,3.156045063504558,1
18232,1,1,1,1,-0.6062982783796178,1
18233,2,0,1,0,-0.5686660625731161,0
18234,2,1,0,0,-inf,0
18235,1,1,0,1,-0.10796599396433781,1
18236,2,0,0,0,1.550918824087342,0
18237,1,1,0,1,0.15415076768409974,1
18238,2,0,1,0,-0.049899159396543546,0
18239,2,0,1,1,2.967603916057652,0
18240,2,0,1,0,0.5025500050478277,0
18241,3,1,1,1,0.4717526273075111,1
18242,1,0,0,0,-inf,1
18243,1,1,1,0,-0.02969855189700002,0
18244,2,1,1,1,3.076900415787791,1
18245,2,1,1,1,-1.6902667973053833,0
18246,1,0,1,1,2.2646375300021324,1
18247,2,0,0,1,-0.8143464965800045,1
18248,3,1,1,0,0.5798587377174478,0
18249,1,0,1,1,1.2685151277267188,0
18250,1,0,0,1,0.840834608763932,0
18251,3,1,0,1,0.7785342522309603,1
18252,1,1,0,0,-0.6176241094197534,0
18253,2,1,1,1,1.2964230129738175,0
18254,3,0,1,0,-0.13067541501593072,0
18255,3,0,1,0,-0.10008291256388163,0
18256,2,1,1,0,-0.14015511937671268,0
18257,1,1,1,1,2.5426098088444204,1
18258,1,0,0,0,0.8926593968707751,0
18259,1,1,1,1,-0.17032287718763067,0
18260,2,0,1,0,0.5194672823516777,1
18261,3,0,1,0,-0.6389696015728016,0
18262,2,0,1,1,1.453228856883157,1
18263,2,1,0,0,-0.7554367458167532,0
18264,2,0,0,0,0.449841895680762,0
18265,2,0,0,1,2.942125366174134,1
18266,2,0,0,0,-0.22909033426666559,1
18267,3,1,0,1,2.5956511660651933,1
18268,1,1,1,1,3.4221756678052797,1
18269,1,0,0,0,-0.9313488738838138,0
18270,1,0,0,0,-0.5261013497400344,0
18271,3,0,1,1,0.6684813583745806,1
18272,2,1,0,0,-inf,0
18273,2,1,1,0,-inf,0
18274,2,1,1,1,1.6122336376982396,1
18275,1,1,1,1,3.1492173595366006,0
18276,1,1,1,0,-inf,1
18277,1,1,1,0,0.25893207923919703,0
18278,2,0,0,1,0.6630411328019342,1
18279,2,1,0,1,0.852535548150694,1
18280,1,0,0,1,1.1856969723324617,1
18281,1,0,0,1,-inf,0
18282,1,0,0,0,0.08986915425777575,0
18283,1,0,0,1,-0.518907417941444,1
18284,2,1,1,0,2.5000258966856665,0
18285,1,1,0,0,-inf,0
18286,2,0,0,0,0.5141836997820548,0
18287,2,0,0,0,-0.24895387605251096,0
18288,1,1,0,1,-0.5485753216003684,1
18289,3,1,0,0,1.8683286812278979,0
18290,3,0,1,0,0.8856017752425462,0
18291,3,0,0,0,0.34329353294473275,1
18292,1,1,1,0,-inf,1
18293,2,1,0,0,-0.8424648001093921,0
18294,2,0,0,0,0.6727788907829942,0
18295,3,1,0,0,1.5278703593829754,0
18296,3,1,0,0,4.137687975784351,0
18297,1,1,0,1,2.267198602474381,0
18298,3,1,1,1,0.9200723878567343,0
18299,2,1,0,0,1.108486022668587,0
18300,2,1,1,0,-0.3686062343918965,0
18301,2,1,0,1,2.8700547157490224,1
18302,2,1,0,0,-0.5672469472980444,0
18303,1,1,1,1,0.9478949898358969,1
18304,2,1,1,0,-inf,1
18305,2,0,1,0,2.2418494032340304,0
18306,2,0,1,1,1.3305068195739738,0
18307,3,1,0,1,1.1111875924216326,0
18308,1,1,0,0,-0.16718192167364537,0
18309,3,0,1,0,3.0880764074486247,1
18310,1,0,1,1,0.3861711923736484,0
18311,2,1,0,0,0.6140448199543352,0
18312,2,0,1,1,0.5366655264880034,1
18313,3,0,1,0,2.0854561259117004,0
18314,3,0,1,0,1.5838030051667888,1
18315,3,1,1,1,1.7819811636863532,1
18316,1,0,1,1,0.5318498597629316,0
18317,1,1,1,0,-0.40954251140866155,0
18318,1,1,1,1,2.5141433806877966,1
18319,2,0,0,0,-0.6828098988018214,0
18320,2,1,0,1,-1.2298965412968286,0
18321,1,1,0,0,-1.6241283067277028,0
18322,2,1,1,0,-0.9164712377842921,0
18323,2,0,1,0,-0.3804405361410399,1
18324,1,1,0,1,0.7420717583178804,1
18325,2,0,0,0,-0.5747947761500877,0
18326,3,1,0,1,3.058504112459195,1
18327,3,1,1,0,2.2407470214372704,0
18328,3,1,0,0,1.4408316134123824,0
18329,1,0,0,0,0.2967909280956963,1
18330,2,0,0,1,0.46378788800995663,1
18331,1,0,1,0,1.3782537705205258,1
18332,3,0,0,0,1.0010078565283513,0
18333,3,0,1,1,2.782845659760726,1
18334,2,0,1,0,1.807979370101074,1
18335,2,1,1,0,0.7973308724841031,0
18336,2,1,0,1,-0.6725295013772123,1
18337,1,0,1,0,2.19481597922984,0
18338,2,1,0,0,-0.043521005549520306,1
18339,2,0,1,1,0.9870898489258938,1
18340,2,1,1,1,0.012737759653782987,1
18341,3,1,0,0,2.5620083175168635,0
18342,3,0,1,1,0.16811758537277988,1
18343,3,0,0,0,0.9604742220095976,1
18344,1,1,0,0,-2.9599888836878128,0
18345,3,0,1,1,-inf,1
18346,2,1,0,1,0.18674774034949587,0
18347,3,0,0,0,-0.11391869885924143,0
18348,2,1,1,0,-0.7695761002536419,0
18349,3,1,0,1,1.7728499577922523,1
18350,3,1,0,0,-0.521857242651075,0
18351,3,1,1,1,0.1309857189048551,0
18352,1,0,0,1,-0.19800166222642285,1
18353,2,1,1,1,1.5826614155325616,1
18354,3,1,0,0,0.1181916937081641,0
18355,3,0,0,1,2.88329917781918,1
18356,3,1,0,0,-0.9953330662406463,0
18357,3,0,0,1,4.398485059553298,1
18358,1,1,0,1,0.22667001645654034,0
18359,3,0,0,0,-0.9427010310336419,0
18360,2,1,0,0,-inf,0
18361,1,1,0,1,0.05708948680762496,1
18362,3,0,1,1,1.8416700997086073,1
18363,3,1,0,0,1.2150471943173011,0
18364,1,0,1,1,1.7532578082510737,0
18365,2,0,1,0,0.5508363103072229,0
18366,1,0,1,1,1.226648329064437,0
18367,3,1,0,0,-1.6972432054066824,0
18368,2,1,1,0,1.401620899996467,0
18369,2,1,0,0,1.236689201342175,1
18370,3,0,0,1,1.3198065613715875,1
18371,2,0,0,1,-inf,1
18372,3,0,1,1,1.3491854519019237,1
18373,2,0,1,1,-0.08121768165433371,0
18374,3,0,0,0,1.4474562404159435,1
18375,1,0,0,1,-0.39393760647210774,1
18376,3,1,1,0,-0.674907577165513,0
18377,2,1,0,0,-1.4247137707851245,0
18378,2,0,0,0,0.1738344874934623,0
18379,1,0,1,1,1.2317673068978743,1
18380,1,1,1,1,1.1232312135347897,1
18381,2,0,0,1,1.2385087047617813,1
18382,3,1,1,0,-0.22420324490330396,0
18383,3,1,0,1,-inf,0
18384,2,0,0,0,0.9063663682437746,0
18385,3,0,1,0,2.797271542473827,0
18386,3,1,0,0,-1.8815482584257976,0
18387,3,1,0,0,-1.8779243474055685,1
18388,2,0,0,0,0.7566383137720252,1
18389,1,0,0,0,-0.6210950854640309,0
18390,2,0,0,1,0.12243440206639811,1
18391,1,1,1,0,-0.5563721393636918,0
18392,1,1,0,0,-0.7218869931728219,0
18393,3,1,0,0,0.3774615946697383,1
18394,1,1,0,1,0.717795235456419,1
18395,3,1,0,0,-1.256886689704651,0
18396,1,0,0,0,2.341381361492686,1
18397,2,1,0,0,-1.0407345679018878,0
18398,3,1,0,0,0.7770484664182027,0
18399,3,0,1,0,1.3723409917498985,0
18400,3,0,0,0,0.5562144770964288,0
18401,3,0,0,1,1.7920944158140668,1
18402,3,1,1,0,1.8108775828700336,1
18403,2,1,0,1,0.5097028917929265,1
18404,1,0,0,1,0.8169348829347363,1
18405,3,0,0,1,2.253376269425588,1
18406,3,0,0,0,-inf,1
18407,3,0,0,1,2.8958123406277627,0
18408,2,0,1,1,-inf,1
18409,2,1,0,1,0.6747135181590653,0
18410,3,1,0,1,1.293439847137686,1
18411,2,1,0,0,-0.18281189650206817,0
18412,3,1,1,1,2.7460757997987972,1
18413,3,1,0,1,0.4502466539780604,0
18414,3,0,1,1,1.0779369746408627,1
18415,2,1,1,1,2.5425444015157757,1
18416,2,0,1,0,0.3513749125791232,0
18417,2,1,1,1,1.7330775016814906,1
18418,1,1,1,1,0.08932441438360939,1
18419,3,0,1,0,2.0961898066633293,0
18420,2,0,0,0,-1.232842426453276,1
18421,3,1,0,1,1.106673764966912,1
18422,3,0,1,1,2.230491707255903,1
18423,2,0,0,1,1.3673603203852518,1
18424,2,1,1,0,-0.8008655301633306,1
18425,2,1,0,1,2.191936345663306,1
18426,1,0,1,0,-0.2886512261378436,0
18427,3,0,1,0,-inf,0
18428,1,1,0,1,0.2538056276852762,1
18429,2,0,1,1,4.6753289916280565,1
18430,3,1,0,1,1.8829072583555002,1
18431,3,0,0,0,2.222778917489312,0
18432,3,0,0,1,2.184178024775563,0
18433,1,1,1,0,-inf,0
18434,1,0,1,1,-inf,1
18435,1,0,1,0,0.14038998724057716,0
18436,1,1,0,0,-2.392892389957013,0
18437,1,1,0,0,-1.3211965500803664,0
18438,1,1,1,0,0.4850943844747598,0
18439,1,1,0,0,-0.8581661403994825,1
18440,2,1,1,1,2.6651989396108253,1
18441,1,0,1,1,2.7521774636376954,1
18442,3,1,0,1,1.3211342493816915,1
18443,1,0,0,1,-0.21298780636323608,0
18444,2,0,0,0,0.9978075510377631,0
18445,2,1,0,0,-0.02817990409466934,1
18446,2,0,1,1,-inf,1
18447,2,1,0,1,2.3799281187745147,1
18448,2,0,0,1,-0.7828879051177917,0
18449,3,1,0,0,-2.0061815583416673,1
18450,2,0,0,0,-0.5318165046276626,0
18451,1,1,0,0,1.5357747775280406,0
18452,2,1,0,1,-0.11399301500323547,1
18453,3,1,0,0,1.8666791789942425,0
18454,2,1,1,1,0.117057377335257,1
18455,3,0,0,0,0.4358126860828553,0
18456,2,0,1,0,1.7394061764367608,0
18457,2,0,0,1,2.8915383814560434,1
18458,2,1,0,0,-1.055038546395039,1
18459,3,0,0,0,0.5048147221550755,1
18460,1,1,1,0,1.320740003729505,0
18461,3,0,0,1,0.23597097594078834,1
18462,1,0,1,1,1.7584655155540938,1
18463,2,0,0,0,0.0128198165365358,1
18464,2,1,0,1,1.401311067368761,1
18465,2,1,1,0,0.8708537133424092,1
18466,2,1,1,0,-0.1302454454559946,0
18467,3,0,1,1,2.7848698519565764,1
18468,3,0,0,1,1.5195095704919244,0
18469,3,0,0,1,3.000334841635638,0
18470,2,1,0,0,0.2212674022379365,0
18471,3,1,0,1,0.25287743864635,1
18472,1,1,1,0,0.5145889780289652,0
18473,3,0,0,0,2.6658794718121994,1
18474,2,0,0,1,1.1281196228174808,1
18475,2,0,0,0,0.6839913992083289,1
18476,1,1,0,1,3.2646456571999987,1
18477,2,1,1,0,0.031528867538622496,0
18478,3,0,1,1,4.04345285988548,1
18479,1,0,1,0,0.7100868546778049,0
18480,1,0,0,1,-0.8318750393374406,1
18481,1,1,1,0,0.7526023410600688,0
18482,3,0,0,0,-0.5871869350712353,1
18483,3,0,1,0,1.3844215540248919,0
18484,2,0,0,0,0.7814854273120173,0
18485,1,0,1,1,1.894317556397905,1
18486,2,0,1,0,1.5943656184050399,1
18487,1,0,1,1,1.7302364351021629,1
18488,2,1,1,1,0.44276180243420926,1
18489,2,1,0,1,1.3921643818550813,1
18490,1,0,0,1,-0.8350487440574323,0
18491,2,1,0,1,0.6181596710442571,0
18492,1,1,0,1,0.6311573872193177,1
18493,2,1,0,0,0.35136648304180074,0
18494,2,0,1,0,3.4938824832671673,1
18495,1,0,0,0,-0.3093957919620294,0
18496,1,0,1,0,-inf,0
18497,3,0,1,1,2.1119891859489095,1
18498,2,1,0,1,0.314831505029877,1
18499,3,1,0,0,0.09660670739781774,0
18500,3,0,0,1,-inf,1
18501,2,1,1,1,-inf,1
18502,2,1,0,0,-0.4630320538221797,0
18503,3,0,0,0,0.6296946194946161,0
18504,3,0,1,1,-inf,1
18505,2,0,1,1,1.2099033365600314,1
18506,2,1,0,0,1.7471812179700867,1
18507,2,0,0,0,1.020951939518869,0
18508,1,0,1,0,0.669573015757976,0
18509,3,1,0,0,-1.5283437383057807,1
18510,2,0,0,0,-inf,0
18511,2,0,0,0,-2.5709032210993943,0
18512,2,1,1,1,0.818154183213009,0
18513,3,1,0,0,2.3567421461872127,1
18514,3,0,1,1,0.3098042587527883,0
18515,3,1,0,1,-0.5724514871083407,1
18516,1,1,1,1,-inf,1
18517,3,1,0,0,-0.7551257638842719,1
18518,1,1,0,1,-1.57208014695015,1
18519,2,1,0,0,-0.4979685819928611,0
18520,3,0,1,0,1.0973702428350762,1
18521,1,0,1,0,1.0053786124475648,0
18522,2,1,0,0,-inf,1
18523,3,0,1,0,2.0676145254225133,0
18524,3,0,0,1,-0.09271170313645871,0
18525,1,0,1,0,-0.30160200599243925,0
18526,2,0,1,1,0.8949904774459543,1
18527,2,1,0,1,0.1726537763561843,1
18528,2,1,0,1,-0.5022554943759875,0
18529,2,0,1,0,-0.41616247749742474,0
18530,1,0,0,0,-1.3376038824258654,0
18531,3,0,1,1,3.3718890809785664,1
18532,3,0,1,0,3.4042735222206657,1
18533,2,1,1,1,0.857881838109695,1
18534,2,1,0,0,-1.1683054176671666,1
18535,2,1,0,0,-1.403151129458578,0
18536,3,1,0,1,2.095400257186821,1
18537,3,0,0,0,-1.4110930299734847,0
18538,2,1,0,1,-0.09001147408595478,0
18539,3,1,0,1,0.5423364954124568,1
18540,1,0,0,0,-2.547017323588299,1
18541,3,1,0,1,0.0015340003351975717,1
18542,2,0,0,1,1.1257162726963386,0
18543,2,1,0,0,0.21326141185546152,0
18544,1,0,0,1,-inf,0
18545,2,1,0,0,-inf,0
18546,2,1,1,0,0.19834661597593817,1
18547,1,1,0,0,0.5585225088003473,1
18548,1,1,1,1,-1.1949940747398347,1
18549,2,0,1,1,3.174216254325848,1
18550,3,1,0,0,-0.035091475814804374,0
18551,1,1,1,1,1.6815242564500976,1
18552,1,1,0,1,-0.5899108976849372,1
18553,1,0,0,1,-0.8912553675392687,1
18554,2,0,1,0,1.8922794415337139,0
18555,2,0,1,0,1.048797710142022,1
18556,1,0,1,0,-0.8104715213251236,0
18557,2,0,1,1,1.7137310940583088,1
18558,3,0,0,1,1.7214001486056696,1
18559,2,1,0,1,-0.9888194740846304,1
18560,2,0,1,1,3.0826052504421018,1
18561,3,1,0,1,0.8154367700473323,0
18562,2,1,1,1,0.7353669738546955,0
18563,2,0,0,1,1.304467983519524,0
18564,2,0,0,0,-1.7792534264352553,0
18565,3,1,1,0,1.4500808067396602,1
18566,3,1,1,1,1.123313908386251,1
18567,2,0,0,0,0.6076912385788451,0
18568,1,0,1,1,-1.05692485727969,1
18569,1,1,0,1,-0.3944223641956844,1
18570,3,1,1,1,2.7972423198207403,1
18571,1,0,0,1,1.636136056885658,1
18572,2,1,0,0,0.6869610769271115,1
18573,2,1,1,0,0.4645906548237194,0
18574,2,1,1,0,-1.4479108636001277,0
18575,3,0,1,0,2.343622715068911,1
18576,2,1,1,1,3.1882940915006577,1
18577,1,1,0,0,-3.536377820753686,0
18578,3,1,1,1,3.0155971965421124,1
18579,2,0,0,0,0.5034117726696645,0
18580,1,0,0,1,1.4218813835310053,0
18581,3,1,0,0,0.42452753939618526,0
18582,3,1,0,0,0.6377048459625434,0
18583,2,0,0,0,1.007172377593906,0
18584,2,0,1,0,-0.2594607022163571,0
18585,3,0,0,1,2.5412759405776373,1
18586,3,1,0,0,1.0287776202094647,0
18587,2,0,0,1,0.8368626913576359,1
18588,3,0,1,1,3.6294540087955185,1
18589,1,1,0,0,-2.0726906053565477,1
18590,1,0,1,1,-1.2713241748190294,0
18591,3,0,0,1,1.9590058896465297,1
18592,2,0,0,0,-0.38759787298789206,1
18593,2,0,0,1,1.867588616199611,1
18594,3,0,0,0,-inf,1
18595,1,1,1,0,1.72142244590076,0
18596,1,1,0,0,-inf,0
18597,2,1,0,1,-inf,1
18598,2,1,0,1,1.102085749988567,1
18599,2,0,1,0,0.6416714311705775,0
18600,2,1,1,0,-inf,0
18601,2,0,0,1,2.504584715043796,1
18602,3,1,0,1,0.7264403111481095,1
18603,3,1,0,0,1.8384168486970829,0
18604,2,1,0,0,-4.377155417001179,0
18605,2,0,0,0,-1.8026897999861167,0
18606,2,1,0,1,0.5651207576449977,1
18607,2,1,0,1,2.574630686992113,1
18608,2,1,0,0,-inf,0
18609,2,0,0,0,-1.0685260160476637,0
18610,1,0,0,0,1.1070343561409888,0
18611,1,0,1,1,2.7537026742675716,1
18612,1,0,1,0,2.104012911739889,1
18613,3,1,0,0,1.3023007937481348,0
18614,2,1,0,1,1.279984731046971,1
18615,3,1,1,1,0.47099946348970023,0
18616,2,1,1,1,2.1409802750040146,1
18617,2,1,0,1,-inf,1
18618,3,0,1,0,0.09360122410206784,0
18619,3,1,0,1,1.7300842740149571,1
18620,2,0,1,0,-inf,1
18621,1,0,1,0,0.25417040176524264,0
18622,2,1,1,0,0.9671342685283523,1
18623,2,1,0,1,-1.028420033130306,1
18624,3,1,0,0,0.19500402641252748,0
18625,2,0,0,0,1.457959402455743,0
18626,2,0,1,0,-inf,0
18627,3,1,0,0,1.228435737372977,0
18628,2,1,1,1,2.2542145215516487,1
18629,3,1,1,1,2.1695543547927354,1
18630,1,0,0,0,-1.0361486580512804,1
18631,2,0,0,1,2.1885613000452198,1
18632,3,0,1,1,2.813347570205706,0
18633,1,1,1,1,-0.498479289802308,1
18634,2,0,1,0,1.705172624117629,1
18635,1,0,1,0,0.31352986100558,0
18636,3,1,0,1,0.31022001997712845,1
18637,3,1,1,1,2.8828885565130324,1
18638,1,1,1,1,-0.34617037208285983,1
18639,2,1,1,1,1.9987817262094039,1
18640,3,0,1,0,0.9100931751614422,0
18641,2,1,1,0,-0.05474541180789888,1
18642,1,1,0,1,0.6765114799702416,1
18643,3,1,1,1,-inf,1
18644,1,0,1,1,2.3627755325333313,1
18645,3,1,0,0,0.10596164919209486,0
18646,3,0,0,1,1.997854432347137,0
18647,3,0,1,1,2.332855411664908,1
18648,2,1,0,0,-1.5327223277005624,0
18649,2,0,0,0,-0.6098102264508941,0
18650,1,0,1,1,2.4142830086438334,1
18651,3,0,0,1,3.045769997411349,1
18652,2,1,1,0,-0.37481247975284604,0
18653,1,0,0,0,-1.2760713917896416,0
18654,3,0,0,1,1.899312403265358,0
18655,2,0,0,0,-0.5200070263700393,1
18656,1,1,0,1,0.7796551170690114,1
18657,3,0,0,0,-0.06412254906485493,0
18658,3,0,1,1,2.867815694913173,1
18659,3,1,0,0,1.0956242344859761,0
18660,2,0,0,0,-0.2542413339067357,0
18661,3,0,1,1,2.6503132458134764,1
18662,2,1,1,1,0.366134434842152,1
18663,2,1,1,0,0.7074508956535795,0
18664,1,0,1,1,-inf,0
18665,2,1,1,1,2.7988519697590695,1
18666,2,1,1,1,1.986189322921992,1
18667,3,0,1,1,3.406815987887059,1
18668,3,1,1,1,2.7913110769324185,1
18669,2,0,0,1,2.451826181377143,1
18670,2,0,1,0,0.036037095999449376,0
18671,2,1,0,0,-2.003593605715112,0
18672,3,0,1,1,2.137641069457388,1
18673,2,1,0,1,0.40370903996673624,1
18674,3,0,0,1,2.295737884066031,0
18675,1,1,0,1,-0.1914605887798706,1
18676,1,0,1,1,2.5818402730490426,0
18677,2,1,1,1,1.761544243577628,0
18678,2,1,0,0,-inf,0
18679,3,0,0,0,-inf,1
18680,1,1,1,0,0.4185662286154908,0
18681,2,1,0,1,0.8489347654929829,0
18682,2,1,0,1,2.1124950681981725,1
18683,3,1,0,1,0.632556166639211,0
18684,2,0,1,0,1.249587986934519,1
18685,3,0,0,0,0.703159832786597,0
18686,2,1,1,0,2.0083370100996936,0
18687,2,1,0,1,1.6658297634934514,1
18688,2,1,0,1,1.7218933878496898,1
18689,2,1,1,1,-1.7728905507342294,0
18690,2,1,0,0,0.06381129325202217,0
18691,3,1,0,0,-2.706465283282234,0
18692,3,0,0,0,-0.12732192728803193,0
18693,1,1,1,1,0.6013118790561527,1
18694,1,0,0,0,-1.643655429899142,0
18695,1,0,1,0,-inf,0
18696,3,0,1,1,-inf,1
18697,3,1,1,0,3.5798751281552645,1
18698,2,0,1,1,-inf,1
18699,2,1,1,1,0.560837832189438,0
18700,1,0,1,1,2.277053289665689,1
18701,2,1,0,1,1.3782742412880191,1
18702,1,1,0,0,-2.9192542777447783,1
18703,2,0,0,1,2.599317367379234,1
18704,3,0,0,0,0.21519634992043243,0
18705,2,1,0,1,0.08686257527333319,1
18706,2,1,0,0,-0.9428281172547881,1
18707,3,1,0,0,0.44887354709122224,1
18708,2,1,0,1,-1.7314981687762256,0
18709,2,1,0,1,0.5644793677617669,0
18710,3,1,1,1,1.7746818745718527,0
18711,2,0,1,1,1.509962151386325,0
18712,2,0,0,1,0.9037661178687442,1
18713,2,0,0,0,-0.27301052773155265,0
18714,2,1,0,1,1.567594297830583,1
18715,1,1,1,1,-inf,1
18716,3,1,1,1,1.3049323596360087,1
18717,3,1,0,1,0.4855327767802281,1
18718,1,0,1,0,-1.021784858271721,0
18719,3,0,0,0,-0.4194146783969172,0
18720,3,0,0,0,-inf,0
18721,1,0,1,1,1.199303795263123,1
18722,1,0,1,1,2.1769741443802118,1
18723,2,1,1,1,3.776982579537182,1
18724,2,0,0,1,2.6070929899511954,1
18725,2,1,1,0,1.1166424242839592,1
18726,1,1,1,0,-0.6998114708609908,1
18727,3,1,0,0,0.2622278137518328,0
18728,2,1,0,1,-inf,1
18729,2,0,0,1,1.4049159922181804,1
18730,3,1,0,1,1.1846718303741257,1
18731,3,1,1,1,-0.0711315213751047,1
18732,3,1,0,0,-1.6511676362810015,0
18733,2,1,1,1,2.94215204366741,1
18734,3,1,1,1,-0.3252068126743257,1
18735,2,1,0,0,-1.977484736253269,0
18736,2,1,1,0,0.6559440846828203,0
18737,1,1,1,0,-inf,1
18738,2,1,0,1,0.3657478761417974,1
18739,3,1,0,0,0.5979014786966363,0
18740,3,1,1,1,-inf,1
18741,3,0,1,0,2.8716737170736373,1
18742,3,0,0,0,-1.6226276451446369,0
18743,3,0,0,1,-inf,1
18744,2,0,1,1,3.1227140985839688,1
18745,3,0,0,1,2.770087424096193,1
18746,2,0,1,0,0.654284193776598,0
18747,2,0,0,0,0.4895650490648048,1
18748,1,0,1,1,1.6091243164450915,0
18749,3,1,1,0,0.2912311895843851,0
18750,3,1,1,1,-inf,1
18751,3,1,0,0,2.6634886290437643,0
18752,1,1,0,1,-inf,1
18753,3,1,0,0,-0.1069512647969719,1
18754,2,1,0,0,0.09458412623738499,0
18755,2,0,0,1,-1.6387878503625553,0
18756,2,1,0,1,0.786161748131426,1
18757,1,1,1,1,1.8642093502863295,1
18758,1,0,0,1,0.30858797145862055,1
18759,3,0,1,1,-inf,1
18760,1,1,1,1,-inf,1
18761,1,0,1,1,1.4912029753362745,1
18762,1,0,1,1,-0.550078330170457,1
18763,3,0,0,0,-0.6699902151336938,0
18764,2,1,1,1,0.9574982419700053,1
18765,2,0,1,0,2.460075875790602,1
18766,2,1,0,0,-0.543509034394238,0
18767,3,1,1,0,1.3426865318469603,0
18768,2,1,0,0,-inf,0
18769,1,1,1,1,1.9561236367161785,1
18770,1,1,0,0,-inf,1
18771,2,0,1,1,2.81813721517317,1
18772,1,0,1,1,0.5245284811355615,0
18773,1,1,0,0,-0.348536036112043,0
18774,3,0,1,0,2.1208214794440385,0
18775,2,1,0,0,0.546765222596376,0
18776,2,1,1,1,2.1631490046243735,1
18777,2,1,1,0,-2.051299082038882,0
18778,2,0,1,1,4.453736197999867,1
18779,2,1,0,0,0.8353018515576285,1
18780,1,0,0,0,0.4965835540347435,0
18781,1,0,0,0,-inf,0
18782,2,0,0,1,2.1105248830319914,1
18783,1,0,1,0,-0.8729186772650389,0
18784,3,1,0,0,-inf,0
18785,3,0,1,1,-0.5659334567972953,0
18786,3,0,1,1,2.1784739661025707,1
18787,2,0,1,0,-inf,1
18788,2,1,0,1,-inf,1
18789,1,0,1,1,-0.36372623641111423,1
18790,2,0,1,0,1.1823041786559971,0
18791,2,1,0,1,-0.12131352874790677,0
18792,3,1,0,0,0.8296244094827703,0
18793,1,1,1,0,1.2871916575263977,0
18794,2,0,0,1,0.3541126135220334,1
18795,1,1,1,1,-0.7444215556111955,1
18796,2,0,0,0,0.7976598370088355,1
18797,2,1,0,1,0.04072415764286458,1
18798,3,1,0,1,1.7953791188881354,0
18799,3,0,0,0,-0.3977628168407118,0
18800,2,0,0,1,-0.43538286085023636,1
18801,1,1,1,1,1.593711345518396,1
18802,1,1,1,0,-0.9982642191915699,0
18803,3,1,0,0,2.3452727171169356,0
18804,3,1,0,0,0.8365684502868107,0
18805,2,1,1,1,1.6245124086179095,1
18806,3,0,0,0,1.2680287533273567,1
18807,2,1,0,0,0.9403143632640063,0
18808,2,1,0,1,-0.3640622708324346,1
18809,2,1,1,1,4.337477636159389,1
18810,1,0,1,1,-0.16317913503216214,1
18811,3,1,1,0,1.0716762171033936,0
18812,2,1,1,0,2.8406621213766665,0
18813,2,1,1,1,0.6659995663918821,1
18814,3,0,0,1,3.308837602726799,1
18815,1,0,1,0,-inf,1
18816,3,0,0,1,2.7232810871651325,1
18817,1,0,1,1,1.081034748270827,1
18818,1,1,0,0,0.29165289618823964,0
18819,1,1,0,0,-1.2004018361958666,1
18820,3,0,0,1,0.9423947364676852,1
18821,1,0,1,1,-0.6157842512418934,1
18822,3,0,1,0,0.29715058511210396,0
18823,1,1,1,1,-inf,0
18824,2,1,0,1,1.0815805221911887,1
18825,3,1,1,0,0.7941249857119814,0
18826,3,1,1,0,2.2668649437210244,0
18827,2,1,1,0,1.6699186296349107,1
18828,2,0,0,1,-0.07026984169604122,1
18829,1,0,1,0,-0.34393236379727854,0
18830,2,0,1,0,1.746491683468682,0
18831,2,1,1,1,-0.25353383405497576,1
18832,3,1,1,1,2.5088889276147643,1
18833,3,0,0,1,3.8707097415317193,1
18834,2,1,0,1,1.8003414550906267,0
18835,1,1,1,1,-1.2885809295354322,1
18836,3,0,0,0,2.421275887544282,1
18837,1,1,1,1,-inf,0
18838,1,1,1,0,0.07584827923836479,0
18839,2,1,0,1,-0.08646513374868364,0
18840,3,1,0,0,0.3672956050975516,0
18841,2,0,0,1,1.553468559092844,0
18842,2,1,0,1,0.769529779978786,1
18843,2,1,1,1,2.6007066006017268,1
18844,1,1,0,0,-4.074683504511336,0
18845,1,1,1,0,-inf,0
18846,3,1,0,0,-0.9436945703262274,0
18847,1,1,0,0,-1.3882695290722542,1
18848,2,1,0,0,-1.8784720534152086,1
18849,1,0,1,0,-inf,0
18850,2,0,1,0,1.338928147107174,0
18851,1,1,1,0,-1.0851039222138863,0
18852,3,1,0,1,-0.20826917977054266,1
18853,2,0,0,0,2.7318226724761407,1
18854,2,0,0,0,0.1416285696756271,0
18855,2,1,0,1,1.1128550055654534,1
18856,3,1,1,0,0.6494419604623748,0
18857,3,0,0,0,0.1494189506792049,1
18858,3,0,1,1,0.9171224184050099,1
18859,1,1,0,0,-1.1970393375106676,0
18860,1,0,0,0,-0.8540243357358375,0
18861,2,0,1,1,-inf,1
18862,3,1,0,1,2.3619169599197316,1
18863,1,0,1,0,-inf,0
18864,1,1,1,0,-0.7588790061092046,0
18865,2,1,0,1,-0.5949201541733962,1
18866,3,0,0,1,1.999380162767698,1
18867,3,1,0,0,1.38737823490124,0
18868,1,0,0,0,0.7775811869947649,1
18869,1,1,1,0,0.8426924909245449,0
18870,1,1,1,0,-0.03819144107139061,0
18871,1,1,0,0,0.13744641898814836,0
18872,2,1,1,1,2.635736471780859,1
18873,3,0,1,1,3.668265528603605,1
18874,1,0,0,1,0.4804811688831382,0
18875,3,0,1,1,-0.00672915892418624,1
18876,2,0,0,1,0.7644729815577946,1
18877,1,0,1,0,-0.3263892353326559,0
18878,1,0,1,0,-1.153359136392639,0
18879,1,0,1,1,3.631979339040517,1
18880,1,1,1,0,0.499829548468811,0
18881,2,1,0,1,0.2547073095465764,1
18882,3,1,1,1,2.9818028964024554,0
18883,2,1,0,0,1.0293486029340009,1
18884,3,0,0,1,0.6894542893701845,0
18885,2,0,0,0,-0.8024816667436487,1
18886,1,1,1,1,-0.2729090027440276,0
18887,3,1,0,1,-0.7158606111269515,0
18888,2,0,0,0,-inf,0
18889,2,1,1,1,1.9800018851770365,1
18890,3,0,1,0,-inf,0
18891,3,0,0,1,3.1778035673568152,1
18892,2,1,0,1,1.1962239961779353,0
18893,2,1,0,1,-0.5893745369317896,1
18894,3,1,0,1,0.9668126472917666,1
18895,2,1,1,0,0.9562267180520324,0
18896,2,0,1,1,2.0619174680229637,1
18897,3,0,0,0,1.7092608731203485,1
18898,2,1,0,0,0.808384306526525,0
18899,2,1,1,1,0.8490959437936678,1
18900,3,1,0,1,0.8855810789415706,1
18901,1,1,1,0,-0.9703106970522231,0
18902,1,0,1,0,-0.5028870602823907,0
18903,3,1,0,0,-0.9779540824367755,1
18904,3,1,1,1,1.9690416638748651,1
18905,2,1,0,1,-inf,1
18906,2,1,1,1,0.906038443466684,1
18907,1,0,1,1,1.9261372867858597,1
18908,2,0,1,0,0.5879996038299344,0
18909,1,0,0,0,-0.37924236655756594,0
18910,3,1,1,1,1.2379071579779561,1
18911,3,1,0,1,1.6745310053288758,0
18912,1,1,1,0,0.6018746542271705,0
18913,1,1,1,0,1.0642389625300286,1
18914,2,0,0,0,0.6629156671560348,0
18915,3,1,0,1,-0.6121388433011039,1
18916,2,0,0,0,0.39455792322209593,1
18917,1,1,0,1,-inf,1
18918,3,1,0,1,-1.4366861909093611,0
18919,1,1,1,1,0.6803916390853564,1
18920,1,1,0,1,0.7362553775439056,1
18921,2,1,0,1,3.3125968726693324,0
18922,2,0,0,1,0.554878313024368,1
18923,3,0,0,0,-0.17915573368776738,0
18924,1,0,0,1,0.8545856179019884,1
18925,1,1,1,0,1.195075048152321,0
18926,1,1,0,1,0.9065612061558994,0
18927,3,1,1,0,2.6534817213375153,0
18928,2,1,0,0,0.10007968462628303,0
18929,2,1,0,1,-0.035115827546604195,0
18930,3,0,0,1,1.333185098473213,1
18931,2,0,0,0,0.6292105415415573,0
18932,2,0,1,0,-0.3039830592207006,1
18933,1,0,0,0,0.44751326009790304,0
18934,3,0,1,1,4.009657799262099,1
18935,2,0,0,0,1.1473774180140786,0
18936,2,0,0,0,-0.6782603018723183,0
18937,2,1,1,0,-1.3795092865601353,0
18938,1,1,0,0,-0.5756532451466585,0
18939,2,0,1,1,1.6904924744360346,1
18940,3,1,0,0,-1.431993219512366,0
18941,2,0,0,0,-1.0440590942665122,0
18942,1,0,0,0,0.13177074538307865,1
18943,1,1,0,0,-0.3934813180896152,1
18944,2,0,0,1,3.083225493788573,1
18945,3,0,0,0,-0.3377534105299178,1
18946,1,0,1,1,0.725472928125686,1
18947,2,0,0,0,0.0012121748007764,0
18948,2,1,1,0,1.6360829698254,1
18949,3,1,0,1,-0.013803465485504485,1
18950,2,1,0,1,-0.17048030910468948,0
18951,1,0,1,1,2.407450581600748,1
18952,2,0,0,1,0.5061859148200343,1
18953,3,0,1,1,2.712857163021437,1
18954,3,0,1,0,0.20466975529439602,0
18955,2,1,0,1,-0.694812250449697,0
18956,2,1,0,0,-1.8849151168699043,0
18957,1,0,0,1,-inf,0
18958,1,1,0,0,-1.5161785415451674,0
18959,3,1,0,1,-inf,1
18960,1,0,0,1,-0.7099800202722663,0
18961,3,0,0,0,1.320306819074829,1
18962,2,1,1,1,4.2540408412214985,1
18963,2,1,0,1,-1.2561259339913273,1
18964,3,1,0,1,0.756940438772572,1
18965,3,0,1,1,3.7873215054926654,1
18966,3,0,0,0,1.3659811999792042,1
18967,2,0,0,0,0.26452499707546506,1
18968,3,1,1,1,2.9190654423367572,1
18969,1,1,1,0,0.44552852294522644,1
18970,3,1,0,0,-inf,0
18971,3,1,0,1,-0.4746328745792665,1
18972,3,0,1,1,2.2890949094734623,1
18973,3,0,1,1,1.53749027800933,1
18974,3,0,0,1,-inf,1
18975,1,0,1,0,-0.7840729315517576,1
18976,3,1,0,0,-inf,0
18977,2,0,1,1,1.3667586537231393,0
18978,1,0,1,1,1.8766349988606295,0
18979,2,0,1,1,1.6592357398038315,1
18980,1,0,1,1,1.3843682995407567,1
18981,1,0,0,0,0.2286532992746138,0
18982,3,0,0,0,-inf,0
18983,2,1,0,0,0.21298664505487486,1
18984,3,1,1,1,2.0642814187990886,1
18985,3,0,0,0,0.9217540142887215,1
18986,2,1,1,1,1.8450224711987486,1
18987,3,0,0,1,-inf,0
18988,2,1,0,1,1.6181039877128136,1
18989,3,0,1,1,2.728195779946995,0
18990,3,0,1,0,-inf,1
18991,1,0,0,1,1.5788842792197624,0
18992,2,0,0,1,1.0264796719369857,0
18993,3,0,0,0,1.1469241691883951,0
18994,2,1,0,0,-inf,1
18995,2,1,1,1,0.02171000344432744,1
18996,3,1,0,1,-inf,0
18997,2,0,1,1,1.987019360299767,0
18998,3,1,0,1,2.1838181272350456,1
18999,1,0,0,0,0.15769074873121136,0
19000,2,0,1,0,0.31497745456601034,0
19001,1,1,1,0,1.3468954709999414,1
19002,2,1,0,0,-1.664949090321647,0
19003,3,0,1,1,0.9895611049222599,0
19004,2,1,0,0,0.658348980832917,1
19005,3,1,0,1,2.1973073141361317,1
19006,1,0,1,1,0.04888133692868468,1
19007,3,1,1,1,2.9058635176821714,1
19008,1,1,0,1,-0.4561652160881021,0
19009,3,0,0,1,-inf,1
19010,1,0,1,0,-0.29613380552141255,0
19011,2,0,1,1,1.8949248185907068,0
19012,2,0,0,0,-0.719756780868668,1
19013,1,1,1,1,-1.0105237888137482,1
19014,3,1,1,0,1.1203951561386751,1
19015,2,0,1,1,0.9350568020020106,0
19016,3,1,0,0,-0.20755427830440898,0
19017,2,1,0,1,1.2914212581595468,1
19018,1,0,0,0,-1.4121898075361774,0
19019,1,0,0,0,-1.4399611622904525,0
19020,3,0,1,1,4.717143452518798,1
19021,2,1,0,0,0.18913235877856038,1
19022,2,0,1,1,2.9710705000028623,1
19023,3,1,0,1,0.9579990860871073,0
19024,2,0,0,0,-1.1042946510262408,0
19025,1,1,1,0,0.2731975728292695,0
19026,2,1,1,0,0.8299684694922846,0
19027,3,1,1,0,-0.18182627694855363,0
19028,3,1,1,1,-inf,1
19029,3,1,0,0,-0.17101468556431088,0
19030,2,0,0,1,1.2248785834710199,1
19031,3,1,0,0,1.1295060912983388,0
19032,3,0,0,1,4.330478495026844,1
19033,3,0,0,1,0.601947932218554,1
19034,3,0,0,0,1.4677516401800714,1
19035,2,1,0,1,-0.2722831483870873,1
19036,1,0,0,1,0.09177860567268226,1
19037,2,0,0,0,0.5362847682335734,1
19038,2,0,0,1,2.083406322366595,1
19039,1,0,1,1,2.284064360710984,1
19040,1,0,0,1,-0.7143329597736707,0
19041,1,0,1,0,-1.2629471044495473,1
19042,1,1,1,0,-1.7818282646382733,1
19043,2,0,0,1,-inf,1
19044,2,0,0,0,-0.5018771312932683,0
19045,2,1,1,0,1.2773880431582638,1
19046,3,1,0,1,1.2470837136004769,1
19047,2,0,1,1,1.6449085347899404,0
19048,1,0,0,1,-0.2260564239892508,1
19049,2,0,0,1,-0.2995712124148292,0
19050,3,1,0,1,0.6432198279384812,1
19051,3,0,0,0,1.6327547996408502,0
19052,3,1,0,1,2.1195937690599123,1
19053,2,1,0,0,0.7219216801802195,0
19054,2,1,1,1,0.09996831125358357,1
19055,2,1,0,0,-1.5362235050173727,0
19056,2,0,0,1,-inf,1
19057,1,1,1,1,-0.5242548700853842,0
19058,2,0,1,1,1.186330986031472,1
19059,3,1,0,1,2.1186307826686863,1
19060,2,0,1,0,2.6582927613738048,0
19061,1,1,1,0,-1.1127671229014675,1
19062,3,0,0,1,0.8674596495912166,1
19063,3,1,0,0,-inf,0
19064,3,1,0,0,-0.11271496102991971,0
19065,1,1,0,0,-0.9588931245147324,0
19066,2,1,1,0,-0.31535206988320974,0
19067,3,1,1,0,0.598139134748122,0
19068,2,0,0,0,-0.1393364777151509,0
19069,1,1,1,0,2.7624531272357293,0
19070,3,1,1,1,2.628478926484153,1
19071,2,1,1,0,-1.2630330980713826,0
19072,2,0,0,0,1.0123370313276228,0
19073,2,0,0,0,-inf,0
19074,3,0,1,0,2.6245836948749584,1
19075,1,0,1,0,-0.6373755850148735,1
19076,3,0,0,0,-inf,0
19077,3,1,1,1,1.9383262074560434,1
19078,3,0,0,1,0.6272205930294089,0
19079,3,1,0,0,-0.11360989985731995,0
19080,3,0,0,1,0.2759491248020023,0
19081,2,0,0,1,-0.04185600894831487,1
19082,2,0,0,0,1.1115371131595553,0
19083,3,1,1,0,1.2538406274979736,1
19084,3,1,0,0,-0.12772254722694457,0
19085,2,0,0,0,0.7320359533113301,0
19086,3,1,1,1,0.7452079352280137,1
19087,3,1,0,0,0.4976414270084219,0
19088,2,0,1,0,0.5777856794666613,0
19089,1,0,0,0,-2.167326984370076,0
19090,1,0,1,1,1.2206722193691846,1
19091,3,1,0,1,1.9424172822095014,1
19092,2,1,1,1,2.1691317824806804,1
19093,1,1,1,1,0.7729948890115906,1
19094,2,0,0,0,0.4182049654520686,1
19095,3,1,0,1,2.2625509035105162,1
19096,1,1,1,1,1.6070444754384912,0
19097,2,1,1,0,0.8659788150131533,0
19098,3,0,0,0,-0.061410605026331444,0
19099,3,0,0,0,-inf,0
19100,1,1,0,1,-0.016173845781337293,1
19101,2,0,0,1,1.562685470601532,1
19102,2,0,1,1,0.187596361875927,0
19103,3,1,0,1,2.698929976621674,0
19104,1,1,1,0,0.12898309279534992,0
19105,2,0,1,1,2.417052255681303,1
19106,2,0,1,1,1.4046749152272975,1
19107,2,1,0,1,1.268543896190579,0
19108,1,0,0,1,-0.5557724633650472,0
19109,1,1,0,1,-0.8592060899200924,0
19110,2,0,1,0,-inf,1
19111,2,1,0,1,-0.24482714146220308,0
19112,2,1,0,0,-0.16338221820578497,0
19113,2,0,0,0,1.5724333296640252,0
19114,1,0,0,1,-inf,1
19115,1,0,0,0,-1.289510907398826,0
19116,3,0,0,1,3.94805122920329,0
19117,3,0,1,0,0.4847508579371129,0
19118,2,1,0,0,1.3477766798969366,1
19119,2,0,1,1,2.8630308949079044,1
19120,1,1,0,1,-1.8374684170877003,0
19121,3,0,0,1,0.11093719034090364,0
19122,2,0,0,1,-1.092218387615663,0
19123,1,1,1,0,-0.4205795655513148,0
19124,3,1,0,1,1.7139857674809695,1
19125,2,1,1,1,0.7060874467824116,1
19126,1,0,1,0,1.4553413830418513,0
19127,1,1,1,1,0.26776231184834,1
19128,3,1,1,0,0.2547240302567565,0
19129,2,1,0,1,0.26798911855333996,1
19130,2,0,0,1,-inf,1
19131,3,1,1,0,0.7472794108546292,0
19132,1,0,1,0,0.30448787992496074,0
19133,2,0,1,0,-0.6339701754911835,1
19134,1,1,1,0,0.10423125020458995,1
19135,1,1,0,1,-0.6621927494498481,1
19136,1,1,1,1,1.1796905036449783,1
19137,3,1,0,0,-0.9377772087372842,0
19138,3,0,1,1,5.193517332247183,1
19139,1,0,1,0,0.17324384868069276,0
19140,1,0,1,0,0.7099477504792564,0
19141,2,1,1,0,-inf,0
19142,3,0,1,0,-0.798723888578474,1
19143,1,1,0,0,-inf,1
19144,2,0,1,0,-0.22337662789221863,0
19145,2,0,1,0,0.027558808113156752,0
19146,3,1,0,0,0.06670798890513463,0
19147,3,1,0,0,2.922174028705837,0
19148,3,0,0,1,1.8380112729474711,0
19149,2,0,0,1,0.5399104323514982,1
19150,1,1,1,1,0.7818372963439791,1
19151,2,0,1,0,2.279618266163572,1
19152,1,1,1,1,0.01714597596947648,1
19153,1,1,1,1,-inf,1
19154,3,1,0,0,2.492283465443342,0
19155,2,0,0,0,0.10385219630500436,1
19156,2,0,0,1,1.7066255804212034,1
19157,3,0,0,0,-0.7793513545675854,0
19158,1,0,1,0,-0.22061066559302733,0
19159,2,1,0,0,-0.8804813990538842,0
19160,1,0,1,1,1.754002334034422,0
19161,1,1,1,1,0.6714941093292519,1
19162,3,1,0,1,4.103873709247285,1
19163,2,1,0,1,-inf,0
19164,3,0,1,0,2.258007644694069,1
19165,3,0,0,1,0.5177705044493299,1
19166,1,0,0,1,1.255123082183301,1
19167,3,1,0,1,0.3400536158132487,1
19168,3,0,0,1,2.0600022896682875,1
19169,2,0,0,1,-0.8029946551379412,0
19170,1,1,0,0,-1.5770213394120436,0
19171,2,0,1,0,0.4929273236255265,1
19172,2,0,1,1,2.182394523829455,1
19173,3,1,0,0,-0.788128119374276,0
19174,3,1,1,1,1.807848998023634,1
19175,1,0,0,0,-1.1023368555273314,0
19176,3,1,0,1,2.0347629111712466,1
19177,2,0,0,1,1.6816395906331072,1
19178,2,1,1,0,-inf,1
19179,3,1,0,1,1.2109912236999048,1
19180,2,1,0,1,1.8186168123458157,1
19181,3,0,1,1,2.510067228074752,0
19182,1,0,0,1,-0.3728452912569271,1
19183,3,1,1,1,4.7680343124521265,0
19184,1,1,0,1,-0.15091098577759388,1
19185,1,1,1,0,-0.6529890649879297,0
19186,3,0,0,0,-0.5883749465177035,0
19187,1,1,0,0,-1.0940113987867626,0
19188,2,1,1,0,-0.6082902739258822,0
19189,3,0,1,1,3.7256168976937487,0
19190,1,0,1,0,-0.7510455942797695,1
19191,2,1,0,0,-0.6361685911313317,1
19192,2,0,0,1,-1.2753667061751368,1
19193,3,1,1,1,1.3515379013423279,1
19194,2,0,1,1,-inf,0
19195,3,1,0,0,0.18370043209799114,0
19196,3,0,1,0,1.8983159131659737,1
19197,1,0,1,0,-1.990957807960383,0
19198,3,0,0,0,1.1354010442744717,1
19199,2,1,0,1,-1.8762231416254034,1
19200,3,0,1,1,2.7414142149755008,1
19201,2,1,1,1,0.7091528543297426,1
19202,1,0,1,0,-0.07327457105058621,1
19203,1,0,1,0,0.08060286402941635,1
19204,1,0,0,0,-inf,0
19205,3,1,0,1,1.19031896394278,1
19206,2,1,1,1,0.06497988232436887,1
19207,3,0,0,1,2.9709122086090223,1
19208,3,1,1,1,3.8584842196911446,1
19209,1,0,1,1,0.8863542559927717,1
19210,1,1,0,1,0.23356602218428762,1
19211,2,1,0,0,-inf,0
19212,2,1,0,1,1.5598679060988303,1
19213,1,0,1,1,1.9101273652729205,1
19214,1,0,1,1,0.36135849465367187,1
19215,2,1,1,1,4.279806143864182,1
19216,3,0,0,0,-inf,0
19217,3,0,0,1,3.7722639321652602,1
19218,2,0,0,0,1.6833520584023722,0
19219,3,1,0,1,1.2467350664500914,1
19220,3,1,1,1,2.254117226745443,0
19221,2,0,0,1,0.3963359693825005,1
19222,2,0,0,0,1.2295368476889064,0
19223,3,0,0,0,-0.6876827348286181,0
19224,3,1,0,0,1.0424059585735386,0
19225,1,1,0,1,-0.13370134681335855,1
19226,3,1,0,1,-inf,1
19227,1,1,0,1,-inf,1
19228,1,0,0,1,0.0729186984454896,0
19229,1,0,1,1,-inf,1
19230,2,1,0,1,0.8356046663627235,1
19231,3,1,0,0,0.3922982724056966,1
19232,3,0,1,0,1.6570848363725674,0
19233,1,1,0,1,0.26065937102635517,1
19234,3,0,0,0,1.1377750929227635,1
19235,3,0,0,1,-inf,1
19236,1,0,1,1,3.1621501243045107,1
19237,3,1,0,1,1.620258362375952,1
19238,1,0,1,0,-0.9818970563012615,0
19239,2,0,0,0,1.3641167070798115,0
19240,3,1,1,0,2.526762080576565,1
19241,3,1,1,1,0.14062694271917775,1
19242,3,1,1,0,0.6087871679599384,0
19243,1,0,0,0,-inf,0
19244,3,0,0,0,-1.4613138515001438,1
19245,1,0,1,0,-0.23580032529909112,0
19246,2,1,1,1,1.277426544019733,1
19247,1,0,1,1,2.5263320942942737,1
19248,3,1,0,1,-0.2868722902469022,0
19249,2,0,1,0,1.5664869841929043,0
19250,3,1,0,0,-0.42282345007384314,0
19251,2,1,0,1,2.3104827119935702,1
19252,3,0,0,0,-0.9084163609387326,0
19253,1,1,1,1,-0.27269230141501277,1
19254,3,1,0,1,1.1573400731780978,1
19255,2,1,1,0,1.6444947779373214,0
19256,1,1,0,1,-1.5005822325517753,1
19257,2,1,1,1,0.6238106200412723,1
19258,2,1,1,1,3.3307879727627023,0
19259,3,1,0,1,-inf,1
19260,1,0,1,0,0.7369072090751844,0
19261,2,1,1,1,1.9712202392928848,1
19262,2,1,0,0,0.31991832991817787,1
19263,3,0,1,0,1.9512646559398,1
19264,2,1,0,1,0.5611804239677228,1
19265,2,1,1,1,0.15591735483404945,1
19266,1,1,1,0,0.6557649425157978,1
19267,2,0,1,1,2.7188996600828146,1
19268,2,1,0,0,-2.7762881287763967,0
19269,1,0,0,1,-1.5673950029694934,1
19270,1,1,1,0,1.7093938607077583,0
19271,2,1,1,1,2.7987667725086545,0
19272,3,1,1,1,2.377032299650876,1
19273,1,0,0,0,-1.7783435420965854,0
19274,2,1,0,1,0.119732512124885,1
19275,1,0,1,1,-0.7158210180607436,1
19276,1,0,0,1,0.339877281866766,1
19277,3,1,1,1,3.7287807036493223,1
19278,2,1,0,0,-1.4671116124503127,0
19279,2,1,1,1,-inf,1
19280,1,0,0,1,-1.9815023580128335,0
19281,2,1,0,0,-2.034254452343629,0
19282,1,1,1,1,0.28771945067027005,1
19283,2,1,1,1,3.6373887022900333,1
19284,3,1,1,1,3.4560830647740755,1
19285,3,1,0,0,1.5282566090364678,1
19286,2,0,0,1,3.3353587640188076,1
19287,3,0,0,1,3.803910070923953,0
19288,3,0,1,0,3.126468424644127,1
19289,3,1,1,1,1.7877340775798103,0
19290,1,0,0,1,2.273513531065261,1
19291,3,1,1,1,-inf,1
19292,3,0,1,1,3.91555430417306,1
19293,2,1,0,0,-0.7555426325763869,0
19294,1,0,0,0,-2.5821313808083834,0
19295,3,0,0,0,-inf,1
19296,1,1,0,0,-1.6443710379527359,0
19297,1,1,1,1,3.243071629621824,1
19298,1,1,0,0,-inf,0
19299,2,0,1,1,-inf,0
19300,2,0,1,0,0.3166537240564363,0
19301,2,1,1,0,0.5482202650293857,0
19302,2,0,0,0,-inf,0
19303,2,1,0,1,2.212692544188245,0
19304,2,1,1,0,-0.3191466495971464,0
19305,3,1,0,1,1.9213506039987458,1
19306,1,1,0,1,0.15612431318228365,1
19307,3,0,0,1,2.7350008800906056,1
19308,2,1,1,1,-0.01896027307110748,0
19309,2,0,1,0,0.7580328210460333,1
19310,1,1,0,1,1.581810408694877,1
19311,2,1,1,0,-0.9310155793368048,0
19312,2,1,0,1,2.234612048667769,1
19313,3,0,0,0,1.5809150974952995,0
19314,2,0,0,1,2.546845829408008,1
19315,2,0,0,1,0.9777306337104891,1
19316,2,0,1,0,1.7432456630284912,1
19317,2,1,0,0,-0.31667909495299634,1
19318,3,1,0,0,2.748997875448142,0
19319,2,1,0,1,0.5677406638419962,1
19320,3,1,1,0,1.3827918714006815,0
19321,3,0,1,0,1.9046481971622093,1
19322,1,0,1,1,-1.4025679192675415,0
19323,3,1,0,0,-0.8362152403141915,0
19324,2,1,0,0,-0.8064762193416933,0
19325,1,1,0,1,-2.5819798563476417,1
19326,2,0,0,1,0.8519610382562472,1
19327,1,0,0,0,-1.8171249027848753,0
19328,3,0,0,0,0.6360247818727075,1
19329,2,1,0,1,-inf,1
19330,3,0,0,1,0.38092810899315305,0
19331,1,0,0,0,-0.39590226665478556,1
19332,2,0,0,1,1.4691038268774752,1
19333,1,0,0,0,1.0073185558830868,1
19334,3,0,1,1,2.8007985341111667,1
19335,2,0,0,1,0.07627478953065109,1
19336,3,1,0,0,0.9460690880852238,0
19337,3,1,0,0,-inf,1
19338,3,1,0,0,1.8866060006367686,0
19339,3,1,0,1,1.4545797609911373,0
19340,3,0,1,0,1.8067503126841742,1
19341,1,1,1,1,-0.40707748673095584,0
19342,3,0,0,1,1.9692337136660687,1
19343,3,0,0,1,-inf,0
19344,2,0,1,0,0.3429364574639291,1
19345,3,1,1,0,1.0299945336157044,1
19346,2,0,0,0,0.3547111886025705,0
19347,3,0,0,0,1.5854735502025448,1
19348,2,1,1,0,-0.43721336137749034,0
19349,2,1,1,1,3.305075092186839,1
19350,1,1,0,0,0.012930851849810077,0
19351,2,0,0,1,1.4530683848699026,1
19352,3,1,0,0,2.260315969840748,1
19353,1,1,0,0,-0.19128676301563607,0
19354,1,1,1,0,-1.230868464143013,1
19355,1,1,0,1,-0.9812883613916807,1
19356,2,0,1,1,1.6857708076672409,1
19357,2,1,1,0,-1.4499614660827118,0
19358,2,0,1,1,1.6172015952250427,1
19359,1,0,1,0,-0.4829431941795292,1
19360,1,0,0,0,1.1485960716263544,1
19361,1,0,0,0,-0.1321457378190729,0
19362,3,1,1,1,2.7169475873570024,1
19363,3,0,0,1,-inf,1
19364,1,1,0,0,0.56701503445001,0
19365,2,1,0,1,0.48087880953683315,1
19366,1,0,0,1,0.2598844197956272,1
19367,3,1,1,1,1.4562180817506332,0
19368,1,0,0,1,-0.22786404349396355,1
19369,1,0,0,1,-inf,1
19370,1,0,1,1,1.3279185924563146,1
19371,1,1,1,0,-1.2050300425281166,0
19372,2,0,0,0,-0.7243439907377648,1
19373,2,0,1,0,-0.22613461114550204,0
19374,2,1,0,1,0.7412365610385687,1
19375,2,0,1,0,-0.792401537793753,0
19376,1,1,1,1,1.0182484921078403,1
19377,3,1,1,1,4.493743221463831,1
19378,3,0,0,0,1.1493551361273395,0
19379,2,1,0,1,0.6808168509133656,0
19380,2,1,1,1,0.14526151415989963,1
19381,2,1,0,0,0.6096748409640762,0
19382,3,0,1,0,2.5078795525303175,0
19383,3,1,0,1,3.222685802243084,1
19384,2,1,1,1,1.057230949478531,1
19385,2,0,1,0,1.3230311087571327,0
19386,1,0,1,1,2.5892800244406606,1
19387,3,1,0,1,2.0215254026056035,0
19388,3,0,1,0,0.28272291349770673,0
19389,2,1,1,0,0.28989358566737855,0
19390,3,1,0,0,0.934990638967621,0
19391,2,1,1,1,2.1468237424687766,1
19392,2,0,1,1,4.225563784449958,1
19393,3,1,1,0,0.7974768529657412,0
19394,2,1,1,0,-0.49488177478276846,0
19395,2,0,0,1,-1.0646351488073431,1
19396,2,0,0,1,3.574200594223905,1
19397,2,0,1,1,0.5260683506259085,1
19398,3,0,0,1,1.829790649238868,1
19399,3,1,0,1,1.0039024218568935,1
19400,3,0,0,1,1.4247929090535405,1
19401,1,1,0,0,-0.8707965465686729,1
19402,3,0,1,0,0.6821250563322419,0
19403,2,0,0,0,0.42670191415564374,0
19404,3,0,0,1,1.3859673963174504,1
19405,1,1,0,0,-0.5778333531750813,0
19406,2,0,0,0,0.2686968618569884,0
19407,1,1,0,1,-0.504832582327577,1
19408,3,0,1,0,-inf,1
19409,2,1,0,1,1.4683840140629216,0
19410,2,1,1,1,0.550171032341362,1
19411,1,0,0,1,-0.22591176038925476,0
19412,2,0,0,0,-inf,1
19413,2,0,0,1,1.195031568498079,0
19414,3,1,0,0,0.8531778065578938,0
19415,3,0,0,1,2.4144729646283856,1
19416,1,1,1,1,0.627326790700073,1
19417,3,0,0,1,1.401340025230052,0
19418,2,0,1,0,1.3713091306013006,0
19419,1,0,0,0,0.5959904557192195,0
19420,1,0,0,0,1.8518877545345387,0
19421,3,1,0,1,-0.09157590848109837,0
19422,2,0,1,1,-inf,1
19423,2,1,1,1,-inf,1
19424,2,0,1,1,3.036520652400478,1
19425,2,1,1,1,1.2266161677151413,1
19426,2,1,0,1,3.003050811689401,1
19427,1,1,1,0,-1.4734530373750212,1
19428,1,0,1,1,0.24261935185354666,0
19429,2,1,1,1,3.225201764212585,1
19430,2,0,1,0,-0.5560386216588956,1
19431,1,1,0,0,1.5429657628892386,1
19432,3,0,0,0,0.5791574792812968,0
19433,2,0,1,0,0.9416525919336178,0
19434,3,1,0,1,1.2736135885768503,1
19435,2,0,0,0,-0.16471034588404854,1
19436,3,1,1,0,0.9316269417646403,0
19437,3,1,0,1,-inf,0
19438,2,1,0,0,0.6263434270487089,0
19439,1,0,0,1,1.4743533233724526,1
19440,1,0,1,1,2.6423533542708286,1
19441,2,1,0,0,-inf,1
19442,2,1,1,0,1.2991356291904177,1
19443,3,1,0,0,1.868674855839969,1
19444,3,1,1,0,3.020734743950852,0
19445,3,0,0,0,0.6766768634469345,0
19446,3,1,1,1,2.261761466066228,1
19447,2,0,0,0,-1.8750581363589884,1
19448,2,1,1,1,0.785601341550024,1
19449,1,0,0,0,0.8694743550278419,0
19450,1,0,0,0,0.26542890503842587,1
19451,1,1,0,0,-2.5778924167018857,0
19452,1,1,1,1,2.0815175071442016,1
19453,2,1,0,1,1.686000920489049,0
19454,2,0,0,0,-0.9645653179418735,1
19455,1,0,1,0,-0.1083954579644743,0
19456,3,0,0,1,1.042638246148454,1
19457,3,1,0,1,-inf,1
19458,2,1,0,1,1.1110864554508109,0
19459,2,0,0,0,-2.765346046530188,0
19460,3,1,0,1,3.2457804169351205,1
19461,3,0,0,1,0.9082004553889957,0
19462,3,0,0,0,0.4660289090151959,0
19463,2,0,0,1,1.834182452283992,1
19464,2,0,0,1,1.9885623284496974,1
19465,2,0,0,0,1.3241100106707355,1
19466,2,1,0,1,-inf,0
19467,2,1,0,0,-1.346446598774847,0
19468,2,0,0,0,-1.4087187230095268,1
19469,1,0,1,0,0.8029132765542625,0
19470,2,0,0,0,-0.6763252468896352,1
19471,1,1,0,1,0.15783588392035441,1
19472,1,0,1,0,0.16460821649951685,0
19473,2,0,1,1,1.3266516613387358,0
19474,2,0,1,1,0.12536393715009786,0
19475,3,0,0,0,1.304983403123764,0
19476,2,0,1,1,2.3282007992082168,1
19477,1,1,0,0,-1.5955808399776354,0
19478,1,0,0,0,-2.2476411504890264,0
19479,3,1,0,1,1.2215378187934458,1
19480,2,1,0,1,0.8562818532442737,0
19481,1,1,0,0,-3.0052441924273228,0
19482,2,0,0,0,0.11418973750573469,0
19483,2,1,1,0,-4.251190949856581,0
19484,2,0,1,1,3.064389268015404,1
19485,2,0,1,0,2.1583979461747207,0
19486,2,1,1,0,-1.3869895833905217,0
19487,3,0,0,0,-inf,0
19488,2,0,1,1,2.0933720610479014,1
19489,2,0,0,0,-0.4341774166390517,0
19490,2,1,1,1,2.623835017325683,1
19491,2,0,0,1,2.2730816030856533,1
19492,1,0,0,1,0.9879373053519223,1
19493,3,0,0,0,-inf,0
19494,2,0,0,0,-1.86079065608868,0
19495,1,1,0,0,-0.1525444145581616,1
19496,1,0,1,1,-1.0043810014420276,1
19497,1,1,0,1,-inf,1
19498,2,0,1,1,0.5922684353044882,0
19499,3,0,0,1,0.8063064198845507,0
19500,2,0,0,0,-1.844337084968321,1
19501,2,0,0,0,1.3821699807981176,1
19502,1,1,1,1,1.3366865778773513,1
19503,2,1,1,0,1.370995334282289,1
19504,3,0,1,1,2.391738142894175,0
19505,3,1,1,1,2.645348042238021,1
19506,3,0,0,0,-0.7770249407336606,0
19507,3,0,0,1,0.2019516386033734,0
19508,2,0,1,0,-0.9061486616104611,0
19509,1,1,0,1,-0.2550015115591145,0
19510,2,1,0,1,1.1983146911014075,0
19511,2,0,1,1,3.4538359274042927,1
19512,1,0,1,1,-0.788185196150875,1
19513,3,0,1,0,1.2524066475596451,0
19514,1,0,1,0,0.049308178446810846,0
19515,1,1,1,1,-0.22379252037022757,1
19516,3,1,0,1,-0.5244819849621625,0
19517,3,1,0,1,-inf,1
19518,1,1,1,0,1.5515137914331105,1
19519,2,1,1,1,1.394097538928845,0
19520,3,1,1,0,1.1874531811170033,1
19521,2,0,1,1,2.0423533482889322,1
19522,2,1,1,1,0.7844377829520082,1
19523,2,1,0,1,-0.22351978301998332,1
19524,3,1,1,0,-inf,1
19525,2,0,0,1,2.1464226637449824,1
19526,3,0,1,1,2.4593518974228084,1
19527,3,1,0,0,0.5821655330794727,0
19528,2,1,0,0,-2.600845868406583,0
19529,1,0,1,1,-0.8482280088953988,1
19530,2,1,0,0,0.7596642290358258,0
19531,1,1,0,1,-0.3194929002173973,1
19532,3,1,0,0,-1.1045798311240866,0
19533,1,0,1,0,-0.5769456698097439,0
19534,1,1,0,0,0.5146271790548654,0
19535,3,1,0,0,0.14290642913105767,1
19536,1,0,0,0,0.9401556054320553,1
19537,2,1,0,1,-inf,1
19538,2,1,0,0,-0.766698917842113,0
19539,1,0,1,1,-inf,1
19540,2,0,0,0,-1.2072047033957387,0
19541,2,1,0,1,1.547847574341183,1
19542,3,0,1,1,-inf,1
19543,1,0,0,1,-4.0241343884250975,0
19544,1,0,1,1,3.018046859178291,1
19545,3,0,0,0,1.3409957373475625,0
19546,2,0,1,0,0.8505104714146889,1
19547,2,0,1,0,-1.085028829818437,0
19548,2,0,0,0,0.16030106528305732,0
19549,2,0,0,1,2.8856824667993637,1
19550,2,0,0,0,0.7662250214019881,0
19551,2,0,1,1,-inf,1
19552,3,1,1,0,0.5122065606322952,1
19553,3,0,0,1,1.4823884482238758,1
19554,3,0,1,0,4.397136481815004,0
19555,1,1,0,0,-0.2386028382893024,0
19556,3,1,0,1,0.8130254639393626,1
19557,3,0,1,1,1.555142593531116,1
19558,1,0,1,0,0.721236252917766,1
19559,1,0,0,1,-0.7539174932704203,1
19560,3,1,0,1,3.6491267811765944,1
19561,3,0,1,0,1.9432210635026683,0
19562,3,1,1,0,2.3419338569336046,0
19563,3,1,1,0,-0.14049273959163938,0
19564,1,1,1,1,1.2399794078763529,1
19565,1,0,1,1,4.023617786325223,1
19566,2,1,0,0,-inf,0
19567,2,1,0,0,0.42472465520321495,0
19568,2,0,1,1,2.001556769924104,1
19569,2,1,1,1,-0.16064456387197068,1
19570,3,0,0,1,0.5156450781876625,1
19571,3,1,0,1,-0.49731185922619264,0
19572,2,0,1,1,2.9946350292665773,1
19573,2,1,1,1,-inf,1
19574,3,0,0,0,1.5738282341584093,0
19575,2,1,1,0,-1.4313797496877672,0
19576,3,1,0,1,2.0027824228024835,1
19577,2,0,0,0,-1.556285689014682,0
19578,2,1,0,1,-0.26574918646873025,1
19579,3,0,0,0,2.463958400964894,0
19580,1,0,1,0,-0.47136164289141436,0
19581,2,0,0,1,0.7637885389427793,1
19582,1,0,1,1,-0.10407984772003959,1
19583,1,1,0,0,0.08358300732637522,0
19584,3,0,0,1,1.7771087971505986,1
19585,2,1,0,1,1.606793365859182,1
19586,2,1,0,0,-1.7638602634718499,0
19587,2,0,1,1,0.6663742832244343,0
19588,2,1,0,0,-inf,0
19589,2,0,0,1,-inf,1
19590,2,0,1,1,2.479210313012945,1
19591,2,0,0,1,2.219263858370118,1
19592,1,1,0,1,1.313517114125771,1
19593,2,0,0,0,0.16476937273709824,0
19594,3,1,1,1,2.4944438005953224,1
19595,1,0,1,1,-inf,0
19596,1,1,1,1,-0.9635581154047208,1
19597,2,1,0,0,-2.585810405848731,0
19598,1,0,1,1,1.0329893060339388,1
19599,2,0,0,1,0.1816382638766043,1
19600,2,1,0,0,-1.112502358249115,1
19601,2,0,1,0,-inf,0
19602,3,1,0,0,1.1829742161628927,0
19603,1,1,1,0,-1.3301784947402775,0
19604,3,0,0,0,-1.068252956580897,0
19605,3,0,0,0,1.1671522867034163,1
19606,3,0,0,0,1.0019826393621298,0
19607,1,1,0,0,-1.4778423457563616,0
19608,2,1,0,0,-0.41513388954718605,1
19609,2,1,1,0,1.3608708885552883,0
19610,2,0,0,0,2.8403227193288227,1
19611,2,0,1,1,-inf,0
19612,2,1,0,1,1.883824955818325,0
19613,3,0,1,1,0.93070889178101,1
19614,3,1,1,1,2.5127295250710757,1
19615,2,1,1,0,-inf,1
19616,2,1,1,1,2.6670986004677486,1
19617,2,0,0,0,-inf,0
19618,3,0,1,0,0.8331226460707906,1
19619,2,1,1,0,-0.42454606062944755,1
19620,3,0,0,0,1.695101652267083,1
19621,1,0,0,0,-0.03513929548828998,0
19622,1,0,0,0,-0.15997645346633688,0
19623,2,0,1,0,0.1523653547275705,1
19624,1,0,0,1,0.9966123951438974,0
19625,3,0,0,0,-inf,1
19626,3,1,0,1,3.0529366839523573,1
19627,1,0,0,1,0.13794520374533306,0
19628,2,0,0,1,1.6375696460442104,1
19629,1,0,0,0,0.26027931876415394,0
19630,1,1,0,1,-0.6597705077997217,1
19631,2,1,1,1,1.9564501651956112,0
19632,2,0,1,1,2.212432563832202,1
19633,3,1,0,0,-1.9952527149705512,0
19634,2,1,1,1,2.443742871437197,1
19635,2,1,0,0,0.9434297999071777,1
19636,3,1,1,1,1.7008598537048032,1
19637,2,0,0,1,1.5152331072918566,0
19638,3,0,0,1,0.4903561700610855,0
19639,3,0,0,0,0.7325089645788152,0
19640,1,0,1,1,3.779542971361169,1
19641,3,1,0,0,1.9175368477967365,0
19642,3,1,1,1,2.005276188956365,1
19643,1,1,1,0,-0.4548364468067939,0
19644,1,0,1,0,0.5770167173842192,0
19645,2,1,0,0,0.6650804454032312,0
19646,1,1,1,1,1.9154578879704358,1
19647,1,1,0,0,-4.060024447953001,0
19648,2,1,0,1,-0.5969207097709663,0
19649,2,1,1,0,-0.6233544378956773,0
19650,2,0,1,0,-0.11675906806498537,0
19651,1,0,0,0,-1.95401448066431,0
19652,1,1,0,1,0.22351540264020403,1
19653,2,1,1,0,2.773891673744205,0
19654,2,1,1,0,-1.1344011831742262,1
19655,3,0,0,1,0.7123734481586974,1
19656,3,0,0,1,0.8640581646279577,1
19657,2,1,0,1,-inf,1
19658,2,1,1,0,2.428732688919326,1
19659,2,0,0,1,0.8900774468063117,1
19660,2,0,0,0,-inf,0
19661,2,1,1,0,-0.5644385558353339,0
19662,1,1,1,1,1.3963044279896133,1
19663,1,1,1,1,-0.5880287777575359,1
19664,1,1,0,1,-1.2694884347706532,1
19665,2,1,0,1,-0.08453449079320768,0
19666,1,1,1,1,-0.06422253365329134,1
19667,2,1,0,1,0.5065041516536914,0
19668,2,1,0,0,-inf,0
19669,2,1,1,1,1.4877645021551935,1
19670,2,1,1,0,-inf,0
19671,2,0,1,1,0.9369136141420588,0
19672,3,1,0,1,2.6663163217241954,1
19673,2,0,1,1,1.7598931586624742,0
19674,3,1,0,0,-0.4321523908534817,0
19675,2,0,0,1,3.042385709215621,1
19676,3,0,0,1,2.9454215399572607,1
19677,2,1,0,1,0.2868062172318362,1
19678,2,0,1,1,1.2249344782126512,1
19679,1,0,1,0,-inf,0
19680,1,0,1,0,0.0234457398513169,0
19681,1,0,1,0,1.0398647511266592,1
19682,3,0,0,1,3.1990347621362196,1
19683,3,0,0,0,-1.2798113364781734,0
19684,3,1,1,0,0.5030774673752565,0
19685,2,0,0,0,1.4196545436417733,0
19686,3,1,0,1,1.3739590099776828,0
19687,1,0,0,0,0.8004389633707385,1
19688,2,1,1,1,0.06386178823036193,1
19689,3,0,0,1,-0.07813273230012863,0
19690,2,1,0,1,2.634293911012588,1
19691,2,1,1,1,1.5496342932362246,1
19692,3,0,0,0,0.8111104680101551,1
19693,3,1,0,1,2.9781500261033744,1
19694,3,1,0,0,0.05789106989147556,0
19695,2,1,0,0,-1.0352050275094469,1
19696,3,1,1,1,1.0165600803848713,0
19697,2,1,1,1,0.6206295085704907,1
19698,1,0,1,0,-0.20435122242594728,0
19699,2,1,1,1,0.23400595023197063,1
19700,3,1,1,1,1.6101244687220087,0
19701,2,0,1,1,2.3527766877499605,0
19702,3,0,0,1,1.0671312314918058,1
19703,1,0,0,0,-0.7265117763454981,1
19704,3,0,1,1,2.7749242494402866,1
19705,3,1,1,1,2.7075418994698657,1
19706,3,0,0,1,2.773709029781986,1
19707,2,0,0,1,1.578884297111391,1
19708,2,0,0,1,0.8893799939384063,1
19709,2,1,1,0,-1.3566079663961785,0
19710,1,0,0,0,-0.14996378484073525,1
19711,3,0,1,1,4.22801273774391,1
19712,3,1,0,0,-1.3345620639804374,0
19713,1,0,1,0,0.9992081004764147,0
19714,2,0,1,0,-inf,0
19715,1,1,0,0,0.0026814119904515904,0
19716,3,0,1,1,3.479172697063577,0
19717,3,0,1,0,2.1110645601678133,0
19718,3,1,1,1,3.13532584068035,0
19719,2,1,0,1,-1.2736614056850548,1
19720,3,0,1,1,1.977871383470817,1
19721,2,1,0,1,-0.3717179999416265,1
19722,3,0,0,1,0.11572462802439126,1
19723,2,0,0,0,-0.6836656324776207,1
19724,2,0,1,1,2.1402757434739987,1
19725,3,0,0,1,-inf,0
19726,3,0,1,1,-0.7809340703193778,1
19727,3,0,0,1,2.7116888362599716,1
19728,1,1,0,1,1.3532403961622224,1
19729,2,1,1,0,2.211160871267662,0
19730,2,0,0,1,1.1819732450430518,1
19731,1,1,1,1,-0.5289176582066325,1
19732,3,0,1,0,-inf,0
19733,1,0,1,1,0.7324703111953104,1
19734,3,1,0,0,1.2619304945942504,0
19735,1,1,0,0,0.07936782572442969,0
19736,3,0,1,1,2.1604635640789245,1
19737,2,0,0,0,0.12126271290210994,0
19738,2,0,0,1,1.6992375787565315,1
19739,1,1,1,1,1.655699088903877,1
19740,3,1,0,1,-0.4914112361407488,1
19741,2,0,1,0,1.6482687784604766,0
19742,3,1,0,1,2.772126256726968,1
19743,2,0,1,0,1.0028365461733681,1
19744,3,1,0,1,2.925210798938636,1
19745,2,1,1,1,-inf,1
19746,3,0,0,1,-0.4888547825639742,1
19747,1,0,1,1,-inf,1
19748,2,1,1,1,0.912501898950959,1
19749,2,0,0,1,-0.39872153296424534,1
19750,1,0,0,1,2.8580089110086875,0
19751,2,0,0,1,1.3473728244195635,1
19752,1,0,1,1,1.8998698026328285,1
19753,2,1,0,1,-inf,1
19754,1,0,0,0,-1.1382250420302986,0
19755,1,0,1,1,0.043175108687186325,1
19756,2,0,0,0,-0.664229638078415,0
19757,3,1,0,0,0.7419748349418298,0
19758,3,0,0,0,2.307121422524528,0
19759,1,1,1,1,2.936618059482875,1
19760,3,0,0,0,2.753173239691563,0
19761,1,1,1,1,0.2082901567917076,1
19762,1,1,1,1,-inf,1
19763,3,1,1,0,2.6147879181535676,1
19764,2,1,0,1,3.7819870048533026,1
19765,3,1,0,1,3.8970686812202073,1
19766,2,0,0,0,-0.8090558050996999,0
19767,2,1,1,1,0.8966499152534324,0
19768,1,1,1,1,2.063964185121324,1
19769,1,1,0,0,-0.861369949834356,0
19770,2,1,1,1,-inf,1
19771,3,1,0,1,1.3120033912112876,1
19772,2,1,1,0,0.14838884983353262,0
19773,2,1,1,1,3.444516616002077,1
19774,2,0,1,0,0.47368710745595055,0
19775,3,1,0,0,-inf,0
19776,2,0,0,1,-0.4168520742476375,1
19777,1,0,1,1,0.5712340732813352,0
19778,3,0,1,1,4.242900384383349,1
19779,3,1,0,1,0.5597361972647927,1
19780,2,1,0,1,0.2085847290033483,1
19781,3,0,1,0,0.9013119768686638,0
19782,2,1,1,1,2.719689585702884,1
19783,2,0,1,1,2.2617780510132035,1
19784,2,0,1,1,-inf,1
19785,2,1,1,0,0.8526786621492101,1
19786,3,1,0,0,-2.940453910570887,0
19787,2,1,0,1,1.33819315935853,1
19788,3,0,0,1,1.4546590251804359,0
19789,1,0,0,1,0.8696773045923354,1
19790,2,1,1,0,0.6960338244605787,0
19791,1,0,0,1,1.2593397977821206,0
19792,2,1,0,0,-0.9129880328750144,0
19793,1,1,1,1,-1.8103939055504514,0
19794,2,1,0,1,-inf,1
19795,1,0,1,1,-0.09440191823163069,1
19796,2,1,1,1,-0.21784016513745663,1
19797,1,0,0,0,0.8537497063886981,0
19798,3,1,0,1,1.6525229661590173,1
19799,3,0,0,1,0.8550721535282163,1
19800,1,0,1,1,2.580433332907461,1
19801,2,0,1,0,1.6669956946599358,0
19802,3,1,0,0,-0.015755092818019012,1
19803,1,0,1,1,1.2165534083977976,1
19804,2,1,0,1,-2.117372743738113,1
19805,1,0,0,0,0.37176406432836506,1
19806,1,0,0,1,-inf,0
19807,1,1,1,0,-1.4843021740412219,0
19808,3,0,0,1,0.9650060333275401,1
19809,2,0,1,1,1.193341899349453,1
19810,2,0,1,1,0.29900483554085994,0
19811,1,0,1,0,-inf,1
19812,2,1,0,0,-inf,0
19813,1,1,0,0,-1.790593239298743,0
19814,3,0,0,0,1.3156521913089483,0
19815,2,1,0,1,1.1275957864796826,1
19816,3,0,0,0,2.3800460329794206,0
19817,1,1,1,1,0.4750847104410797,1
19818,1,0,0,1,0.45571904112077866,1
19819,3,1,0,0,-1.5678345625969674,0
19820,2,0,1,1,2.716504986415407,1
19821,2,0,0,1,1.4902538064343223,1
19822,1,0,0,1,-0.7156680954224031,1
19823,1,0,0,1,0.257975143763011,0
19824,2,1,1,0,0.30287517742773956,0
19825,3,1,0,0,-inf,0
19826,2,0,1,0,0.7347188531378515,1
19827,2,1,0,1,-1.3254064992209034,1
19828,2,0,0,0,-1.0774467295085985,1
19829,2,0,1,1,3.0686988566982416,1
19830,2,1,0,0,-inf,1
19831,1,0,0,1,-0.6316962376122285,0
19832,2,1,1,0,-0.9119548610398729,0
19833,2,1,0,1,2.234711024589415,1
19834,1,0,0,0,-1.492514844461764,1
19835,2,1,0,0,1.151596716450399,0
19836,3,0,0,1,0.6319686786355532,1
19837,3,1,0,1,3.1009894135517895,1
19838,2,1,1,1,0.010079571669807053,1
19839,1,0,1,0,3.9190395462050183,1
19840,1,0,1,0,-inf,0
19841,1,1,1,1,-inf,1
19842,3,1,0,0,-3.304177557927093,0
19843,2,0,0,0,-inf,0
19844,2,0,0,0,-0.9293818899548949,0
19845,2,1,1,1,0.924204771598686,1
19846,2,0,0,1,0.9342952502394488,0
19847,2,0,0,1,3.907557711642079,1
19848,3,1,0,0,-1.4373175607755864,0
19849,2,0,0,0,0.0008347646220692173,1
19850,1,0,1,1,2.369073263656635,1
19851,1,1,1,1,1.6617734221221703,0
19852,3,1,0,1,2.7427029916054186,1
19853,2,0,0,0,1.7812826803712491,0
19854,2,0,1,1,2.247948263465581,1
19855,3,1,0,0,0.5435766707187242,0
19856,2,0,0,0,-2.0600913821430873,0
19857,3,1,1,0,1.883586825823322,1
19858,2,0,1,0,1.6652092096488422,0
19859,1,0,1,0,-0.8063061556007871,0
19860,3,0,1,0,1.5849296416065861,1
19861,3,0,1,0,0.9710719325411978,0
19862,3,1,1,0,2.750049851138527,0
19863,2,0,1,0,-inf,1
19864,3,0,0,0,0.009220729182996101,0
19865,3,1,0,0,0.34655448903545505,1
19866,2,0,0,1,-1.0895052599008572,0
19867,3,1,0,0,-inf,0
19868,2,1,0,0,-0.46301755544407225,0
19869,2,1,0,0,-inf,0
19870,2,0,1,0,0.43111851400044143,0
19871,3,0,1,0,1.665982937217089,0
19872,2,1,1,1,-2.106962700462028,1
19873,3,1,0,1,0.6196063735055797,1
19874,3,1,0,0,1.9811410519067314,0
19875,2,1,0,0,-1.5561839205990189,1
19876,3,0,0,0,1.1245964651377165,0
19877,1,0,1,0,2.6690629603984872,0
19878,2,0,0,0,0.5620921003990011,0
19879,2,0,1,1,2.5266049320122606,1
19880,2,0,0,0,0.3422835080816379,0
19881,2,0,0,1,-1.0578474563018174,0
19882,1,1,0,1,-0.6419613866489309,1
19883,3,0,1,0,-inf,0
19884,2,1,0,0,-1.1439266153793832,0
19885,1,1,1,0,-inf,1
19886,3,1,0,1,2.4482451762008783,1
19887,2,0,0,0,1.7173511370278622,1
19888,2,0,1,0,-1.9752641077697977,0
19889,2,1,1,1,2.8597754108845392,1
19890,2,1,1,0,1.1720973343147727,0
19891,1,1,0,0,0.6264211333947856,1
19892,3,1,1,1,3.8169167853065815,0
19893,2,0,1,1,3.4500534976809103,1
19894,2,1,0,0,0.21861003891889866,0
19895,2,0,1,1,-inf,1
19896,1,0,1,1,-1.2203934078356884,1
19897,2,0,1,1,2.3711632683499393,0
19898,1,0,1,0,1.159426206930767,0
19899,2,0,0,1,0.6574261238547877,1
19900,3,0,0,0,1.2393780257447606,1
19901,3,1,0,1,2.5951851394573002,1
19902,1,0,1,0,-0.7248346784453339,0
19903,3,0,1,1,3.74598128352078,1
19904,3,1,0,1,1.3117456052605527,0
19905,1,1,1,0,-0.47560111797191884,0
19906,3,0,0,0,1.8550927191729356,0
19907,1,0,0,1,0.24461333256364715,1
19908,1,1,1,0,0.0319207482562347,1
19909,3,0,0,1,0.9680808365036547,1
19910,2,1,0,1,1.4347684934819893,1
19911,3,0,1,0,1.5230019435744857,0
19912,1,1,1,0,-inf,1
19913,2,1,0,1,1.1308821832970728,1
19914,2,1,0,1,0.09282559458016926,1
19915,2,1,1,0,0.421178602184498,1
19916,1,0,0,1,0.5990884875204767,1
19917,2,0,0,0,-1.5093883999904678,0
19918,1,0,0,0,-1.204454183986779,0
19919,3,0,0,1,-inf,1
19920,2,1,1,1,0.7356403958000368,1
19921,2,0,0,0,-0.9793899486000266,0
19922,3,1,0,1,0.5986180618014589,1
19923,2,1,1,0,-0.03762320920275386,0
19924,2,0,1,1,2.2040959946941276,0
19925,1,1,1,0,-2.8048793004010655,0
19926,1,1,1,0,2.0949142196280777,0
19927,2,1,1,0,2.725018241596247,0
19928,2,0,1,1,4.765100922124632,1
19929,2,0,0,0,1.0704415735090433,0
19930,3,0,1,1,3.4068519307811713,1
19931,2,0,1,0,0.38373446334823136,1
19932,1,1,1,0,-1.5163950550594523,1
19933,2,1,1,0,1.1560351737331047,1
19934,2,0,1,1,-inf,1
19935,3,1,0,0,0.9986367161211525,0
19936,3,1,0,1,1.0268993361049379,1
19937,2,1,1,1,0.15334358482135257,0
19938,2,0,0,1,2.3366258465597447,1
19939,2,1,1,1,-inf,1
19940,1,0,1,0,-0.2772750704471352,0
19941,2,0,1,1,0.8714828416063315,1
19942,2,1,0,1,0.6572627726414745,0
19943,1,1,1,0,0.5122740963096735,0
19944,1,0,1,1,3.4507452336224325,0
19945,3,1,0,0,-0.8998644730720331,0
19946,2,0,1,1,2.9684808392215327,1
19947,2,0,1,0,-0.054013189057147304,0
19948,1,1,0,0,-2.133298855469706,0
19949,2,0,1,0,-0.5476896393299098,0
19950,1,1,0,0,0.5839791602581106,0
19951,3,0,1,1,2.72022611166018,1
19952,2,1,0,1,0.4711168070422427,1
19953,3,0,1,1,3.4641559448890584,1
19954,1,0,1,0,-0.5120487851417561,1
19955,1,1,0,0,-1.669609958846629,0
19956,3,0,0,0,1.0113674812885858,0
19957,3,1,0,0,-inf,0
19958,2,0,0,0,-0.7384977602635505,0
19959,1,0,0,0,-1.7514342755924472,0
19960,3,0,0,1,2.3640636618855817,1
19961,1,1,0,1,-1.3885174570482386,0
19962,1,1,1,1,-0.6826182681552626,1
19963,1,1,1,1,2.512498739340984,1
19964,1,0,0,0,-1.4629286149233192,0
19965,2,1,0,0,0.27134436432785913,0
19966,2,1,1,1,-inf,0
19967,3,1,0,0,0.7137883195029886,0
19968,2,1,1,1,2.5127196662253937,1
19969,2,0,0,0,-2.2655604439658785,1
19970,2,1,0,0,-0.6004643520585156,1
19971,1,1,1,1,1.174984793542721,0
19972,1,1,0,0,-0.4343357522723736,0
19973,1,0,1,1,-inf,1
19974,2,1,0,1,-inf,0
19975,3,1,1,1,2.09222493030809,1
19976,1,0,0,0,-0.43264876591321616,1
19977,3,1,1,0,-0.6891733163338346,0
19978,3,1,0,1,0.456336115448556,1
19979,2,1,0,1,2.5676745726338703,1
19980,1,1,0,1,-0.9803055050099896,0
19981,2,1,0,0,-inf,0
19982,1,0,0,0,-inf,0
19983,1,1,0,1,-0.31333406400885844,0
19984,2,0,0,0,0.3579421947573759,0
19985,2,0,1,0,0.564247746824378,0
19986,1,0,0,0,-0.16820063809570268,1
19987,1,0,0,1,1.6679501734389608,1
19988,3,0,1,0,1.2358900141523925,0
19989,2,0,1,1,2.2619263543080135,1
19990,1,1,0,1,1.4532644184564,1
19991,2,1,1,0,0.7546440475364535,0
19992,1,1,1,0,-0.3869191800900107,0
19993,1,1,0,0,-0.5062672219668385,1
19994,1,0,0,0,-1.9156904875639598,0
19995,2,1,0,1,2.281667494921489,1
19996,2,0,0,1,3.6540133502315384,1
19997,3,1,0,0,0.10221329923520533,0
19998,3,1,0,1,-inf,1
19999,3,0,0,1,1.69878030165541,1
20000,2,0,0,0,-1.7997118942800188,1
