i,G,S,U,V,D,Y
1,2,0,0,1,0.07940439893486034,1
2,1,1,1,1,0.22417130219509399,0
3,1,0,1,0,-inf,1
4,1,1,1,1,-1.6534427979380795,0
5,3,0,0,0,0.752762102053442,0
6,3,0,0,0,1.8028258548865694,0
7,2,1,0,1,-0.19510985041233514,0
8,3,0,1,1,2.4427640790003724,1
9,2,1,0,0,0.146710019451173,0
10,3,0,0,1,1.1656903384404949,1
11,3,1,0,1,0.7762804758931873,0
12,1,0,0,1,-0.14056282229873754,0
13,3,1,0,0,0.2540496714451572,1
14,1,0,1,1,0.4723919124985745,1
15,3,1,1,1,2.7135341829289183,1
16,1,0,0,0,-1.7209014010348866,1
17,3,1,1,1,1.7781573828104857,1
18,2,0,0,0,1.3516026897055726,0
19,1,1,1,1,-0.6465204187370621,0
20,2,1,0,1,1.0827743708402973,0
21,1,0,0,0,-0.4407534698428813,1
22,1,1,0,1,-0.4937140412992721,1
23,2,1,0,1,-0.7180708324323242,0
24,2,1,1,1,-inf,0
25,2,0,0,1,0.8976375113945632,1
26,2,0,0,0,1.3485093941579553,1
27,3,1,1,0,2.091740483645679,1
28,3,0,0,0,1.3094137839118716,0
29,2,0,1,0,1.9980732805349435,0
30,2,0,1,1,0.7074071920327976,0
31,2,1,0,0,0.03549187401608203,0
32,2,0,0,0,0.9459718093859798,1
33,1,1,1,0,1.024736091323062,0
34,3,0,1,0,1.87581981864684,0
35,2,1,1,1,1.0784417478082138,1
36,2,1,1,0,0.3515126237505305,0
37,2,1,1,0,2.3380416418319534,1
38,3,1,0,1,0.9097859013335658,0
39,3,1,1,0,1.6015648683553467,1
40,2,0,1,0,2.156194355109014,0
41,2,0,1,0,1.0349573882062144,0
42,2,0,0,1,1.0146009485591492,0
43,2,1,0,1,-1.3260133177567142,0
44,2,0,0,1,0.729842122723026,1
45,2,0,0,0,0.5793583077406849,0
46,3,1,1,1,1.7594834562164776,0
47,1,1,1,1,1.3565467983568336,1
48,2,1,1,0,-inf,1
49,1,1,1,0,0.510385532171215,0
50,3,0,1,1,2.0364224464330296,1
51,3,0,0,1,0.9634358767930511,0
52,1,0,0,0,-0.270847616628207,1
53,3,1,0,1,0.6427521356334398,1
54,1,0,0,1,-inf,0
55,2,1,0,0,-0.6387015479915512,0
56,1,0,1,0,1.0239961062745748,0
57,2,1,1,1,-0.1250542863317574,0
58,3,0,0,0,1.4946526023794897,1
59,1,1,1,1,-0.03933825575889932,0
60,1,0,1,1,-0.10069155697294774,1
61,2,1,1,1,1.4111602692478644,0
62,1,0,0,1,0.3120798481712549,1
63,1,0,0,0,-0.411600126697853,0
64,2,0,0,0,0.756273498756552,0
65,1,0,1,0,0.2911670994564851,0
66,2,1,1,0,1.881593195557174,0
67,1,0,0,0,0.5894722542859758,1
68,3,0,0,1,1.0853208858078822,0
69,2,1,1,1,1.4658314006776243,1
70,1,0,1,0,1.0617314616822198,1
71,2,1,0,1,-0.04841149085241314,1
72,3,1,0,0,0.6279127190157706,0
73,2,0,0,0,0.6709228062269099,0
74,3,1,0,0,1.7213621688604666,0
75,2,1,1,0,-1.2162652244703276,0
76,2,1,0,0,-0.41175503717754053,0
77,2,0,0,0,-inf,1
78,3,1,0,1,0.8466097078743164,1
79,3,1,0,1,1.027525179251625,1
80,2,0,1,1,-inf,1
81,3,1,0,0,0.39973855443990275,0
82,2,0,1,0,1.6602188327009473,0
83,2,1,0,0,-0.6806862076378115,0
84,3,1,0,0,0.7656911687436965,0
85,2,0,0,0,1.4982643761179233,1
86,3,1,0,1,-0.4467480781451749,0
87,3,0,1,1,2.1622311431586896,1
88,3,1,0,0,0.021826777697807165,1
89,1,1,1,1,0.3944334321557496,0
90,3,1,0,0,0.11718126009983942,0
91,3,0,0,0,1.5379529204057747,1
92,3,1,0,0,0.8627932789352478,0
93,1,1,1,0,0.9259033190790538,0
94,3,0,0,0,1.4183094464044852,0
95,3,0,1,0,2.3274742017746544,0
96,3,1,1,0,1.7137279656357285,0
97,1,1,1,0,-0.9001516667873735,1
98,3,1,1,1,0.8970792830533595,1
99,3,1,0,0,-0.0035918145650684075,0
100,3,1,0,1,1.1518693583069612,1
101,2,1,1,1,2.347737669401156,1
102,1,0,1,1,-0.6526535547860804,1
103,3,0,1,1,-inf,0
104,3,0,0,0,0.7855764036543071,1
105,1,0,0,1,-0.5060267970787933,1
106,2,1,0,0,-0.1765052203876195,0
107,2,1,1,1,0.662039164915524,1
108,3,1,1,1,2.2706915771823004,1
109,1,1,1,0,0.5956474795860666,0
110,3,0,0,0,1.0508391224878408,1
111,2,1,0,0,-0.07966891926352287,0
112,1,0,0,0,-1.1894229183786726,0
113,3,0,0,0,0.6682767351272366,0
114,1,1,0,0,-1.0745421368612698,0
115,3,0,1,0,1.0050851323091088,1
116,2,1,1,1,-inf,1
117,3,1,0,1,0.46507585632097065,0
118,1,1,0,1,-inf,1
119,3,0,0,0,1.133569337803739,0
120,1,1,1,0,0.7265789972874417,0
121,2,1,1,1,0.8076063449168642,0
122,2,1,0,0,0.49936081041242075,0
123,3,0,1,1,1.6659535756763184,0
124,2,1,0,0,-1.0790759203015623,0
125,1,0,1,1,0.2717235935725575,1
126,1,0,1,1,1.1080784896948745,0
127,3,0,1,0,1.2308649918559067,0
128,1,0,1,1,1.7770402364889768,1
129,1,0,0,1,1.6917309399674165,1
130,1,0,1,0,0.34258722709488776,1
131,2,1,0,1,1.419150993779889,0
132,2,1,1,0,0.30601847552240236,1
133,3,1,0,1,2.066397340072591,0
134,2,0,1,1,1.815619833616934,0
135,1,0,1,0,1.752357959226475,1
136,2,1,0,0,1.4789005523677499,1
137,3,1,1,1,1.839000114055996,1
138,2,0,1,1,2.133743355084334,1
139,3,0,0,0,0.2824483149589261,0
140,2,0,1,0,1.0106263864963119,0
141,2,1,0,0,-0.26651188585010277,0
142,2,1,0,1,-0.12487452149076128,1
143,3,0,1,1,1.8907749891793355,1
144,1,0,1,1,0.6906553695789726,1
145,2,0,0,1,0.26869807492116066,1
146,3,0,1,0,2.3107835620206023,0
147,1,0,1,0,1.1295007237050698,1
148,3,0,0,0,1.2243923040976765,1
149,2,0,1,1,1.5039507395977734,1
150,3,0,0,0,1.3681757366319234,1
151,1,1,0,0,-1.884101562037151,0
152,2,0,1,1,-inf,0
153,1,1,1,0,2.022134785118332,0
154,2,1,1,1,-0.3461042388162958,1
155,1,1,1,0,-inf,0
156,3,1,0,0,-0.3118327260456826,1
157,3,0,0,0,-0.42310045853166534,0
158,1,0,1,1,0.9154824739896479,0
159,3,1,0,0,0.48367532200903046,1
160,1,0,1,0,-0.05865271182272047,1
161,2,0,1,1,0.517765872623437,1
162,2,1,1,1,0.5755423529800026,1
163,2,0,0,1,0.8579147999754235,1
164,3,1,0,1,1.0874121406283752,0
165,3,1,0,1,0.7598532276946279,0
166,2,1,0,1,2.0144128216642714,0
167,1,1,1,1,0.5906383873593295,1
168,3,1,1,0,1.8022441595687695,1
169,3,1,1,0,2.0489926681929873,1
170,2,1,1,0,-0.5763668400688415,1
171,2,1,1,0,0.6500975024381087,1
172,3,1,1,1,-inf,0
173,2,0,1,1,0.9251199483650605,1
174,1,1,0,1,-1.2296745572147547,1
175,3,1,0,1,-inf,0
176,3,1,0,0,0.7542224770055165,0
177,2,0,0,0,1.1453311436781344,0
178,3,1,0,0,-0.0733260098009495,0
179,3,1,1,0,1.883803414497613,1
180,3,1,1,1,0.5871602149735937,1
181,3,0,0,1,1.5208333282316062,1
182,1,0,1,0,0.8324186504334273,0
183,1,0,1,1,1.3975492051155975,1
184,2,1,1,0,1.5017647988322125,1
185,3,1,0,1,1.6659287020098947,0
186,1,0,0,0,0.7667221136819574,1
187,2,0,0,1,0.14099089987284275,1
188,3,0,0,0,0.4388321046138999,0
189,2,0,0,1,0.8989281322512173,1
190,2,1,0,1,0.12742967024419244,0
191,1,0,1,1,1.1850488291668584,0
192,2,1,0,1,0.4284343432191744,0
193,2,0,0,1,0.17218029331659762,0
194,1,0,1,1,0.5140823006137583,1
195,3,1,0,0,0.10858069814222737,0
196,2,0,1,0,1.2116071222928253,1
197,1,0,1,1,0.17846004716888952,0
198,3,0,0,0,1.123967775481016,0
199,3,1,0,0,0.5003772890226524,0
200,2,0,0,1,1.507621826930784,0
201,2,1,1,0,0.36035471998569535,1
202,1,1,1,0,-1.070694215446713,0
203,2,0,0,0,0.7899099487128456,1
204,1,0,1,0,0.07115662373685938,0
205,2,1,0,1,0.36554466918813194,0
206,2,1,1,0,1.7751459273806829,1
207,3,1,1,0,1.6880077592789318,0
208,1,1,0,1,-1.2033561784801514,1
209,2,1,0,1,0.8332760710470248,0
210,3,0,0,1,1.0268240814561098,0
211,1,1,1,1,0.0032141929048070117,0
212,2,1,0,1,0.5617878565689411,0
213,1,0,0,1,0.030169477127739347,1
214,3,1,0,1,1.3935304845670051,0
215,1,1,1,1,0.5997579338858382,0
216,2,1,0,0,0.7252244417868245,0
217,3,1,0,1,1.954569062183663,0
218,2,0,0,1,-0.5085507670565874,1
219,3,1,0,0,-0.37829106570641735,0
220,3,1,0,1,1.1259894359643439,1
221,3,0,0,0,1.570032688146115,0
222,1,0,0,1,-0.1765612741619727,0
223,1,1,0,1,-0.2885532804844793,0
224,1,0,1,1,1.1259493643246001,1
225,3,1,0,1,1.5322265148103136,0
226,2,1,0,1,-inf,1
227,2,0,0,0,0.5887165915420131,0
228,1,1,1,1,0.24346695309743935,0
229,2,1,0,1,-0.29302600897395026,0
230,2,1,1,1,0.22865055470258866,1
231,3,1,0,0,0.9323865921005752,0
232,2,0,0,0,-0.38352433421398857,1
233,2,0,0,0,-0.1304370165323795,1
234,3,1,1,1,1.6319499982898458,1
235,1,0,0,1,-0.8061274086677989,1
236,2,0,1,1,1.2601762301242445,1
237,1,0,0,1,-0.2152087111870864,0
238,3,1,0,0,1.1345801060678544,1
239,2,1,0,1,0.3191712346311168,0
240,3,1,0,0,1.0572039952432444,0
241,1,0,0,1,0.27080073454403253,1
242,3,1,1,0,-inf,0
243,3,1,1,0,1.5006755931453164,1
244,2,1,1,0,-0.6692137631095396,1
245,3,1,1,1,-inf,1
246,2,0,1,1,0.857795167172353,1
247,2,0,1,1,2.6103740237175588,1
248,3,0,1,1,-inf,1
249,1,0,1,0,1.4995696666316154,1
250,3,0,0,1,1.1334659485856189,0
251,2,1,1,1,0.7372693988848413,1
252,2,1,0,1,0.11316712522455402,0
253,3,0,1,1,1.7969403516528166,0
254,3,1,0,0,-0.45023371353117003,0
255,2,1,0,0,1.0585446690554496,0
256,2,1,0,0,-0.4815837666260229,1
257,3,0,0,0,1.2255401882500325,1
258,1,1,1,0,-0.7010255663487568,0
259,3,0,0,1,1.4773653708921597,1
260,3,1,0,1,0.944665242460483,0
261,3,1,0,1,0.3624923859424845,1
262,2,0,1,0,1.1741923407963177,0
263,3,0,0,0,-0.17186021440881616,0
264,1,1,0,0,-0.41426856174433396,0
265,2,0,0,0,0.11885875377456262,0
266,2,0,0,0,2.5852613070102817,1
267,2,1,0,1,-1.3988332546376938,0
268,1,1,0,0,-0.36797315585184515,0
269,2,1,1,0,0.786410499876235,1
270,1,0,0,0,0.20440961049412903,0
271,3,0,1,0,2.3497060380618184,0
272,3,1,0,1,1.9378426917495069,0
273,1,0,1,0,0.08300939649487282,1
274,3,1,0,1,1.5899422924911737,1
275,3,1,0,0,1.367845803546575,1
276,3,0,0,1,1.4818530420531792,0
277,3,0,1,0,3.9158311477510477,1
278,2,0,1,0,1.673909971896352,0
279,3,0,0,1,1.440465374844759,1
280,3,1,1,1,1.4793410861165133,1
281,2,0,1,1,0.9807276619496096,1
282,3,0,1,1,1.1694804298650574,0
283,3,1,1,1,1.8898725080971903,1
284,2,0,0,1,0.6029764424688705,0
285,3,1,0,1,0.365929041737261,1
286,3,1,1,1,1.3146857243125365,0
287,1,0,0,0,-0.34233457282603275,1
288,3,1,0,0,1.0142600230897905,0
289,2,1,0,0,0.4932679062462346,0
290,1,0,1,0,0.4493272416247556,0
291,2,0,0,1,-0.13689295775766397,1
292,1,0,0,0,-0.0677051654868506,0
293,2,0,1,0,2.7632977799205336,1
294,2,1,1,1,0.6960300147748304,1
295,2,0,0,0,0.954875628800318,0
296,2,1,1,0,1.2773779790839705,0
297,1,0,1,1,-inf,0
298,3,1,1,1,1.478970313730839,1
299,2,0,0,1,0.5912946609643688,1
300,3,1,0,1,1.947300040015229,0
301,3,1,0,1,0.9855304722243146,1
302,2,1,0,1,0.3689927627865808,0
303,1,0,0,1,0.10434075710522023,0
304,3,1,0,0,1.188503222031057,0
305,2,0,1,0,1.6746994884617952,1
306,3,0,0,1,0.6378892166145875,1
307,2,0,1,1,0.5074064580279075,1
308,3,1,0,0,-inf,0
309,3,0,1,0,2.346134011005259,0
310,2,0,1,1,1.0825555786686956,1
311,1,1,1,1,0.33534978986318065,1
312,2,0,0,0,0.47945391112881636,1
313,3,1,1,1,1.6398226686580406,1
314,2,1,1,0,2.22511493852209,1
315,2,1,0,0,0.2653096632483005,0
316,1,1,1,1,2.021327915388405,0
317,3,0,0,1,2.027183489603038,1
318,1,0,0,0,-1.0040904930508776,0
319,1,1,0,0,-0.8417257603183943,0
320,3,1,0,0,0.5217306453392809,0
321,2,1,0,1,0.20762542397918862,1
322,2,1,0,1,-0.3329892207771879,0
323,3,0,1,0,2.0026703250854507,0
324,1,1,0,1,-0.2270087532453257,0
325,2,1,1,1,0.09883879768290826,0
326,2,0,1,0,1.6745901252586857,0
327,1,0,1,0,0.5353748454586555,0
328,2,1,0,0,-0.3984328785126671,0
329,2,1,0,1,0.6042723641297209,0
330,2,1,0,1,-0.6065462262384682,0
331,3,1,1,0,2.8723487935239334,0
332,1,0,1,1,0.45723899976433574,1
333,2,1,0,0,0.7103596549360947,0
334,1,0,0,0,1.12555920798949,0
335,1,0,1,1,-0.09494461409957933,1
336,3,1,1,1,1.386416468938614,1
337,3,0,0,0,1.360521642758204,0
338,2,1,0,1,0.3016012030130776,1
339,1,0,0,0,1.1901036752012768,0
340,2,0,0,0,0.5235812172462779,0
341,1,1,0,0,-0.2218293368969014,0
342,3,0,0,1,0.7939964431421758,1
343,3,0,0,0,-inf,0
344,2,1,1,1,0.18212250282187958,1
345,2,0,0,1,1.04632330503645,1
346,1,1,1,1,0.5399658937746905,0
347,1,0,0,1,-1.000375652449665,1
348,2,0,0,1,0.22412474714657465,1
349,2,1,1,0,1.1620477985469349,0
350,3,1,0,1,0.9749199428334661,0
351,3,1,0,0,-0.0371216040569986,1
352,1,0,0,1,-1.7429742399946475,0
353,2,0,0,0,-0.5355514102447045,0
354,2,0,1,1,2.2901386025417407,0
355,1,1,0,1,-0.7915616497013689,1
356,2,0,0,1,-0.9502545209134097,1
357,3,0,0,0,1.5295558312229407,0
358,3,0,0,0,-inf,0
359,2,1,1,1,1.7360069301701413,1
360,1,1,0,1,-0.533978540918024,1
361,3,0,1,0,1.5143962580285943,0
362,2,0,0,0,0.9091309428830876,1
363,2,0,1,0,1.2843615874046364,1
364,1,0,0,1,-1.5290983378107668,1
365,1,1,0,1,0.7060023095953478,1
366,1,1,1,1,0.33353210848115195,1
367,2,1,1,1,2.1684171841789652,1
368,1,0,0,1,-0.7259671683041055,0
369,3,0,1,0,2.575692343155702,0
370,1,1,0,1,0.18346654026556158,0
371,2,0,0,1,-inf,0
372,2,0,1,1,-inf,0
373,1,1,1,1,0.5754421339633209,0
374,3,0,0,0,-0.3846025259942152,1
375,2,0,1,1,1.5057889904719575,1
376,3,1,0,1,1.6015177405677692,0
377,1,0,0,0,-0.15495652863272882,0
378,2,1,1,0,0.5336036374364813,1
379,2,0,0,0,1.3826475223632817,1
380,2,0,0,0,0.9037437160041237,0
381,1,1,1,0,1.3943528784030843,0
382,1,0,1,1,1.1438659537379976,0
383,3,1,0,1,1.014033109886772,1
384,1,1,1,0,0.13989451728790664,0
385,3,1,1,1,1.267446848708921,0
386,3,1,0,0,0.8476221758872623,0
387,2,0,1,1,-inf,1
388,2,1,1,1,0.9872359312230009,1
389,3,1,0,1,1.299073625530092,0
390,2,0,1,0,0.6753043528149703,0
391,3,0,1,0,1.80407806766217,1
392,3,1,0,0,1.0669307173229012,0
393,2,0,1,0,0.39524909048948265,1
394,3,1,0,0,0.4339775291113397,0
395,3,0,0,1,-inf,1
396,1,0,0,0,1.544005296288384,1
397,3,1,1,0,2.0775585809180415,1
398,1,1,0,0,-0.5490381766330183,0
399,2,0,0,0,0.7829839454425478,0
400,2,1,1,0,-0.06957687820650738,1
401,1,0,1,0,0.2544570151544736,1
402,3,0,0,1,0.33398445458899817,1
403,1,1,1,0,0.3650779408353244,0
404,1,0,0,0,0.10338613856075535,0
405,2,0,0,0,0.20007625983362054,0
406,3,0,0,0,0.61819098968935,1
407,1,0,0,0,-inf,1
408,3,0,1,0,3.09984873840512,0
409,1,1,1,1,0.5601877222523239,0
410,2,1,0,0,-0.10546275094131513,0
411,3,0,1,1,2.987869890305179,1
412,3,1,0,1,1.9080997872458778,0
413,3,0,1,1,1.60051995202098,1
414,2,1,0,1,0.12611708887082218,0
415,3,1,0,1,-0.047309452424863396,1
416,3,1,0,0,-0.596725572083197,0
417,3,0,0,0,0.6261857355446565,0
418,3,1,1,0,2.27052896070154,1
419,2,1,0,0,-0.8988664260110442,0
420,2,1,1,1,1.2883581357948324,1
421,2,0,0,1,0.633020688341171,1
422,1,0,0,1,-1.1516885362594262,0
423,3,1,1,1,1.5951059331781634,1
424,1,0,1,0,0.7604991562401542,1
425,2,1,1,1,1.093917068401783,0
426,2,0,1,0,1.0661198728188348,1
427,2,0,0,0,0.4302906122699282,1
428,3,1,0,0,0.26527652979179117,0
429,1,0,1,0,0.2996507929526419,1
430,2,0,0,1,0.19636176884646633,1
431,2,0,1,1,0.9517415686069508,1
432,2,0,0,0,0.3263692468850223,1
433,2,1,1,0,1.0282598089456039,1
434,2,0,1,0,-inf,1
435,3,0,1,0,1.250182484089911,0
436,2,0,1,1,1.2772270962986463,0
437,2,1,1,1,1.9282660918937538,0
438,1,0,1,0,1.8494033663704998,1
439,1,0,1,1,-inf,1
440,2,1,1,0,1.1444054685702423,0
441,2,1,1,0,2.0754275197867607,0
442,1,1,1,1,-0.34002826818263804,0
443,3,1,0,1,0.8185974011615652,1
444,2,1,0,0,0.2031641129501538,0
445,2,0,1,1,1.0851996156588564,1
446,3,1,0,0,2.304726817422435,1
447,2,1,1,1,1.4646962114183077,1
448,2,1,0,0,-0.27600021477212694,0
449,1,1,0,1,-inf,0
450,1,1,0,0,-inf,0
451,3,1,0,0,1.2311952724283972,0
452,3,0,1,1,1.7468577276064374,0
453,2,1,1,1,1.1441552371335406,1
454,2,0,0,0,0.5760703156513942,0
455,2,0,0,1,0.347850651668301,0
456,2,1,0,0,0.09971298854346436,0
457,3,0,1,1,2.2057320921288657,0
458,2,0,0,0,0.7103383361817577,0
459,1,1,1,1,0.1503272541137689,0
460,3,0,0,0,1.494942016009658,1
461,3,1,0,0,1.5085243353394766,0
462,1,0,0,0,0.2740653621413535,1
463,1,1,1,0,2.1087254434466356,0
464,2,0,1,0,1.5634131718976971,0
465,3,0,1,0,2.7609775916930404,1
466,2,0,0,0,0.08714415058928804,1
467,1,0,0,0,-0.6887574473984854,0
468,1,0,0,1,0.5168031469136126,1
469,2,0,1,1,1.0507333661762,0
470,3,1,0,1,-inf,1
471,1,1,1,0,0.3810242720045006,0
472,1,0,0,0,-0.8283927032970556,0
473,2,1,0,1,-inf,0
474,1,0,0,0,0.23883762706895328,0
475,1,0,1,0,0.3217358514410882,1
476,3,1,1,1,1.325485542093262,1
477,3,0,0,1,-0.667439712767355,1
478,2,0,0,0,0.864458098443599,1
479,1,0,1,1,1.2787239256810548,1
480,1,1,1,1,0.07668916664824804,1
481,2,0,0,1,-0.11533660097360876,1
482,2,1,0,1,-inf,0
483,2,1,1,0,2.4066213548941437,0
484,2,1,1,1,1.8255513069032885,0
485,2,1,0,0,0.533470758082114,1
486,2,0,0,1,0.25163197722941344,1
487,2,1,0,0,0.35174823494260776,0
488,2,1,1,1,-inf,1
489,2,1,0,0,1.857607771178958,0
490,2,1,0,0,-inf,0
491,2,0,1,1,2.409989345809915,1
492,2,1,1,0,1.3335507835833371,1
493,2,1,1,0,1.492245603652649,1
494,2,1,1,0,0.428441281994436,0
495,2,0,1,1,0.38262367064369984,1
496,2,1,0,1,0.49778455431970103,1
497,2,1,1,0,0.4747424608898346,1
498,3,0,0,0,0.9665942325199285,0
499,2,1,1,0,0.4692247487039567,1
500,3,1,0,0,1.8730912567722189,0
501,1,0,1,0,0.7337054639206403,1
502,3,1,1,1,0.6123039007061344,1
503,3,0,0,0,0.5910137132153068,1
504,1,0,0,0,0.8736589633035029,0
505,1,1,0,1,-0.5857204366206916,0
506,2,0,0,0,0.7685761211225435,0
507,1,1,1,1,-0.45542902783349165,0
508,3,1,1,0,1.7469293532796406,1
509,3,0,1,0,1.5219475565570062,0
510,3,0,1,0,2.064748780285375,1
511,2,1,1,0,0.2258073047703495,0
512,2,1,0,0,0.2727535592959347,0
513,3,0,0,0,1.473420507663752,1
514,2,0,1,0,0.5031040692612669,1
515,1,1,0,0,0.21254115386885714,0
516,3,1,1,0,-inf,0
517,2,1,0,0,0.3530001634592026,0
518,3,1,0,0,-0.1602630454278987,1
519,2,0,0,0,-0.51854856052162,1
520,1,1,0,1,-0.5763567740450837,0
521,1,1,1,1,1.0896125452669687,0
522,2,1,1,1,-inf,1
523,1,0,1,0,0.9576154570088277,1
524,1,0,0,0,-1.01632997743679,1
525,2,0,1,1,-0.09957613367395557,0
526,3,0,1,1,2.383788704462803,0
527,2,0,0,0,0.9315922488620203,1
528,2,0,1,1,1.4671872349742445,0
529,3,0,0,0,1.0324350827816027,1
530,2,0,1,1,-inf,0
531,3,0,1,0,1.8426619607196169,0
532,3,1,0,1,0.45927308243984394,0
533,3,0,1,0,-inf,1
534,1,1,0,1,-2.081598659264091,1
535,1,0,1,0,0.5521640576565999,0
536,1,0,0,1,0.2479848719085025,1
537,2,1,1,1,0.06695067680478428,1
538,2,0,1,0,1.583394847148632,1
539,1,0,0,1,0.7895043781088008,0
540,3,0,0,1,0.8770653440527445,0
541,3,1,1,0,1.495446037454675,1
542,2,1,0,0,1.012087865464832,1
543,2,0,0,0,1.619682191963386,1
544,2,0,1,0,1.3137219697284503,1
545,3,1,0,0,0.11420883563635287,0
546,1,0,1,1,0.5204443602436224,1
547,1,1,0,0,-0.27572470289546414,0
548,3,1,1,1,2.1800867542594786,1
549,2,0,0,0,1.5015408957738692,1
550,3,0,0,0,0.8492143462186998,0
551,2,0,1,0,1.4277247956446322,0
552,2,1,0,0,-inf,1
553,2,1,1,0,-inf,0
554,1,0,1,1,-0.8562950866405415,1
555,2,1,1,1,0.9603553780511453,1
556,1,1,1,0,0.16181406070170348,0
557,3,0,0,1,1.7449248856240547,1
558,1,1,0,1,-0.8943524916156144,1
559,2,0,0,1,0.8057539391124083,1
560,2,0,1,0,2.2733509990323264,0
561,2,0,0,1,-0.06590877721257093,1
562,3,0,0,0,0.2659364627277362,1
563,1,1,1,1,-0.43396278429437335,1
564,1,1,0,1,-0.49275144907773494,1
565,1,1,0,1,-inf,0
566,1,0,1,0,1.1518068530591243,1
567,2,1,0,1,0.002660516874590707,1
568,1,0,1,1,-inf,1
569,3,0,1,0,1.822030112047586,0
570,1,1,1,0,1.4351395856424527,0
571,2,1,1,1,1.7433173485192746,0
572,2,0,0,1,-inf,0
573,1,0,0,1,0.6766275697403857,0
574,2,0,1,1,-inf,0
575,1,1,1,1,-0.017099026164328512,0
576,1,0,0,0,0.45421233925548665,1
577,3,0,1,0,2.3562616258215088,1
578,2,1,0,1,0.478515111707235,0
579,2,0,0,0,0.42089269360401166,0
580,2,1,0,1,0.12266784927893909,0
581,2,1,0,1,-0.04769506972959292,0
582,2,0,1,1,1.976709907483562,1
583,1,1,0,0,-1.269977752502706,1
584,2,0,0,1,1.7615777454886195,1
585,3,0,0,0,2.1576220490773155,0
586,3,0,0,0,0.9094433836451968,0
587,2,0,0,0,0.4770767850979798,1
588,1,1,1,0,0.6322268203901992,0
589,1,0,0,0,0.36860993801206887,0
590,2,0,1,0,1.4227732898694907,1
591,3,1,0,0,0.40300075684643155,1
592,2,0,1,1,0.5669343040884568,0
593,3,0,0,1,0.7876965871433945,1
594,2,0,1,0,0.4762681546796643,1
595,3,1,1,0,1.7384844437419371,0
596,2,1,0,1,0.6208190652684693,0
597,3,1,1,1,3.073312480343974,1
598,2,0,1,0,0.7917437904051965,1
599,3,0,0,0,0.5104854610643079,0
600,1,0,1,0,0.6001643724775216,0
601,1,0,1,0,0.45455361142625705,0
602,3,1,1,1,1.0757931344605796,0
603,2,1,1,0,1.5191687904852067,0
604,2,1,1,1,-inf,1
605,2,1,0,0,0.1005564508970619,0
606,2,0,0,1,-0.3151648589063214,1
607,1,0,1,1,-0.1348477075100536,1
608,2,1,0,1,0.20578792989058237,0
609,1,1,1,1,0.24349641810495012,1
610,1,1,0,0,-1.2571715678016833,0
611,2,0,0,1,1.1702631828013326,1
612,2,1,1,0,0.7666925903425308,1
613,1,0,0,1,-0.1800443761706012,0
614,2,1,0,1,0.23550044283684646,0
615,2,0,1,0,0.368880810529605,0
616,2,1,0,0,-0.18226563470023394,0
617,3,1,1,0,0.05784735516599593,1
618,1,1,0,0,-inf,1
619,1,0,1,0,0.15069779082407275,1
620,3,1,1,1,0.82148541199782,1
621,2,1,1,0,0.5799889488446737,0
622,2,0,1,1,2.070115074534476,1
623,1,0,1,0,0.9961805138874483,1
624,2,1,0,1,1.2258019355007246,1
625,3,0,1,1,2.8563793186302724,1
626,1,1,0,0,-0.2081467103601456,0
627,2,0,0,1,-inf,1
628,2,0,0,0,0.43027328942316234,1
629,3,0,0,0,-0.49074678197421884,1
630,3,1,0,0,1.204776503463542,1
631,1,0,0,0,-inf,0
632,3,0,1,0,1.6931006784748868,0
633,1,0,0,0,-0.8847441466425234,0
634,1,0,1,1,0.8419755765014241,1
635,1,1,1,0,-inf,0
636,3,0,0,1,1.5993419573260295,1
637,2,1,0,1,0.670912250185806,1
638,2,0,0,0,0.3936941332312326,0
639,1,0,1,0,-0.3401915865458197,0
640,3,1,0,0,0.8350572557590865,0
641,1,1,1,0,0.2865575898632964,0
642,1,0,0,1,-0.36781176514857034,1
643,3,0,0,0,1.7189518256377445,0
644,2,0,1,0,1.6909665955322084,0
645,3,1,0,1,-0.8837099936060293,1
646,2,0,1,0,1.804433425169654,1
647,3,0,1,1,2.574491240981316,0
648,1,1,0,0,-inf,0
649,2,0,0,0,0.41637664498054194,0
650,2,0,1,1,-inf,0
651,2,1,0,0,0.9872423519221516,1
652,2,1,1,0,0.4479819206287784,1
653,3,0,0,1,0.691377320288926,0
654,1,1,0,0,-0.9897142842513338,1
655,3,1,1,1,1.244427931688799,1
656,3,1,0,0,1.2006300728007706,0
657,1,1,1,1,-0.7172374119825831,1
658,1,1,1,1,0.6385956251630429,0
659,1,0,1,0,0.5563489999074183,1
660,2,1,0,0,0.20143549264006846,0
661,3,1,0,0,1.527707037827704,0
662,1,0,1,1,0.20022860862145808,1
663,3,1,0,0,0.136448004899682,0
664,2,1,1,1,1.0143889405586868,1
665,1,0,0,1,-0.7548778809071798,0
666,2,0,1,1,1.5130916026639836,0
667,2,0,0,0,0.35180944137836856,1
668,1,0,1,0,0.008248796896030863,0
669,1,1,1,0,0.3396930536633154,0
670,2,1,0,0,0.41450220585718794,1
671,3,1,1,1,0.4919043073813374,1
672,2,1,1,1,1.68398716899305,1
673,3,0,1,0,1.2021174460373443,1
674,1,0,1,0,1.3054857685226096,1
675,1,0,1,1,0.03787270678681631,1
676,1,0,1,0,0.6859293113804824,0
677,2,1,1,0,1.0238135223164377,0
678,1,1,0,1,0.7513194050085739,1
679,2,0,1,0,-inf,0
680,3,1,1,1,1.2732568377266835,0
681,2,0,0,0,0.799547535729772,0
682,1,1,1,1,0.347752577847285,1
683,3,1,0,0,0.7508704127460675,0
684,2,0,1,0,0.7742493228471077,0
685,1,0,1,0,0.6758915430817892,1
686,1,0,0,0,-0.13835231834999448,0
687,3,0,1,0,1.129695649539588,0
688,3,0,0,0,1.2140430984366593,1
689,3,1,1,1,1.2191324280079552,0
690,2,1,0,1,1.0034947622330062,0
691,1,0,0,0,-1.4388942555496453,0
692,1,0,1,1,-inf,1
693,2,0,0,0,-inf,1
694,3,0,1,1,2.02870959821239,1
695,2,1,1,1,0.9712719674764149,1
696,1,0,0,0,-0.8178320986604093,1
697,3,1,1,1,1.0501582255995767,1
698,2,1,0,1,0.7817081563255901,0
699,3,1,0,0,1.0576216438699195,1
700,2,1,1,1,1.0338762530055972,1
701,3,0,1,1,2.4410708668671193,0
702,1,1,1,1,0.8176718937248151,0
703,3,0,0,1,1.1914220244154545,1
704,2,0,1,0,1.5563965497837389,1
705,2,0,0,0,0.16421959159986416,1
706,1,0,1,1,0.9422520313723748,1
707,3,1,1,0,1.0559363261248627,0
708,1,0,0,0,-0.12522262078839175,1
709,2,0,0,0,0.43241702169059754,0
710,2,1,0,1,-inf,0
711,3,1,1,0,-inf,0
712,2,1,0,0,0.599793817828083,0
713,3,0,0,0,1.136254631773352,1
714,2,0,1,1,0.40825012595874255,0
715,3,1,0,0,0.0586691605319003,0
716,3,1,0,0,1.0798743816412535,0
717,3,1,0,0,0.6980470336749351,1
718,3,1,1,0,1.3109998362204092,1
719,3,0,0,0,1.5606584104491306,0
720,1,1,1,1,0.3090714156142984,0
721,1,1,1,0,0.15582480638079896,0
722,2,0,0,0,0.5248367188681373,1
723,1,0,1,1,1.436399591741633,1
724,2,1,0,1,0.7582732492096913,0
725,1,1,0,0,0.3729996709355919,0
726,3,0,0,1,0.6019604524850983,1
727,3,1,0,1,-inf,0
728,1,1,1,0,0.9158571124625048,0
729,2,0,1,0,-0.39445465845076333,1
730,2,1,0,0,1.01833373120114,0
731,3,0,0,1,-inf,0
732,2,0,0,1,-0.5347221401502178,1
733,3,0,0,0,0.20053640819309582,0
734,2,0,0,1,-0.11968758992957385,1
735,3,1,0,0,0.5433837032907404,1
736,2,0,0,0,-inf,1
737,3,1,1,0,1.3784191517455042,1
738,2,1,1,0,0.9814032280752868,1
739,1,1,0,0,-0.6869631901264099,1
740,3,1,0,1,-0.8636253689098821,0
741,1,0,1,1,-0.10587183495587715,1
742,2,0,0,1,-inf,1
743,2,0,1,0,1.543914446852051,0
744,1,1,1,1,1.0559802473539381,0
745,1,1,1,0,-1.3264350197205246,0
746,3,0,0,1,-inf,1
747,3,1,1,0,1.4602344024256428,0
748,1,1,1,1,0.48769986567394663,0
749,3,1,1,1,-inf,0
750,1,0,0,0,-0.04319314614247029,1
751,1,1,0,1,-0.3334517936193615,1
752,3,0,1,1,1.8044279588552672,0
753,3,1,1,0,0.5172711257975977,1
754,3,1,0,0,1.1423509690490659,0
755,1,0,0,1,-0.1579368189760695,0
756,3,1,1,1,2.152357150157008,0
757,2,1,1,1,1.2217566909129447,1
758,2,0,1,1,0.48046461925060346,0
759,3,1,1,0,2.442181631932078,1
760,3,1,1,0,0.1581179223050304,0
761,2,0,0,1,-0.2372604312963793,0
762,1,0,1,1,0.8300681226971518,1
763,3,1,1,0,1.4742007841637754,1
764,3,0,0,0,0.6873998245865456,0
765,1,1,0,1,-1.1037333246729744,0
766,3,0,0,1,-inf,0
767,1,1,1,0,-0.12365873807044386,0
768,3,0,0,1,-inf,0
769,3,1,0,0,1.4774551207247142,0
770,1,1,1,0,1.0871195655901214,0
771,1,1,1,0,1.4032804134582861,0
772,2,1,1,0,0.5310071411311607,0
773,2,0,1,1,1.2140240553608737,0
774,3,0,0,0,2.325659685647303,0
775,2,0,0,1,0.9707829980830263,1
776,1,1,1,1,0.42814369539174774,1
777,2,1,1,1,0.02131593149396782,1
778,1,0,1,0,0.5436992349881955,1
779,1,0,1,0,0.05290556882018138,1
780,1,1,0,1,-inf,0
781,2,1,1,1,1.1719456925194534,0
782,1,0,0,1,-1.6105530383851283,1
783,3,0,0,0,0.25543584935705554,1
784,1,1,1,0,0.0023100057218421455,0
785,1,1,1,0,0.8397070332675867,0
786,2,0,0,0,0.6863109771522621,0
787,3,0,0,1,1.0272799767819492,0
788,2,1,0,0,-0.799577424664478,1
789,2,1,1,0,1.0863925135119965,1
790,1,1,0,1,0.5173848692041252,1
791,3,0,0,0,1.3940863838878914,0
792,2,0,0,0,0.8557684955569727,0
793,1,1,1,1,0.1637038433740446,0
794,2,1,1,1,0.7778743759790425,1
795,3,1,0,1,0.9866757611721946,1
796,2,1,0,0,1.7648923596097674,1
797,1,0,1,0,0.7495352737362748,1
798,2,0,0,0,0.704744322604571,1
799,2,1,0,1,-0.4365873103425055,1
800,3,0,0,0,-inf,1
801,3,1,1,1,0.14345536716665785,0
802,2,0,1,0,1.8034467029853325,1
803,1,0,1,1,-inf,1
804,2,1,1,1,0.6257313794833463,1
805,3,0,1,0,1.5910472956579427,1
806,1,0,0,0,-1.3336655373052237,1
807,2,1,0,0,0.28544364033010217,0
808,2,0,0,0,1.3862162441404375,1
809,2,1,1,1,0.7180298141115518,1
810,2,0,0,1,-inf,0
811,1,0,1,1,1.91525054330392,1
812,2,1,0,1,-0.3760734682823719,0
813,3,0,1,1,2.710784276218473,0
814,1,0,1,1,0.4735257853022204,1
815,2,0,0,0,-0.5766366079729217,1
816,2,1,0,1,-0.389213811211866,0
817,2,1,0,1,0.5150251451995087,0
818,3,0,0,0,-inf,0
819,2,1,1,1,1.4261568323628773,1
820,3,0,1,0,2.471846881880194,1
821,2,1,0,1,0.39251486883880327,1
822,2,1,0,1,0.5325953787857534,1
823,1,0,1,1,0.6110477895622292,0
824,3,0,0,0,2.3815452855825328,1
825,2,0,0,1,-0.40212970625304323,1
826,1,0,1,0,0.08580116084568645,1
827,1,1,1,0,1.8088358548324492,0
828,1,1,1,1,0.963379831070694,0
829,3,0,1,1,2.923631422484565,1
830,2,0,0,1,-inf,1
831,3,0,1,0,3.9328525856151497,0
832,3,0,0,0,0.5960014671252664,1
833,1,0,0,1,-0.9786134428704844,1
834,1,1,1,1,-0.05704967561858115,0
835,1,0,1,1,-0.02957501613747393,0
836,3,1,0,0,-inf,1
837,1,1,0,0,-1.137692053863104,0
838,2,0,1,0,0.7178055595325982,1
839,1,1,1,1,-0.2780501235644239,1
840,3,1,0,0,2.1133475466970157,0
841,2,1,1,1,1.2656512994167908,1
842,2,0,1,1,3.2657626771269967,0
843,1,1,0,1,-0.22569917847813406,1
844,2,1,0,1,-0.33566683056466556,0
845,1,0,0,0,-0.6908610111229225,0
846,3,0,0,1,-0.7032625195472877,1
847,3,1,0,1,2.30322073594333,1
848,3,0,1,1,1.8196434505845036,1
849,2,1,1,0,1.4605973933620329,1
850,3,1,1,1,1.2402664343787468,1
851,1,1,1,0,-inf,0
852,2,1,1,1,-inf,1
853,3,0,0,0,-inf,1
854,2,0,1,1,0.07379006527707554,1
855,3,0,0,1,1.4836770481282748,0
856,1,1,1,0,0.12439869756631666,1
857,2,0,0,0,1.7373478602412762,0
858,2,0,0,1,1.254696368271138,1
859,2,0,1,0,1.2890164710248404,1
860,1,1,1,1,0.21577328118319125,0
861,1,0,1,1,-inf,1
862,2,0,1,0,1.3623150392606251,0
863,2,0,1,1,1.0459014076928146,1
864,1,0,1,1,1.5981361229039939,0
865,3,1,0,1,1.3945066723048667,0
866,3,1,1,1,1.494629992211609,1
867,2,1,1,0,2.6985290944097464,1
868,3,1,0,1,2.1910694051247215,0
869,2,0,1,0,1.460136937306948,1
870,3,1,0,0,1.718206299432854,0
871,3,0,0,0,0.4801735103557093,0
872,3,1,0,0,-inf,0
873,1,1,1,1,0.23806095935759072,0
874,1,1,1,1,0.4521171864383857,0
875,2,1,0,0,-0.2223677632959411,1
876,2,1,1,1,-inf,0
877,3,1,0,1,1.9355773893595893,1
878,3,1,0,0,0.09227003128324718,1
879,2,0,1,1,-inf,0
880,2,1,0,1,0.6224068119958472,0
881,3,1,0,1,0.29228783400730807,0
882,3,0,1,0,2.4576269996299724,1
883,2,1,1,0,1.0111142084261795,1
884,3,1,0,1,0.7858670836824182,1
885,2,1,1,0,0.6550151801618567,1
886,2,0,1,1,1.9380806633022294,0
887,2,0,1,1,1.7715949961160256,1
888,3,1,1,0,1.4972121871790607,0
889,2,1,0,1,-inf,0
890,3,1,0,1,1.084832078189072,0
891,2,1,0,1,-0.035155222393477015,0
892,1,1,1,0,0.24303704417094216,1
893,2,1,1,1,-0.12070486238201439,1
894,1,0,0,1,-0.21941185798793678,1
895,2,1,0,0,0.04809316290835636,1
896,3,0,0,0,1.0424428392697789,0
897,1,1,1,1,1.30929187219372,1
898,2,0,1,1,1.5284839551196137,0
899,2,1,1,0,0.9100583328868708,1
900,3,0,1,0,-inf,0
901,3,1,0,1,1.2120766430906145,0
902,2,1,1,1,1.6307477608073713,0
903,3,0,1,1,3.0006667130882354,1
904,2,0,1,1,0.1916923836861204,1
905,3,0,1,1,0.9722133864460395,1
906,3,0,0,0,1.5443139607851957,0
907,2,0,0,0,-0.14429063338185066,0
908,1,1,0,0,-0.6459839819441918,0
909,2,1,1,0,-0.5117772277256656,1
910,1,0,0,0,0.23284263308967224,0
911,3,0,0,0,1.8318978178831262,1
912,2,0,0,0,-inf,1
913,3,0,0,0,1.33406272290146,1
914,1,0,0,0,-0.037586576972750196,0
915,2,0,0,0,0.077956806525104,1
916,2,0,0,1,0.915197691087806,0
917,2,1,0,0,-inf,0
918,2,0,1,1,1.1109968473049856,1
919,2,0,0,0,0.23690984535909393,0
920,1,0,1,1,2.09442246330006,0
921,2,0,0,0,-0.14813706126002957,0
922,1,0,0,0,0.6662834101650961,1
923,2,0,0,1,-inf,1
924,2,1,0,0,0.5753068455741879,0
925,1,0,1,0,0.646897877692974,0
926,1,0,0,1,-0.13835672847634492,1
927,3,1,0,1,1.5447185118272837,0
928,3,1,0,1,1.2770391824522647,1
929,2,0,0,1,-0.862325274513589,1
930,3,0,0,0,1.4195093505752638,1
931,1,1,0,1,-inf,1
932,3,1,0,1,2.5111806134791714,1
933,2,1,0,0,-0.7251785338079415,0
934,2,0,1,0,0.7550545716310724,0
935,2,0,1,0,0.9173032339315863,0
936,1,1,0,0,-0.6661415517352627,1
937,1,1,1,0,-inf,0
938,1,0,1,1,-inf,1
939,2,1,1,0,2.3575423374911866,0
940,3,0,0,0,1.7329804434705713,1
941,2,1,1,0,1.3003798235832098,1
942,3,0,0,0,1.6874656206569134,0
943,1,0,1,1,0.8491173948818674,1
944,1,0,0,0,-0.16379060172442855,1
945,3,0,1,0,2.1330295889656736,0
946,2,0,0,1,-0.3673478246183396,1
947,2,0,0,1,0.5653178400427834,1
948,2,0,0,0,-0.1739637056576615,1
949,2,0,0,0,0.09284920342771763,0
950,1,1,1,0,2.0217183623085053,0
951,3,1,1,1,0.421958819947047,0
952,1,1,1,1,0.23844448396305645,0
953,2,1,1,0,1.7713662034903435,0
954,2,0,0,1,0.6013073615665747,1
955,2,1,1,1,1.3867972401695008,1
956,2,1,1,0,2.3472357003152347,0
957,2,1,1,0,1.011068880195144,0
958,1,0,0,0,-0.031018466011772453,0
959,3,1,0,1,0.8950955800103813,1
960,2,0,1,0,2.4401793194754005,1
961,3,0,0,0,1.2173179851928206,0
962,2,0,0,0,1.3127210106529694,1
963,3,0,0,1,-inf,0
964,2,1,0,0,-0.5554917816351672,0
965,1,0,0,1,-0.33228367243102747,0
966,2,0,1,1,0.35022194265129725,0
967,1,0,1,0,1.467631542254764,1
968,3,0,1,1,2.8098160470350475,1
969,2,0,0,1,1.3112014113563033,1
970,3,0,0,0,0.1044717210303151,0
971,2,1,1,0,0.6033986883431477,0
972,1,1,0,0,-inf,0
973,2,1,0,0,-0.5907794888176978,0
974,3,1,0,0,1.9704818650174825,0
975,3,0,0,1,0.5296651415314173,1
976,2,0,0,1,-inf,1
977,2,1,1,1,0.6781838001812037,0
978,3,0,0,1,1.2708164868824678,1
979,2,0,1,1,0.8169246059692609,1
980,2,0,0,1,0.4538717499259786,1
981,3,0,1,1,1.7779050638881686,1
982,3,1,0,1,1.0647648567587353,0
983,3,1,0,0,-0.3577135034718619,0
984,1,0,1,1,-0.32351448569467045,1
985,1,0,1,0,0.2507541505269511,0
986,3,0,0,0,0.9868749035943982,1
987,1,1,1,1,0.9996947120002089,1
988,1,0,0,1,0.9106834161397926,0
989,2,0,0,0,-0.5301836898555907,1
990,3,1,1,1,2.4711275185595465,0
991,2,0,0,0,0.6114116321004469,0
992,2,0,0,1,1.296456886232878,1
993,2,1,0,0,-0.026683955156994288,0
994,1,0,1,0,1.445407110679494,1
995,2,0,1,1,-inf,0
996,3,0,1,1,1.101613097417618,1
997,1,0,0,0,1.1973338991763556,1
998,2,1,0,0,1.442972317566654,0
999,1,1,1,0,0.47122270468274796,0
1000,2,1,1,1,-inf,0
1001,1,0,1,0,0.05486170829024328,1
1002,3,1,0,0,1.2494999735820846,0
1003,2,0,0,0,1.3389426313357098,1
1004,2,1,0,1,0.3733730731630054,0
1005,2,0,0,1,1.0251329678015133,1
1006,3,1,0,1,0.4016892414036267,1
1007,1,1,0,0,-1.442282046867198,1
1008,1,1,0,0,-0.3709237838708512,1
1009,1,1,1,1,-0.16152137218710244,0
1010,1,1,1,1,-inf,1
1011,1,0,0,1,0.3573655491256879,1
1012,1,0,1,0,0.5743890242627765,1
1013,2,1,1,0,1.0864984098700403,1
1014,1,1,0,1,-0.4000320782957915,1
1015,1,1,0,1,-0.25360690319925594,1
1016,3,0,0,1,-inf,0
1017,1,1,1,1,0.6423276694201165,0
1018,1,0,0,0,0.07542861509982654,0
1019,3,0,1,0,1.63108458822216,1
1020,2,0,0,1,0.6830504730635093,1
1021,3,0,1,0,1.82218420972354,1
1022,2,0,0,1,-0.33348585908643047,1
1023,1,1,1,0,-inf,0
1024,3,1,0,0,0.12144867445419216,0
1025,2,0,0,1,-0.1436941478776309,1
1026,2,1,0,1,0.5799784234054484,1
1027,1,0,1,1,0.06282960425826867,1
1028,1,0,0,1,-0.4950615923441353,1
1029,2,1,1,1,0.21050285180648776,1
1030,2,0,1,0,-inf,1
1031,2,1,0,1,0.04902910106857297,1
1032,2,0,1,1,1.587303868136464,1
1033,3,0,1,0,1.9941012610960054,0
1034,2,1,0,1,0.2950629905739192,0
1035,2,0,0,1,-inf,0
1036,1,1,0,1,0.15829681974334714,1
1037,2,1,0,0,-0.16701919669256982,0
1038,2,0,0,0,1.8570799137330525,1
1039,3,1,1,1,0.6548030141429013,0
1040,2,0,0,0,1.5382691658934051,0
1041,1,0,1,1,0.4370108298568364,0
1042,1,1,0,0,0.05824404386892568,0
1043,1,1,1,0,0.20109392170767773,0
1044,2,0,1,1,0.7216776676235414,0
1045,2,1,0,0,1.0542221678839703,0
1046,2,1,0,1,0.39051023681416647,0
1047,2,1,1,1,1.696330901655981,1
1048,2,1,0,0,0.9513308304599062,0
1049,1,1,1,0,0.4064745402771651,0
1050,1,1,0,1,-0.6999150561170217,1
1051,2,0,1,1,1.6092906779786127,0
1052,2,1,1,0,1.7005755998227463,0
1053,1,0,0,0,-1.5984567082005579,1
1054,3,1,0,0,2.37498658296998,0
1055,2,0,0,1,0.48312941342091464,1
1056,3,1,0,1,-inf,0
1057,1,1,1,1,0.4299522763672807,0
1058,3,1,1,1,1.4247541303732094,1
1059,1,0,0,1,0.18178108296554896,0
1060,3,1,1,1,1.2991127158779818,1
1061,1,0,0,1,-0.5726708413370462,1
1062,1,0,1,1,0.30206570534297217,1
1063,3,0,1,1,1.6401989891557847,1
1064,2,0,0,0,0.5156525208229804,0
1065,3,1,1,1,0.4802555259283918,1
1066,3,1,1,1,2.242893907868633,1
1067,3,0,0,0,0.818994777493127,1
1068,2,0,0,1,1.2705002456525891,1
1069,3,1,0,1,0.5482997342833633,0
1070,2,1,0,1,-inf,1
1071,1,1,1,0,1.0358225578249476,0
1072,3,1,1,0,-inf,0
1073,3,1,1,1,0.38558353078880736,0
1074,1,0,1,0,-0.7795041759833666,0
1075,3,0,0,0,0.9445455392770237,0
1076,2,1,1,1,-inf,1
1077,3,0,1,1,0.9731073416123126,0
1078,1,0,1,1,-inf,0
1079,1,1,1,1,0.4629639376956407,0
1080,3,1,0,1,0.6535720191205131,0
1081,2,0,1,0,0.632661356153968,1
1082,1,0,0,0,-0.9181471566130954,0
1083,2,1,1,1,1.6036570646161388,1
1084,3,1,0,0,1.8974383367534735,0
1085,2,0,0,0,-0.7625833222949712,1
1086,2,1,1,1,2.01417583886836,1
1087,2,0,1,0,2.0039708808429566,0
1088,3,1,0,0,2.0722533998634294,1
1089,2,0,0,0,-0.10961456302121786,1
1090,3,1,0,1,0.3844828485276834,0
1091,2,1,1,1,1.0131344363204065,1
1092,3,1,0,0,0.27132141260531806,0
1093,1,0,1,0,-inf,1
1094,3,1,0,0,1.6297759629205468,0
1095,1,0,0,0,0.2833956507882604,1
1096,1,0,0,1,0.5976717383266466,0
1097,1,1,0,1,0.8038142281791412,0
1098,3,1,1,1,0.9093965030163368,1
1099,2,0,0,1,0.9751080119533238,1
1100,2,0,1,1,1.3001737106384508,0
1101,1,1,1,1,-0.14101611161452404,1
1102,2,1,1,0,0.7885824964685532,0
1103,1,0,1,0,1.0046240421904133,1
1104,1,1,0,0,-0.03279163289023673,1
1105,3,0,0,0,1.3356444638950729,1
1106,1,1,0,1,0.8359115740459122,0
1107,1,0,1,1,1.4075942734898792,1
1108,2,0,0,1,1.367144192012084,0
1109,1,1,1,1,0.9120657059659745,0
1110,1,1,1,1,-0.1543819004651416,0
1111,3,0,1,0,3.266978338821785,0
1112,2,1,0,0,-0.050796028331926035,0
1113,3,0,0,1,0.35951052660658855,1
1114,3,0,0,0,1.070709788512546,0
1115,1,1,1,0,-0.3662487090342677,0
1116,1,1,0,1,-0.4571111167846359,0
1117,1,0,0,1,-0.22906003169185662,1
1118,2,1,1,1,1.113420850209618,1
1119,2,1,1,0,0.06276384329293794,1
1120,3,0,1,1,3.472975080479099,0
1121,2,1,0,1,1.4224808986096058,1
1122,2,1,1,1,0.9146722129838408,1
1123,2,1,0,0,-0.50597049501346,0
1124,3,1,0,1,0.8393103289526885,1
1125,2,0,0,0,0.4733335724813141,1
1126,2,0,0,0,-inf,0
1127,3,1,0,0,-0.052491501450827815,0
1128,2,1,0,0,-0.5695815150464709,1
1129,1,0,1,1,-0.9551896792114755,1
1130,3,1,1,0,1.5138131534423285,1
1131,2,1,0,1,-inf,1
1132,2,1,1,0,1.4522711373335837,0
1133,3,1,0,1,0.9857183421307472,1
1134,3,0,1,1,2.0581623841677397,1
1135,3,1,0,1,-0.5590654203791923,1
1136,1,0,1,0,1.2548756279820368,1
1137,2,1,0,1,0.7127536590638279,0
1138,1,1,0,1,-0.5960682861014704,0
1139,3,0,1,0,2.7634295865976544,1
1140,3,0,1,0,1.074287566633261,0
1141,1,1,0,0,0.29344801095114476,0
1142,1,0,1,0,0.8580510551953293,1
1143,3,0,0,1,0.6610479586570364,1
1144,2,1,1,0,0.6795861457363725,1
1145,3,0,0,1,1.2618334094190042,0
1146,3,0,1,0,1.2314115322026948,1
1147,2,0,0,0,0.24598305337457177,1
1148,2,0,1,0,1.6933820609570747,1
1149,1,0,1,1,-0.3035823964840968,1
1150,3,0,0,0,0.5012525337798451,0
1151,2,1,1,1,0.7085956440373198,0
1152,1,0,1,1,0.850011772037981,1
1153,2,1,1,0,0.19882761477003286,1
1154,2,0,1,0,0.5748450971799064,0
1155,2,0,1,0,0.771752179120654,1
1156,1,0,0,0,-1.2523639500970947,0
1157,1,1,0,1,-inf,0
1158,2,1,1,1,1.2665803481562938,0
1159,2,0,1,1,0.8991598213522594,0
1160,1,1,0,1,-inf,1
1161,2,0,0,0,-inf,1
1162,3,1,1,0,-inf,1
1163,1,1,0,1,0.38589988573964257,1
1164,2,1,1,1,-inf,1
1165,3,0,0,0,1.3513270777048014,1
1166,3,0,0,1,2.041604739984725,0
1167,1,1,1,1,0.049152612952027774,1
1168,3,1,0,1,-0.04992314834421474,1
1169,2,0,0,1,0.5492525216814713,1
1170,3,0,1,0,2.247246599240154,1
1171,2,0,0,1,1.036086668966666,1
1172,3,1,1,0,1.5428658636054209,1
1173,3,0,0,1,1.7784641047930054,0
1174,3,1,0,0,-inf,0
1175,3,1,0,0,1.2234035517638184,0
1176,2,1,0,0,0.15213228653409056,0
1177,3,1,0,1,1.2565979389424338,1
1178,1,0,1,1,0.9443202665433423,1
1179,1,0,0,1,-inf,1
1180,2,0,0,1,-inf,1
1181,3,0,1,1,3.031413056370326,1
1182,1,0,0,0,-inf,0
1183,1,0,1,1,0.3880771677707842,0
1184,2,1,0,1,0.8813403577500409,0
1185,3,1,0,1,0.2339157655621924,1
1186,1,0,1,0,0.5099252624683281,0
1187,3,1,0,0,0.9508898178220293,0
1188,2,0,1,0,1.5962694993121698,1
1189,2,1,0,1,0.21700969725441124,0
1190,3,1,0,1,1.0987070107454866,0
1191,1,1,0,1,-inf,1
1192,2,1,1,0,0.18320369000042613,0
1193,1,0,1,0,0.9859140255556067,1
1194,3,0,0,1,0.5127802925124301,1
1195,3,1,0,1,1.0069147082581411,0
1196,1,1,1,1,0.2202461609139618,0
1197,3,1,0,0,-inf,1
1198,1,1,0,1,-1.8498998876122097,1
1199,2,1,1,1,2.4313292500479182,1
1200,1,1,0,0,-0.04560202206385999,1
1201,2,1,0,1,0.4621250145801914,0
1202,2,1,0,1,-0.11607025195059939,0
1203,2,1,0,1,1.0947486881742612,0
1204,2,0,1,1,-inf,0
1205,2,0,1,1,0.5199458465287906,0
1206,2,0,0,1,0.7071671706110243,1
1207,3,1,0,1,-inf,0
1208,1,0,1,0,-0.7627322870499876,0
1209,1,1,1,1,0.10014759999027101,0
1210,1,1,0,1,0.5908515175900351,1
1211,2,0,1,0,2.0507584679992488,1
1212,3,1,0,0,0.01658967593694005,0
1213,2,1,1,0,-inf,0
1214,2,1,0,0,-0.07068607042348196,1
1215,1,1,0,0,-0.542986778752147,0
1216,2,0,1,1,-inf,1
1217,2,1,1,1,0.3617463987005618,0
1218,2,0,0,0,-inf,0
1219,3,0,0,0,0.7309155654590984,0
1220,1,0,1,1,0.24717193848431568,1
1221,1,1,1,0,0.5067916327559319,0
1222,2,0,0,0,-0.19933415534161047,1
1223,2,0,1,0,1.3466949006807452,0
1224,1,0,1,1,1.4628990669708282,1
1225,3,0,0,1,2.1060350720578276,1
1226,2,1,0,0,0.8943959532691139,0
1227,2,0,0,0,0.7090270940711962,0
1228,3,1,0,0,1.1401572691643147,0
1229,2,1,1,0,-inf,0
1230,2,1,0,0,-1.0519557468007528,1
1231,2,0,1,1,1.50091767728223,1
1232,1,1,1,0,0.26849951126269267,0
1233,2,1,1,1,-inf,0
1234,2,1,1,1,0.3514738140107635,1
1235,3,0,0,0,0.6458438846733994,0
1236,3,1,0,1,0.18373655682533419,0
1237,2,1,1,1,1.4895201422602442,1
1238,1,1,1,0,0.666079846806668,0
1239,1,0,1,1,1.298950652137255,0
1240,1,0,0,0,-0.029545304815998583,0
1241,2,1,1,1,-inf,1
1242,2,0,0,0,1.2396580424196326,0
1243,2,0,0,1,-0.7415407870542035,1
1244,2,0,1,0,0.25047642852026764,1
1245,2,1,1,1,0.5559441558087654,1
1246,2,1,0,0,0.9371820528613035,0
1247,1,0,1,0,1.2874109911066745,0
1248,3,1,1,1,1.1049675533648227,1
1249,1,1,0,1,-1.4521766485300291,0
1250,1,0,0,1,-2.059419288809387,1
1251,1,1,0,1,-inf,1
1252,1,1,1,0,-0.5949834686360236,0
1253,3,0,0,1,0.1993755866762389,0
1254,1,0,0,1,0.9331532744364716,1
1255,2,1,0,1,1.1779848390619287,0
1256,1,1,0,0,0.36310320157567016,1
1257,3,1,1,0,1.1461089617063798,1
1258,2,1,1,1,-0.03844896658956487,1
1259,3,0,1,1,2.0357135609167867,1
1260,3,0,1,1,2.4488642537723377,1
1261,3,1,0,1,0.6949836995643464,1
1262,1,0,0,1,-0.2509784829028543,0
1263,2,0,1,1,1.1844104493439724,1
1264,3,1,0,0,0.2640680168837526,0
1265,2,1,0,0,-0.5964457930187965,0
1266,3,1,1,0,1.892959627562329,1
1267,2,0,1,1,-inf,1
1268,2,0,1,1,1.569373683484301,1
1269,2,1,1,1,-inf,1
1270,1,1,1,0,0.8102645752358261,0
1271,2,1,0,0,1.1527988755398009,0
1272,1,1,1,0,-inf,0
1273,3,1,1,0,2.06158803771562,1
1274,1,0,1,0,1.248830596515019,1
1275,2,0,0,1,-0.05888567405509415,1
1276,2,0,0,1,1.353020897637549,1
1277,1,1,1,1,-0.47631383543128664,0
1278,2,0,1,1,-inf,1
1279,3,1,1,1,3.23488602264171,0
1280,2,1,0,1,-1.0450973427314576,0
1281,2,1,1,0,0.4887468730410056,0
1282,3,1,0,1,0.8435489914007367,0
1283,1,1,0,0,-0.553249964834223,1
1284,3,0,0,1,1.6055380311841239,1
1285,2,0,1,1,1.3192005428703073,1
1286,2,0,1,0,0.915955628907398,1
1287,1,0,0,1,0.16926690450205079,0
1288,3,0,0,1,1.2563776014908243,0
1289,2,0,0,0,-0.015545232389714725,1
1290,2,0,1,0,-inf,0
1291,2,1,0,0,1.6374502786791083,0
1292,1,1,1,1,0.23137319337788245,0
1293,1,1,0,1,0.4569626305615529,0
1294,3,0,0,0,-0.050942432486567046,1
1295,1,1,0,1,-0.5367124440968847,1
1296,1,1,1,0,-0.5392229451980775,0
1297,2,0,1,0,0.30166382687394155,0
1298,3,1,1,1,0.91503745420258,1
1299,3,0,0,0,1.0744768326129528,0
1300,3,0,0,0,0.4033138453995221,1
1301,3,1,1,1,1.7215837847981854,1
1302,2,0,0,1,0.22764894911584688,0
1303,2,0,1,0,0.6701033262536852,0
1304,3,1,1,1,1.436351802080024,1
1305,1,0,0,1,-1.098532966543346,0
1306,1,1,1,1,0.425427702847458,1
1307,2,1,1,0,0.5003401676542283,1
1308,2,1,1,1,0.2449436448385608,1
1309,1,1,0,1,-0.5457295189861253,1
1310,2,0,1,1,1.0028250312667237,1
1311,2,1,0,0,0.2234141936394592,0
1312,3,0,0,0,1.1967313123567014,0
1313,2,1,0,1,0.2874155438206074,0
1314,2,0,0,0,-0.325657028843911,0
1315,2,1,0,1,2.0022025724038635,0
1316,1,1,1,1,0.16190463993816595,0
1317,2,1,0,0,-1.1608508152126995,0
1318,2,0,1,0,1.7853794529745994,1
1319,1,1,1,0,1.1583532943706474,0
1320,1,1,1,1,0.8199169886906893,0
1321,1,0,1,0,1.246922616679508,1
1322,1,0,1,1,0.4008378849898838,1
1323,1,1,0,1,-0.16360202352348402,0
1324,1,0,1,1,0.8850971178635214,1
1325,1,0,0,1,1.4213405484111732,1
1326,2,0,0,0,0.36162979544002044,1
1327,1,0,0,0,0.01585075598846379,1
1328,1,1,1,0,-0.0556470127229845,0
1329,1,0,0,0,1.0693144743129017,1
1330,3,0,0,0,1.0617400697138577,0
1331,1,1,1,1,0.8138048971496137,0
1332,1,0,1,1,0.20872304030357958,0
1333,2,0,1,0,0.9193300019705575,0
1334,2,0,0,0,-0.028347046370971518,1
1335,2,0,0,1,1.1446375474570716,1
1336,3,1,0,0,-inf,0
1337,3,1,0,0,1.9457563223547447,1
1338,2,1,1,0,0.2559310586309833,0
1339,2,1,0,1,0.7603109866247182,1
1340,2,1,1,1,1.1234136923131226,1
1341,1,0,0,0,-inf,0
1342,1,0,1,0,1.132741095642066,1
1343,2,1,1,1,1.6187894032626322,0
1344,2,1,1,1,0.6472060495358374,1
1345,1,0,0,1,-0.002065871539026126,0
1346,1,0,1,0,-0.15916536385697644,1
1347,3,1,1,1,1.907061386302837,1
1348,2,1,1,0,0.9206444684765452,0
1349,2,1,0,1,1.3186913105832898,1
1350,1,0,0,1,-0.08213315934893234,0
1351,2,0,0,1,-0.359184674235262,1
1352,1,0,0,1,-0.09554063214733034,1
1353,1,0,0,1,-0.12749044795905934,0
1354,2,0,0,0,0.049848639082696544,1
1355,2,0,1,0,-0.4355962541691538,1
1356,1,1,1,0,-0.03539673240329949,0
1357,2,1,1,1,0.8546645308293666,0
1358,3,0,0,0,1.457262701541838,0
1359,3,1,0,0,2.4940786909498165,0
1360,2,0,1,1,0.5592983098587059,1
1361,2,1,0,0,-0.0004224769209387469,0
1362,3,0,1,0,2.506112523255757,1
1363,1,1,1,1,0.9498697396018807,0
1364,1,1,1,0,1.2669477734357701,0
1365,3,0,0,1,3.2658140488940393,1
1366,3,0,1,1,2.8702629086885136,1
1367,3,0,1,1,2.039031321877463,1
1368,2,0,0,0,0.01927549051684757,0
1369,1,0,0,1,0.15756017665557814,1
1370,3,1,0,1,1.712342109615788,0
1371,3,1,1,0,1.7305383274546053,1
1372,3,1,0,0,0.9307610664916209,0
1373,1,0,0,0,-0.22867831677269113,0
1374,3,1,0,0,1.1913855028103113,1
1375,2,1,1,1,0.5003680578595844,1
1376,2,0,1,1,1.4316297196108387,1
1377,3,0,1,0,2.403838825365682,0
1378,1,1,0,0,0.24249770010232258,0
1379,3,0,0,0,1.0334353478883278,0
1380,1,0,0,0,0.3633421512295233,1
1381,1,1,1,1,0.4109232725174137,0
1382,2,0,1,0,1.7058872286505231,0
1383,3,0,1,1,1.8543021439081457,1
1384,3,0,0,0,0.9873872389424105,1
1385,3,1,1,0,2.259219157547085,1
1386,3,1,1,1,1.0618319599087371,1
1387,2,1,1,1,-inf,1
1388,2,0,0,0,1.0225479286225887,1
1389,2,1,1,0,0.33589613753925995,0
1390,2,1,1,0,0.5205611654391102,0
1391,3,0,1,1,0.9305130026405396,0
1392,2,1,1,0,0.8457179614644322,1
1393,3,1,1,0,1.477987917858475,0
1394,2,1,1,1,-0.10497028457344149,1
1395,3,1,0,0,0.7238388816026674,1
1396,3,1,1,0,0.7829831617952726,0
1397,1,0,1,0,0.03229982940715548,1
1398,3,1,1,0,2.6145461581841936,1
1399,3,0,0,1,-inf,1
1400,3,0,0,0,1.3264960345840227,0
1401,3,0,0,1,-inf,1
1402,1,0,0,1,-inf,1
1403,2,0,0,0,-0.08859599843963994,0
1404,2,1,0,1,0.37064496980254763,1
1405,3,0,0,0,1.329790702295874,1
1406,1,1,1,1,0.23214948627873533,0
1407,2,1,0,1,0.9160480607544725,0
1408,3,0,0,0,0.7791469499917678,0
1409,1,0,0,1,1.6315598207047075,0
1410,3,1,1,1,2.7218668050110293,1
1411,2,0,1,1,1.0574186596708501,1
1412,3,1,1,0,3.09886535636201,1
1413,3,0,0,1,-inf,0
1414,3,0,1,1,1.244848280399677,1
1415,1,1,1,1,0.1779253812687527,0
1416,3,0,0,0,1.4422883023918236,0
1417,3,1,0,1,1.380939842698032,0
1418,3,0,0,0,1.9482200770460434,1
1419,2,1,1,0,1.881976130673456,1
1420,2,1,1,0,1.3552161086979242,0
1421,2,1,1,1,1.3004275465857333,1
1422,1,0,1,1,1.4177508252448165,1
1423,3,1,0,0,0.9614834242855208,1
1424,3,1,0,0,1.8054808861799347,0
1425,2,1,0,0,0.838686819252376,0
1426,3,1,1,0,1.1226791990722862,1
1427,3,1,0,0,0.681662479294719,0
1428,2,0,1,1,1.912965812222665,1
1429,3,0,1,1,1.6703764729085324,1
1430,2,1,1,0,0.811970917931357,1
1431,2,0,0,1,0.07157838595307198,1
1432,1,0,0,1,-0.02107722614644718,1
1433,3,1,0,1,0.7987874226261155,1
1434,1,1,1,0,1.1695273543704303,0
1435,1,0,1,0,1.4402305327908804,1
1436,2,0,0,0,0.3984127481712,1
1437,3,0,1,0,1.6114419645364455,0
1438,1,0,0,0,-0.11616016839267533,1
1439,3,1,1,0,1.3034199860055131,1
1440,1,1,0,0,-0.9849069007152296,0
1441,3,0,0,0,-0.5684522996469934,1
1442,1,1,1,0,1.3869441106959595,0
1443,1,1,1,1,-0.3170897667206148,0
1444,3,1,1,0,0.8768977220811355,1
1445,2,1,1,0,0.12325656146127206,1
1446,1,1,1,1,-inf,0
1447,1,1,1,0,0.8184324097090665,0
1448,2,1,1,1,1.438920789446442,1
1449,2,0,0,0,1.2181716373208604,1
1450,2,1,1,0,1.4313456324654887,1
1451,2,1,0,1,0.863427535801849,1
1452,1,0,1,1,1.483829753745988,0
1453,2,1,0,1,0.7728247751197073,0
1454,1,1,0,0,-inf,1
1455,3,0,0,1,1.250496324861972,1
1456,2,0,1,1,1.309644133708832,1
1457,2,0,0,0,1.0507369417777976,1
1458,1,1,0,0,0.44165613443824187,1
1459,1,0,1,0,1.6743911692715503,1
1460,1,0,0,0,0.5526965031642245,1
1461,1,1,0,0,-0.5664807189759938,0
1462,2,0,0,0,0.7016952972562676,0
1463,3,1,1,0,1.239307428332121,0
1464,1,1,1,1,0.328268950168494,0
1465,1,0,1,1,0.5052781738995581,1
1466,3,0,0,1,0.2918702868531926,1
1467,2,0,0,1,-inf,0
1468,3,0,0,1,0.7895159139635816,1
1469,2,1,0,0,1.166914355402967,0
1470,2,0,0,0,0.23086819410475662,0
1471,1,1,1,0,0.6985075716115305,0
1472,3,1,1,1,2.1542464954177523,1
1473,1,1,0,0,-inf,1
1474,2,1,0,1,-0.2512608533795717,1
1475,2,1,0,1,0.18138121516261832,0
1476,3,1,0,0,1.9797521378587868,0
1477,3,0,0,0,0.6007773022158547,1
1478,1,0,1,0,1.3961297865633653,1
1479,3,0,0,1,0.4103789114799792,1
1480,3,0,0,1,2.109813645075742,1
1481,2,1,0,1,0.4799626379766839,1
1482,2,0,1,1,2.0348460141746334,0
1483,2,1,1,0,1.2728157258061519,0
1484,1,0,0,1,-0.5271946821059382,0
1485,2,1,0,0,-0.5569099050006654,1
1486,3,0,1,1,2.2031655076910264,0
1487,2,1,1,0,0.47741661982736405,0
1488,1,0,0,0,0.32491853609114296,0
1489,2,0,1,1,1.2751699836263564,1
1490,2,1,1,0,0.8778274782650899,0
1491,3,1,0,1,1.7651444530471334,0
1492,2,0,0,1,0.34655313552889394,1
1493,1,1,0,1,-0.15305044954291086,0
1494,3,1,1,1,1.2653813138704546,1
1495,1,1,1,1,0.6252870292225483,0
1496,3,0,1,0,1.722233802160437,0
1497,2,1,1,1,0.9948254692095925,1
1498,3,1,0,1,2.316336806965478,1
1499,3,1,1,0,1.2813309977800855,1
1500,2,1,1,1,0.24908556511779423,1
1501,1,1,0,1,-0.6547004788184223,0
1502,2,0,1,1,0.1600466680837076,1
1503,1,1,1,0,0.1273528339230099,0
1504,1,1,0,1,-0.9005602350986879,1
1505,1,0,0,0,0.07167489416451495,0
1506,2,1,0,0,0.5820693703830899,0
1507,3,0,1,0,2.5869819967384835,1
1508,1,1,0,1,-inf,0
1509,2,1,0,0,0.14110699618516384,0
1510,2,1,0,0,-inf,0
1511,3,1,0,1,0.4834185336559619,0
1512,2,1,0,0,0.7755141798878078,0
1513,2,0,0,0,1.820965759262469,1
1514,3,0,0,0,1.196720542840937,1
1515,2,1,0,1,-0.15513539227379747,1
1516,2,1,1,1,1.2429049775453571,1
1517,3,0,0,0,1.3808582568463754,0
1518,2,0,0,1,0.03882347499168165,0
1519,2,1,1,1,1.5322249757041284,1
1520,3,0,0,0,2.1680189913150745,0
1521,2,1,0,0,-0.7716979734729787,0
1522,2,1,0,0,-0.06450892445445278,0
1523,1,0,1,0,0.5143794232658365,1
1524,1,0,1,1,1.7583705447640856,1
1525,3,0,0,0,-inf,0
1526,3,0,0,1,2.1489443682480305,0
1527,1,1,0,1,-0.565493448727502,0
1528,1,0,1,1,0.7186969639092228,1
1529,2,0,1,0,0.9860016091014792,1
1530,1,0,0,1,-0.5293857173027141,0
1531,2,1,0,1,-0.8878807969290441,0
1532,1,1,1,1,0.7376965776574432,0
1533,2,1,0,1,-inf,0
1534,2,1,0,0,-1.2947996449532004,0
1535,1,0,0,0,-0.17680975577541413,1
1536,3,1,0,1,1.3626893555060247,1
1537,2,0,1,1,2.5809366124059845,1
1538,3,1,1,0,0.7524756320415216,0
1539,1,0,0,1,-0.05130410545816902,1
1540,3,1,0,1,1.763543464554785,0
1541,1,0,1,1,0.2173601122186815,1
1542,1,0,1,0,1.1153557191488928,1
1543,3,0,1,1,1.3984417140589005,1
1544,1,1,1,0,-0.11052428917860596,0
1545,3,1,0,1,0.36024309118039266,1
1546,1,1,1,1,-0.39661494592033736,0
1547,2,1,0,1,0.9458614965654701,0
1548,3,0,1,0,-inf,0
1549,1,1,1,1,0.7130260199125046,0
1550,2,1,1,1,0.3346584669199899,1
1551,2,0,1,1,-0.02702195734227142,1
1552,2,1,1,0,-0.5295265068464925,0
1553,2,0,0,1,0.7245685983147957,0
1554,1,1,0,0,-0.2227988833535456,1
1555,3,1,0,0,0.4384865088953124,0
1556,1,0,0,1,0.09528164708637515,0
1557,3,1,0,1,1.614782920921206,1
1558,1,0,0,0,0.5982812571658847,0
1559,1,1,0,1,-1.392961363417999,1
1560,3,1,0,0,0.08290240731978549,0
1561,3,1,0,0,0.7652476876032381,0
1562,2,0,1,0,1.828218344868274,1
1563,1,1,0,0,-0.7578496818172715,0
1564,1,1,0,1,-inf,0
1565,1,0,0,1,0.6021355436064039,1
1566,3,1,0,1,0.22572189367774642,1
1567,2,0,0,0,-1.4301379774122784,0
1568,3,1,0,0,0.7199426844264598,1
1569,3,1,0,0,0.6803973960128537,0
1570,2,0,0,0,1.145646181438393,1
1571,3,0,0,1,0.9109873225244025,1
1572,2,0,1,1,0.6585111170593548,1
1573,2,0,1,0,1.3904275729397582,0
1574,2,1,0,1,-inf,0
1575,2,1,1,1,1.4093438563505536,1
1576,2,1,0,1,-0.5006592168285218,0
1577,1,1,1,1,1.4163236258294747,0
1578,2,1,0,1,-0.539837162361192,1
1579,2,0,1,1,1.2870381002234967,1
1580,1,0,1,1,1.7867929056378364,1
1581,1,0,0,0,0.7507262342699369,1
1582,3,1,0,1,0.046620965669973646,0
1583,2,1,1,1,0.915219568017753,0
1584,2,1,1,1,2.555092525232771,1
1585,3,1,0,0,1.300357041048922,0
1586,2,1,0,0,-0.7946098705686857,0
1587,3,1,1,0,2.4648752141453536,1
1588,1,0,1,0,-inf,1
1589,1,0,0,0,0.43801633163613374,0
1590,1,0,1,0,0.009041205392303242,1
1591,3,1,1,1,1.8448913588469082,1
1592,3,0,1,0,2.1188344234822076,0
1593,2,0,0,0,0.8967194894503208,1
1594,3,0,0,1,1.5751707686474867,0
1595,3,1,0,0,-inf,0
1596,2,0,1,1,0.5014711021528375,0
1597,2,0,0,0,0.9895802035067813,1
1598,3,1,1,0,2.1233934718764114,1
1599,3,1,0,1,-inf,1
1600,1,1,1,0,-inf,0
1601,2,0,0,1,1.7682990833868069,1
1602,3,0,0,0,-inf,1
1603,2,1,1,0,1.462157887168314,0
1604,2,0,1,1,1.417485937605261,1
1605,3,0,0,1,-inf,1
1606,2,1,1,0,-inf,1
1607,2,1,0,0,1.2659252747931717,0
1608,1,1,0,1,-0.10963646872974347,1
1609,3,0,0,1,-0.9434964695252095,1
1610,3,0,0,0,0.9421987404893711,0
1611,3,1,0,0,-inf,0
1612,3,1,0,0,-0.4525234555396944,0
1613,2,1,1,1,1.4259833060040243,0
1614,3,1,0,0,-inf,0
1615,2,1,0,1,0.13320126623120376,1
1616,1,1,1,1,1.9135824849148135,0
1617,1,1,1,1,-inf,0
1618,2,0,0,1,0.563573233102783,0
1619,3,0,0,0,1.4049694454821104,0
1620,2,1,0,1,1.0436832919372299,0
1621,1,0,1,0,0.7079017144752688,1
1622,1,0,0,0,0.17197958086482207,1
1623,2,1,1,1,2.4133367519102396,0
1624,1,1,0,0,-0.6847276431515162,0
1625,2,1,0,0,0.19029226303155122,0
1626,1,1,0,0,-0.28744182002851615,0
1627,2,1,0,1,-0.7019780419803379,0
1628,1,1,1,1,1.2570027252394036,0
1629,2,1,0,0,0.3383190994825864,0
1630,2,0,1,0,0.5175929351963577,1
1631,2,1,0,0,-inf,0
1632,1,0,1,1,0.30104184121096234,1
1633,3,0,1,0,2.3901112366925306,1
1634,3,1,0,0,0.9846734402080772,0
1635,1,0,0,1,0.32302816644010385,1
1636,1,1,1,0,1.6978191689232505,0
1637,1,0,1,1,0.7554084954466194,1
1638,2,0,0,1,0.35813646438321745,1
1639,1,1,1,0,0.04851326666653871,0
1640,1,1,1,0,0.21637167321660142,0
1641,2,1,0,0,-0.4906824520466377,0
1642,1,0,1,0,1.2694617429062407,0
1643,1,1,1,1,1.5100947146859711,0
1644,3,1,0,0,0.9994035695599579,1
1645,1,0,1,1,0.7351718044222564,0
1646,1,0,0,0,1.5040130353170413,0
1647,3,1,0,1,0.5682183816977909,1
1648,3,0,0,0,1.329733018499038,1
1649,2,1,0,1,0.6772743746899599,0
1650,3,0,0,1,-0.007307951891201814,0
1651,2,1,0,1,-0.23084983324173125,0
1652,2,0,0,0,0.7823467016777078,1
1653,1,1,0,1,-1.1961669807874575,0
1654,2,0,1,1,1.0691619353934034,1
1655,1,0,1,1,1.8700150354677025,1
1656,3,1,0,0,0.6679903579783188,1
1657,1,0,1,0,0.4720506752642255,0
1658,3,1,1,1,0.3581358415933593,1
1659,3,0,0,1,1.7065976770603735,1
1660,3,1,0,1,0.5120873710370063,0
1661,3,0,0,0,0.7660916630078608,1
1662,2,0,1,0,1.1953187168780577,0
1663,1,0,0,0,0.46300176052358244,0
1664,3,0,0,0,2.35405757461068,1
1665,2,0,0,0,-0.8206001515044739,1
1666,1,0,1,0,0.9713700042004484,0
1667,3,0,0,1,2.624212787206473,1
1668,2,1,0,0,0.981156617108498,0
1669,3,1,0,1,1.150570805323559,1
1670,3,1,0,0,1.640180328314181,1
1671,2,0,0,0,-0.2096411324544044,1
1672,3,1,0,0,0.9394138628454642,0
1673,2,0,0,0,0.8775313991408991,0
1674,1,1,1,1,0.18460881391306827,0
1675,3,0,1,1,1.7321870297652104,1
1676,2,0,0,1,1.3566791533190674,1
1677,1,0,1,0,0.9022912614358212,1
1678,2,1,0,1,-0.4677840002231963,0
1679,1,1,1,0,0.16520984692267454,0
1680,2,1,0,0,0.035945796801026275,0
1681,2,1,1,1,1.6463085973286202,1
1682,2,1,0,0,0.7160298276380095,0
1683,2,0,0,1,-0.5255805705717298,0
1684,1,1,1,0,-0.6241492062652427,0
1685,3,0,1,0,1.6861589151689655,1
1686,1,0,1,0,0.8328990010766795,0
1687,1,0,0,0,-0.6161308901142156,0
1688,2,0,0,1,0.08155170826796998,1
1689,2,1,0,0,0.5821295535997101,0
1690,2,0,1,1,0.2842606208380465,1
1691,3,1,0,0,0.9335083003270133,0
1692,1,1,1,0,-inf,1
1693,1,0,0,0,0.28165674094351945,1
1694,3,0,0,0,0.18854299468442837,0
1695,2,0,1,0,-0.49671960153201966,0
1696,2,0,1,1,1.3174850501023692,1
1697,3,1,0,1,1.6126143377112516,1
1698,2,1,1,1,1.4416104809453263,1
1699,3,0,1,1,1.1040162466888406,0
1700,1,1,1,0,-0.18642822118851382,0
1701,2,1,0,0,0.4281438584412262,0
1702,1,0,1,0,2.3344085990521326,1
1703,1,1,1,0,1.4461090862115884,0
1704,2,0,0,0,0.2901126360654821,1
1705,2,0,0,0,-0.20440417901047359,1
1706,2,1,1,0,-inf,0
1707,1,0,1,1,-inf,1
1708,2,0,0,1,-0.7348258281718769,1
1709,1,0,1,0,-0.2202586513340682,1
1710,3,0,0,1,-0.07197484673405996,1
1711,2,0,0,0,-inf,0
1712,3,1,0,0,0.7615104681909605,0
1713,2,0,1,1,0.8649779834908513,1
1714,1,0,0,0,-0.947533400012784,0
1715,2,0,0,0,0.048461320362270466,1
1716,3,0,0,0,1.8779309095093353,0
1717,2,0,1,0,1.1814431060180928,0
1718,1,0,0,0,-inf,0
1719,3,1,1,1,1.5118576272379574,1
1720,3,1,0,1,0.4375893803937765,0
1721,3,1,1,1,2.4646649373064156,0
1722,2,0,0,0,0.6711695531593758,0
1723,3,1,0,0,0.589614043169306,1
1724,2,0,0,1,-0.43524995702264124,1
1725,2,0,0,1,-inf,1
1726,3,1,1,1,0.8630383453901915,0
1727,1,1,1,1,-0.1965145586183859,0
1728,3,1,1,1,-inf,0
1729,1,0,0,1,0.3484630330232618,0
1730,2,0,0,0,0.270652574825614,0
1731,3,1,0,1,0.979714978161737,1
1732,1,1,1,1,0.24872750089211257,1
1733,2,1,1,0,1.3421174927133792,1
1734,2,0,1,1,0.7213905915781033,1
1735,2,1,1,1,1.4363741804384997,1
1736,3,0,0,0,-inf,1
1737,1,1,0,0,0.16297534742093672,0
1738,2,0,0,0,1.261154773370423,0
1739,2,1,1,0,1.0136100843919431,1
1740,1,1,1,0,1.2004871365767558,0
1741,1,1,0,0,0.32172765069346815,0
1742,3,0,1,0,1.5530656105883465,0
1743,2,1,1,1,0.885814766186658,1
1744,2,0,1,0,0.9320658608678691,0
1745,3,0,1,1,2.713771610745086,0
1746,3,0,0,1,-inf,1
1747,2,0,0,1,-0.1248570294592839,1
1748,1,1,0,0,1.0249998940296015,1
1749,1,1,1,0,0.5228798628551794,0
1750,3,1,1,1,0.7256328771172514,1
1751,2,0,1,1,0.7292724572324044,1
1752,3,1,0,0,0.7267891325645854,1
1753,2,1,1,0,1.2997396789777749,1
1754,3,0,0,1,1.01328651130594,1
1755,2,1,0,1,0.9487573309329087,0
1756,1,0,1,0,0.43400788937742363,1
1757,2,1,1,1,0.9201593288399792,1
1758,3,0,0,0,-inf,0
1759,1,1,0,0,-0.7746913694328563,1
1760,1,1,0,0,-0.5329106889944362,0
1761,2,0,0,1,0.980601456025309,1
1762,2,0,0,0,-inf,1
1763,3,1,0,0,-inf,0
1764,2,0,1,0,0.6584712437989834,0
1765,2,1,1,1,0.8553042254446617,1
1766,3,1,0,1,0.7891585790000345,0
1767,2,0,1,0,1.354417121617808,0
1768,2,0,0,0,0.9180889164360776,1
1769,1,0,0,1,-inf,0
1770,3,0,0,0,1.3871115131833571,1
1771,2,0,0,0,-inf,0
1772,2,1,0,1,0.19382004408536224,0
1773,1,1,1,0,0.4809426424723224,0
1774,1,0,1,0,1.4072102278249305,1
1775,3,0,0,0,1.6338849235709714,0
1776,2,0,1,0,2.4823840272597337,0
1777,1,0,1,1,-0.6550506559185626,1
1778,3,0,0,1,1.317586691971249,0
1779,2,1,1,0,0.4723074111074499,1
1780,3,0,0,1,0.04402398000178809,0
1781,3,0,0,0,-0.19845239641733858,0
1782,2,0,0,0,1.1203010696793672,1
1783,1,0,1,0,0.44795998562061407,0
1784,2,0,0,1,1.130670788317203,1
1785,2,1,1,1,-inf,1
1786,2,1,0,1,0.1034488423808283,0
1787,1,0,0,0,-inf,0
1788,2,1,1,1,0.8005527718731755,1
1789,1,1,1,1,1.3890327191673597,1
1790,3,0,1,0,1.4551339272498551,1
1791,1,0,0,1,-0.7051768709026549,0
1792,2,0,0,1,0.0320231480890954,1
1793,1,0,1,1,-inf,1
1794,3,1,1,1,0.2567646822247176,1
1795,1,1,1,0,-0.7342096734860601,0
1796,1,1,1,1,0.215465849165532,1
1797,3,0,0,1,1.266740102691476,1
1798,1,1,1,1,0.4432063562592127,0
1799,1,1,0,0,-0.8392790392930142,0
1800,2,0,0,0,1.2490795873000993,0
1801,1,1,1,1,1.044655017780746,0
1802,2,0,1,0,2.714135505908839,1
1803,1,0,0,1,-0.030379145970726884,1
1804,2,0,1,1,-inf,1
1805,2,1,0,0,0.4132282621254245,0
1806,1,0,1,1,1.4603300755352486,0
1807,1,1,0,1,-0.5541169612880287,0
1808,2,1,0,0,1.6195304338230287,0
1809,1,1,0,0,0.7009715543168349,1
1810,3,0,0,0,0.14904003799815702,0
1811,2,1,1,0,0.3379553578977015,1
1812,1,0,0,0,-0.4720327071207305,1
1813,3,0,0,1,0.759122683063042,0
1814,1,1,0,1,-1.0618703518492996,0
1815,2,0,1,0,1.2302666814433678,1
1816,1,1,1,1,1.1933810067079826,0
1817,2,0,1,0,1.384573655675848,0
1818,2,1,0,0,-0.3895335105346031,0
1819,1,1,1,0,-0.4974479469324066,0
1820,3,0,0,1,1.8553720679235406,1
1821,2,1,0,1,-0.24893879163445337,0
1822,1,1,1,0,1.4030134818351891,1
1823,3,0,0,1,0.42237593144132435,1
1824,1,0,1,1,1.1147027657450415,1
1825,2,0,0,1,-inf,0
1826,1,1,0,1,0.008115232595943545,0
1827,2,0,1,1,-inf,1
1828,2,0,0,1,0.4125783047070653,0
1829,3,0,0,1,2.280663627451169,1
1830,2,1,1,1,2.1396352306088025,1
1831,2,0,1,1,1.4974006624774687,1
1832,1,0,1,0,1.1971397143285099,1
1833,1,1,1,0,-0.041755349280972576,0
1834,2,0,0,0,0.24947610715965707,0
1835,1,0,1,1,1.8385771939980065,1
1836,1,0,1,0,0.4635229424571913,1
1837,2,0,1,1,2.1609619223339562,0
1838,1,1,0,0,0.6671678248666477,0
1839,2,1,0,1,-0.6558583939420128,0
1840,1,0,1,0,-1.3403575742217653,1
1841,3,0,0,0,0.07593460636186622,0
1842,3,0,1,1,2.9460424177125075,1
1843,1,1,1,1,0.11758447208241274,0
1844,2,0,0,1,-0.017806759711297748,1
1845,2,0,1,0,2.053934719601541,1
1846,3,0,0,1,0.7555934641737663,0
1847,1,0,0,0,0.13899006188141474,0
1848,1,1,0,0,-1.4459693568107599,0
1849,3,0,1,0,0.5696815095098149,1
1850,1,0,1,0,0.8873262971479787,1
1851,2,0,0,0,-0.5960607388917003,0
1852,1,1,1,1,0.10426246734041433,0
1853,2,1,0,1,-0.5748412144259119,0
1854,2,0,0,1,1.9168476996937445,1
1855,2,1,0,0,0.10009772077668169,0
1856,2,0,0,0,0.6215107819490673,0
1857,3,1,0,0,1.666877852169534,0
1858,3,0,0,0,0.9079800774135762,1
1859,3,1,0,1,1.0635407996991264,1
1860,1,0,1,0,1.0959214308012344,0
1861,2,1,0,1,-inf,0
1862,2,0,1,1,-inf,1
1863,1,0,0,1,-inf,1
1864,1,1,1,1,-0.22569633055800892,0
1865,1,1,1,0,0.819228864475614,0
1866,2,0,0,1,-0.6795945285860423,1
1867,2,1,0,0,-1.028628295765175,0
1868,3,1,1,1,-inf,1
1869,2,1,1,0,1.008597581933195,1
1870,3,1,0,1,1.0942256821327527,0
1871,1,0,0,0,-inf,1
1872,1,1,1,1,-inf,0
1873,3,0,1,0,1.9453671518401991,0
1874,2,1,1,1,0.866743632749527,0
1875,2,1,1,0,0.32589284590339684,1
1876,1,0,0,1,-0.0848096803491628,0
1877,2,1,0,0,-inf,0
1878,1,1,1,0,1.4619710139706052,1
1879,3,0,0,0,0.8778241209024651,1
1880,2,1,0,0,0.8626131958095031,0
1881,1,0,1,1,1.4166792631872447,1
1882,3,0,0,0,2.6711106863332743,1
1883,2,1,0,0,2.1596498815102234,0
1884,2,1,1,0,1.7237757060855234,1
1885,1,0,0,1,0.5039567656624424,1
1886,2,0,0,0,0.5473265005207358,1
1887,2,1,1,1,0.15939648851159938,1
1888,2,1,1,1,1.9353846044471075,1
1889,3,1,1,0,1.4110917714623357,0
1890,2,1,0,1,-0.03768126880236622,1
1891,2,0,0,0,0.10227814552197145,0
1892,1,1,0,1,0.06604674369190011,1
1893,2,1,1,1,1.8151148297191253,1
1894,2,1,1,0,1.1265079326697844,0
1895,1,0,1,0,0.1786093885520279,0
1896,1,0,1,0,1.0703708424986456,1
1897,1,0,1,0,0.0826882351989986,0
1898,2,1,0,1,0.8676293128078334,1
1899,1,1,1,0,-0.49928412766598745,0
1900,2,1,0,0,-0.6418348179875535,0
1901,1,0,0,0,-0.12158209928762341,0
1902,1,0,1,1,0.10284696576188135,1
1903,1,0,0,0,-0.6456762409866195,0
1904,1,1,1,1,0.31019039655303016,0
1905,3,0,0,1,1.5487806727758884,1
1906,1,1,0,1,-0.7405332248443344,0
1907,3,1,1,0,2.430402008502757,1
1908,3,0,1,1,2.170178708141657,1
1909,3,1,1,1,1.2488190773976195,1
1910,3,1,1,1,1.3039186116863837,1
1911,1,0,0,1,-1.484748059330526,1
1912,3,1,0,0,1.3008128844273723,0
1913,3,0,0,0,0.899503761691273,0
1914,2,1,0,1,0.3240376323158689,0
1915,2,0,0,0,0.5764852560512059,1
1916,1,0,0,0,0.23042066617725315,0
1917,1,0,1,1,-0.39979401509299095,0
1918,3,1,0,0,-0.6925742810404056,0
1919,1,1,1,0,0.9143601161291921,0
1920,3,1,0,0,0.1618950253996818,0
1921,1,1,1,0,-inf,0
1922,3,0,0,1,1.0523920868293795,0
1923,1,1,1,0,-inf,1
1924,2,0,1,1,0.715066754901704,1
1925,2,0,0,0,0.45379249985086223,1
1926,1,1,0,0,-inf,0
1927,1,1,1,0,0.38719226739798224,0
1928,1,1,0,1,-0.19799349026633242,0
1929,3,0,0,1,1.1751632251166901,1
1930,3,1,1,0,1.6336543078153445,0
1931,1,1,0,1,-1.7079459146920795,1
1932,3,0,1,1,-inf,1
1933,3,0,0,0,0.8625754113944402,1
1934,3,1,0,1,0.40353389562645803,1
1935,2,0,1,0,1.7880904765324248,0
1936,1,0,1,1,-0.3541320937738036,1
1937,2,1,0,0,-0.177979640291969,0
1938,3,1,0,0,0.953935631107598,1
1939,2,0,0,1,0.40908205487783467,0
1940,1,1,0,1,-0.5231592341190299,1
1941,2,0,0,0,-0.5986714875891275,1
1942,1,0,1,1,1.7049090966812903,1
1943,3,0,0,0,-inf,0
1944,2,0,1,0,1.3236130907132817,1
1945,2,0,1,0,1.934907181798836,0
1946,1,0,1,1,0.6117187292585827,1
1947,1,0,0,0,-inf,0
1948,2,0,0,1,1.1701301880860735,0
1949,2,1,1,0,1.5429080394822594,0
1950,2,0,0,0,-0.5693139038721744,0
1951,1,0,0,1,0.16010429792242914,0
1952,2,1,0,0,0.3661466540066175,0
1953,1,1,0,0,0.8279123362689351,0
1954,2,0,0,0,-inf,1
1955,2,0,0,1,1.8669274907003863,0
1956,2,0,1,1,-inf,0
1957,1,0,1,1,0.4203091557848597,1
1958,3,1,0,1,2.524321608777411,1
1959,1,1,1,0,0.6589944748145666,0
1960,1,0,1,0,1.350913157845755,0
1961,2,1,1,1,1.707969567273171,1
1962,2,0,0,1,1.133717073718166,1
1963,1,0,0,1,0.6640822943896413,1
1964,1,0,1,0,-0.5316405317740692,0
1965,1,0,1,0,-0.14072962733747651,0
1966,3,0,1,1,1.6583064673519912,1
1967,1,0,0,1,-0.026987469433780734,1
1968,2,1,0,1,0.20820425038718374,0
1969,1,1,1,0,0.43121839682488816,0
1970,2,1,1,0,0.025490989646995144,0
1971,3,1,0,0,0.7704204166551922,0
1972,3,0,0,1,0.2961199612968741,1
1973,2,0,0,1,-0.3527455967941092,0
1974,1,0,1,1,0.6899132335446736,1
1975,3,1,1,1,1.1881751885339047,1
1976,2,1,1,1,0.8519684301554947,0
1977,3,0,0,1,0.7527922951120665,0
1978,1,1,1,1,-0.33396708209802967,0
1979,1,0,0,1,-0.1415923741397497,1
1980,2,1,1,0,0.9209767973202745,1
1981,2,1,1,0,0.10347542771297913,1
1982,2,1,0,1,-0.9228372322186249,1
1983,2,1,1,0,0.7860126824638693,1
1984,2,0,1,0,2.294765741443145,1
1985,2,0,0,1,0.2626752905391404,1
1986,2,0,0,1,0.9359751751735943,1
1987,1,1,0,1,-1.1310653019064867,0
1988,2,0,0,1,0.6979313482320487,1
1989,1,1,1,0,-1.4770342000909267,0
1990,3,0,0,0,1.0557536165451225,0
1991,3,1,0,0,-0.2857458473227066,0
1992,1,1,0,1,-inf,1
1993,3,1,1,0,1.0015286657918105,1
1994,1,1,1,0,0.7401207605924202,0
1995,2,1,1,1,1.9453966636151943,1
1996,1,1,1,1,-0.2671950963351724,0
1997,3,1,1,1,0.46603767505720994,1
1998,2,1,0,0,1.0335424437043357,1
1999,1,0,1,0,-0.32998194617552434,1
2000,2,1,1,1,0.2656374672714569,1
2001,3,1,0,0,-inf,1
2002,1,0,1,1,0.15177833404112417,0
2003,3,1,0,0,0.5677180731507616,0
2004,1,1,1,0,-0.17869506768867632,0
2005,1,1,1,0,0.008203229570547366,0
2006,2,0,0,0,-inf,1
2007,3,1,0,1,0.5308343082057041,0
2008,2,1,1,1,0.612850003517674,1
2009,2,0,1,1,2.16101019611247,0
2010,1,0,1,1,1.660902279480114,1
2011,2,1,0,1,0.5891678906046718,0
2012,1,0,1,1,-inf,1
2013,2,1,0,1,-inf,0
2014,2,0,1,0,1.8388628579409414,1
2015,1,0,1,1,-inf,1
2016,3,1,1,1,1.4072352748794055,0
2017,3,1,1,0,1.245388387231589,0
2018,3,1,0,1,1.6530674148687512,0
2019,1,1,0,1,-0.12310248321887707,1
2020,3,0,1,1,2.996958892471887,1
2021,2,0,1,0,2.640369955892914,1
2022,3,1,1,1,1.6669201162425438,1
2023,1,1,1,0,0.11323252681098173,0
2024,3,0,0,1,1.17794041237814,0
2025,1,0,0,0,0.13533939824939328,1
2026,3,1,1,1,0.9028967266463789,1
2027,3,1,1,1,3.201277732604435,1
2028,3,1,1,0,2.6987569478063445,1
2029,1,1,1,1,-inf,1
2030,3,1,0,1,0.128217120458739,0
2031,2,1,1,1,-0.09355475240482702,1
2032,1,1,0,1,0.15836831175560678,0
2033,1,1,1,1,0.10951934361623655,0
2034,1,1,1,1,0.6609687492177989,0
2035,3,0,1,0,2.3914676159945696,0
2036,2,0,0,0,-inf,0
2037,1,1,1,1,1.2338900036109006,0
2038,2,0,1,0,0.4318581209169696,0
2039,2,0,0,1,0.17851514296612775,0
2040,2,1,1,0,0.198061561657756,1
2041,1,0,0,1,0.24550241568386616,1
2042,2,0,1,1,1.0754731021767818,1
2043,1,1,0,0,-inf,0
2044,2,1,1,0,1.949246945915491,1
2045,2,0,0,0,0.8771224896862282,0
2046,1,1,1,1,-0.07940765375727482,0
2047,1,1,0,0,-2.176712303561774,0
2048,2,0,0,1,0.717061928107074,1
2049,1,0,1,0,-0.4422161362793958,1
2050,3,0,0,1,1.2136527041747058,1
2051,1,1,1,1,0.11370180057017948,0
2052,2,0,1,1,1.9145955038669293,1
2053,3,1,0,1,-inf,1
2054,3,0,0,0,2.0665493628881864,1
2055,2,1,0,1,1.1958900279084477,0
2056,2,0,0,1,0.1641118435829219,0
2057,1,1,0,1,-1.3697067035167105,0
2058,2,1,0,0,-0.06362562243268916,0
2059,2,0,0,0,-0.4849984328747735,1
2060,2,0,0,1,0.5481992690321428,1
2061,1,0,0,1,-1.246932314775334,1
2062,2,0,0,1,0.7010558854716784,1
2063,1,0,1,1,1.8950200374408372,1
2064,2,0,0,0,-inf,0
2065,2,1,0,0,-0.4137218287060858,0
2066,3,0,0,0,0.8166415665070427,0
2067,1,1,0,1,-0.35085565350689685,1
2068,2,1,1,0,1.1475656117150068,0
2069,1,1,0,0,-0.9586865516905319,0
2070,2,1,0,1,-inf,0
2071,3,1,1,1,1.3344462794239966,1
2072,2,1,0,0,0.8093665897934601,0
2073,2,1,1,1,1.205840938347173,0
2074,3,1,0,0,1.1665504233536133,0
2075,3,1,1,0,1.6644082423478443,0
2076,2,1,0,0,-inf,0
2077,1,0,0,0,0.16723717525300136,1
2078,2,1,0,0,-0.25307823843929483,0
2079,1,1,0,1,-0.24492667947017244,0
2080,3,1,1,0,2.3478363874980133,1
2081,2,1,0,1,-0.15104723463482728,0
2082,2,1,0,0,0.13483079600580622,1
2083,1,0,0,1,-0.10785185186776587,0
2084,3,1,0,1,0.4764885118636589,0
2085,1,0,0,0,-0.27366500702921903,0
2086,2,0,0,1,0.9104054621583163,1
2087,2,0,1,0,0.463693238889365,1
2088,1,1,1,1,0.5685824510322766,0
2089,3,0,0,0,1.3109369591120026,0
2090,2,1,0,0,-0.08321753541551485,0
2091,2,1,1,0,0.6207480975218875,1
2092,1,1,1,1,-0.3976981029550501,0
2093,1,0,0,1,0.8862873662281975,0
2094,3,0,0,0,0.7075991749279391,1
2095,1,0,1,0,1.0843742893001658,1
2096,1,1,0,1,-2.1323765021445844,1
2097,2,1,1,1,-inf,1
2098,1,1,1,1,1.0111031009028557,0
2099,3,0,1,0,2.3090227180917013,1
2100,1,1,1,0,0.9984073776871849,0
2101,1,0,1,0,-inf,1
2102,2,0,1,0,2.262447018530331,0
2103,3,1,0,0,1.0206613487806961,0
2104,1,1,0,0,-inf,0
2105,1,1,1,1,0.6725984637716551,0
2106,2,1,1,0,0.808411821299062,1
2107,2,1,0,0,0.06803709171946157,0
2108,2,0,0,1,0.08141270558583413,1
2109,1,1,0,1,-inf,1
2110,3,0,0,0,1.1628150192046849,0
2111,3,1,1,0,-inf,1
2112,2,0,1,0,1.4118529878367954,0
2113,3,1,1,1,0.17234109170473655,0
2114,3,1,0,1,0.48833444707735973,1
2115,1,0,0,0,-0.08453132013519532,1
2116,3,1,0,1,0.06371851435938691,0
2117,2,1,0,0,0.008969543400955515,0
2118,2,1,1,0,1.257723644520597,0
2119,1,1,1,1,-inf,0
2120,2,1,0,0,-inf,0
2121,1,1,0,1,-inf,0
2122,2,1,1,0,-0.33764502111550443,1
2123,2,0,0,0,-inf,1
2124,3,1,0,0,1.1558097193418158,0
2125,1,0,1,0,0.2810834494372633,1
2126,2,0,0,0,0.4435033534706476,1
2127,1,1,1,1,-0.10457968794617162,0
2128,1,1,1,1,0.6165478678562866,0
2129,3,1,0,1,0.28158914652208,1
2130,2,0,0,1,1.3024498528917212,0
2131,1,0,1,0,-0.5263988030185981,1
2132,3,1,0,1,0.6440208073270549,1
2133,2,1,1,1,1.1099196209411344,1
2134,1,0,0,1,-0.08466526993834797,1
2135,2,1,1,1,1.8684047904031496,1
2136,2,0,0,0,1.4253366541607206,1
2137,2,1,0,0,1.5294164868659343,0
2138,2,1,0,0,0.28516780086493526,0
2139,2,1,1,0,0.3952907028322843,1
2140,3,0,1,0,1.448521401522794,0
2141,3,1,0,1,1.0321288273953557,1
2142,2,1,0,0,0.8432386135051309,0
2143,2,0,0,1,0.10850053054039543,1
2144,3,1,0,0,0.34960320889914803,0
2145,3,1,0,0,-inf,1
2146,1,0,0,0,-1.4466903516851564,1
2147,1,0,0,0,0.4182002184054775,0
2148,3,1,1,0,-inf,0
2149,2,0,0,0,0.05072307598036713,1
2150,1,1,1,0,1.430423347378611,0
2151,2,1,0,0,-0.6046342157628137,0
2152,1,1,1,0,1.0619428866379153,0
2153,1,1,1,0,0.21517957617706857,0
2154,2,1,0,0,1.5896628238823292,0
2155,2,0,1,1,-inf,1
2156,3,0,0,1,0.9056754195605752,1
2157,3,1,1,0,1.0739024004172486,0
2158,2,1,1,0,1.5325573706339781,1
2159,3,1,0,1,0.20545105058262003,1
2160,1,0,0,1,-0.6578391521172955,1
2161,2,1,0,0,-1.0931734928707406,0
2162,1,1,0,0,-1.9483955041379506,1
2163,3,1,0,1,1.047712410664111,1
2164,2,0,0,1,0.5948927801432804,1
2165,1,1,0,0,0.7615693054097812,1
2166,1,0,0,0,0.4941339120185898,0
2167,1,0,1,0,0.1213418422609599,1
2168,1,1,1,1,-0.3366608055829124,0
2169,2,0,0,0,-inf,1
2170,2,1,0,1,0.6001628741065341,1
2171,2,1,1,0,1.0793199408178398,1
2172,2,1,1,0,1.528157356751064,1
2173,1,0,1,1,-0.25599467034230394,1
2174,2,0,0,1,0.04444600305902696,1
2175,2,1,1,0,0.41351125945262623,0
2176,3,1,1,1,3.326668948203099,1
2177,3,1,0,1,0.3679060930774868,0
2178,2,1,1,0,0.6121600964105736,1
2179,2,1,0,0,-0.18415228240217846,1
2180,3,1,0,1,-0.08893960200432505,0
2181,1,0,1,1,0.2650480421539305,0
2182,3,0,1,1,1.8518952324897475,0
2183,2,1,1,1,-inf,0
2184,3,1,0,0,2.1317191990486943,1
2185,1,1,1,0,-inf,1
2186,3,0,0,1,2.327098969697704,0
2187,3,0,1,0,1.11523532803574,1
2188,2,1,0,1,-0.06344216297815275,0
2189,1,0,0,0,0.40640363470795493,0
2190,2,0,0,0,1.8922958841166768,0
2191,2,1,1,1,0.1411793648196863,1
2192,2,0,0,0,1.1102371628479077,1
2193,3,1,1,0,-inf,1
2194,2,0,0,0,1.383078462712136,0
2195,1,1,0,1,0.5029609302658506,1
2196,3,0,0,0,2.2944654977226904,0
2197,2,0,0,1,0.4697964534446214,1
2198,1,0,1,1,1.5552473992612843,1
2199,2,0,0,0,0.41723885918659614,0
2200,3,0,0,0,-0.3377566937889962,1
2201,1,1,1,1,1.7632512719347002,0
2202,2,0,1,1,2.467927423652908,1
2203,3,0,1,1,2.1501284781647687,0
2204,2,0,0,1,0.759929991187116,1
2205,2,1,1,0,1.9924956404676535,0
2206,2,1,1,1,2.4048417517948795,0
2207,3,0,1,0,3.9711308632734204,0
2208,2,1,1,0,-0.7152885339861779,0
2209,1,1,0,0,-0.3927435603437935,0
2210,3,1,1,1,-inf,1
2211,2,0,1,0,1.3198776294452699,1
2212,3,0,0,0,1.7597924170112174,0
2213,2,1,1,1,0.5787778644498065,1
2214,1,1,0,0,-inf,1
2215,3,1,0,0,-0.03236023031794766,0
2216,3,1,0,0,2.115689770108845,0
2217,2,1,1,0,-inf,1
2218,1,1,0,0,-0.9487875893213784,0
2219,1,1,1,1,-inf,0
2220,1,1,0,0,-0.2764305620659305,0
2221,2,0,0,1,-0.0006719751636373728,1
2222,1,0,0,1,-1.1757410489650346,0
2223,2,1,1,0,0.2356636797122229,1
2224,3,0,0,0,1.903564790819289,0
2225,2,0,0,0,0.8706958486568324,0
2226,2,1,0,0,-1.0056808064163492,0
2227,1,1,0,0,-1.1050105380389261,0
2228,2,1,1,1,2.703247541085965,1
2229,1,0,1,1,1.956288723974696,1
2230,2,1,1,0,-inf,0
2231,2,1,0,1,-0.01725397207050558,0
2232,2,0,0,0,0.5663501848852139,1
2233,2,1,0,1,0.4829248229344165,0
2234,2,1,0,0,-inf,1
2235,2,1,0,0,0.48578435819757837,1
2236,2,1,1,0,0.3837009533870893,0
2237,3,0,0,0,-inf,1
2238,2,1,0,1,-0.6753529134103464,0
2239,1,0,0,1,-0.2123987842938545,0
2240,2,1,0,1,-inf,0
2241,1,1,0,0,-0.5954944324002367,1
2242,2,1,1,1,1.8838442044218164,0
2243,3,1,0,0,0.252481200679475,1
2244,3,1,0,0,1.692963815631172,1
2245,1,0,0,0,-0.06611209359360232,1
2246,2,0,1,1,1.6792920890566658,1
2247,2,0,0,1,0.21326600254070727,1
2248,2,0,0,0,-0.19582112728126988,0
2249,2,0,0,1,-0.5123213433049871,1
2250,2,0,0,0,1.1543175560910823,1
2251,1,0,0,1,0.035942484850344486,1
2252,1,1,1,1,0.5721357552190105,1
2253,2,1,0,1,-inf,0
2254,1,1,1,1,0.3412701045240297,0
2255,2,1,1,0,0.8662467047386081,1
2256,3,1,0,0,-inf,1
2257,1,0,0,0,-0.5692908531004336,1
2258,3,0,1,0,2.263850785024769,1
2259,2,0,0,1,1.1711651888777412,0
2260,1,0,1,0,-0.32329255393789,1
2261,3,1,1,0,1.4870545938135231,0
2262,2,1,0,0,-0.7958075690657467,0
2263,1,0,1,1,1.5298821014863244,1
2264,3,1,0,0,1.3272146364203228,0
2265,2,0,0,0,0.5205835690650985,1
2266,2,1,1,0,-inf,0
2267,2,0,0,1,-inf,1
2268,1,0,1,1,0.015920307525068456,1
2269,3,1,1,1,2.728622395882107,1
2270,3,1,0,1,0.6610599543001646,1
2271,1,0,1,1,1.5633069592935855,1
2272,2,1,0,1,1.0767954590499695,0
2273,1,1,1,1,-0.3859046506263299,1
2274,3,0,0,1,1.0982020038149887,1
2275,1,0,0,0,-0.42212716242876813,0
2276,2,0,0,1,1.3124729987693544,1
2277,3,0,0,0,0.5452190078000367,0
2278,1,0,0,0,0.27709203718736003,1
2279,2,1,1,0,1.041348812073131,0
2280,1,1,0,1,-0.42080560534372985,1
2281,2,0,1,0,2.0355905486751205,1
2282,3,1,0,1,1.235137256115829,0
2283,2,0,0,1,0.16199117119722156,1
2284,3,0,0,0,0.6838993290873718,1
2285,2,0,0,0,-0.452439274251371,1
2286,2,1,0,0,0.1561100468499734,0
2287,1,1,1,1,-0.6375681487547145,0
2288,2,0,1,0,2.097466964513209,1
2289,3,0,0,1,1.5309196541766141,0
2290,2,0,1,0,0.4659914465761551,1
2291,3,1,0,1,1.1827368850387512,0
2292,2,0,0,1,0.40121988808689624,1
2293,2,0,1,1,1.990514342004829,0
2294,1,1,1,1,0.1621184773007301,0
2295,3,0,0,0,1.682925180301765,0
2296,1,0,1,0,0.4854829308139871,1
2297,2,1,1,0,0.7546103974328029,1
2298,2,0,1,0,0.2547506366180947,1
2299,2,1,1,1,1.04997568866452,1
2300,2,1,0,0,0.07063501651770968,0
2301,3,0,0,0,0.5551979600492772,0
2302,3,1,0,1,0.09893408617750765,1
2303,1,1,1,0,-inf,0
2304,1,0,0,0,-0.6826013842985407,0
2305,2,1,0,0,-0.0429209099045276,0
2306,3,1,0,0,1.472340255033828,0
2307,2,0,1,0,1.7272758621306394,0
2308,2,0,1,0,0.5294563342138351,0
2309,2,0,1,1,0.33414627861803814,0
2310,3,0,0,0,-inf,0
2311,1,1,0,0,-0.061969306357239906,0
2312,2,0,0,1,0.4938147352371318,1
2313,3,1,1,1,1.487285889059649,1
2314,2,1,0,1,-inf,0
2315,2,0,0,1,0.6785574728790122,1
2316,2,1,1,1,1.4521951917779126,1
2317,2,1,0,1,-0.3514428586139631,1
2318,2,1,1,0,0.3503754305098966,0
2319,1,1,1,1,1.3939442867643426,0
2320,1,0,0,0,-inf,1
2321,2,0,1,0,-inf,0
2322,1,0,1,1,0.9822839919701194,1
2323,1,0,1,0,1.1411612101377862,1
2324,2,0,0,1,1.1797891962068423,1
2325,2,1,0,1,-0.883587808033538,0
2326,3,1,1,0,1.0569311446813128,1
2327,1,1,1,1,-inf,0
2328,3,0,1,1,1.3747553233008263,1
2329,3,0,1,1,1.8687493923641887,1
2330,2,0,0,1,0.9020583223227373,1
2331,1,0,1,1,0.06244069678871078,1
2332,2,0,0,0,0.4595160509770052,0
2333,1,0,1,0,1.0410622479636031,0
2334,3,0,1,1,2.1417747402861447,1
2335,1,1,1,1,0.18193445167564107,1
2336,3,1,0,0,1.5557854929428556,1
2337,2,0,0,1,0.649704977563282,0
2338,2,0,0,0,0.3858972336631521,1
2339,1,0,1,1,0.8711629338366751,1
2340,2,0,0,0,0.5409005116495527,1
2341,2,1,1,1,1.784815190575909,1
2342,1,0,1,1,0.3987932695088577,1
2343,1,1,0,0,-1.1350661211806872,1
2344,2,0,0,0,-0.07347820059008703,1
2345,1,0,0,0,1.1894207225800333,0
2346,1,0,0,1,-0.4331219474523751,1
2347,3,1,0,1,1.4186524238086262,1
2348,3,1,1,1,1.4590708688355847,1
2349,3,1,0,1,-0.008522243798591789,0
2350,3,0,0,0,0.6612141713543882,1
2351,1,1,0,1,-0.5448742353579251,1
2352,3,0,0,1,1.1881499069124986,1
2353,1,0,1,0,-0.36045446876150466,0
2354,2,1,0,1,1.8819280901396138,1
2355,1,0,1,1,-0.07013748929602848,1
2356,3,1,0,1,2.1953191317984353,0
2357,3,1,0,1,0.9024958427513143,0
2358,2,1,0,1,-0.2752495878208263,0
2359,2,1,0,1,0.3138287121884119,0
2360,2,1,1,1,1.511462409752852,1
2361,3,0,1,1,2.0210459453079603,1
2362,3,0,0,1,1.4768677316510201,1
2363,3,1,1,1,2.085580270643318,1
2364,2,1,1,1,1.4163466328327203,1
2365,1,1,0,1,-0.7014203295428021,0
2366,2,1,0,1,0.8040803007410613,0
2367,3,1,0,1,0.020709706963092156,0
2368,1,1,1,1,1.120993090353207,0
2369,2,1,1,0,2.230981927298151,1
2370,3,0,0,1,-0.20682484786342492,1
2371,1,0,1,1,1.9500167751134905,0
2372,3,0,0,0,1.442992530540225,0
2373,1,1,0,1,-0.6148203324310318,1
2374,2,0,1,1,1.2469053889196589,0
2375,1,0,1,0,-0.1282165836901411,1
2376,3,1,0,1,1.371964809269382,0
2377,3,0,0,1,1.5031660983688697,1
2378,2,0,1,0,2.7487794845871383,0
2379,3,0,1,1,-inf,1
2380,2,0,1,0,0.6460651021146558,1
2381,3,0,1,1,3.0645587879260514,1
2382,3,0,0,0,2.2182519902764044,0
2383,3,0,1,1,1.2033154299149602,1
2384,1,1,0,0,-0.1475156260182104,1
2385,3,0,0,1,1.2961840517888388,0
2386,3,1,0,0,1.0950557152297535,1
2387,2,1,0,1,0.45371154177719397,1
2388,2,1,0,0,-0.17570195359864488,0
2389,1,0,1,0,0.3169226626386688,0
2390,1,1,1,0,1.2820717057919828,0
2391,2,1,1,1,1.210834316366163,1
2392,2,1,1,1,1.1979671253454578,1
2393,3,1,0,1,0.12175828428555724,1
2394,3,1,0,0,1.1379092172568979,0
2395,2,1,0,1,1.2877400062449367,1
2396,1,1,0,0,0.414735443683465,1
2397,3,0,1,1,1.5199145308130677,1
2398,1,0,1,1,1.075679476758991,1
2399,2,1,1,1,0.8315718654561488,1
2400,2,1,1,0,0.5215111609019498,1
2401,2,1,0,1,0.5810935963274544,0
2402,1,0,0,0,0.6851880911316023,1
2403,2,0,0,1,1.2131637787819556,1
2404,3,0,1,1,2.3304058671019585,0
2405,1,1,0,0,-1.048142050414051,0
2406,3,0,1,1,1.2073480668257295,1
2407,2,0,1,1,1.6940289698553677,0
2408,3,1,0,0,-inf,0
2409,2,1,1,1,0.25725031115003183,0
2410,1,1,0,0,-inf,0
2411,1,0,1,0,0.1385342611914473,1
2412,1,1,1,0,0.5739089680915829,0
2413,1,0,1,0,0.40336450027115794,0
2414,2,0,0,0,0.7345249252421034,1
2415,2,1,0,0,0.9136319966831286,0
2416,3,0,0,1,1.2177571602450061,0
2417,2,1,1,0,-inf,0
2418,2,1,0,1,-0.9557493899649163,0
2419,1,0,1,0,0.08055515755211007,1
2420,3,0,1,0,1.912998270189925,0
2421,2,1,0,0,0.4180445972743286,0
2422,3,1,0,1,0.26406146507831163,1
2423,2,0,0,1,-inf,0
2424,2,1,0,0,1.1251984417877432,0
2425,1,0,0,0,-inf,1
2426,3,0,1,0,1.1187267199688193,1
2427,2,0,0,1,0.3484155485958532,1
2428,2,1,0,0,-0.08969887829611006,0
2429,3,0,1,1,-inf,1
2430,1,1,0,0,-0.028389992335816683,1
2431,2,1,0,0,-0.5124410505753418,0
2432,3,1,1,1,2.367534031004026,1
2433,3,0,1,1,1.8882993859252282,1
2434,3,1,1,0,1.4295555002898181,0
2435,2,1,0,0,0.07761398212282317,1
2436,1,0,1,1,0.685446980262105,0
2437,2,1,1,1,0.5530133604908557,0
2438,3,0,0,1,0.5958448401355793,1
2439,1,1,1,1,-inf,0
2440,2,1,0,0,-0.24879509776853698,0
2441,1,1,0,1,-0.9326673744915404,1
2442,1,0,0,1,-0.1950336468635752,0
2443,3,1,1,1,2.1609488716035807,1
2444,2,0,0,0,-0.7823621058478212,0
2445,2,1,1,0,0.33375582315286634,1
2446,3,1,1,0,2.097309500713635,0
2447,1,1,1,0,0.5184847702295619,0
2448,2,0,0,1,0.17429072566592502,0
2449,3,1,0,0,0.410055780738411,0
2450,3,1,0,1,1.1694761244647087,0
2451,3,0,0,0,0.442377476243898,0
2452,3,1,1,1,1.5877751133266769,1
2453,2,0,1,1,1.326876623155924,1
2454,2,1,1,0,-inf,0
2455,1,0,1,0,-inf,1
2456,2,0,1,0,1.3936841014711125,0
2457,3,1,1,1,0.8037781388051682,1
2458,2,0,0,1,0.6058319659395988,1
2459,3,0,0,0,0.1236867645855182,0
2460,3,1,1,0,-inf,1
2461,3,1,0,1,-0.019607010493490673,1
2462,2,1,0,0,2.0053541259029717,0
2463,3,0,0,0,0.42794650795436684,1
2464,2,1,1,1,1.9770528453831782,1
2465,3,1,1,0,0.7609598337028421,1
2466,1,1,1,1,-1.25827647202697,0
2467,3,1,0,1,1.237095703416708,0
2468,2,0,0,1,-0.199653911759186,1
2469,1,1,0,0,0.014224681385500981,0
2470,1,0,1,0,1.0019466005277997,1
2471,3,0,0,0,0.5833567319531457,0
2472,1,1,0,1,-0.6592724185010321,0
2473,3,0,0,0,0.0792887780467364,1
2474,2,1,1,1,0.12355385835335064,1
2475,3,0,0,0,0.3283198449989677,0
2476,2,1,1,0,1.2152368602816037,0
2477,2,0,0,0,0.44573530701381653,1
2478,2,0,0,1,-0.11726186184275278,1
2479,2,0,1,1,0.39008692714578186,0
2480,2,1,1,0,1.1497431738368937,0
2481,3,0,0,0,0.79233622736049,0
2482,1,0,1,1,0.6279774148322647,0
2483,1,1,0,1,-0.6703094134899532,0
2484,1,0,0,0,0.5260135404657784,0
2485,1,0,0,0,-1.391202395643191,0
2486,1,1,0,1,-0.9882308938526703,1
2487,3,1,0,0,0.08924864661313359,0
2488,3,1,0,0,0.9258026673406486,0
2489,2,1,0,1,-0.24970708312468887,0
2490,3,1,0,0,0.3816009479657822,0
2491,1,1,1,0,-inf,0
2492,1,1,0,0,-0.605423081808159,1
2493,2,0,0,1,-0.31887630368137376,0
2494,3,1,1,0,0.8882100436490252,0
2495,1,1,1,1,0.2518056356359255,1
2496,3,0,0,1,1.1076532112237534,1
2497,2,0,1,0,2.189209280499572,1
2498,3,0,0,1,-inf,0
2499,2,1,0,0,0.30317734016777087,0
2500,1,0,0,1,0.2599255537302655,0
2501,3,1,0,1,-inf,0
2502,1,0,1,1,0.5805361190845184,1
2503,3,0,1,0,1.721245914732913,1
2504,2,0,1,1,1.308511537543972,0
2505,2,0,0,0,-inf,1
2506,1,0,0,0,-0.4668029275047109,0
2507,1,0,1,0,0.7847753698847698,0
2508,3,1,0,1,1.3186314245272617,0
2509,1,0,1,1,0.9802385084672602,1
2510,1,1,1,1,1.0997385644477862,0
2511,1,0,0,1,-0.5539330514471672,1
2512,1,0,1,1,0.48524400180718164,0
2513,3,1,1,0,2.373438801208051,1
2514,2,0,0,1,0.052477630026218636,1
2515,3,0,0,1,1.8081696336444621,1
2516,3,1,1,1,2.7950497107151833,1
2517,1,0,1,1,0.4964641482628646,0
2518,1,0,1,0,1.0483845237957643,0
2519,3,0,1,0,-inf,0
2520,2,1,0,0,-0.5693650134262316,0
2521,3,1,0,0,-inf,0
2522,3,1,0,0,-inf,1
2523,3,1,0,1,1.5571419955477372,1
2524,3,0,0,1,1.3628759642276167,1
2525,2,0,0,0,1.4369259989877492,0
2526,2,1,1,0,0.9004217077759412,1
2527,1,1,0,0,-1.1859562667323773,0
2528,1,1,0,0,-0.5569982062174936,0
2529,2,0,0,0,-0.2756664468732716,0
2530,1,1,0,1,-0.8055197409134038,1
2531,2,0,1,1,0.513307392118389,1
2532,1,0,1,1,0.3719882799604823,1
2533,2,1,1,1,0.8163880651697447,0
2534,3,0,1,0,2.601518600596416,0
2535,1,0,0,1,-0.8975475022552597,0
2536,1,0,1,0,-inf,1
2537,3,1,0,1,-0.10161714835831825,1
2538,2,1,0,0,-0.5830680657081142,0
2539,2,0,1,0,1.5446623135466724,1
2540,2,1,1,1,0.34030617539511854,1
2541,1,1,1,0,0.45198426742571435,0
2542,2,1,1,0,1.8208830814669146,0
2543,1,0,1,0,0.36662726352204844,0
2544,1,1,1,0,0.12935679595068017,1
2545,2,0,0,0,0.7938298716562413,0
2546,1,1,1,0,1.604724399469557,0
2547,2,1,1,1,2.7185154828852305,0
2548,2,1,0,0,-0.06899387508817378,0
2549,3,1,0,0,0.7244861609620339,0
2550,1,1,0,1,-0.46421731391359755,1
2551,2,0,0,1,0.9585639628262771,1
2552,1,1,0,0,0.09365841835992345,0
2553,1,1,0,0,-0.34307058842004995,1
2554,3,0,0,1,1.6533856183193647,1
2555,2,1,1,1,0.21046158845854002,1
2556,3,1,0,1,1.6249630664027155,1
2557,1,1,0,0,-inf,0
2558,2,0,1,0,1.914695153539022,1
2559,2,1,1,0,1.4441139547863209,0
2560,2,1,1,1,0.741763830365897,0
2561,2,1,0,0,1.2043180581112338,0
2562,2,0,1,1,1.2507637526482553,1
2563,1,0,1,0,0.3421372100679889,0
2564,3,1,0,1,1.3175044778994978,1
2565,2,0,0,0,-inf,0
2566,1,1,0,0,0.8095746222681539,0
2567,2,0,1,1,1.7783512144459679,1
2568,1,1,1,1,0.5183748113607924,0
2569,3,1,1,0,1.4621901280186995,0
2570,2,0,0,1,1.3659780745130592,0
2571,2,1,0,0,-0.28900047545028723,1
2572,1,0,0,0,0.9002868944992531,1
2573,2,1,0,1,0.993356020085417,1
2574,2,1,1,0,0.9274808845172064,0
2575,3,1,0,0,-0.7412148441782629,0
2576,2,0,0,0,-0.00436888542414926,1
2577,3,0,0,1,1.3395377047077779,0
2578,2,0,1,1,1.4726991560455829,0
2579,1,1,1,0,0.8222757090030288,0
2580,2,1,1,0,0.647346134247811,0
2581,3,1,0,1,0.9856646125362909,0
2582,1,1,0,1,-0.19693516012716805,1
2583,2,1,0,1,-0.23535124273538427,0
2584,3,1,0,0,1.5423237253280422,0
2585,1,1,0,0,-0.5649675358278674,0
2586,2,0,0,1,-1.198837364349171,1
2587,2,0,0,0,0.28531769720929795,1
2588,2,0,1,0,-inf,1
2589,2,1,0,0,-0.05801578698636117,0
2590,2,0,1,1,1.0007086880043368,0
2591,2,1,1,0,1.2949132357092878,0
2592,1,0,1,0,0.8503607379681795,1
2593,2,1,0,1,0.004825715898853333,1
2594,1,1,1,0,-0.16806246766690142,0
2595,2,1,0,0,-0.9643751142471517,0
2596,3,1,0,0,1.1697502005931273,0
2597,1,1,1,0,-inf,0
2598,2,0,0,1,0.18697508566699994,1
2599,3,0,0,0,1.4725903506806315,0
2600,3,1,0,1,0.14863738806127103,1
2601,3,0,0,0,1.3024767146443343,0
2602,3,0,0,1,0.3640880415495955,0
2603,1,1,0,0,-inf,0
2604,2,0,1,1,1.2877602337587986,1
2605,3,0,0,0,0.7715232918147533,0
2606,3,1,1,0,-inf,1
2607,2,0,1,1,-inf,1
2608,2,0,0,1,0.9564537358201849,1
2609,2,0,0,0,1.328683785633487,1
2610,3,0,1,1,2.633999135002895,0
2611,2,0,1,0,0.8788756380335765,0
2612,3,0,0,0,0.610586495039508,1
2613,3,1,0,1,1.1780819398552287,1
2614,3,1,0,1,1.071123258828933,1
2615,2,1,1,0,0.6342430909981209,0
2616,2,0,0,1,0.10753170311380844,1
2617,2,1,0,0,-0.45068998403783717,0
2618,1,1,0,0,0.5085369169342291,0
2619,2,0,1,0,1.1998379338186276,0
2620,2,1,1,1,0.9748399037542909,1
2621,1,0,1,0,1.7250818565209252,1
2622,2,1,1,0,0.28614930383027104,0
2623,3,0,0,1,1.485939192307503,0
2624,2,1,0,1,-0.16228019790485493,0
2625,3,1,0,1,1.9303793834663674,1
2626,2,0,1,1,2.874272004786336,1
2627,3,0,0,0,1.804187040023237,0
2628,1,0,1,1,1.1142168102640908,1
2629,2,1,1,0,1.3167088134635985,0
2630,1,0,0,0,-0.2771332521598535,0
2631,3,0,0,0,0.646601847162524,0
2632,3,0,1,0,1.6455494135053506,0
2633,1,0,1,0,0.8952342447650512,1
2634,3,1,0,0,1.2848958942038458,0
2635,2,0,0,0,-0.6861208043035436,0
2636,3,1,1,1,1.7709682813331598,1
2637,3,0,0,0,-0.14891318275617582,1
2638,2,1,0,0,0.8928650949514021,0
2639,3,1,0,1,0.7273938177591386,1
2640,3,1,0,1,3.0776523458037657,0
2641,3,1,0,0,2.1015108205842647,0
2642,1,0,1,0,0.5394356410316037,0
2643,3,1,1,1,1.945220862332866,1
2644,2,0,1,1,1.8280523729114764,1
2645,1,1,0,0,-0.020097482531995947,0
2646,1,1,1,1,-0.5185063763148561,0
2647,1,0,1,0,0.5218048158743629,1
2648,3,1,0,1,0.7433253452808538,1
2649,2,0,0,1,0.4273447554253387,0
2650,1,1,1,1,0.44195013721881493,0
2651,2,1,1,0,-inf,1
2652,1,0,1,0,2.540365246494817,1
2653,2,0,0,0,0.26591177131665633,1
2654,2,1,1,1,0.8452668261350695,1
2655,3,1,0,0,-0.36024544821916127,1
2656,2,1,1,0,0.7363160549530161,0
2657,3,1,1,1,0.9346500855769194,0
2658,2,0,1,1,-inf,1
2659,2,0,0,0,-0.22087630041237283,1
2660,1,1,0,0,0.35556783360135996,1
2661,2,1,1,0,0.4803563381557451,1
2662,3,1,0,0,0.040361533030480845,1
2663,1,1,1,1,-0.14037320494151434,0
2664,2,1,0,1,-0.8889313536458505,0
2665,2,0,0,0,0.11121457855217254,0
2666,3,0,0,0,1.648311601693466,1
2667,2,0,0,0,-0.7504020087848495,1
2668,2,0,0,0,0.26119160828927573,0
2669,1,1,1,1,-inf,1
2670,2,0,0,1,-1.3071857577872472,1
2671,3,0,0,1,0.39390016886272183,1
2672,1,1,0,1,-0.5765291533613183,1
2673,2,1,0,0,0.6187893588045801,0
2674,1,0,1,1,1.3699804888872638,1
2675,3,0,0,1,0.8513700146112337,0
2676,2,0,1,1,0.8779057320646992,1
2677,2,0,1,1,1.6197832061435085,1
2678,2,0,0,0,1.7193882277811128,1
2679,2,0,0,1,0.0631159939917244,1
2680,1,0,1,0,1.2292866134189881,0
2681,3,0,1,0,1.7435895882937202,1
2682,1,1,0,0,-inf,0
2683,2,1,0,1,1.521612901647639,0
2684,2,1,0,0,-inf,0
2685,1,1,0,1,-0.6015563710362479,0
2686,1,0,1,0,-0.5369818271314059,0
2687,1,1,0,0,-inf,1
2688,1,1,1,1,1.2564505327117963,0
2689,2,0,0,1,-0.6788479411716772,1
2690,2,1,1,1,1.658088213599266,1
2691,1,1,0,0,-0.5566413324987112,1
2692,3,0,0,0,0.891885216818545,0
2693,1,0,1,1,0.06226655651540669,1
2694,1,1,0,1,-inf,0
2695,2,1,0,1,-0.595492042031778,0
2696,1,0,0,0,-inf,0
2697,2,1,0,1,1.1326149072650857,0
2698,1,0,0,0,-0.6931540091763376,0
2699,2,1,0,0,-0.48851311961615335,0
2700,2,1,0,1,-0.7144359484429297,0
2701,1,0,1,0,1.3038671405179487,1
2702,1,0,0,1,-0.2226792014209662,1
2703,1,0,1,1,-0.24069010057543294,1
2704,2,0,0,1,0.5968005009733444,1
2705,2,1,0,1,0.2650825397932461,0
2706,2,1,1,1,1.4579745613299644,1
2707,1,0,1,1,2.1479662730162965,1
2708,3,0,0,0,1.0043893625859437,1
2709,1,0,1,0,0.15860673157852745,0
2710,2,0,1,1,3.1609348102905725,1
2711,1,0,0,0,-0.3562711316917297,0
2712,1,1,1,1,1.5659555056777175,0
2713,2,0,1,0,1.6347314719790083,1
2714,1,1,0,0,-0.45428113967583433,0
2715,2,0,0,1,1.7659365637519941,0
2716,2,1,1,1,1.4872382289953343,1
2717,2,1,0,1,-inf,0
2718,3,1,1,1,2.0099176136891166,1
2719,2,1,1,0,0.8135668512115316,1
2720,3,0,0,0,1.450034556745309,0
2721,2,0,1,0,1.5901609966119963,0
2722,3,1,1,1,1.7852582868751832,1
2723,2,0,0,1,1.1958431440734576,1
2724,2,0,0,0,-1.3775902524716308,0
2725,3,0,0,1,1.5239243014101809,1
2726,2,0,1,1,1.1245700602091107,1
2727,2,1,1,0,1.1266942786557086,1
2728,1,1,0,0,-0.0032244809750951453,1
2729,1,1,1,0,-0.10835767194976814,0
2730,3,0,1,0,1.3094910235694424,0
2731,1,0,1,1,0.6095718414282864,1
2732,2,0,0,0,0.5734945316638652,1
2733,2,1,1,1,-inf,1
2734,3,0,0,1,0.5420841058276813,1
2735,1,1,0,0,-0.3891901862287461,1
2736,1,1,0,0,-0.8254595435913987,0
2737,2,0,1,1,0.38843403611236893,1
2738,3,0,0,1,0.8818468356144717,0
2739,1,0,0,1,-0.5148108475193174,0
2740,2,1,0,0,0.7668402334565356,0
2741,3,1,0,0,-inf,0
2742,2,1,1,1,0.4524114257719106,1
2743,3,1,0,1,1.1646824138991432,1
2744,2,0,0,0,-0.2968749621913215,1
2745,3,0,0,1,0.6177184664339836,1
2746,1,0,1,0,0.46061374625132245,1
2747,1,1,1,0,1.4790985576833944,0
2748,2,0,1,0,1.8669142856043144,1
2749,2,0,1,1,1.4291727039576179,1
2750,2,1,1,0,1.4346724810551632,1
2751,2,1,0,0,-0.4498285307173466,1
2752,1,0,0,0,-0.013489187489908794,0
2753,2,1,1,0,0.23280878591782905,0
2754,3,1,0,1,1.8611418868747192,0
2755,1,0,0,1,0.08925245659318407,0
2756,2,1,1,0,1.0676087139846833,1
2757,3,0,1,1,1.3036197325226846,0
2758,1,1,1,0,0.9663196384013373,0
2759,3,1,1,1,1.1753656114161397,0
2760,1,1,0,1,-0.7992244271088869,1
2761,2,0,0,0,0.5452800468611038,1
2762,1,0,1,0,0.0002573409871825527,1
2763,2,1,0,0,-0.11891713625904277,0
2764,3,1,0,1,1.0672821254360487,1
2765,1,1,0,1,-0.41763242759632,1
2766,3,1,0,1,1.5100935865208691,1
2767,2,1,1,0,1.2517966583590983,1
2768,2,1,1,0,-inf,0
2769,1,1,0,0,-inf,0
2770,3,1,1,1,1.467069020541875,0
2771,1,1,0,1,0.7282746787385859,0
2772,3,1,1,0,2.4843645997023627,0
2773,2,1,0,0,0.3508038315750146,0
2774,2,1,1,0,0.13029679380307213,1
2775,2,1,0,1,-0.6880458157036964,0
2776,3,0,1,1,1.0829370997741876,0
2777,3,0,0,0,1.8004820685296288,0
2778,1,1,0,0,-0.7224108427268277,0
2779,1,1,1,0,-0.44116166635403337,1
2780,1,1,0,0,-1.3614987232484572,0
2781,2,0,0,1,-0.34540212821619465,1
2782,1,1,1,0,-inf,0
2783,1,0,1,1,-inf,1
2784,1,1,0,0,-0.2818575645825432,1
2785,3,1,1,1,2.3205056149391465,1
2786,2,0,0,1,0.8392389953386938,1
2787,2,0,1,1,1.569581112655748,1
2788,2,1,0,1,1.0571410870896278,0
2789,3,1,0,1,0.05483606128449381,0
2790,2,1,0,1,0.5576991596935563,0
2791,3,0,0,0,1.580637250102841,0
2792,2,0,1,1,1.1390208650319542,0
2793,1,0,0,1,-1.2411216549610375,1
2794,2,1,1,0,0.7107616748406888,1
2795,1,1,0,1,0.09171066921090026,1
2796,1,0,0,0,0.6730428173116432,1
2797,2,1,0,1,0.6871859722019198,0
2798,3,1,0,1,0.4167884126400705,1
2799,3,1,1,1,1.918733804721154,1
2800,2,1,1,1,1.189583748707555,1
2801,2,1,1,0,1.4988697809223277,0
2802,1,1,1,1,0.9349130941839869,0
2803,2,1,1,1,1.7933441217602257,1
2804,2,0,0,0,1.0943973104166451,1
2805,3,0,0,1,1.240226963549933,1
2806,1,1,1,1,0.37461660640043776,0
2807,2,1,1,0,1.6767278732949937,0
2808,3,1,1,1,1.162576076283928,0
2809,2,0,1,1,1.8617215649597318,0
2810,2,1,0,1,-0.14610848537696092,0
2811,3,0,0,0,1.3295278515743338,0
2812,3,0,0,0,1.351226560652884,1
2813,3,0,1,0,1.6222583286663836,0
2814,3,0,1,0,1.7977125570371697,0
2815,2,0,0,0,1.4204234783337388,1
2816,2,1,0,0,1.2664382737546211,0
2817,1,1,0,0,0.04031636674684158,0
2818,3,1,0,1,2.094041785172122,0
2819,1,1,1,1,0.17985935114754292,0
2820,3,1,0,0,-inf,0
2821,2,0,1,0,1.4524760590860657,1
2822,2,0,1,0,2.001880160923044,0
2823,2,1,1,1,1.3283886486387946,1
2824,1,0,0,0,-0.5046393847729835,0
2825,3,1,0,0,0.9277687340479541,0
2826,2,1,0,0,0.0847428851776479,0
2827,3,0,1,0,1.7576565896723226,1
2828,2,0,1,0,1.6774345434174698,1
2829,3,0,0,0,0.14393561225868956,0
2830,1,1,1,0,-inf,1
2831,2,0,0,1,-inf,1
2832,3,0,0,1,1.164432982402307,1
2833,2,0,0,1,-0.8088787746998163,1
2834,1,1,1,1,-inf,0
2835,2,1,0,0,0.3463454100317513,0
2836,1,0,1,1,0.971382563122662,1
2837,3,1,1,0,1.5095189353804013,1
2838,3,1,1,0,0.44949447361637995,0
2839,3,0,0,1,-inf,0
2840,2,1,1,0,-0.27610550193781114,1
2841,3,1,0,0,-0.08931120006331417,0
2842,2,1,0,1,0.17515156826733103,0
2843,2,1,0,1,0.24470210453888178,0
2844,2,1,0,1,0.512549650016543,0
2845,3,0,0,1,-0.3394471992127368,1
2846,2,1,1,1,-0.13409481295323955,1
2847,2,1,1,0,1.4301179293080009,0
2848,3,1,1,1,1.611555161260009,0
2849,3,0,0,1,0.8303098564407354,1
2850,2,0,0,0,0.6319401123356915,0
2851,2,0,0,1,-0.26306291139416405,1
2852,3,0,1,1,-inf,0
2853,2,1,0,1,1.3446958141987333,0
2854,2,1,1,1,0.6243775231267713,1
2855,3,1,1,1,1.909074888840303,1
2856,1,0,0,0,-0.7246065798981891,0
2857,3,0,0,1,0.6527815748726248,1
2858,3,1,1,0,2.187390625665595,1
2859,3,1,1,0,-inf,1
2860,1,1,1,1,0.7360427036813748,1
2861,2,0,0,0,0.525773277430945,1
2862,3,0,0,1,1.4009453218041465,0
2863,1,0,0,1,-0.1942495003152484,0
2864,3,0,0,1,1.1044551206220201,1
2865,3,0,0,1,0.5593628062628745,1
2866,2,1,0,0,1.1392859608491646,1
2867,2,0,1,0,0.4827125666612293,0
2868,3,0,1,1,2.0088701726592326,1
2869,2,0,1,1,0.7254193532096617,1
2870,2,0,1,0,0.8730179840073808,1
2871,2,0,0,0,0.889000839720661,0
2872,2,1,1,0,-inf,0
2873,3,0,0,1,0.28082623133119133,1
2874,2,1,0,0,0.1665043168292165,1
2875,2,1,0,1,1.1529473219673456,0
2876,1,0,0,1,0.1891393885290102,0
2877,2,1,0,0,-0.8390063648160688,0
2878,1,0,0,0,-1.1080429591524519,0
2879,2,1,0,0,-inf,0
2880,3,1,1,0,2.420962258700884,0
2881,2,0,1,0,-inf,1
2882,1,0,0,0,0.7271158799259023,0
2883,3,0,0,1,0.1460358234843535,0
2884,2,0,0,0,1.147582271695283,1
2885,2,1,1,0,0.48591047678427346,0
2886,3,1,0,0,0.14834405778316284,1
2887,3,1,1,1,-inf,1
2888,2,1,1,0,-0.002771788145809362,1
2889,3,0,0,0,-0.028413228026555437,0
2890,1,1,1,1,-0.8874815561787328,0
2891,1,1,0,1,-0.06989713875326276,0
2892,2,0,1,0,2.7836459826099995,0
2893,2,1,1,0,-0.6521476081251913,1
2894,2,0,1,0,0.9341570026846611,1
2895,3,0,0,1,-inf,1
2896,2,1,1,1,0.7420264666036749,1
2897,3,1,0,1,0.6385793372236479,0
2898,1,1,0,1,-0.5483498041795651,0
2899,3,0,0,0,0.7755253225740105,0
2900,3,1,1,0,2.033737273629697,0
2901,1,0,0,1,-0.31602936384793545,0
2902,2,1,0,1,0.056171273052900095,0
2903,3,0,1,0,1.7812125966603,1
2904,2,0,0,0,1.3266676402314816,1
2905,2,0,0,1,-0.35079589994844285,1
2906,3,1,0,0,0.4214930171854935,0
2907,3,0,0,1,1.2632326445981203,1
2908,2,1,1,0,0.6164787428859012,0
2909,3,0,0,0,0.14038918646327325,1
2910,3,1,0,1,1.5435415680903075,1
2911,1,1,1,0,0.5237141690721272,0
2912,2,0,1,1,1.534116700062214,0
2913,3,1,0,0,0.8181917051206841,0
2914,3,0,0,1,0.8874475357642931,1
2915,2,1,1,1,1.9117908669353005,1
2916,1,0,1,1,0.8258866157481614,1
2917,1,1,0,1,0.04287069782952141,0
2918,3,0,1,0,2.314840144013442,0
2919,2,0,1,1,0.7355108657626555,0
2920,3,0,0,0,-inf,0
2921,2,0,0,1,0.09345399149003752,1
2922,1,0,1,1,2.636870983657218,0
2923,2,0,0,1,0.20665596328460994,1
2924,3,0,1,1,1.9679894845491668,1
2925,3,1,1,0,-inf,1
2926,2,1,0,0,0.07484949486391496,0
2927,3,1,1,1,2.277883925321837,1
2928,1,0,0,0,0.1320791627718214,0
2929,2,0,0,0,0.2134949589022136,1
2930,1,0,1,1,1.4594935385157033,0
2931,3,0,0,1,1.9550001612381163,0
2932,2,1,0,0,1.0726706395491012,0
2933,2,0,0,1,-0.40418700066491065,0
2934,3,1,0,1,0.08166372019280321,0
2935,1,0,1,1,0.08419400832618595,1
2936,2,1,0,0,-inf,0
2937,2,0,0,0,1.3921553136110705,0
2938,3,1,0,1,0.025161729936411747,0
2939,1,1,1,0,0.7982714397887698,0
2940,2,1,0,1,0.6986516051059832,1
2941,1,0,1,1,1.0626006427518542,0
2942,2,0,1,1,-inf,1
2943,2,1,0,1,0.4192935459581545,0
2944,3,1,0,1,0.7268167733061328,0
2945,3,0,0,0,1.1765856990930332,1
2946,3,0,1,0,-inf,0
2947,2,0,1,1,2.760530225561502,1
2948,1,1,0,1,-0.21167082310827534,1
2949,2,1,0,1,-0.24678061767344128,1
2950,1,1,1,0,0.4278436642181167,0
2951,1,1,0,0,-0.5931139186169393,0
2952,2,0,0,0,-0.2372031564733813,1
2953,1,0,0,1,-0.4378985565875059,1
2954,1,1,1,1,0.9312216349345159,0
2955,2,0,1,0,-inf,0
2956,3,1,1,1,1.0733388100439583,1
2957,1,0,1,1,-0.710522607097498,1
2958,3,1,0,1,1.2762976263833323,0
2959,2,1,1,1,-inf,1
2960,2,0,1,0,1.049444648005401,0
2961,2,0,1,0,1.6390440847428605,1
2962,2,1,0,0,-inf,0
2963,2,1,1,0,0.8879539586379229,0
2964,1,1,1,0,0.6653429532104826,0
2965,2,0,1,1,0.9922856898274748,1
2966,3,1,0,1,-inf,0
2967,1,1,1,1,0.7982837250341637,1
2968,3,1,0,1,0.9034709706252884,0
2969,1,1,0,0,-1.228884726731858,1
2970,3,1,0,0,0.4831045703791776,0
2971,2,1,1,0,2.0440029286933434,0
2972,1,1,1,0,0.21132641684489162,0
2973,3,1,0,1,0.05586419308901969,0
2974,3,0,0,0,1.9575974531645028,0
2975,2,1,0,0,-0.6363894692214838,0
2976,2,0,1,1,1.7004674967457654,1
2977,3,1,0,1,3.125332843599037,1
2978,1,1,0,1,0.6184456938442011,1
2979,2,0,0,1,0.702594707011664,1
2980,2,0,1,0,1.9675611400199058,0
2981,1,1,0,0,1.0299888740724763,1
2982,2,1,0,1,0.4150956890688077,1
2983,2,1,1,1,2.1830464357956085,1
2984,1,1,1,1,0.25332036199886543,0
2985,1,0,0,0,-1.521285488004243,1
2986,3,0,0,0,-inf,1
2987,1,0,1,1,0.3048820823635508,1
2988,1,1,0,1,-0.45465205365362316,1
2989,3,1,1,0,2.0886029577428564,1
2990,3,0,0,0,1.1108906094133104,1
2991,2,1,0,1,0.4167352148783279,0
2992,1,1,0,1,1.0784436348154474,0
2993,2,1,1,0,0.6992193366343876,0
2994,2,0,1,0,2.1007193183967883,0
2995,3,1,1,1,1.3715865057992649,0
2996,1,1,1,0,1.7319318537993242,0
2997,3,1,0,1,1.7283343063400993,1
2998,1,1,1,0,0.7194358460474559,0
2999,1,1,0,1,-0.5445379730422288,0
3000,2,1,1,0,1.5163031531583133,1
3001,1,0,0,0,-1.305958366564663,1
3002,3,0,0,1,-0.042974893468382014,0
3003,1,1,1,0,0.18056460531888047,1
3004,2,0,1,1,0.4216829148862279,1
3005,1,1,1,1,-0.9662542873091513,0
3006,3,0,0,1,0.9269374830586979,0
3007,2,0,0,1,1.557340074093732,1
3008,1,1,1,1,-0.3917829803048069,0
3009,1,1,1,1,1.0637200406301772,0
3010,2,0,1,0,-inf,1
3011,2,1,1,0,0.9557111195326482,0
3012,2,0,0,0,-0.22052891696831645,1
3013,2,0,0,1,0.5050579487246709,1
3014,3,0,1,1,2.2435072360666393,0
3015,2,1,0,1,-1.1100202736525804,0
3016,1,0,1,0,1.5057996099726991,1
3017,2,0,1,1,1.856351886215848,1
3018,2,1,0,1,-0.2294822828437783,0
3019,1,0,1,0,1.082706409549536,1
3020,3,1,0,0,0.549383987905121,1
3021,2,1,1,0,1.577397405915507,0
3022,2,1,1,0,0.8897012646589588,0
3023,2,0,0,1,0.6639112770132218,1
3024,2,1,0,0,0.5654649851112199,0
3025,1,1,1,1,0.7284717489314845,0
3026,3,1,0,1,-0.026477976646175905,0
3027,1,0,0,1,-0.5620262447496747,0
3028,1,1,0,0,-1.0076854101345116,1
3029,2,0,0,0,-0.047121334605233156,1
3030,3,0,1,1,2.5487117912646813,0
3031,2,0,1,0,0.18338073055355553,1
3032,1,1,0,1,-0.5253208642407113,1
3033,3,1,0,0,1.1400004423013343,0
3034,1,1,0,0,-1.5251005923542227,1
3035,1,1,1,1,-0.5632027961923769,1
3036,3,1,1,0,1.8016397164910776,0
3037,3,1,1,1,0.5507810339592798,0
3038,3,1,1,0,2.0398025847834953,0
3039,1,0,0,1,0.2503150307212738,0
3040,2,0,0,0,1.14851520034258,1
3041,1,0,0,1,0.15944739215907822,0
3042,2,1,1,1,0.3773600957627786,1
3043,1,0,0,1,0.9363948747431082,0
3044,3,1,0,0,-inf,0
3045,1,1,0,1,-0.7053344357208556,1
3046,3,1,1,1,1.701785635237909,1
3047,2,1,1,0,2.3360329735413927,0
3048,2,0,0,0,0.09507753785724937,1
3049,3,0,1,0,-inf,1
3050,2,0,0,1,-0.00705353226144545,1
3051,3,0,0,1,0.48256613217126954,1
3052,1,1,0,0,-0.11191268113142772,0
3053,2,1,1,1,0.5480538912411919,0
3054,2,1,0,1,1.2355495370256746,1
3055,1,1,1,0,0.4930458271861552,0
3056,3,0,1,1,1.0849677646231926,0
3057,2,1,1,0,0.314330184978709,0
3058,2,1,1,1,-0.7194527076951795,1
3059,3,1,0,1,0.972113584388689,0
3060,3,0,0,1,1.7130125263233738,0
3061,3,0,0,1,1.1199229503100245,1
3062,1,0,1,1,1.1877795232704125,0
3063,2,1,0,0,0.3971950228487747,1
3064,3,0,1,1,-inf,1
3065,2,0,0,0,0.1276758794068294,1
3066,2,1,0,0,0.479204839777114,0
3067,1,1,0,0,-0.9808350364423719,1
3068,2,0,1,1,1.1197655731120415,0
3069,1,1,1,1,0.04235431044337257,0
3070,1,0,1,1,0.6573489200699649,1
3071,3,1,0,0,0.4781007262083048,0
3072,1,1,1,0,-inf,0
3073,2,0,1,1,2.0910898583382043,0
3074,1,0,1,0,2.311248530101078,0
3075,2,0,0,0,0.22738029102642365,1
3076,3,1,1,1,1.4597535672202286,1
3077,3,0,1,0,2.1845889754755516,0
3078,3,0,0,1,2.4594501597486076,0
3079,1,0,1,0,0.5551196351631265,1
3080,1,0,1,1,0.28319312496523363,1
3081,3,1,0,1,-inf,1
3082,2,1,1,0,0.230655199043445,0
3083,3,1,0,0,0.8065010503532439,1
3084,2,1,0,1,1.4403786273797845,0
3085,2,1,1,0,0.33065168201162454,1
3086,1,1,1,0,0.767266398646185,0
3087,2,1,0,0,0.6089545695482688,0
3088,2,0,0,0,-inf,1
3089,1,1,1,1,0.22152604629997807,0
3090,2,1,1,0,1.7081941182992497,1
3091,2,0,0,1,-0.0022997553288728323,1
3092,1,0,0,0,-inf,1
3093,3,1,0,0,1.127483072721024,0
3094,2,1,1,0,0.8290549383019478,1
3095,2,1,0,0,-0.03627593784888847,0
3096,2,1,0,0,0.5100229092437736,0
3097,2,1,1,0,0.0030600616918358137,1
3098,2,0,0,0,-0.0872969394222346,1
3099,1,0,1,0,-0.2734407207527544,0
3100,2,0,0,0,0.7455290226377058,1
3101,1,0,1,0,0.7923111396624651,1
3102,1,1,1,0,0.5112684075030529,0
3103,2,1,0,0,-0.13690710168195286,0
3104,1,0,0,1,0.5600425703006274,0
3105,1,0,0,1,0.307859291350032,0
3106,3,1,0,0,-0.20317762662891137,0
3107,3,1,0,0,0.674766308079058,1
3108,2,1,0,0,0.9053047208995446,0
3109,1,1,0,1,-1.4688245447484676,1
3110,2,1,1,1,0.049375975506361525,0
3111,3,0,1,1,2.0870681309622894,1
3112,1,1,0,1,0.6805148176138047,1
3113,1,0,0,1,1.3248499092488686,0
3114,1,0,1,1,1.941891837506586,0
3115,3,0,1,1,0.05328348765842872,1
3116,3,1,0,0,1.0088796795201576,0
3117,3,0,0,1,1.4992518381528979,1
3118,2,0,1,1,0.5209205156614529,1
3119,3,0,0,0,-0.05555283356098717,1
3120,2,0,1,0,-inf,0
3121,2,1,0,1,0.033215882892366766,0
3122,2,1,0,1,0.37972100893992433,0
3123,1,0,0,0,-inf,1
3124,3,0,1,1,1.9052214767333964,1
3125,3,0,0,0,0.7646626592795175,1
3126,1,1,1,1,0.5510751236466632,0
3127,2,0,1,1,1.19396795208045,1
3128,1,1,1,1,0.2405087147163106,0
3129,1,0,1,1,0.5956978743696453,1
3130,1,0,0,1,0.723868398860529,1
3131,2,0,1,1,2.7730849786391545,1
3132,2,0,0,0,0.09476628418518712,1
3133,3,1,0,0,0.979031243336289,0
3134,2,0,0,1,-0.08172599751740639,1
3135,3,0,1,1,1.4013054897802804,0
3136,3,1,0,0,0.4042778891471484,0
3137,1,0,1,0,-0.702381857347174,1
3138,2,0,0,1,-inf,1
3139,2,0,1,1,2.8391858046829777,0
3140,2,1,1,0,0.9135365257246331,1
3141,1,1,0,1,0.5761697092070508,1
3142,3,1,0,1,0.9649388217200596,0
3143,1,1,0,0,-0.3894781676691336,0
3144,3,1,0,1,1.9718882227337284,0
3145,2,0,0,1,0.3504319526706722,1
3146,2,1,1,1,1.1146273280891206,1
3147,2,1,1,1,0.3768236434171687,1
3148,2,0,1,1,1.725961793902384,1
3149,1,0,1,1,-0.08878901158699459,1
3150,2,1,1,1,1.8383210006619701,1
3151,2,1,0,1,-inf,0
3152,3,0,0,0,1.2138199777904686,0
3153,2,0,0,0,-inf,1
3154,2,0,0,1,-0.689507383067826,1
3155,1,0,1,0,0.6289041833780266,1
3156,1,1,1,0,-inf,0
3157,1,0,1,1,-0.11075948059377316,1
3158,3,1,0,0,1.9199171396924999,0
3159,1,0,1,0,1.0678345869614951,1
3160,2,1,0,0,-inf,0
3161,3,1,1,0,-inf,0
3162,1,1,0,0,0.14535786612258078,1
3163,3,1,0,0,0.9652668962715509,1
3164,1,0,1,1,-0.5138295122417021,1
3165,3,0,0,1,0.5953206470684875,0
3166,3,0,0,1,1.468536522426056,0
3167,3,1,1,1,3.3635400496750902,1
3168,2,1,1,1,0.5260437071614406,1
3169,1,1,1,1,-inf,0
3170,2,1,1,1,1.236236729836995,1
3171,2,1,0,1,0.3272559147079731,0
3172,3,1,1,1,1.7760462547728908,1
3173,1,1,0,1,-inf,0
3174,2,1,0,0,-1.2118757265734559,0
3175,1,0,1,1,0.6580571673432115,0
3176,2,1,1,0,0.760107138056401,1
3177,1,0,0,0,0.35045860871982076,0
3178,1,1,1,0,0.35224840119555345,1
3179,2,0,1,1,-inf,1
3180,3,0,0,0,1.3131694738966357,1
3181,2,1,1,1,0.24352465208806218,1
3182,2,0,0,1,0.11402537465533602,1
3183,3,1,1,0,1.9080612053597081,1
3184,2,0,1,0,1.8137818488283532,1
3185,2,0,0,0,-0.24406289249302138,0
3186,2,1,0,1,0.2931680449469357,0
3187,1,0,0,1,1.5696783234285987,1
3188,3,0,0,0,2.25885558704676,0
3189,2,1,1,1,0.2833426674460019,1
3190,3,0,0,0,-0.21143482445365547,1
3191,2,1,0,1,0.014725527243318243,0
3192,2,1,1,1,1.185622553901863,0
3193,2,1,0,0,0.305306310206692,0
3194,1,1,0,0,0.42207733259954255,0
3195,2,0,1,1,1.3346811830382213,1
3196,3,1,0,0,0.7930039276070775,0
3197,1,1,1,1,0.6872614616566914,0
3198,1,1,1,1,-0.5887996641906816,1
3199,3,1,0,1,1.0595895532534125,0
3200,2,0,1,0,0.5290642186421881,0
3201,2,0,0,1,-0.205103971699217,1
3202,2,1,1,1,1.2743934718786882,1
3203,2,1,0,0,0.16821234514189962,1
3204,3,0,1,1,2.3097359141949334,0
3205,2,0,0,1,0.7123219466566983,1
3206,2,0,0,1,-inf,1
3207,1,0,0,1,0.7234152029520118,1
3208,3,0,0,0,-inf,0
3209,2,1,1,0,1.6387383044730774,1
3210,2,1,0,1,0.3858112124086238,0
3211,1,1,0,0,-0.48793135105976043,0
3212,2,0,1,0,1.994780656187345,1
3213,1,1,0,0,-0.05464709259105682,1
3214,2,1,1,0,0.7953196280678696,1
3215,2,1,0,1,-0.20440878138544044,0
3216,2,1,0,0,0.9704868379252172,0
3217,2,0,1,0,2.0700463839843684,1
3218,3,1,0,1,-inf,0
3219,1,0,1,1,-0.6511719432740267,1
3220,2,1,1,0,1.0267282999366911,1
3221,1,1,1,0,1.0343068209012296,1
3222,3,1,0,0,-0.9096832020864725,1
3223,2,1,1,0,1.7800244574328854,1
3224,3,0,1,0,2.2495596175697457,1
3225,2,1,0,1,-inf,0
3226,2,0,0,1,0.30087033485212633,1
3227,2,0,1,1,0.8945994545028471,1
3228,2,0,1,0,1.66138868397882,0
3229,2,1,0,1,0.5879247668489144,0
3230,2,1,0,0,-0.45628215912893716,0
3231,2,1,1,1,0.7544983599265411,1
3232,3,0,0,0,1.7723114796216772,0
3233,3,1,0,1,1.2510039738274392,1
3234,2,0,1,0,2.042898979264782,1
3235,2,0,0,1,0.1612341934417249,0
3236,2,0,1,0,0.3302805832472223,0
3237,1,0,0,1,-0.7514679194821909,1
3238,3,0,1,1,2.3951037509717064,1
3239,1,0,1,1,1.1733990018532554,1
3240,2,1,1,1,0.862308764388364,0
3241,3,0,0,1,0.8550948525060096,1
3242,2,1,1,0,0.23830929847674165,0
3243,1,1,1,1,1.0097540416570832,0
3244,1,0,1,1,-inf,1
3245,2,1,1,0,1.1504224302603643,1
3246,1,0,0,1,0.4870111525107611,1
3247,3,1,1,1,0.3308470600743434,1
3248,2,1,0,1,-0.11619731013657647,0
3249,2,0,0,1,2.0846000459750087,1
3250,2,0,0,0,-0.32883934745221677,0
3251,2,1,1,0,1.5432434504659147,1
3252,2,0,1,1,0.8942063502838237,0
3253,3,1,0,0,1.5825528127182502,0
3254,1,0,1,1,1.7573682557619654,1
3255,3,0,1,0,2.377476352653898,1
3256,1,1,1,1,0.2643637334527695,0
3257,2,1,1,1,0.31604785439736993,1
3258,2,1,0,1,0.9925087525376266,0
3259,3,0,0,0,1.4078815514495973,1
3260,2,1,1,1,0.4049289202835,1
3261,2,0,1,1,1.36023329907588,1
3262,3,1,0,1,0.5626092300169472,1
3263,2,0,1,0,0.5477630308621773,0
3264,1,0,1,1,-inf,1
3265,3,1,0,1,-inf,0
3266,2,1,0,1,0.24333257055267463,0
3267,1,0,0,0,-0.16368327565496685,0
3268,2,0,1,0,0.1133768750083406,0
3269,1,1,1,1,0.5820378518034638,0
3270,2,1,1,1,1.773650333967732,0
3271,1,1,0,0,-0.5409523878784734,1
3272,3,1,0,0,0.44294067650945473,1
3273,2,0,0,1,1.1980205902420287,0
3274,3,0,0,0,1.3914905510568059,0
3275,1,0,1,1,0.7811059974494832,1
3276,3,1,0,1,1.506431568000848,1
3277,1,0,0,0,-0.8914844728898667,0
3278,1,0,0,0,0.24927252173870273,1
3279,2,1,0,0,-0.533887579561221,1
3280,2,0,0,0,-0.568436255924563,1
3281,2,1,0,1,-0.8071259905730086,0
3282,2,0,0,0,1.399980713677615,0
3283,1,0,0,0,-0.32817082380348783,0
3284,2,0,1,0,1.754953800899721,0
3285,2,0,1,0,0.10795393461480485,0
3286,3,1,0,1,0.805685394285187,1
3287,3,0,0,1,1.4093534127994078,1
3288,3,1,1,1,1.8838975652069712,1
3289,3,1,0,1,-inf,0
3290,2,0,1,1,0.8625049001180325,1
3291,2,0,0,0,0.6833568663209297,1
3292,1,1,0,0,-0.5433413008465167,1
3293,2,1,1,0,-0.20952260962957037,1
3294,2,1,0,0,0.6313666432219838,0
3295,2,1,0,0,-0.5742649449539952,0
3296,3,0,1,0,1.2262393079870908,0
3297,1,0,1,0,0.01729622019660715,1
3298,2,0,0,1,0.287492143102102,1
3299,2,0,0,1,-inf,1
3300,3,0,0,0,2.1813611413613385,0
3301,2,1,0,1,-0.4143538162237885,0
3302,3,0,0,0,1.6017109894075303,0
3303,1,1,1,1,0.9722813795232341,0
3304,2,1,0,1,-inf,1
3305,1,1,0,1,-0.5350996356613402,1
3306,3,0,0,1,1.7755872875888832,0
3307,3,0,1,0,2.130661611925945,0
3308,2,1,1,0,0.5104567258138486,0
3309,2,0,1,1,1.0779411716240928,0
3310,1,0,0,0,-0.5598196616145139,0
3311,3,1,0,0,1.595617425693372,0
3312,3,1,1,1,1.1763411526666598,1
3313,1,1,1,0,-0.8314426760807696,0
3314,3,1,0,1,0.6718413947645554,1
3315,2,0,1,0,1.5978690038470194,1
3316,2,1,0,0,0.9910451492323524,0
3317,2,1,0,0,-0.024040627678672405,0
3318,2,0,1,0,1.0358650600737835,1
3319,2,0,1,1,0.39002633011797694,1
3320,1,1,0,0,-0.7732500594381566,0
3321,1,0,1,1,1.213956162324111,1
3322,2,1,1,1,0.8222801192372149,0
3323,1,1,0,1,-0.4880129961733201,0
3324,2,0,1,1,1.1762974779688093,0
3325,1,0,1,1,1.02220167335134,1
3326,1,0,0,0,0.5193002750721046,0
3327,3,0,0,1,0.9807121624089634,1
3328,1,0,1,1,1.4444372209741307,1
3329,2,0,0,0,0.5404909565678776,1
3330,2,0,0,0,0.06517152814291516,0
3331,3,1,0,1,0.5890458899298512,1
3332,3,0,0,1,2.5863018938945785,0
3333,1,0,1,0,1.04899827155178,0
3334,2,0,1,1,0.7415533437153095,1
3335,2,1,0,0,-inf,0
3336,2,0,1,0,1.780301983149732,0
3337,2,1,0,1,0.19859052307846906,0
3338,2,0,0,1,-0.3585979354068637,1
3339,3,1,1,0,2.361542512026712,1
3340,2,1,0,1,-0.04337920918734392,0
3341,2,1,0,1,0.48317717013351436,0
3342,3,0,0,0,0.20961999148633248,0
3343,3,1,0,0,1.3884341229692478,1
3344,3,0,0,0,1.6916736925903937,0
3345,3,0,0,0,2.013955226279819,0
3346,3,0,0,1,2.450836655462867,0
3347,1,1,1,0,1.1444876888954147,0
3348,2,1,1,0,1.445527190549941,1
3349,1,0,1,1,-inf,0
3350,1,0,0,1,-0.4261912585753245,1
3351,1,0,0,0,0.3193932697209126,1
3352,3,0,0,0,1.3669884838810626,0
3353,2,0,0,1,0.9922662046729385,1
3354,2,1,0,0,0.33233684574654865,0
3355,1,1,0,1,-inf,1
3356,2,0,1,0,-inf,1
3357,3,1,0,0,0.8583846605559265,0
3358,2,0,0,1,0.6667256399402239,1
3359,1,1,0,0,-0.5530758194459791,0
3360,2,0,0,1,-0.04237020956667237,1
3361,1,1,1,0,0.5998844183325618,0
3362,1,1,1,1,-inf,1
3363,3,0,0,1,1.6387800181376533,1
3364,3,1,0,0,1.2411054270675932,0
3365,1,1,0,1,-inf,0
3366,2,1,1,1,1.0121285257805197,0
3367,2,0,1,1,1.270391190502209,0
3368,3,1,1,0,1.1510003338599406,1
3369,2,0,0,1,0.6667583019448919,0
3370,3,1,1,1,-0.07339403690350332,0
3371,3,1,0,0,1.3226056674252145,1
3372,3,0,0,0,0.20974705892830992,0
3373,1,0,1,1,1.0348974371831496,1
3374,1,1,0,0,-0.3107305298551619,0
3375,3,0,1,1,1.3145749000259208,0
3376,3,0,0,1,2.6141926697659796,1
3377,3,0,1,0,0.524574609225229,1
3378,1,1,1,0,0.374568884166148,0
3379,2,0,0,1,-inf,1
3380,2,1,1,1,-0.4082508400556626,1
3381,2,0,1,1,-inf,1
3382,1,1,0,1,-0.3635405429838262,0
3383,1,1,1,1,-1.050916071850268,1
3384,3,1,1,0,1.055909872216866,0
3385,3,1,0,0,0.4994076004861434,0
3386,1,0,0,0,-0.3407518345584271,0
3387,1,1,0,0,-0.560855221684702,0
3388,3,0,0,0,1.5155374309139327,1
3389,1,1,1,0,1.301542874160856,0
3390,1,1,1,1,1.003482389814452,0
3391,3,0,0,1,2.335760098363788,1
3392,3,1,0,0,0.4834471036687615,0
3393,1,0,1,1,0.9868702077346254,1
3394,2,1,0,1,-0.019733785811175797,0
3395,2,1,1,1,1.2623921279674049,1
3396,1,1,1,0,-inf,0
3397,2,0,0,0,1.4468026813178354,1
3398,1,0,1,0,-0.38955034063799,1
3399,3,1,1,1,0.6333729041634072,1
3400,3,1,0,1,0.34947378573261717,1
3401,2,0,1,1,0.8627612333729303,1
3402,1,1,1,1,2.022033085232913,0
3403,2,1,0,0,0.4821613117761615,0
3404,2,0,1,0,1.6722181880762899,1
3405,3,0,0,1,0.8108795261128294,1
3406,3,0,0,0,-inf,0
3407,2,1,0,1,-1.4527438119707368,0
3408,1,1,1,1,0.8605145889729764,0
3409,1,1,0,1,-0.19114258540194232,1
3410,1,1,1,0,-inf,0
3411,2,1,0,0,0.7980027731697832,0
3412,3,0,0,0,0.34146292316074556,1
3413,1,1,0,1,-inf,0
3414,3,1,0,1,-inf,1
3415,2,1,0,0,-0.1524727452809479,0
3416,2,1,1,1,0.7445623797902934,0
3417,3,0,1,1,2.8396124885468863,1
3418,1,0,1,0,1.3146560061512162,1
3419,3,0,1,0,2.4693233946144804,1
3420,2,0,1,0,-0.05901843748477087,0
3421,3,1,0,0,1.6650753150127096,1
3422,3,1,0,1,0.8015064411467269,0
3423,1,1,1,0,0.23101848482131052,0
3424,1,1,0,1,-0.07988473587826628,0
3425,3,1,0,0,1.9069073928466327,0
3426,3,0,1,1,-inf,0
3427,1,0,0,0,-0.9754923623284515,0
3428,1,0,1,1,0.7383390912549618,1
3429,3,1,1,1,-inf,1
3430,3,0,0,0,1.589488735973609,1
3431,2,0,1,0,0.4656743699632486,1
3432,3,0,0,0,0.45115426767974287,0
3433,3,0,0,0,0.6771169269521327,1
3434,3,1,0,0,0.3392405709032509,1
3435,2,0,1,1,1.7372866301471523,1
3436,3,0,0,1,0.6701743214295222,1
3437,2,0,1,1,0.8472918672939744,1
3438,1,1,0,1,-0.38172807027774,1
3439,1,0,0,1,-1.2384875591668516,1
3440,3,1,0,1,-inf,1
3441,1,0,0,1,-inf,1
3442,2,0,1,0,1.4316802232821237,1
3443,2,0,0,1,0.12004625446637579,1
3444,1,0,1,0,0.399291191787289,0
3445,2,0,0,1,0.5721763449001047,1
3446,1,0,1,0,0.22619033181888704,0
3447,1,1,0,0,-inf,0
3448,2,1,0,0,-0.4205626252559727,0
3449,3,0,0,1,1.3453662545098415,0
3450,2,0,0,0,2.038294529739515,1
3451,1,1,1,1,0.07506123952643329,0
3452,2,1,0,0,0.9923119739683495,1
3453,2,0,1,0,1.6122538824344428,0
3454,2,1,1,0,1.8607995726925879,0
3455,3,0,0,0,2.311731186510406,1
3456,2,0,0,0,0.23325454012131108,1
3457,1,1,1,1,0.9088829665377303,0
3458,1,1,1,1,0.9775466973847196,0
3459,1,1,0,0,-0.6676107883013708,0
3460,2,1,1,0,1.9867661701058337,0
3461,3,0,0,1,0.4379693080310957,0
3462,2,0,0,1,0.8243974565739245,0
3463,2,1,0,1,-0.29425115794280615,0
3464,3,1,0,1,0.8470985101784135,1
3465,1,0,0,1,-0.017680404558448395,1
3466,3,1,0,0,0.9735307339249322,0
3467,2,0,1,1,2.3244121467219774,0
3468,3,0,1,0,0.6457296098929892,0
3469,3,0,0,1,-0.11980598033338996,1
3470,3,1,0,1,-inf,1
3471,1,1,1,0,1.8719921014616712,0
3472,2,0,0,0,1.2182908681345594,0
3473,2,1,0,1,0.1732960153847715,0
3474,1,1,1,1,0.3796811360646355,0
3475,2,1,0,1,-0.14164142422282028,1
3476,3,1,0,1,0.2931700767687674,1
3477,2,0,0,0,-inf,0
3478,1,0,1,1,-0.024813731092588664,1
3479,1,0,0,0,-0.48936269348984823,1
3480,3,1,1,0,1.847228870002945,0
3481,1,0,0,0,0.8169816804877916,0
3482,3,0,0,1,0.5267003548244307,0
3483,3,0,0,0,1.5537662492172681,0
3484,1,1,1,1,1.0517968570428733,0
3485,3,0,0,1,0.8701137153940981,1
3486,3,0,0,1,1.2412140740874997,0
3487,3,0,1,1,2.0758177617392324,1
3488,3,1,0,1,0.42591000372260335,1
3489,3,0,1,1,2.563930022017278,0
3490,3,1,1,0,1.9451518419417217,0
3491,3,1,0,1,1.4191184300747766,0
3492,1,0,1,1,0.8595598633956472,1
3493,2,0,0,0,1.114905889808394,0
3494,3,1,0,1,0.12853917753709754,1
3495,3,1,0,0,0.9340588310978954,0
3496,3,1,1,1,1.0558220655423047,1
3497,3,0,0,0,-inf,1
3498,2,1,1,0,0.7566495063808416,0
3499,2,1,1,1,0.08319274823260381,0
3500,1,1,0,0,0.0063166418150937265,0
3501,2,0,0,0,1.2919978897700624,1
3502,3,1,0,0,1.4500948351724672,0
3503,1,1,0,0,-0.87876072405242,1
3504,3,1,1,0,1.998635026060065,1
3505,1,1,1,1,-0.3000376238584867,0
3506,3,1,0,0,0.8165672395962085,0
3507,1,0,1,1,0.774498830635516,1
3508,2,0,1,0,1.8984550914850227,0
3509,2,0,0,1,0.4196117434865392,1
3510,2,0,0,1,-0.08815203963381157,1
3511,3,0,0,1,2.7452191231575034,0
3512,1,0,1,1,1.3848211966773274,0
3513,3,1,0,1,0.7603027598761014,1
3514,2,0,0,1,0.8494635371873566,0
3515,1,1,1,0,-0.6957136533803734,0
3516,3,1,1,0,1.6181073843834093,0
3517,3,0,1,1,2.1351416703329895,0
3518,2,0,1,0,1.2665392251456684,0
3519,2,1,1,1,-0.7270106476451497,0
3520,2,0,0,0,1.0158204127523502,1
3521,2,0,0,0,-0.4947382127879487,1
3522,2,1,0,1,-inf,0
3523,2,1,1,0,1.2064810420136627,1
3524,2,1,1,1,1.061602584008802,0
3525,3,1,1,0,2.1879085997572205,1
3526,2,1,0,1,1.1160950348840615,0
3527,2,0,1,0,-inf,0
3528,3,0,0,0,-0.17208336344542374,0
3529,1,0,1,0,-0.18378409164690368,1
3530,2,0,0,0,0.19427860830863425,1
3531,2,0,0,1,-0.4564279657549124,1
3532,1,0,1,0,0.6941149792008081,0
3533,3,0,1,0,2.131985841133865,0
3534,2,0,0,1,1.5380271358159423,1
3535,2,1,1,0,1.3387698813220288,0
3536,1,1,0,1,0.10515130758807184,0
3537,1,0,1,1,1.0466874346281843,1
3538,2,0,0,0,-0.3248910611077519,1
3539,1,1,1,1,0.6898526455199403,0
3540,3,1,0,0,-inf,0
3541,3,1,1,0,1.4460142977821158,0
3542,1,1,0,1,0.43413429818492727,0
3543,1,0,1,0,0.24666926917341958,1
3544,2,0,0,1,-0.3196693219211868,1
3545,1,0,1,0,1.2782405267756531,1
3546,1,1,1,1,-0.5143073267320355,1
3547,1,0,0,1,-0.1505390213967473,1
3548,2,1,1,1,0.6101666828195115,1
3549,3,0,1,0,0.4474614379780977,1
3550,3,0,0,0,0.8232446730039789,0
3551,2,0,1,1,2.3065918778931556,1
3552,2,1,0,0,-0.8656518939526063,1
3553,2,1,0,1,0.5609261664326666,1
3554,2,0,1,0,0.6287397610704369,1
3555,3,0,1,0,1.258251888915392,0
3556,3,1,0,0,1.8662851520303496,1
3557,2,0,1,0,2.6913015573459793,1
3558,2,0,0,1,0.33249720874617084,1
3559,3,1,0,0,0.19807359901557597,1
3560,2,1,1,0,0.9027533881089431,0
3561,2,0,1,1,1.3012884396533546,0
3562,2,0,0,0,1.4871281616230219,1
3563,1,0,1,0,0.37585821022466476,1
3564,1,1,1,0,1.6848075877420237,1
3565,2,0,0,1,0.38545290008308625,1
3566,2,1,1,1,0.7602878425163733,1
3567,3,0,0,0,0.024727822418118217,1
3568,1,1,1,1,0.5835130932289619,0
3569,1,1,0,0,-0.14963511702395504,1
3570,3,0,0,1,0.5493494157710518,0
3571,2,0,1,1,1.2707396510871027,1
3572,3,0,1,0,1.598123105525783,1
3573,1,0,0,0,-0.46801764154047804,0
3574,3,1,0,1,0.9425227043575934,0
3575,2,0,0,0,0.7782687752947506,0
3576,2,1,0,0,-1.0564552958433966,0
3577,2,1,1,0,1.866602720249916,0
3578,1,1,1,0,1.1778651218176044,0
3579,3,1,0,1,0.6357507678181914,0
3580,2,1,1,1,1.4724298605885047,1
3581,2,0,0,0,0.27149104852302836,0
3582,2,0,1,1,-inf,1
3583,3,0,0,1,-inf,1
3584,3,1,1,1,-inf,1
3585,2,0,1,0,2.1500540157952304,1
3586,1,1,0,0,0.11587579045343294,0
3587,2,0,0,0,-0.6927813285459428,1
3588,3,0,0,0,0.6688686122345672,0
3589,1,1,0,0,0.7806628554065829,1
3590,1,0,1,0,-0.6563470774742842,1
3591,3,1,0,1,0.40744734123470194,0
3592,3,1,1,1,-inf,0
3593,1,0,1,0,1.4089744238562516,1
3594,3,1,0,1,1.0741786856477855,0
3595,3,1,0,0,0.3511543825912028,0
3596,2,1,1,1,-0.20622735284977867,1
3597,3,1,1,0,1.344160696212866,1
3598,2,0,0,0,0.14858121647691497,1
3599,2,0,1,0,1.0161328489288053,0
3600,1,1,1,0,0.02468341753444636,0
3601,1,1,0,1,-inf,1
3602,1,1,1,1,-0.7173337104153652,0
3603,2,1,1,1,0.49252714467198655,1
3604,1,1,1,0,0.22918502541918773,0
3605,1,0,0,0,0.26216842284510444,0
3606,3,0,0,0,1.9140317174033905,1
3607,1,1,1,1,0.3164963635980463,0
3608,1,0,1,1,1.0831360567846622,1
3609,1,1,1,0,-0.599268590983818,0
3610,1,0,1,0,2.307815835188025,1
3611,1,0,0,0,-0.5273336330566633,0
3612,2,1,0,0,-inf,1
3613,1,0,1,0,1.1533576784319868,1
3614,3,0,0,1,1.06882444169522,0
3615,2,1,0,0,-0.2361336030207885,0
3616,3,0,0,0,-inf,0
3617,3,0,0,1,0.8025867642745943,1
3618,2,1,1,0,-inf,0
3619,1,1,1,1,0.08574679398187046,0
3620,3,0,0,1,1.0965373706151553,1
3621,2,0,1,0,1.565633414419096,0
3622,1,1,1,1,0.3780500350121483,0
3623,3,0,1,1,-inf,1
3624,1,0,1,0,1.227176619199254,1
3625,2,1,0,0,0.14827473854280798,0
3626,3,1,0,0,1.9033980007754228,1
3627,1,1,0,1,-0.9279712508629887,1
3628,2,1,0,1,0.4155957076174726,0
3629,1,0,0,0,-0.7942421560668383,0
3630,3,0,0,1,1.6620876080235512,0
3631,3,1,1,1,1.0256616672305137,0
3632,1,1,1,1,-0.10063323920627681,0
3633,2,0,0,0,1.043488968295463,0
3634,1,0,1,1,0.2845215390475907,1
3635,2,1,1,1,0.7499279769346422,1
3636,2,1,0,0,-inf,1
3637,1,1,1,1,-0.03607584219254001,0
3638,3,1,1,0,0.928365273692607,1
3639,1,1,1,0,-inf,0
3640,1,1,1,1,-1.0094660842560634,0
3641,3,1,0,1,-0.29702513142633347,1
3642,1,0,0,1,-0.24783598727984715,1
3643,3,0,0,1,2.077927887229833,0
3644,2,0,0,1,1.7459831922919578,1
3645,2,1,1,1,-0.3401410267481648,1
3646,1,1,0,1,1.0718297034519166,1
3647,2,1,1,0,1.1327890461901262,0
3648,1,0,1,0,-0.57502090294041,0
3649,2,1,0,0,-0.011163085919169785,0
3650,1,1,1,1,-inf,1
3651,1,0,1,1,-0.13753657371785433,1
3652,2,0,1,1,1.2041280961086391,1
3653,3,1,0,0,1.4392446252801454,0
3654,3,0,1,0,2.4507338791858033,0
3655,1,0,0,1,0.35167268106218424,1
3656,3,1,1,1,1.0243011796185768,0
3657,3,1,1,1,1.3824982817269125,1
3658,3,1,1,1,2.436560603966179,1
3659,2,1,0,0,-0.5257184241305226,0
3660,2,1,1,1,-inf,1
3661,1,1,1,1,-inf,0
3662,3,0,0,0,0.9068226976376578,0
3663,2,1,0,1,-0.2384680111620271,0
3664,2,0,1,1,1.114599585707394,1
3665,2,0,0,0,1.367193965053912,1
3666,2,0,1,1,0.517539639424452,1
3667,2,0,1,1,0.609984500366305,1
3668,1,0,0,0,-0.2896800519715259,1
3669,1,0,1,0,0.8950471979464228,0
3670,1,1,0,1,-0.36287717574219014,1
3671,3,1,0,1,2.1277462322429885,0
3672,1,0,1,1,0.39461905302928085,1
3673,2,1,0,1,0.13700757994975998,0
3674,1,0,0,0,0.2518628650742072,1
3675,1,1,1,0,-0.10921289553754226,1
3676,2,1,0,0,-0.36842252568344097,1
3677,1,0,0,1,-0.09262611826549184,0
3678,1,0,1,1,1.234471416968228,1
3679,2,1,0,0,-0.2029013155372012,0
3680,2,1,0,1,-inf,1
3681,1,1,1,1,0.6785053208987695,0
3682,1,1,1,0,0.15336872706927132,0
3683,1,1,1,0,-0.1171778891318766,0
3684,2,1,1,1,0.7911313563239912,1
3685,2,1,1,1,0.5782681030905048,1
3686,2,1,1,1,1.5824811575745663,1
3687,2,0,1,1,1.4896154117683336,1
3688,3,0,1,1,3.107816270207679,1
3689,2,1,0,0,0.41943961641829053,0
3690,2,1,1,0,0.7847558485798581,1
3691,1,0,1,0,1.7054782698643582,1
3692,1,1,0,0,-1.054993916564935,0
3693,2,1,1,0,0.9187866836264692,1
3694,2,1,0,0,1.3708119796521445,0
3695,2,0,0,1,1.2468756552970253,1
3696,2,1,1,0,0.830216935716098,0
3697,1,1,1,0,1.4300860672083417,0
3698,1,1,1,0,0.58446081573954,0
3699,2,1,1,0,0.08328156308567924,0
3700,2,1,0,1,-0.12903968060375004,1
3701,2,1,0,0,0.7362383550623788,0
3702,2,0,1,1,1.6994057069466582,1
3703,3,1,1,0,-inf,1
3704,2,0,1,0,1.599893454178736,1
3705,3,0,1,0,2.157386422888021,0
3706,1,1,0,1,-0.2793586185683407,0
3707,1,1,0,1,0.42406048635835464,1
3708,2,1,0,1,0.2774709646696526,1
3709,2,0,1,1,2.5495134477784576,1
3710,1,1,0,1,-0.20098340244279114,1
3711,3,0,0,1,0.28199485731765817,1
3712,2,0,1,1,-inf,1
3713,3,0,0,0,1.3402259292267147,1
3714,2,1,0,1,-inf,0
3715,1,1,1,1,-0.5922098380324623,1
3716,2,0,1,1,-0.08293129218155415,0
3717,3,0,0,1,-inf,1
3718,3,0,0,1,0.33703496501190344,1
3719,2,0,1,1,1.7097186281235408,1
3720,1,0,1,0,-0.2629008893758522,1
3721,2,1,0,0,0.9573350260659295,0
3722,2,1,0,0,-inf,0
3723,2,0,0,0,0.8401289557263556,1
3724,1,0,1,1,0.42684348089704227,1
3725,1,1,0,0,-1.3151979228786388,0
3726,2,1,0,0,-0.512952201935547,1
3727,3,1,0,0,1.4050942292162039,0
3728,1,0,0,0,-0.37455237032148697,0
3729,3,1,1,0,-inf,1
3730,2,0,0,1,-0.3937267857123009,1
3731,3,0,0,0,0.23569442819925224,0
3732,2,0,0,0,0.6855703323671785,0
3733,3,0,0,0,1.0983800857093224,1
3734,2,1,1,0,1.645834637555966,1
3735,1,0,0,1,0.9956151602924855,1
3736,1,1,0,0,-1.0324090695408825,0
3737,3,1,0,0,0.5535983668446427,1
3738,2,0,1,1,0.639946673875845,1
3739,1,1,0,1,-0.15662523530955788,0
3740,2,0,0,0,1.2248611240067313,1
3741,2,1,0,1,-0.7984392401950462,0
3742,2,0,0,0,0.768403347446033,0
3743,1,0,0,0,0.22333210405030118,0
3744,1,1,1,1,0.569816198091768,0
3745,1,0,1,0,0.6474982604271436,1
3746,1,1,1,0,0.017731917206564696,0
3747,2,1,0,1,0.7094757422319993,0
3748,2,1,1,1,1.5047556761976968,1
3749,1,1,1,0,0.8169054526070549,0
3750,3,1,0,1,0.5659372469047851,1
3751,2,0,0,0,1.0169387742120939,0
3752,2,1,0,0,0.5164881955657248,1
3753,3,1,1,1,1.9557116529386418,1
3754,1,0,0,1,0.6944883380689468,1
3755,1,1,0,1,-1.088960264655529,0
3756,2,1,1,0,1.1671676694459299,1
3757,3,0,0,1,1.5468679073241238,1
3758,2,1,0,1,-0.8169074514435266,0
3759,3,0,0,0,2.2213897400405376,0
3760,2,0,1,0,1.0591542209371356,0
3761,3,1,1,0,1.7201603696435446,1
3762,2,0,1,0,0.8446479168303648,1
3763,2,1,0,1,1.0940566252774635,0
3764,2,0,0,1,-0.11492615724299582,0
3765,1,0,0,0,-inf,0
3766,2,1,1,0,0.09127958838291428,0
3767,2,0,1,1,2.2845177900654616,0
3768,3,1,0,1,0.16789690438789273,0
3769,1,1,0,0,-0.2170269678365721,0
3770,3,1,0,1,0.33384977215303513,1
3771,1,0,1,1,-0.13614939024776695,0
3772,3,1,0,1,-0.9747298158068751,1
3773,2,1,0,0,-0.21126497739344086,1
3774,1,0,0,0,-1.1029234728390382,0
3775,2,0,0,0,-0.3225565818305848,0
3776,3,1,1,0,1.455474827677826,0
3777,1,0,0,1,0.08667537587140095,1
3778,3,1,0,1,1.3825740783792797,1
3779,2,1,0,1,-0.1849589147900133,0
3780,2,1,0,0,0.06802543378007772,0
3781,2,0,1,1,2.96756640000256,0
3782,2,1,0,1,-0.21390072186611625,0
3783,1,1,1,1,2.262377573451761,0
3784,2,1,1,0,0.9442485064419236,1
3785,3,0,0,1,-inf,1
3786,2,0,0,1,1.7628357445732894,1
3787,1,1,1,0,-0.012961046165869128,0
3788,1,1,0,1,-0.7679057607755001,0
3789,2,0,0,0,0.6329158727669273,0
3790,3,0,0,0,1.2498592331212426,0
3791,1,1,0,1,-0.9185440214646532,0
3792,1,1,1,0,-0.9964467335082867,0
3793,2,1,0,1,0.2759360234878304,1
3794,3,1,0,0,-0.11070168671422054,0
3795,2,0,0,0,0.01136238531315753,0
3796,2,1,0,1,0.1338872727987131,0
3797,3,0,1,1,2.6769072241626843,0
3798,1,0,0,1,-inf,1
3799,2,1,1,0,0.3561552701947768,1
3800,2,0,1,0,1.29327237198291,0
3801,3,1,1,1,2.31619891073635,1
3802,3,0,1,1,2.208699032139436,1
3803,3,1,1,0,1.330522973069719,1
3804,2,0,0,0,-inf,0
3805,3,1,0,0,-inf,0
3806,1,0,0,0,-0.21076571630759627,1
3807,2,0,1,0,1.5528673057429931,0
3808,3,0,1,0,1.8748387031207943,0
3809,2,1,0,1,-0.6898071855336714,1
3810,2,0,0,1,0.07090677849998894,1
3811,2,0,1,1,1.890429353269861,0
3812,1,0,0,1,-0.06749264529203722,1
3813,1,0,1,0,0.2981753548555602,1
3814,3,1,0,1,2.0191373978720266,0
3815,1,0,1,1,1.0349377934597161,1
3816,3,0,0,1,0.6759221411736407,0
3817,1,1,0,0,0.8925285503695235,0
3818,3,0,0,1,1.5157859651848875,1
3819,2,1,0,0,0.3629947425428305,0
3820,3,0,0,0,1.8634777887289395,0
3821,1,0,1,0,1.9881787756096498,0
3822,3,1,0,0,1.0900032380087483,0
3823,2,0,0,0,0.32260450246384753,0
3824,3,1,0,1,0.722252076080401,1
3825,1,1,1,1,0.8477893442991884,0
3826,2,1,1,1,0.5015936219018833,1
3827,2,1,0,0,0.7775248681659355,0
3828,3,1,0,0,-0.7253117886866025,1
3829,2,0,0,0,-0.4920036097004227,1
3830,3,0,0,0,0.7384966829837685,1
3831,3,1,0,0,-inf,0
3832,3,0,1,0,1.8877371514360697,1
3833,2,0,1,1,1.3094692691181666,1
3834,3,1,1,1,0.5876690706984888,1
3835,3,0,0,0,0.2916047518953284,1
3836,1,0,1,0,0.7100239701360463,1
3837,3,1,0,0,1.2052287882360018,1
3838,2,1,0,0,-0.2090035950964707,0
3839,2,0,0,0,-inf,0
3840,1,0,1,0,0.5922661036816765,0
3841,1,1,0,1,-1.8443253995464988,1
3842,3,0,1,1,1.7787121113530373,0
3843,3,1,0,0,-0.10873852478791213,0
3844,2,0,0,0,1.387030699465778,0
3845,1,1,0,0,-0.16331541330055488,1
3846,2,1,1,0,0.3918421718967774,0
3847,1,0,1,0,0.36566490955902314,1
3848,1,0,1,0,1.0746038725937308,1
3849,1,1,0,0,-1.4079083082542305,1
3850,2,1,0,1,0.7230208886942766,0
3851,2,1,1,0,0.39983567459159386,1
3852,3,1,1,0,0.36368954806724885,1
3853,3,1,1,1,-inf,0
3854,1,0,0,0,1.5961899878030663,0
3855,3,1,1,1,1.7977935054074137,1
3856,1,1,1,0,0.8349224461388274,0
3857,2,1,0,0,-inf,0
3858,2,0,0,0,0.7005107966111229,1
3859,2,0,0,1,0.4863009283795296,1
3860,1,1,1,1,0.2711226195699391,0
3861,3,0,0,0,1.1746759815345191,1
3862,3,1,1,1,0.8608987926475756,1
3863,3,1,0,0,0.976891767313823,1
3864,2,0,0,1,0.8059625858740654,1
3865,1,1,0,0,-0.7984353827035282,1
3866,2,0,0,0,1.5383065320198166,0
3867,1,1,1,0,0.8930440741233644,0
3868,1,0,0,1,0.4923844480634857,1
3869,2,0,1,0,0.14420769247073295,1
3870,2,1,0,1,-0.5325762603878372,0
3871,1,0,0,0,-0.3786705870998173,0
3872,2,1,0,1,0.9672664224972229,0
3873,2,0,0,1,0.46402001364186357,0
3874,2,1,0,1,0.3020953118347912,0
3875,1,0,1,1,-0.535631848001283,1
3876,3,1,0,0,0.6707812245292251,1
3877,3,0,0,0,0.9872635442767945,1
3878,3,0,1,0,2.0958943245399,1
3879,2,0,1,1,1.4605902949552916,1
3880,3,0,1,1,1.1570067071811416,1
3881,3,0,0,0,0.7228148093002966,0
3882,2,0,0,0,0.8135018435129906,0
3883,1,0,0,1,0.7752302955077964,1
3884,2,0,1,1,1.2212679354386058,1
3885,2,0,0,1,-0.13981296117338282,1
3886,3,0,0,1,1.4804754055237628,0
3887,1,0,1,1,-inf,1
3888,1,1,0,1,-0.18784762984449882,0
3889,2,0,0,0,0.8112694062155664,0
3890,3,0,0,0,0.7984426399015108,0
3891,1,1,1,1,0.7535357862271848,0
3892,1,0,0,0,0.06863790574746848,0
3893,1,1,1,0,-0.247186551234522,0
3894,3,0,0,1,2.6275835349357726,1
3895,3,1,0,1,1.432274699897833,0
3896,1,0,0,0,-0.44689390149420605,1
3897,1,1,1,0,0.5611500518391468,0
3898,3,0,0,1,0.8668832039677672,1
3899,2,1,0,0,-0.05406220156959546,1
3900,1,0,1,1,2.756952582422796,1
3901,3,1,0,1,2.3397377424096266,1
3902,1,0,0,0,-0.38740401325392165,1
3903,2,1,0,0,0.25379232809392843,1
3904,1,1,0,1,0.1660975454694233,1
3905,3,0,0,1,1.3848310001058786,1
3906,2,0,0,1,1.1224566193124799,0
3907,3,0,0,1,-inf,1
3908,2,1,0,1,0.5929319085040967,0
3909,1,0,0,0,-0.4988535056252912,1
3910,2,1,1,0,0.5274038682792301,1
3911,3,0,0,0,1.249279636055929,0
3912,1,0,1,1,1.5070830229716368,1
3913,3,0,1,1,2.2194704035544777,1
3914,3,1,0,1,1.0139813276621186,1
3915,1,1,1,1,-0.2648796424158641,1
3916,1,1,0,0,0.7564474729652866,1
3917,2,1,0,1,0.3591344273279018,0
3918,1,0,1,1,0.4143501018107737,1
3919,3,0,1,0,2.076326537241777,1
3920,1,1,0,1,0.20443399210154672,1
3921,2,0,1,0,1.4870183550578593,0
3922,1,0,0,0,0.2572693177248975,0
3923,1,0,0,0,-0.20750505086657006,1
3924,2,0,0,0,0.8675128914804919,0
3925,2,1,1,0,1.6790714007768002,1
3926,1,1,0,1,-0.554906054792983,0
3927,1,1,1,1,-inf,0
3928,3,1,1,1,-0.06803284304010271,1
3929,3,0,0,0,-inf,0
3930,1,1,0,0,-1.344044457490255,1
3931,3,1,0,0,0.1185547753054631,0
3932,1,0,1,1,0.969611148120886,1
3933,2,0,1,0,0.781013329848583,0
3934,3,0,1,0,2.2521801788713827,0
3935,2,0,0,1,0.954523886648941,1
3936,2,0,1,1,1.9415527347039279,1
3937,3,1,1,1,1.1366591631356573,1
3938,2,0,0,1,0.46689955008850004,1
3939,2,0,1,0,0.5658255583127317,1
3940,3,1,0,0,0.7863779357975254,1
3941,3,0,0,0,1.5199152668197198,0
3942,2,0,0,0,1.8611138162497665,1
3943,2,1,0,1,0.054155331898902814,1
3944,2,0,1,1,0.989997479950427,1
3945,2,1,0,0,-0.010035993255249454,0
3946,1,1,1,0,0.16508097627832202,1
3947,2,0,1,0,1.2328953972451009,1
3948,2,1,1,0,0.22799372966362408,1
3949,3,0,1,0,0.31781721253853723,0
3950,3,1,0,0,1.2738077005282964,0
3951,2,0,1,0,1.1692289887208038,0
3952,1,1,1,0,-0.4222569769905407,0
3953,2,0,0,0,1.5738001332909175,1
3954,3,1,0,0,1.1245315334232227,0
3955,2,1,0,1,0.7433461933836301,1
3956,1,1,1,1,-inf,0
3957,3,0,0,0,0.789710043619837,0
3958,3,0,0,0,0.2557465942093423,0
3959,2,1,1,1,-inf,1
3960,2,1,1,1,1.2944907733072732,1
3961,2,0,1,0,1.4927258592763883,0
3962,2,1,1,1,1.667295184379358,1
3963,3,0,0,0,1.864891197222668,0
3964,2,1,1,0,0.15487135598699608,0
3965,2,1,0,0,-0.057829010643447254,0
3966,1,0,1,0,-0.04465020011478937,0
3967,2,1,0,1,0.5124052990633401,0
3968,3,0,0,0,1.2316021210398003,1
3969,1,1,0,1,0.23956860387437257,0
3970,3,1,0,0,0.24402596233059148,1
3971,1,0,1,1,0.9570390354599051,1
3972,2,1,1,1,-inf,1
3973,2,0,0,0,0.13413574350130175,1
3974,3,1,0,0,-inf,0
3975,2,1,1,0,-0.24266661095374964,0
3976,2,1,0,0,-0.7629741164437129,1
3977,2,0,0,0,1.367933507843418,1
3978,2,0,0,0,-inf,1
3979,3,0,1,1,0.8609177745670191,1
3980,3,1,0,0,0.4172574968182654,1
3981,1,1,0,1,-1.1052182103781538,1
3982,1,1,1,1,-0.19974738193115943,0
3983,1,1,0,1,-1.5107601620356153,1
3984,1,0,1,0,0.3190972456622707,1
3985,3,1,0,1,-0.01160658781834678,0
3986,2,1,1,1,1.7262074100888345,1
3987,3,1,1,1,-inf,1
3988,2,0,0,0,0.9067299233420643,0
3989,1,0,0,1,0.43147117727775,1
3990,3,1,1,1,-inf,1
3991,1,0,1,0,1.8987455811657323,0
3992,3,1,1,0,-inf,1
3993,1,1,1,1,-0.07738057274159699,0
3994,1,1,1,0,0.11160429309457559,0
3995,2,0,1,0,1.4226379857063998,0
3996,2,1,0,1,-0.24404956531932365,0
3997,3,1,1,0,0.831263438160656,1
3998,3,0,0,1,0.9879157596084248,0
3999,1,1,1,0,1.36627095817325,0
4000,1,1,0,1,-0.03836436316621411,1
4001,2,1,1,1,2.3087209594587703,0
4002,2,1,0,1,-0.6584986455712676,0
4003,2,1,0,1,1.0888154467778235,0
4004,3,0,0,0,0.2758085189233844,0
4005,3,1,0,0,0.2840266864279568,1
4006,2,0,1,1,1.0241909876104738,1
4007,1,0,1,1,1.5097051945111768,1
4008,1,1,1,1,0.11151378350156316,0
4009,2,1,0,1,0.7173439867108347,1
4010,3,0,0,1,0.006475619825636381,1
4011,1,1,1,0,1.1451396579551705,0
4012,3,0,0,1,1.5429412762640082,1
4013,1,1,0,1,0.0034747019991443473,0
4014,3,1,0,0,-0.07892585166729471,0
4015,1,1,1,0,0.5243748958537975,0
4016,2,1,0,0,0.9079193549891049,0
4017,2,1,0,1,0.41703345259489977,0
4018,3,0,0,1,0.215461228592428,1
4019,2,0,1,0,2.253446892275573,0
4020,3,1,0,0,1.9263863100668484,0
4021,2,0,0,0,-0.6814179433435485,1
4022,2,1,0,0,0.44435312216073575,0
4023,2,1,0,0,0.38401614393446193,1
4024,2,0,0,1,-0.3697667983384304,1
4025,1,0,1,1,1.9912554172583894,1
4026,1,0,0,0,-1.0957968985997701,0
4027,3,1,0,0,0.4123734520119056,1
4028,2,0,1,1,1.8073523454783507,1
4029,2,0,1,1,0.7902289591329842,1
4030,2,1,1,1,0.17691920401506234,1
4031,3,0,1,0,1.8216018500793636,0
4032,1,0,0,0,-0.7627503725588111,1
4033,1,0,1,1,0.7485393139673401,1
4034,3,0,1,0,1.809286200851672,0
4035,2,0,1,1,1.5701636781921369,0
4036,2,0,1,1,-inf,1
4037,1,1,0,0,-1.0448807777969666,0
4038,3,0,0,0,-inf,0
4039,3,0,0,0,0.015194970313564538,0
4040,3,0,1,0,1.3413941909792584,1
4041,1,0,0,0,0.7310926904475009,0
4042,1,1,0,1,-0.1718342781424875,0
4043,1,1,1,0,-inf,0
4044,2,1,0,1,-0.8968014976171235,0
4045,2,1,1,1,1.588734850355487,1
4046,3,0,1,1,1.789979382342414,1
4047,3,1,0,0,1.803266307075883,0
4048,3,0,0,1,3.4234949322896693,1
4049,2,1,0,1,-0.33752789037657654,1
4050,2,0,0,0,0.867884243033382,0
4051,2,1,1,0,2.842173907055278,0
4052,2,1,1,0,1.065547938614257,1
4053,1,0,1,0,1.4073159378266626,1
4054,3,0,0,1,-inf,1
4055,2,0,1,0,1.7259740265650554,1
4056,2,1,0,1,0.597811304150068,0
4057,2,1,0,0,-inf,0
4058,1,1,0,1,-0.27713575656394074,1
4059,3,1,0,0,0.8958051959590041,0
4060,2,0,0,1,0.5056121778818606,0
4061,2,1,0,1,-0.2240897329735238,1
4062,2,1,0,0,0.5842397947143424,1
4063,1,1,0,1,-inf,0
4064,3,0,0,0,2.2469848105691845,0
4065,2,1,1,1,0.1716193622665816,1
4066,3,0,0,0,1.7515402670229938,1
4067,3,1,1,0,1.673068879850584,0
4068,2,1,0,0,0.382390667282758,0
4069,2,1,1,0,0.7124037156326782,1
4070,3,1,0,0,0.30583383892618066,0
4071,1,0,1,0,0.46131639171282335,0
4072,2,1,0,1,0.17195809001414172,1
4073,2,1,1,1,0.016477578592397513,1
4074,1,1,1,0,-0.6063149755581043,0
4075,2,1,0,0,0.3549509250354256,0
4076,1,1,1,0,-0.06387326136285254,0
4077,3,1,0,0,0.8154574961957315,1
4078,1,1,0,0,-1.229416351427703,1
4079,1,1,0,1,0.8400064355798009,0
4080,3,1,1,1,1.1113302173296862,1
4081,1,1,0,1,-0.35292947483487513,0
4082,1,0,0,0,0.20288126601866618,0
4083,3,0,1,0,2.9489733999112424,1
4084,3,0,0,0,1.0386148603009362,0
4085,2,1,0,1,-inf,1
4086,2,1,0,1,-inf,1
4087,2,0,1,0,2.602185229791753,1
4088,3,1,0,1,1.7145607280970387,1
4089,1,0,1,0,-inf,1
4090,2,1,0,0,1.136348144405967,0
4091,2,0,1,1,1.1267700292649536,0
4092,1,1,1,1,1.2597109854867972,0
4093,3,0,0,1,1.4998628096493745,1
4094,2,1,1,1,-0.21029440377506825,1
4095,2,0,0,1,1.2316941765060028,0
4096,2,1,1,0,-inf,1
4097,1,0,1,1,0.45851210681329285,0
4098,2,1,0,0,0.598928333808567,0
4099,2,1,0,0,-1.7885040554701692,0
4100,3,1,0,1,1.5833592924095838,1
4101,3,0,1,1,1.3599068316332383,1
4102,2,1,0,0,0.23806787729616163,0
4103,1,1,1,0,0.6436263341237494,0
4104,1,1,1,1,0.06891669931694122,1
4105,1,0,1,1,0.8806134850960887,1
4106,1,0,0,1,-inf,0
4107,3,0,0,1,1.4475630769042431,0
4108,2,0,1,1,2.233752689485666,1
4109,2,1,0,1,0.7643291514905421,0
4110,2,1,0,1,-inf,1
4111,2,0,1,0,1.5847796767943947,1
4112,3,1,1,0,2.5641295604071557,0
4113,2,0,0,1,0.26020491704011306,1
4114,1,0,0,0,-0.5487870011247764,0
4115,1,1,0,0,-0.5257852451462257,1
4116,2,1,1,1,1.5204832260439456,1
4117,1,1,1,1,-0.19002078193723632,0
4118,2,0,0,0,-inf,0
4119,2,0,0,0,0.8049461371665405,0
4120,3,1,1,1,2.3090513019933065,1
4121,2,1,1,0,0.41312799829573366,0
4122,3,0,0,0,1.5501909568712962,1
4123,2,1,0,0,-0.20695406897494178,1
4124,3,1,0,0,0.8375527208094494,1
4125,2,1,0,0,1.4166049790098112,0
4126,2,0,0,0,0.7538219417841703,1
4127,3,1,0,0,0.48157361130143533,0
4128,3,1,0,1,-0.15175425600637193,0
4129,2,1,0,0,-0.7584284320660015,0
4130,3,1,0,0,0.8914057964393821,0
4131,2,1,0,0,1.086660625479719,0
4132,3,1,1,1,0.5520994623755981,0
4133,1,0,1,1,0.26369316180731417,0
4134,3,1,0,0,0.5776985862710471,1
4135,1,0,1,1,1.279710408731821,0
4136,2,1,1,0,0.9454957071504471,1
4137,3,0,0,0,0.30484940924281856,0
4138,1,0,0,0,0.36686687652321837,1
4139,1,1,1,1,-0.07831051501017583,0
4140,1,1,1,0,-inf,0
4141,2,1,1,0,-inf,1
4142,2,1,1,1,0.40009117056660426,1
4143,3,0,1,1,3.26597986116244,0
4144,3,0,1,1,1.6214590804739775,1
4145,2,1,0,1,0.7336241328861979,0
4146,2,0,0,0,0.646998846745691,1
4147,3,1,0,0,1.5274791420842575,0
4148,2,0,1,0,0.3707276915637536,1
4149,1,0,0,1,0.3184310206339967,0
4150,1,0,0,0,0.21457863991550885,0
4151,2,1,1,0,1.4599959157071463,1
4152,3,1,1,1,0.6586964552061437,1
4153,3,1,1,1,-inf,1
4154,3,1,1,1,2.0389371179203675,1
4155,3,1,0,1,0.4988417288613399,1
4156,1,1,0,0,-0.5737272676577416,0
4157,2,1,1,1,1.1076338870261462,1
4158,2,0,0,0,1.9083426199054012,1
4159,1,0,1,0,0.5945595252814745,0
4160,3,1,0,0,0.011544116835861207,0
4161,1,1,1,1,0.7448414894727193,0
4162,2,1,1,1,0.9996701579150913,1
4163,3,1,1,0,1.9492158127272485,1
4164,2,0,0,0,1.163812949090256,1
4165,1,0,0,0,0.1600268237431537,0
4166,2,1,1,1,0.21440298644209266,0
4167,2,1,0,1,0.0620566312195055,1
4168,1,0,0,0,-0.38534488125839245,0
4169,1,1,0,1,-0.8216462772407853,0
4170,3,0,0,1,-0.36362969223432984,1
4171,2,0,1,0,2.3029183647913127,1
4172,3,0,0,0,-inf,0
4173,3,0,0,1,0.7092552578228428,1
4174,1,0,1,1,-inf,1
4175,1,1,0,0,-1.2732308222340794,0
4176,3,1,1,0,3.0727004737046384,0
4177,2,0,1,1,1.619495860740522,0
4178,1,1,0,1,0.056693242118567744,1
4179,2,1,1,1,0.23580839448329916,1
4180,2,1,0,1,-0.19250689764588563,0
4181,2,0,0,0,0.36372301203642843,1
4182,1,0,1,1,0.06547413607033115,1
4183,1,1,1,1,0.45649450429068134,0
4184,1,1,1,0,0.21562200814462745,0
4185,3,1,0,1,0.6615649325370827,1
4186,2,0,1,0,0.37110054114594193,1
4187,3,0,0,0,1.588762631245458,1
4188,3,0,1,1,3.1522885926045325,0
4189,1,0,0,0,0.1682644546682857,0
4190,2,1,1,1,0.4324682469917711,1
4191,1,1,1,0,0.22298693863892202,0
4192,1,0,1,1,1.296131518395953,1
4193,3,1,0,0,1.2865303801653347,1
4194,2,0,0,0,-0.3985185120776332,1
4195,3,0,1,0,2.0468167183022388,0
4196,1,0,1,0,1.6586838647495283,1
4197,3,0,1,1,-inf,1
4198,2,1,0,0,-0.882653486357116,0
4199,3,1,1,0,2.4767162815891335,1
4200,3,0,0,0,0.5252545361637228,1
4201,2,1,1,0,1.3625169989551837,1
4202,1,0,1,0,0.6551985249092473,0
4203,2,1,1,1,2.367802742882243,1
4204,1,1,0,1,-0.4057768990955982,1
4205,2,0,0,1,1.5780142771737258,1
4206,2,0,0,0,0.03228536591120901,1
4207,1,1,0,0,-1.1136593704757793,0
4208,1,0,0,0,-0.06579719242621408,0
4209,2,1,1,0,1.104360990721254,1
4210,1,0,0,0,0.10098445328719177,0
4211,2,0,1,1,0.8646881658658674,1
4212,2,1,0,1,0.4328608941599362,0
4213,1,0,1,0,1.5010694741127197,1
4214,1,1,1,0,0.7397095302018954,0
4215,3,1,0,1,0.6692845621471448,0
4216,3,1,0,0,-0.090669332297448,0
4217,1,0,1,1,0.6966841901296984,1
4218,3,0,1,0,2.752860230901656,1
4219,1,0,1,0,1.722369409939422,1
4220,3,0,1,1,1.8732581651907465,0
4221,1,0,1,1,0.27760983488375973,0
4222,2,0,0,0,1.5571398589386434,1
4223,3,1,0,0,1.5965763232720938,1
4224,3,1,1,1,1.1911819993719053,1
4225,1,0,1,0,-inf,1
4226,2,0,1,0,0.8297500195529846,1
4227,2,1,0,1,-inf,1
4228,1,1,1,1,0.9846265388620292,0
4229,3,1,0,0,1.4421106841320739,0
4230,2,0,0,1,-0.5230580304846761,1
4231,2,1,0,1,0.5020276286593988,0
4232,1,1,1,0,0.6659583098490912,0
4233,1,0,0,1,-0.3317966567417859,1
4234,3,1,0,0,1.086398030810651,0
4235,3,1,1,1,1.9572869096571759,1
4236,2,1,0,0,-inf,0
4237,3,1,0,0,1.755077992808328,0
4238,1,1,0,1,0.7261167800924984,1
4239,1,1,1,1,2.5782123539984205,1
4240,3,1,0,1,0.47493300330992644,1
4241,1,0,1,1,0.6194584399435255,1
4242,3,1,1,1,1.3319244248483004,0
4243,1,0,1,1,0.4893189750920466,1
4244,2,1,0,1,0.03568923943897126,1
4245,3,1,1,0,0.7892587611955761,1
4246,3,1,0,0,0.8076832546623528,0
4247,3,0,0,0,0.9263149639117088,1
4248,1,1,0,1,-0.28680594058644515,1
4249,2,1,1,1,-inf,1
4250,1,0,0,0,-0.12881165792207333,0
4251,1,1,1,1,-inf,0
4252,3,0,0,0,1.2290658288427834,1
4253,2,0,0,1,-0.7308712229543692,1
4254,3,0,0,1,2.3081824788618457,0
4255,3,1,1,1,1.4870792999165814,0
4256,1,1,1,0,0.32560222213865464,0
4257,3,0,0,1,-inf,1
4258,3,1,0,0,0.20838044442033332,0
4259,1,0,1,0,1.4428556026478025,0
4260,2,0,0,1,1.3963203704467448,1
4261,2,0,0,1,0.4720260690235893,1
4262,1,1,0,0,-1.9475817850654593,0
4263,3,0,1,1,1.1054093549584287,1
4264,3,0,1,1,1.9160144236263892,1
4265,1,0,1,0,-0.08298733157793581,1
4266,2,0,1,0,1.3717011179259075,0
4267,3,1,0,0,-inf,1
4268,3,1,1,0,2.181296963662213,1
4269,1,1,0,0,0.6334068931372125,1
4270,3,1,0,1,0.15926318727233935,1
4271,2,1,1,1,1.108430251231698,0
4272,1,1,0,0,0.3826249194310644,0
4273,1,1,1,0,0.5566758229657774,0
4274,1,1,1,0,-0.38999475117686594,0
4275,2,1,0,1,1.4935438991874905,0
4276,3,1,0,1,1.1378512763505642,0
4277,3,0,1,1,2.1033013625817003,1
4278,3,0,1,1,1.6044791198677297,0
4279,3,1,0,1,0.5347717886968861,0
4280,3,1,0,0,-inf,1
4281,3,1,1,0,1.9006258713774675,0
4282,2,0,0,0,-0.6294788126927682,1
4283,2,1,1,1,2.2238497630246723,1
4284,3,0,0,1,1.3358855566905083,0
4285,2,0,0,1,1.0283886300894447,1
4286,1,1,1,0,0.12434120802923926,0
4287,2,1,1,1,1.4488314740670996,1
4288,3,0,0,0,0.6589220766331843,1
4289,1,0,1,1,0.8073933290924973,1
4290,1,1,1,1,-inf,0
4291,3,0,0,1,0.25268305134123625,1
4292,1,1,1,1,0.6943943291039993,0
4293,1,1,1,1,0.24897601073352127,0
4294,2,0,1,0,0.968866160045919,1
4295,2,1,1,0,1.6940097999742836,1
4296,3,1,1,1,1.0893476272909566,1
4297,3,0,1,0,0.23010899262390683,0
4298,1,0,1,1,1.153719177122996,0
4299,2,1,0,1,0.3201434578423502,0
4300,2,1,0,1,-0.031788253893994034,0
4301,3,0,1,1,-inf,1
4302,3,0,0,1,-0.06426272423259993,1
4303,3,0,1,1,1.3971621326402974,1
4304,2,1,0,0,-0.5077887914137802,0
4305,2,0,1,1,0.6376973463185547,0
4306,1,0,0,0,-0.4387280560363914,0
4307,3,1,0,1,-inf,1
4308,2,1,1,1,1.7650641628298835,1
4309,2,0,1,0,1.2788531710364979,0
4310,3,0,0,0,0.5416209012132175,1
4311,3,0,0,1,1.9226418951271291,0
4312,1,0,1,1,0.020800448507486635,0
4313,1,0,0,0,0.3554101199563226,0
4314,2,0,0,0,0.33222934803250903,1
4315,2,1,0,1,-0.17270763707077785,0
4316,1,0,0,1,-0.2873746037025249,1
4317,3,0,0,1,0.5601127840013416,1
4318,2,0,0,1,1.2883367903044318,1
4319,3,0,0,0,1.418100859709892,0
4320,2,0,1,1,1.5952566461228952,1
4321,2,0,0,1,1.1093151961860275,1
4322,1,0,1,0,0.8013607405767136,1
4323,1,1,1,0,0.3088958507111214,0
4324,1,1,0,0,-1.3698626149324438,0
4325,2,1,1,1,0.43073329944772476,0
4326,2,0,0,1,1.0999474384118684,1
4327,2,0,0,1,0.8028410363528722,1
4328,3,1,1,0,1.0251193133399972,1
4329,3,1,0,0,1.3933223457153006,1
4330,1,0,1,0,0.8629636791995031,0
4331,1,1,1,0,1.0334379351357001,0
4332,2,1,1,1,1.9700359053900036,1
4333,1,1,0,0,-0.2669269353032138,1
4334,2,1,1,1,0.8570260187787735,1
4335,3,1,1,0,-inf,0
4336,3,0,0,1,-0.43320001408268416,1
4337,1,0,1,0,-0.30012703467823043,1
4338,2,0,0,0,-0.013487047973568811,1
4339,3,0,1,1,0.8006400088605956,0
4340,1,0,1,0,0.8909854714799155,1
4341,2,1,0,0,-inf,0
4342,2,0,0,1,0.2564458902320495,0
4343,1,1,0,1,0.4766824835562646,1
4344,3,0,1,0,2.08200158477405,1
4345,3,0,0,1,-inf,0
4346,3,1,0,1,0.7553881802329833,0
4347,2,0,0,0,0.339208182357574,1
4348,1,1,1,0,0.0883180431500436,0
4349,2,1,0,1,-0.682796857737503,0
4350,2,1,1,1,-0.09156850561113106,1
4351,2,1,0,1,1.122377766797335,1
4352,2,0,1,0,0.5744587919260842,1
4353,2,0,0,0,1.167758392614794,0
4354,3,1,1,1,1.7578083628030228,1
4355,2,0,0,1,0.8314700986365431,1
4356,3,0,0,0,1.2660061396640854,1
4357,3,1,1,1,1.768037906383624,1
4358,1,1,1,0,-0.17357086829578244,0
4359,1,0,0,0,0.21944458469918854,0
4360,2,1,0,0,-0.24896064879608082,0
4361,3,1,0,1,0.6315016561411682,0
4362,1,1,1,0,0.7954986159490971,0
4363,3,1,0,0,0.6769015175061261,0
4364,2,1,0,0,-inf,0
4365,2,0,0,0,1.6596605568070357,0
4366,3,1,1,0,-inf,0
4367,1,0,1,0,0.9816930046993502,0
4368,3,1,0,1,0.4463665841487228,1
4369,3,0,1,0,2.575438706807066,0
4370,3,0,0,1,1.9626868181332313,0
4371,2,0,1,0,1.4892886939636352,1
4372,3,0,1,0,2.799894251341444,0
4373,2,1,0,1,0.1044188704007511,0
4374,1,1,1,0,-0.49500655350305484,0
4375,3,0,0,0,0.3905377482126965,0
4376,2,0,1,1,0.8764822704577343,1
4377,1,0,0,0,-0.20824544550832835,1
4378,1,0,1,0,0.47971507570153127,0
4379,2,0,0,0,-0.012159861618788015,1
4380,1,0,0,1,0.37341898934657203,0
4381,1,1,1,0,0.29425507884676644,0
4382,2,0,1,1,1.0770793665215905,1
4383,1,0,1,1,1.5470525178187366,1
4384,2,0,0,1,0.775773443208958,1
4385,3,1,0,1,0.777075523173625,1
4386,1,1,1,1,1.046368947350232,1
4387,3,1,1,0,2.667248575770241,1
4388,3,0,0,0,1.0931884875489144,0
4389,3,0,0,0,0.609249880875363,0
4390,2,0,0,0,0.003623961131164255,1
4391,2,0,0,1,1.22643844851572,1
4392,1,1,0,1,-0.25139005855941565,0
4393,3,0,0,0,1.0784055670006534,0
4394,3,1,0,0,-0.20341180151561256,0
4395,1,0,1,0,0.33977409689889093,1
4396,3,0,0,0,2.4327631878956204,1
4397,1,1,1,0,0.2033503648864175,0
4398,3,1,1,1,2.022129870275453,1
4399,1,0,1,0,0.8678611563509968,1
4400,1,0,0,0,-0.9556397861526159,1
4401,3,0,0,0,1.5269149802462203,1
4402,1,0,1,0,0.7214216337157027,1
4403,2,1,1,1,-0.44252217125858007,0
4404,1,0,0,1,0.6666915187141927,1
4405,1,1,0,0,0.1446147246992217,0
4406,2,1,0,1,0.26233875109920657,1
4407,2,1,0,0,0.01968382925581405,0
4408,2,0,1,0,0.8053105172955055,1
4409,3,1,0,1,-inf,1
4410,3,1,1,1,0.5188765484320983,1
4411,2,0,0,1,1.2778286513817891,0
4412,2,0,1,0,-inf,0
4413,3,1,0,0,0.80605936460942,1
4414,1,1,0,1,0.04353498782962528,1
4415,2,1,0,0,1.4366860616365726,0
4416,3,1,0,0,2.0649719360364998,0
4417,2,0,0,0,0.1503309413966193,1
4418,1,0,1,1,-0.8986452774190546,0
4419,3,1,0,0,-0.2198151333615208,1
4420,1,1,0,0,-inf,1
4421,1,0,1,1,0.0588308545059395,1
4422,1,1,1,0,0.5860999744533444,0
4423,2,0,1,0,1.4712136833303189,0
4424,2,0,1,1,0.9750469968489104,0
4425,1,0,0,0,0.4320423447186209,1
4426,2,0,0,0,0.7838110161469557,1
4427,1,0,1,0,0.4591359300335196,1
4428,2,0,1,0,-inf,0
4429,3,1,0,0,1.5235403294167902,1
4430,3,0,1,1,2.211174511957889,1
4431,1,1,0,1,-0.22381392956102886,1
4432,2,0,1,0,0.8671816451798949,1
4433,1,0,0,0,-0.20945668958288888,0
4434,3,0,0,0,1.6359644536538611,1
4435,3,0,0,1,0.9733054139101825,0
4436,3,1,0,0,1.4863823760500927,0
4437,2,0,0,0,-0.3226300797376418,1
4438,2,0,1,0,1.9645368051820549,1
4439,3,1,0,1,0.35231285211259844,1
4440,1,0,1,0,1.568220144134488,1
4441,3,0,0,0,1.3365804277682705,0
4442,2,1,0,0,-0.01417186214563057,0
4443,2,1,1,0,1.6157322884254288,1
4444,2,0,1,1,2.1603313376547404,1
4445,2,1,0,0,0.045166932009184174,0
4446,1,0,1,1,-0.9601705200232385,0
4447,2,1,0,1,1.0777665610048623,0
4448,2,0,0,1,0.8162480654027491,1
4449,2,0,0,0,0.8623700171852331,0
4450,3,0,0,0,1.9868651818477614,1
4451,3,1,1,0,1.7881036023586525,0
4452,1,1,1,1,-0.2757284366420199,1
4453,2,0,0,1,0.15375699842927026,1
4454,1,0,0,1,-0.23765135784998456,1
4455,2,1,1,1,0.6023242255014276,1
4456,2,1,0,0,1.3370311606666654,0
4457,2,0,0,0,-inf,0
4458,3,0,0,1,0.9128885350540159,1
4459,2,1,0,1,0.16469351344279706,1
4460,3,0,0,0,1.4990381581949723,0
4461,1,0,1,0,1.3512402525707947,1
4462,3,0,0,0,0.1799191520103105,1
4463,2,0,0,0,0.5922542474203918,1
4464,2,0,1,0,1.6782192118937092,0
4465,1,0,0,1,-0.42895723758035936,1
4466,2,0,0,1,-0.6214576434933121,1
4467,3,1,1,1,1.6326798752107134,0
4468,2,0,1,0,0.7810438127685955,1
4469,1,0,0,1,-0.19598807873717672,1
4470,2,1,1,1,0.4189221249003334,0
4471,3,0,0,1,1.0400608296772946,0
4472,2,0,0,0,0.32677500514266056,0
4473,3,1,0,0,1.463629025842343,0
4474,1,1,1,0,-inf,1
4475,1,0,0,0,-inf,0
4476,2,1,1,1,1.271698334355459,0
4477,2,0,0,1,0.07181157740328287,0
4478,3,0,0,0,0.22085701442610373,1
4479,2,0,0,1,-0.2570356512548755,1
4480,2,0,1,1,1.3442416237163854,1
4481,2,1,1,0,1.475439967081371,0
4482,3,0,0,1,-0.2976953448663635,1
4483,2,0,0,1,0.4637154323910155,1
4484,1,0,0,0,0.42039773339731745,0
4485,2,1,0,0,0.7766191511085452,0
4486,2,0,0,1,0.8235898723305191,1
4487,2,1,1,0,0.7814019963509602,0
4488,2,1,0,1,1.7942035017752653,0
4489,3,1,1,0,1.2026978702954159,0
4490,2,0,1,1,2.284301509444058,1
4491,2,1,1,0,0.27527897422148573,1
4492,3,0,0,1,-0.31231348809059556,1
4493,2,0,0,0,1.583128639410324,1
4494,2,1,1,1,0.8839928899994836,1
4495,1,1,1,0,-inf,0
4496,3,0,0,1,0.5641181717333813,0
4497,1,1,0,1,-inf,0
4498,2,1,1,0,0.8694942619217052,1
4499,2,1,1,0,-0.07544731075923661,0
4500,3,0,0,0,1.0547514861501615,1
4501,1,1,0,1,-0.13899253785453136,1
4502,3,0,0,0,0.9779765816402624,0
4503,3,1,0,1,1.433930217458749,1
4504,3,0,0,1,1.9226746366414187,0
4505,2,1,0,0,0.2519009106847512,0
4506,2,1,0,0,-inf,1
4507,3,1,0,1,0.457931803626777,1
4508,2,1,0,0,-0.16990336784927212,0
4509,3,0,0,1,-inf,1
4510,3,0,0,0,2.035852430840876,0
4511,1,0,1,0,0.558064329205033,0
4512,1,1,1,0,0.4156905797112525,0
4513,2,1,0,0,-inf,0
4514,3,0,1,1,1.7777409036695933,0
4515,3,0,0,0,0.7617141294283801,0
4516,2,1,0,0,0.25883385558741145,1
4517,1,0,0,0,-0.16992332772096808,1
4518,2,0,0,0,-inf,1
4519,2,1,1,1,1.4791289479481888,1
4520,2,0,0,0,0.498834770447007,0
4521,2,0,0,1,0.11116145343426131,1
4522,3,0,0,0,1.6616625680604387,0
4523,3,1,0,0,1.1501110721210983,1
4524,1,1,1,1,1.3862783319893264,0
4525,2,1,0,1,-inf,0
4526,2,1,0,1,0.9810091581462377,1
4527,2,1,1,0,2.1827293479927983,1
4528,3,1,0,0,2.964115628107649,0
4529,1,1,1,1,0.06018973539590128,0
4530,1,0,1,1,0.6291539903121675,0
4531,2,1,0,0,0.3809714042700355,1
4532,1,0,1,0,-0.020033966569703465,0
4533,2,1,1,0,-inf,1
4534,3,1,0,0,1.667880127494643,1
4535,3,1,1,1,0.613437032404911,1
4536,3,0,0,0,0.6205734329556383,1
4537,3,0,0,1,0.49575681187708087,1
4538,3,1,1,0,-inf,1
4539,2,1,0,0,-0.4694204659472874,0
4540,1,0,1,1,0.2158202136422006,0
4541,1,1,1,0,1.3615469858333697,0
4542,2,1,0,0,-0.8415351472751296,0
4543,3,0,1,1,0.7321901085419624,1
4544,3,1,0,1,-inf,1
4545,3,1,0,1,-inf,1
4546,1,1,1,1,0.8940901686072547,0
4547,2,1,0,0,-0.46374579832400525,0
4548,3,1,0,1,0.5530731670852337,1
4549,2,0,0,1,-inf,1
4550,1,1,0,0,-0.600288926084099,1
4551,2,1,0,0,0.4025592649398043,0
4552,2,0,1,1,0.7221266020154352,0
4553,2,0,0,0,-0.438874541086434,1
4554,3,0,0,0,0.8142419784159851,1
4555,2,1,1,0,1.676284561723802,0
4556,1,1,0,0,-0.813869357532082,0
4557,2,1,1,1,0.41946405438245293,1
4558,3,0,0,1,0.7975419983355736,0
4559,1,0,1,1,1.9926963125596124,1
4560,3,0,0,0,1.3492769085011027,0
4561,3,1,1,1,1.9305402794210549,1
4562,2,1,0,1,0.7749260787849681,0
4563,3,1,0,1,-inf,1
4564,3,0,0,0,1.3514659001544114,0
4565,3,1,1,1,1.584639349177644,1
4566,3,1,1,1,-inf,1
4567,2,0,0,0,0.4717535803710668,1
4568,3,1,1,0,1.9572675271552002,0
4569,1,0,1,1,-inf,1
4570,2,1,1,1,0.04513419039093891,1
4571,2,1,1,1,2.2120445354509375,0
4572,1,0,0,0,-0.18858173834343506,0
4573,3,0,1,0,1.1571831029097637,1
4574,1,1,1,1,0.8841395738473234,0
4575,3,1,0,1,-0.02133693340250542,0
4576,1,0,1,1,-inf,0
4577,3,0,1,0,2.970418570304676,0
4578,1,0,0,0,-0.927574436325838,1
4579,3,1,0,1,0.14053949368648277,1
4580,1,0,0,1,0.3859771004192183,0
4581,1,0,0,0,-1.4483968752696348,1
4582,2,0,1,1,1.336751740673623,1
4583,1,1,1,1,0.06893832291516072,0
4584,1,1,0,1,-1.3599262518037496,1
4585,1,1,1,1,1.0610968066642597,0
4586,1,1,1,1,0.22492528071610837,1
4587,3,0,0,1,1.084782103051788,1
4588,3,1,1,0,2.0519695671686886,1
4589,1,1,0,1,-inf,1
4590,2,1,0,1,-0.7687346400467372,0
4591,1,1,1,1,-0.16554598271923476,0
4592,2,1,0,1,1.836517579822717,0
4593,2,1,0,0,-0.9472314265209978,1
4594,3,0,0,0,-inf,1
4595,3,1,1,0,1.066216374279688,1
4596,1,1,1,1,0.4720956098928206,0
4597,2,1,1,1,1.6393548474242388,1
4598,3,1,0,0,-inf,0
4599,1,1,0,1,-0.47615181591664796,1
4600,1,1,0,0,-0.06903409520605336,1
4601,3,1,0,0,0.933215763381692,0
4602,2,1,0,0,0.6167911329057598,0
4603,1,0,1,0,1.1437587337142148,1
4604,1,1,1,1,0.09924937780579118,1
4605,2,1,1,1,0.48908941090878044,0
4606,3,0,1,0,1.6043577264278233,0
4607,3,1,0,0,1.7757697963625483,0
4608,2,0,0,0,-inf,0
4609,1,0,1,1,1.8637689092232388,0
4610,1,1,1,1,-0.31136936196941073,0
4611,3,0,1,0,1.8674577626974291,0
4612,3,0,0,0,0.6705296812949363,0
4613,2,0,0,1,0.5170447451968416,1
4614,2,1,0,0,-0.2709253032782109,0
4615,1,0,0,0,-inf,1
4616,2,1,0,1,-0.0628042960067306,0
4617,3,1,0,1,-0.17989664662037486,0
4618,1,0,1,0,-inf,0
4619,2,0,1,1,1.723203210748455,1
4620,2,1,0,0,0.5459308352002172,0
4621,1,0,1,0,1.5862650615818692,1
4622,2,1,1,1,2.107056779032173,0
4623,1,1,1,1,0.6510600420065391,1
4624,3,1,0,0,-0.02454902304262696,0
4625,3,1,0,0,1.6020323955034652,1
4626,1,0,0,1,0.6706917774363278,1
4627,3,1,0,0,0.3431106326126427,0
4628,1,1,1,1,-inf,0
4629,2,1,1,1,0.21890393602827818,0
4630,3,0,0,1,1.184126675727558,1
4631,2,1,1,0,0.475395188975798,1
4632,2,1,0,1,0.3378188070854009,0
4633,1,1,0,1,-0.8659753280101202,1
4634,1,0,1,1,0.9605496018987107,0
4635,3,1,0,0,1.4003896240582874,1
4636,2,0,1,1,1.3168296719086017,1
4637,3,1,0,0,-inf,0
4638,2,0,0,1,-0.06362067955081585,1
4639,2,1,0,1,-0.9502185115708635,1
4640,2,1,1,0,-0.29154330536825634,1
4641,2,1,0,0,-0.5335425616027953,0
4642,2,1,1,1,1.8707917929084399,0
4643,2,0,1,1,0.5371762238967212,1
4644,3,1,0,1,-inf,1
4645,3,1,1,1,1.6452557608145961,1
4646,2,1,0,0,-0.8264692116902492,0
4647,1,1,1,1,0.9106196788357324,0
4648,2,0,0,0,0.7636332457805279,0
4649,1,0,0,1,-inf,0
4650,2,1,0,1,-0.708366489743067,0
4651,2,1,0,1,-0.1459617698662231,0
4652,1,1,1,0,0.08986245016865874,0
4653,2,0,1,1,-inf,1
4654,2,1,0,0,-0.12018831073822062,0
4655,1,1,0,1,0.2880766653287367,1
4656,3,1,1,1,1.9718755552002232,1
4657,2,1,0,0,-0.5489739466161505,1
4658,2,0,0,0,1.30496850652831,1
4659,2,1,1,1,-inf,0
4660,1,0,1,1,1.1126453886389676,1
4661,2,0,1,0,0.22662416868936974,0
4662,1,0,1,0,0.4074542590265935,0
4663,1,1,1,1,0.38051620650253215,0
4664,3,1,1,0,-inf,1
4665,2,1,1,0,2.490808797162358,0
4666,3,1,1,0,2.2612575626159543,0
4667,1,0,1,0,0.35412393522551466,1
4668,1,1,1,0,0.7892790263202993,0
4669,2,0,0,0,0.44493278485280097,0
4670,2,0,0,1,-0.27902617968187016,1
4671,1,0,1,0,0.3901982049822968,1
4672,1,1,1,0,0.360896605281913,0
4673,2,1,0,0,-0.610756950827378,0
4674,1,0,1,0,1.508595580766264,0
4675,3,0,0,0,0.3464597590968166,0
4676,1,0,1,1,1.0776525628955804,1
4677,2,1,0,0,0.4792286721694086,0
4678,2,1,1,1,1.2528454699816431,1
4679,1,1,1,1,1.9300449972254825,0
4680,3,1,0,0,0.1709502595662733,1
4681,3,1,0,1,-inf,0
4682,2,0,1,1,2.853530291080414,1
4683,1,1,1,1,0.2741363721969875,0
4684,1,0,0,1,-inf,0
4685,1,1,1,0,1.6284201672239966,0
4686,3,0,1,1,2.942299078738868,0
4687,1,1,1,0,1.5093317963869366,0
4688,2,0,1,1,-inf,1
4689,1,1,0,1,-0.8937669585007252,0
4690,1,1,1,0,-inf,0
4691,2,0,1,1,-inf,1
4692,3,1,0,0,0.9374617761104054,0
4693,3,1,0,0,0.6688389687599635,1
4694,2,1,1,1,0.5308625151873068,1
4695,1,0,1,1,0.9390201933097905,1
4696,1,1,0,1,-inf,1
4697,2,0,0,1,-0.14751313681267197,1
4698,3,1,0,1,-0.01700855118967226,1
4699,3,0,0,0,-inf,0
4700,1,1,0,0,0.8632836545894707,1
4701,2,0,0,1,0.8684883321682051,1
4702,2,1,1,0,2.005278296294506,1
4703,2,1,1,0,-0.14354996957268162,0
4704,2,0,0,1,0.6466512326928477,0
4705,3,1,0,1,1.3379648385984435,0
4706,1,0,1,0,0.8583885407354096,1
4707,3,1,0,0,0.3861429536990119,0
4708,2,1,0,1,-0.29799311204998813,0
4709,3,1,0,1,1.090003149320327,1
4710,2,1,0,0,-0.022830531849375946,1
4711,1,1,0,1,0.1956359022932908,0
4712,1,0,0,1,0.21793726707093125,1
4713,1,0,1,0,0.502630480900789,1
4714,2,0,1,1,0.988008355831564,1
4715,2,1,0,0,-inf,0
4716,2,0,1,0,0.41753113401393205,0
4717,2,1,1,1,2.703080226371604,1
4718,3,0,0,0,-inf,1
4719,3,1,0,1,0.7317590875899995,1
4720,3,0,0,0,2.183282617980449,1
4721,2,0,1,1,1.4129108489219602,0
4722,3,1,0,0,0.7044663265714932,0
4723,3,0,0,0,1.0242326310269034,1
4724,1,1,0,1,-0.8003489841995097,1
4725,2,0,0,1,-inf,1
4726,1,1,0,0,-0.26649660010530346,0
4727,3,1,0,1,-0.0013115595004312697,0
4728,1,0,1,1,0.9836496573613828,1
4729,3,0,0,1,1.6485338689789164,1
4730,2,1,0,0,0.2797514730529303,1
4731,1,1,1,1,0.873437846142691,0
4732,2,1,0,1,-1.1820831107599783,1
4733,2,1,0,1,-0.8051240521571046,0
4734,2,0,0,1,1.18032556524096,1
4735,2,0,1,0,1.3903819813700014,1
4736,1,0,1,1,1.1408935285821704,1
4737,3,0,0,0,-0.5266692760761547,0
4738,2,0,0,1,1.1248298669509391,1
4739,2,1,1,1,1.377190639068802,1
4740,1,1,1,1,-0.10080937913518301,0
4741,3,0,0,1,0.4067102185819905,0
4742,1,0,1,1,0.7821175698126093,1
4743,2,0,1,1,1.0984188224999336,1
4744,1,1,1,1,-0.3950006769066889,0
4745,2,1,0,0,0.12969854578048068,1
4746,2,0,1,1,1.4097261480451235,1
4747,3,0,1,0,1.397915733297018,1
4748,3,0,0,0,0.9533074109314682,0
4749,3,1,0,1,0.5225985548832867,1
4750,2,0,1,1,1.1998135901644615,1
4751,3,0,0,1,-0.10548052838943822,1
4752,1,1,0,1,-0.8652154185161762,1
4753,1,1,0,0,-0.05271508305496808,0
4754,3,0,0,0,-0.47684911338244396,1
4755,3,1,0,0,0.4546673365471375,0
4756,3,1,0,0,0.13756594346848305,0
4757,1,1,1,0,2.273661436080244,0
4758,3,0,0,1,1.4013414979840846,1
4759,2,1,1,0,-0.3587610242656458,1
4760,1,1,0,1,-0.45811895861177104,1
4761,3,1,0,0,-inf,0
4762,2,1,0,1,0.25227810792419514,0
4763,1,0,1,1,-0.057180953706388093,0
4764,2,0,0,1,0.5711913248886341,1
4765,3,1,1,0,1.462395258386176,1
4766,2,1,1,1,2.1184680093908597,0
4767,3,0,0,1,0.4407151544637524,1
4768,2,0,0,1,0.088254027853642,1
4769,3,0,0,1,1.1684187081774602,1
4770,1,1,0,0,-0.6340424772977199,1
4771,2,1,1,1,1.0778764144324675,0
4772,2,0,0,1,1.5801411117680968,1
4773,1,1,1,1,0.21742144074718203,0
4774,2,1,0,0,0.5481782760854256,1
4775,2,0,1,1,0.8628533664707969,1
4776,1,1,0,1,-0.6717634334856406,0
4777,2,0,0,0,-0.4356228641344234,0
4778,3,1,0,1,-inf,1
4779,2,1,0,0,-inf,0
4780,2,0,0,0,0.9252096931650973,1
4781,2,1,0,1,-1.1569761639661895,0
4782,2,1,0,1,-0.07947866584136709,1
4783,3,0,0,0,1.5421638626408778,0
4784,2,0,0,0,0.4583045039944758,1
4785,3,0,0,0,0.8725176475541117,0
4786,2,0,0,0,-inf,1
4787,1,0,1,0,0.6873275810951527,1
4788,1,0,0,1,-1.1419187004904559,1
4789,1,0,1,0,0.8556360068348092,1
4790,1,1,0,1,0.07115224406105636,0
4791,1,0,1,1,1.1256581536777632,1
4792,3,1,1,1,1.0606089103390168,1
4793,3,0,0,1,1.9057451990521663,0
4794,1,1,1,1,1.136546171128477,0
4795,1,1,0,1,0.9317467855596808,0
4796,2,1,1,1,1.0953056659407678,0
4797,2,0,1,0,1.0109010720925735,1
4798,3,1,0,1,0.751634449984426,1
4799,2,0,0,0,0.021372757712769475,1
4800,3,1,0,1,0.7158673975050203,1
4801,3,0,1,0,2.135097892251255,1
4802,2,1,1,1,0.2586055097578388,0
4803,3,0,1,1,1.7317454932587801,1
4804,2,0,1,0,0.7387840528420376,0
4805,3,0,1,1,-inf,0
4806,3,0,0,0,1.514965067693399,0
4807,1,1,1,1,1.2403277769790952,0
4808,1,1,0,1,-0.6718128611773873,1
4809,1,0,1,0,0.8029241734895215,1
4810,1,1,0,1,-0.4334048207125248,1
4811,2,1,0,0,-0.40700359659780466,0
4812,1,0,1,1,-inf,1
4813,3,0,0,1,1.09394054373279,0
4814,2,1,1,0,1.6430528818164887,0
4815,2,0,0,0,0.6001132589436969,0
4816,3,1,0,0,2.1784459254702266,0
4817,3,0,1,1,1.6961726275286244,0
4818,1,0,1,0,0.5438263696111689,0
4819,1,1,0,1,0.06332552424269139,1
4820,2,0,0,0,1.1839190703168727,0
4821,3,1,1,1,2.259455346526903,1
4822,2,1,0,0,-inf,0
4823,1,1,1,1,-0.5963318811360643,0
4824,3,1,0,1,1.3186901024882585,1
4825,3,0,0,0,1.1876380094984693,0
4826,2,0,1,0,1.9647498805539552,0
4827,3,0,0,0,1.86632869559814,0
4828,2,1,1,0,-inf,1
4829,1,0,1,1,0.560134337393356,1
4830,3,0,0,0,1.2671725835387742,1
4831,1,1,1,0,0.07222212873200323,1
4832,1,1,0,1,0.44144749394299504,1
4833,3,1,0,1,1.2582333079984247,1
4834,1,0,0,1,-0.578815888347805,0
4835,1,1,0,1,-0.32079428667063137,1
4836,2,0,1,0,-inf,0
4837,2,1,1,1,1.4777909591276768,1
4838,3,1,0,1,0.312944043615836,1
4839,2,1,1,1,0.8259980825252025,1
4840,3,0,0,1,0.5726739926699329,1
4841,3,0,0,0,1.3520828060849812,1
4842,2,0,1,1,2.3866473272482516,0
4843,1,1,1,1,-0.16675094995448053,0
4844,2,0,0,0,0.7345034130802657,0
4845,1,1,0,0,-1.5541843368124797,1
4846,2,1,1,0,-inf,1
4847,3,0,1,1,2.464106602503761,1
4848,1,1,0,0,-1.6085780069663325,0
4849,3,0,1,0,1.368126550359562,1
4850,2,1,0,1,-inf,0
4851,3,1,0,1,0.13504672161096054,0
4852,2,1,0,1,-0.1767297395841959,0
4853,1,0,1,1,1.2791998910956424,1
4854,3,0,0,1,1.1275131278594173,1
4855,3,1,0,1,-0.2914519333814143,1
4856,2,1,1,1,2.0614525544178823,1
4857,3,0,0,1,1.487807833630988,1
4858,3,0,0,0,1.4575270816513846,1
4859,2,1,0,0,0.7280654056490987,0
4860,2,1,1,0,1.4063622153945354,0
4861,2,0,0,0,0.8624015675273082,0
4862,2,1,0,1,-inf,0
4863,2,1,1,1,-0.04117992805893422,1
4864,1,0,0,0,-0.5713540888848543,0
4865,2,1,0,1,0.06746712893639656,0
4866,1,1,1,0,1.0469741706125433,1
4867,2,1,1,1,0.5745673009746923,0
4868,3,1,1,1,2.0599624007470574,0
4869,1,0,1,1,1.1733737213334434,1
4870,3,0,0,1,0.8703370405057396,1
4871,3,1,0,1,0.5965801206231183,0
4872,1,1,0,0,-0.26350990605534896,0
4873,1,0,0,0,-0.825282613487492,1
4874,1,1,1,1,0.7453360299761236,0
4875,2,0,0,0,0.5023001282205144,1
4876,2,1,0,1,0.6320958311145113,0
4877,2,1,1,1,0.11947201390425977,1
4878,1,1,0,1,-inf,0
4879,2,1,1,1,1.4680660480725811,1
4880,2,1,1,1,0.8698288874430581,1
4881,3,1,0,1,0.6111102305262288,0
4882,2,1,1,1,0.18645809398766988,1
4883,2,1,0,0,-0.2794729996304642,0
4884,2,1,0,1,0.580062859963471,1
4885,2,0,1,0,0.8886449643180958,0
4886,1,1,1,1,-0.2075429054866656,0
4887,3,1,0,0,1.9983218766496478,0
4888,2,0,0,1,-0.6220159266666367,1
4889,1,0,1,1,1.8274502771603158,1
4890,1,0,1,1,-inf,0
4891,1,1,1,0,1.3333389230113313,0
4892,1,1,1,0,0.49111441888922713,0
4893,3,1,0,0,1.3138656857922213,1
4894,2,0,0,0,-inf,1
4895,2,1,0,0,1.1707026456107466,0
4896,2,0,1,1,0.9156525769901709,1
4897,3,1,0,1,-0.12085557559716409,1
4898,2,0,0,1,0.2772212275791642,0
4899,3,0,0,0,1.2773477088306648,0
4900,2,1,0,0,0.5192116101887086,0
4901,1,1,1,0,-0.7202190864326954,0
4902,3,0,0,0,0.7313498918574712,0
4903,3,0,0,0,0.4725307703738374,1
4904,1,0,1,1,1.2631528001191636,1
4905,2,0,1,0,1.0425530664336846,1
4906,2,0,1,1,0.7915401351190194,1
4907,1,1,1,0,-0.5957113099717319,1
4908,2,0,1,1,1.0842915732732268,1
4909,3,1,0,1,0.3826950454876328,0
4910,3,1,1,0,2.4208130798416665,1
4911,3,1,1,1,1.2948852408957516,1
4912,3,1,1,1,1.3914927008016376,1
4913,3,1,0,1,1.2736375610641644,1
4914,3,0,0,0,2.007834830637571,0
4915,3,1,0,1,0.9712611509491357,0
4916,1,0,1,1,0.26264344695331204,1
4917,2,1,1,1,-inf,1
4918,1,1,0,1,-1.338164446653592,1
4919,2,1,0,1,-inf,1
4920,1,1,1,0,-1.0977496993766995,0
4921,1,0,1,1,0.6465436607821583,0
4922,2,1,1,1,0.6645345210857867,0
4923,2,0,0,0,-0.0642616105803151,0
4924,3,1,0,1,0.9034738306327543,0
4925,1,0,0,1,-inf,1
4926,1,0,0,0,1.0971198499270756,0
4927,1,0,1,0,-0.48067361066820047,0
4928,2,1,0,1,-0.21180114212771217,0
4929,1,0,0,0,0.7129561258700223,0
4930,1,0,1,1,1.177232088336102,1
4931,2,1,0,0,2.0909441089687344,0
4932,2,1,1,0,0.07933785909202451,0
4933,1,1,0,0,0.31412816236633795,0
4934,2,0,0,1,1.347483990832454,0
4935,1,1,1,1,1.9277087826414712,0
4936,2,0,0,1,-inf,1
4937,3,1,0,0,0.4199629305098533,1
4938,3,1,1,0,1.675096635690591,1
4939,3,1,1,1,2.8582616118281994,0
4940,2,1,0,1,-0.49605915349524204,1
4941,1,0,1,0,0.8090938271465968,1
4942,1,0,0,0,-0.9629767106445377,0
4943,2,0,1,0,-0.4674955027226593,0
4944,2,1,1,0,0.5678090408847721,0
4945,1,0,0,0,-0.1323925001934631,1
4946,2,1,1,1,0.36290590115161114,1
4947,1,1,1,1,-inf,0
4948,1,1,0,1,0.24262025043707697,1
4949,1,0,0,0,0.05757230544919842,0
4950,3,0,0,1,-inf,1
4951,2,1,0,0,0.6947031397855166,1
4952,1,1,1,1,-inf,0
4953,1,0,0,0,-0.6717199660362465,1
4954,3,0,0,0,0.9123395271052608,1
4955,1,0,1,1,-0.10707742392874564,1
4956,2,0,0,0,0.6804985575605813,0
4957,1,1,1,0,0.8667799439647275,0
4958,2,0,0,0,-inf,1
4959,3,0,0,1,1.476413608456046,1
4960,2,1,0,0,0.11345001732218521,0
4961,2,1,1,1,0.9208912345861143,0
4962,1,0,0,1,0.07856659352117362,1
4963,1,0,1,1,-inf,1
4964,2,0,0,1,0.28008234384041564,1
4965,3,0,1,1,3.1823976793274342,1
4966,3,1,0,1,1.5554735026005921,1
4967,2,1,1,0,-0.09089451096664458,1
4968,3,1,0,0,0.14755595606666805,0
4969,2,0,0,0,0.8629006743024155,1
4970,3,0,1,0,1.247857980311518,1
4971,2,1,1,1,2.6807670737336884,1
4972,1,1,1,0,0.9278182640086186,0
4973,2,1,1,1,1.2680802485302411,1
4974,3,0,0,1,0.35323635619378724,1
4975,2,1,1,1,-1.3830340456896204,1
4976,3,0,0,1,0.8481240347791603,1
4977,2,1,1,0,-0.004462559747809847,1
4978,1,0,0,1,-0.3503132245117244,1
4979,1,1,1,0,0.6129098790388589,0
4980,1,0,1,1,0.7010718974946735,1
4981,2,0,1,1,3.8210631888565025,1
4982,1,0,0,0,-0.9903406911808881,0
4983,2,1,0,0,0.28931384139566924,0
4984,3,0,0,1,1.580784776779784,1
4985,1,1,1,1,-inf,0
4986,2,0,0,0,1.7648020187875653,0
4987,1,1,0,0,0.009016567360760008,0
4988,2,1,0,0,-inf,1
4989,1,0,0,0,0.4009796129099118,0
4990,3,1,0,1,1.3336666223672768,0
4991,3,1,0,0,-0.6846598951481566,0
4992,3,1,1,1,2.32952101630109,1
4993,2,1,0,1,-1.2358326823391794,0
4994,2,0,0,0,0.8200429928835905,0
4995,2,0,1,0,2.1973626034512215,0
4996,3,0,0,0,2.20236901094741,0
4997,2,1,0,0,-1.389929237400265,0
4998,3,1,0,0,0.48754352038434984,0
4999,1,1,0,1,-0.25291250485311845,1
5000,3,0,0,0,-0.13382991401935684,0
5001,3,1,1,0,1.6985403468662175,0
5002,2,0,0,0,0.5098159528245336,1
5003,2,0,0,1,-0.2651981903463786,1
5004,2,1,0,0,0.2950807805228842,1
5005,3,0,1,0,0.8604538753495659,1
5006,1,0,0,1,-0.5776476151880665,0
5007,2,1,1,0,0.9191232022813834,1
5008,2,1,1,1,-0.26033663139791585,1
5009,2,1,0,1,-0.24739770652817877,0
5010,1,1,0,0,-1.2792224146401918,1
5011,3,0,1,1,1.1495649224369404,0
5012,2,1,1,1,0.37313236347324086,1
5013,2,1,1,0,1.5488965165268689,0
5014,2,0,0,0,0.3621983362382554,0
5015,1,1,0,1,0.9901832133163979,1
5016,1,0,1,1,0.2711306813367344,1
5017,2,1,0,1,0.7123480397958342,0
5018,1,0,0,1,-0.049437726173620036,1
5019,1,0,0,1,-0.5367647568271721,1
5020,2,0,0,0,-0.31095479082673205,1
5021,3,1,1,1,2.159958058760071,1
5022,3,1,1,1,1.8707366732323787,1
5023,2,1,0,0,1.1926429270189187,1
5024,3,0,0,0,-inf,0
5025,1,0,1,1,0.8551021407029381,1
5026,1,0,1,1,0.40400075269943175,1
5027,2,1,0,1,-0.8919697067211809,1
5028,3,0,0,0,1.8192209766586207,1
5029,3,1,0,1,-0.2465527027025245,0
5030,3,0,0,1,2.6345132906164626,0
5031,1,1,0,0,-0.6016316833956846,1
5032,3,1,1,1,1.135242502447701,0
5033,1,0,0,0,-0.3557354053575369,1
5034,2,0,0,1,-inf,1
5035,3,1,1,1,1.9030616224839982,1
5036,1,0,0,0,-0.9110434885025227,1
5037,3,1,0,1,0.7592979518727807,1
5038,2,0,0,1,0.18748038778594106,1
5039,2,0,0,0,1.6639278909191917,1
5040,3,1,1,0,2.997669973385416,1
5041,2,1,1,1,0.219764787623294,1
5042,2,0,0,0,0.2063277339936504,1
5043,2,0,0,0,-inf,1
5044,1,1,1,1,1.2422517337149377,0
5045,2,1,0,1,0.1629259868818072,0
5046,1,1,0,1,-1.2119030183461252,0
5047,3,0,0,1,2.040864491255004,1
5048,2,0,0,0,0.2645236837756843,1
5049,2,1,0,1,-0.24463729799904044,0
5050,1,0,0,1,-inf,0
5051,2,1,1,1,1.2952826188164066,1
5052,2,1,0,0,0.7374377691738145,0
5053,2,0,1,0,1.693803466108383,0
5054,3,1,1,0,-inf,0
5055,1,1,0,0,-0.3347926840419884,1
5056,3,0,0,0,1.7154840522930765,0
5057,3,1,0,0,0.9377272570510091,0
5058,1,0,1,1,-0.5983408470064121,1
5059,3,1,1,1,-inf,1
5060,2,1,0,0,-1.0408546433295252,0
5061,3,0,1,1,2.4712518367180616,0
5062,3,1,1,1,-inf,0
5063,2,1,0,1,-0.5962437650938281,1
5064,3,1,1,0,1.7862843636733337,1
5065,1,0,0,1,1.0100778284232699,1
5066,2,1,0,0,1.0262704187963443,1
5067,2,0,0,0,0.4905061834853142,0
5068,1,0,0,1,-0.019527210872510123,0
5069,1,0,0,1,0.02218655071397309,1
5070,1,0,1,1,0.7531141818802315,1
5071,3,0,0,0,0.5192078473984906,0
5072,1,1,0,0,-0.06985630027913159,1
5073,1,0,0,0,-0.6305848324816713,0
5074,2,1,1,1,1.2544898381665686,1
5075,3,1,1,1,2.839357809543197,1
5076,2,1,0,1,1.6786563873232923,1
5077,3,0,0,1,0.3896541272608377,1
5078,2,1,0,0,1.2824186873211953,1
5079,3,0,1,1,2.502078621458285,0
5080,3,1,0,0,-1.010026501981709,0
5081,2,0,1,1,1.8590870487180595,1
5082,3,1,0,0,1.300800208352288,0
5083,2,0,1,0,1.2925682279341049,1
5084,2,1,1,1,-0.9046524210114373,1
5085,2,0,1,0,1.0430651717709252,0
5086,2,1,0,1,-inf,0
5087,1,1,1,0,0.15693137414978414,1
5088,2,0,1,0,0.7191304116158201,0
5089,3,0,0,1,0.8594935525780847,0
5090,3,1,1,0,-inf,0
5091,2,1,1,1,0.5690582511238658,1
5092,1,0,0,1,-1.5001971661868727,1
5093,1,0,0,1,-0.43398516643196294,1
5094,1,1,0,0,-0.8143753444202554,1
5095,2,1,1,0,1.0824893564675855,0
5096,1,1,0,1,-0.2035652718897642,1
5097,2,0,0,1,0.8655027968761078,0
5098,1,0,1,1,2.4119091509663395,1
5099,2,1,1,1,-inf,1
5100,2,1,1,1,-inf,1
5101,2,1,0,0,1.218967669254929,1
5102,1,1,1,1,-0.5184539562103776,0
5103,3,1,0,0,-inf,0
5104,1,1,1,0,0.9259468046602666,0
5105,3,0,0,1,1.0003363098862643,0
5106,1,1,0,1,-0.6611480130215659,0
5107,1,1,1,1,-inf,0
5108,2,1,1,1,2.0901061363180378,0
5109,2,1,0,1,-0.43128480161305444,0
5110,2,0,1,0,1.6845626699455833,0
5111,2,1,0,1,-0.9109675593685114,0
5112,2,0,1,0,1.801202065923445,1
5113,2,1,1,0,-inf,0
5114,3,0,0,1,0.72957239114291,1
5115,1,1,1,1,0.7187748267345686,1
5116,2,0,0,1,0.4550163764189005,0
5117,1,1,1,1,0.1625840667129619,1
5118,1,0,0,1,0.5939936641493532,1
5119,2,1,0,1,-0.808387394198713,1
5120,3,1,0,1,1.373753231448216,1
5121,2,0,0,0,0.7848418301462345,1
5122,3,1,0,1,-inf,1
5123,2,1,0,0,-inf,0
5124,3,1,0,0,1.4343177977611592,1
5125,1,1,0,0,0.3050172731704412,1
5126,2,0,0,0,0.18555211195411891,0
5127,1,0,0,0,-0.07306520679115215,0
5128,1,1,0,1,-inf,1
5129,2,0,0,0,-0.08892458913211143,0
5130,1,1,1,1,0.2616320526500555,0
5131,3,1,0,0,0.8685336158442643,0
5132,3,0,1,1,1.6757958864558617,0
5133,3,1,0,0,1.0951501198628364,0
5134,1,1,1,1,0.5316799043848544,0
5135,2,1,0,0,1.034339827217529,1
5136,3,0,0,0,0.8713969088898139,1
5137,1,0,0,0,-0.5398167969168568,0
5138,2,0,0,1,0.9648448982719176,1
5139,2,1,1,1,1.9607896730290502,1
5140,2,0,0,1,-1.2679708121261937,1
5141,2,0,0,1,0.45787939889540624,1
5142,3,1,0,0,0.9453728776573705,0
5143,3,0,0,1,0.6938688346345182,1
5144,2,0,1,0,1.4057573462868478,0
5145,1,1,0,0,-0.05887399583649633,1
5146,3,0,1,1,2.245579573923745,0
5147,2,0,0,1,-0.328040775232341,1
5148,3,1,1,0,1.6715030413760548,0
5149,1,0,0,0,1.5284782709443476,0
5150,1,1,1,1,-inf,0
5151,2,1,1,0,-inf,0
5152,3,0,0,1,1.7663593987549657,1
5153,2,0,0,1,-1.393421302530238,1
5154,2,0,1,1,1.3693177147049782,1
5155,3,0,0,1,1.3452601236454749,1
5156,3,0,1,1,2.0859639672085706,1
5157,1,0,1,0,0.48210827592532457,0
5158,2,0,0,0,-0.4508299477719747,1
5159,2,0,1,0,1.9582013123649058,0
5160,2,1,0,0,-0.10242289867855842,0
5161,2,0,1,0,2.2591171198239546,1
5162,2,0,0,0,1.0263908534279405,1
5163,1,1,1,0,-0.16138016465564503,0
5164,3,1,0,0,-inf,1
5165,1,1,1,1,0.3063224925697898,0
5166,2,1,0,0,-inf,1
5167,2,0,0,0,0.5776124789820549,1
5168,2,1,0,1,-0.0708221197527123,0
5169,2,0,0,1,0.426845419895225,1
5170,2,1,0,1,-0.12361076156340012,0
5171,2,1,0,1,1.160434620617303,0
5172,2,1,0,1,-inf,0
5173,1,0,1,0,0.5469164271695458,1
5174,1,1,1,0,1.0994929931614452,0
5175,3,0,0,0,-0.10725007320829394,0
5176,1,0,0,0,0.30516159406951826,1
5177,2,1,0,1,-0.19354429126263584,0
5178,2,0,0,0,2.178614123721295,0
5179,2,0,0,0,0.867289891019678,0
5180,2,0,1,1,0.6655380374811847,1
5181,2,0,1,0,1.6689579753099981,1
5182,2,0,1,1,0.6954978782548904,0
5183,3,1,1,0,1.4591812057000357,1
5184,2,0,0,1,0.51228873276804,1
5185,3,0,1,0,-inf,1
5186,2,1,0,0,-inf,0
5187,2,1,0,0,0.3427180450545174,0
5188,2,0,1,1,1.761075400430534,1
5189,1,1,1,0,0.2662944815779229,0
5190,2,0,1,1,0.9099578765680765,1
5191,2,1,0,0,-0.27816219016832494,0
5192,2,1,1,1,1.4720354804212974,0
5193,1,1,0,0,-1.3005345886577326,0
5194,2,1,1,1,1.5796487986073622,1
5195,1,1,0,1,-inf,1
5196,1,0,0,1,0.4271363214712003,0
5197,2,1,0,0,0.5956653766050957,1
5198,2,1,1,1,1.0649701553316984,0
5199,2,0,1,0,1.5139062923277724,0
5200,1,0,0,1,0.5069547065770624,1
5201,1,1,0,0,-0.6349727904017171,0
5202,2,0,0,0,0.12349628643266714,0
5203,1,1,0,0,-0.7712255640301814,1
5204,3,0,0,0,-0.03452420903310727,1
5205,3,1,1,1,1.783557376758845,1
5206,1,0,0,1,-0.8695775515193006,1
5207,3,1,0,0,1.3759313840022669,0
5208,3,0,0,0,-inf,0
5209,1,1,1,0,0.7482564435469887,0
5210,3,0,0,1,2.361796267624622,1
5211,1,0,1,1,0.8610019178433831,1
5212,2,1,0,0,-inf,0
5213,1,0,0,0,-1.911242410332747,0
5214,2,0,1,0,1.581129152468559,1
5215,3,1,0,1,1.4071622660878411,0
5216,2,1,0,1,-1.1430726568624636,0
5217,1,1,0,0,-0.4039010109378291,0
5218,2,0,0,1,0.2486836532150819,1
5219,2,0,0,0,0.5297201368960347,1
5220,2,0,1,0,0.6432841977825476,0
5221,2,1,0,1,-0.8102528708196317,1
5222,3,1,1,1,1.1746928082928674,1
5223,2,0,0,1,-0.6124341428370164,1
5224,3,0,1,1,2.5779658274385273,1
5225,1,1,1,0,-0.5117573294808289,0
5226,3,0,1,1,1.0929766241336596,0
5227,2,1,1,1,-inf,1
5228,3,1,0,1,0.24688913699125004,0
5229,3,1,0,1,-0.6559658246893323,0
5230,2,0,1,1,0.41205319041925603,0
5231,1,0,1,0,-1.1044111930348572,1
5232,2,1,0,1,-0.19445290071500648,0
5233,1,0,1,1,1.1945589585410237,1
5234,3,0,0,1,0.3903176752736979,0
5235,3,1,0,1,0.905974092689442,0
5236,2,0,1,1,1.5608885069478657,0
5237,2,0,0,1,1.0033773870146576,0
5238,3,1,0,0,0.9266608798752992,0
5239,3,0,0,1,1.8612956941017615,0
5240,2,0,1,1,0.2078117533419277,1
5241,1,1,1,0,0.36772352335171454,0
5242,2,1,1,0,1.256376304805353,0
5243,3,0,0,1,-0.5537556788549647,1
5244,2,0,1,1,-inf,1
5245,3,1,1,0,2.2209374849407117,1
5246,2,0,0,1,0.31348418404711065,0
5247,3,0,0,1,1.7860204232033778,0
5248,2,1,1,0,2.493385134887001,0
5249,1,1,1,0,1.4110862692845783,0
5250,3,1,1,1,1.6276118407518771,1
5251,2,0,1,0,1.1607469668145374,1
5252,2,1,1,1,1.197497706407051,1
5253,2,1,1,0,-0.10278790171386776,1
5254,3,1,1,0,1.231221638026221,0
5255,2,1,0,1,0.04664625189819868,0
5256,1,1,1,1,-0.1706533494416343,1
5257,2,0,0,0,0.8288478884305788,1
5258,1,0,1,1,-0.30510572481486176,0
5259,3,1,1,1,1.8763133159377907,1
5260,2,0,1,1,0.37316170940566595,1
5261,2,1,0,1,0.8918373831850344,1
5262,3,0,0,1,0.8051424789120245,0
5263,3,0,0,0,0.5962898441918872,1
5264,2,1,0,1,0.15024221296091977,0
5265,2,0,0,0,-inf,1
5266,2,1,1,1,0.5896827589584901,0
5267,3,1,0,1,1.1721298366995079,1
5268,2,0,0,0,0.6000565260800333,1
5269,3,1,0,1,-0.2563521752622071,1
5270,3,0,0,0,1.2770741792844706,1
5271,2,1,0,1,-0.11712491391792312,0
5272,3,1,0,1,1.097332507310705,0
5273,3,0,0,0,1.7963841908679647,1
5274,2,0,1,1,0.6745068158256934,0
5275,3,0,0,1,0.9316980008964684,1
5276,1,1,0,1,-0.46110217486037486,1
5277,1,1,1,1,0.030117116620960893,0
5278,1,1,1,1,0.8237640359665965,1
5279,3,1,0,0,-0.18069662154336297,0
5280,2,0,0,0,0.7223312950612251,1
5281,3,0,1,0,1.4847082763448616,1
5282,1,0,1,1,0.7183062246828605,1
5283,3,1,0,0,0.327556460631606,0
5284,2,1,0,0,-0.6822406236313445,0
5285,2,0,1,1,1.174805529521883,0
5286,3,1,0,0,-inf,0
5287,2,1,0,1,-inf,0
5288,3,0,0,0,1.670379203710789,0
5289,2,0,1,1,0.9554516716789333,1
5290,1,0,1,0,-inf,1
5291,2,0,0,1,2.0946537900840503,1
5292,3,0,1,0,1.573173523951012,0
5293,3,1,0,1,2.014321590010878,1
5294,1,0,0,1,-inf,1
5295,1,1,0,1,0.29566506325487524,0
5296,1,0,1,1,0.5892520362761449,1
5297,2,0,1,0,1.5218944590641912,1
5298,2,1,0,1,-inf,0
5299,3,0,0,1,1.4597897298517437,1
5300,1,1,1,0,0.21721015624334766,0
5301,2,0,0,0,0.4496279254925283,0
5302,2,1,0,1,-0.30956025388219804,1
5303,3,1,0,0,-0.4602797890030521,0
5304,1,1,0,0,-1.3637870953906943,1
5305,2,0,0,0,0.40920213410602946,0
5306,3,0,0,0,0.9628983679379274,1
5307,2,1,0,0,-inf,0
5308,1,1,0,0,-inf,0
5309,2,0,0,1,-0.07660745423992399,1
5310,3,1,0,1,1.7406561445083832,0
5311,3,0,1,0,2.4750397671112574,0
5312,2,1,0,1,1.0055902003833863,0
5313,2,0,1,0,1.8560952773367885,1
5314,3,1,0,1,0.6031463801224135,1
5315,2,0,1,1,1.8045164053642664,1
5316,2,1,0,0,-0.7212896849336574,0
5317,1,0,0,1,0.7136000825059217,0
5318,3,1,0,0,1.4472560911295673,0
5319,3,1,0,1,0.40611064872828845,1
5320,2,0,1,0,2.5445006660260354,1
5321,2,0,1,1,2.367473601010685,1
5322,1,0,0,1,-inf,1
5323,2,0,0,0,0.5940772963246727,0
5324,3,0,0,0,1.9490974142232025,0
5325,2,0,0,1,-0.41724010452996296,0
5326,2,0,0,0,0.9169826757256785,0
5327,1,1,1,0,0.5908060728654737,0
5328,2,0,0,0,-0.419861600592912,0
5329,1,0,1,0,-0.4234263858536952,0
5330,1,0,0,1,-0.28000955361433466,0
5331,2,1,1,1,1.5951178732561933,0
5332,3,1,0,1,1.4893857564424091,0
5333,2,0,0,0,1.2078562376054818,0
5334,2,0,1,0,-inf,0
5335,3,0,1,0,2.335779229612193,0
5336,2,1,0,0,-0.3384578691698115,0
5337,2,0,0,1,-inf,1
5338,2,1,0,1,0.201619174354754,1
5339,3,1,0,0,-inf,0
5340,2,0,1,0,3.9656553927363953,0
5341,2,0,1,0,-inf,0
5342,2,1,1,0,0.5085445754829885,1
5343,2,1,0,0,0.0488352589262748,0
5344,3,0,1,1,1.7904159842649148,0
5345,3,1,0,1,0.1275110590101931,1
5346,1,1,0,0,-inf,0
5347,2,1,1,1,0.35707623650455067,1
5348,1,0,1,1,0.8481033656913322,1
5349,3,1,1,0,1.126094529570432,1
5350,3,1,0,1,0.5018690178802863,1
5351,2,0,0,1,0.9781625026501084,1
5352,3,0,0,0,1.660427353150713,0
5353,1,1,1,1,0.17843441474935182,0
5354,2,0,0,0,-0.8077159190331709,0
5355,3,1,0,1,0.4005765861972363,0
5356,3,1,0,0,0.6288562687091461,0
5357,3,1,1,0,-inf,1
5358,2,1,1,1,1.2845341869121896,0
5359,1,1,0,0,0.10509834252454336,0
5360,3,1,0,0,0.7791120265373276,0
5361,1,0,0,0,-inf,1
5362,2,1,1,1,1.1727211474602943,1
5363,1,1,1,1,-0.43827426411962506,0
5364,1,0,1,1,0.9221939409232549,1
5365,2,0,0,0,0.26691221637590856,0
5366,3,0,0,0,1.7509735362923302,1
5367,1,0,0,1,1.2498313781117227,0
5368,1,0,1,1,0.4940362886757451,1
5369,3,0,1,0,2.9529701842118157,0
5370,1,1,0,1,-0.7742388189916578,1
5371,1,0,1,1,1.1344240617316395,1
5372,3,1,1,0,0.9276853724266274,1
5373,1,0,1,0,0.5880101055719232,1
5374,2,1,0,1,0.6056944059553919,1
5375,2,0,0,1,1.9717832746504438,1
5376,1,0,1,1,1.2290966881759355,1
5377,3,0,0,0,0.6260346135898638,1
5378,2,0,0,0,1.338205793008664,1
5379,2,0,0,1,-inf,1
5380,3,0,0,1,1.4043613670738926,0
5381,3,1,1,1,1.3994330769387504,1
5382,1,1,0,0,1.5842624814138266,0
5383,2,1,1,1,-inf,1
5384,3,0,1,1,1.503624316082333,1
5385,2,0,1,0,1.3476634416431026,0
5386,1,0,0,1,0.2889341657290908,1
5387,3,1,0,1,1.4829751768471389,0
5388,2,0,0,1,0.17351324882783237,0
5389,2,1,1,1,0.6166284939669162,1
5390,2,1,0,0,-0.09621158391108114,0
5391,1,1,0,0,-0.6769866891337347,1
5392,1,1,1,1,-0.27981223494391344,0
5393,2,1,0,1,-inf,0
5394,1,0,1,0,0.8640063805323622,1
5395,3,1,0,0,-inf,0
5396,3,0,0,1,0.536733339502714,1
5397,3,1,0,0,0.9398824655667437,1
5398,1,0,1,1,1.7682561681390006,1
5399,2,0,0,1,-0.2339537079101771,1
5400,3,1,0,1,-0.2556148688352764,0
5401,2,0,1,0,0.046566134705801954,0
5402,2,0,1,1,0.6709419259688956,1
5403,3,0,0,0,1.098643978886548,0
5404,3,0,0,1,1.0428348617855014,0
5405,1,1,0,0,0.005193649685734936,0
5406,1,0,1,1,1.9694706168610958,1
5407,2,0,1,0,-inf,1
5408,3,0,0,1,1.0100354959582871,0
5409,1,1,1,1,-inf,1
5410,2,0,0,0,0.401289142163754,1
5411,2,0,0,1,0.7819320356659212,1
5412,2,0,1,0,1.070752174825059,1
5413,3,1,0,0,0.7483552312187238,0
5414,3,0,1,0,0.7027714453309506,0
5415,1,0,1,0,1.0588731052521134,0
5416,3,1,1,1,-inf,1
5417,2,0,1,0,0.08590379252712377,0
5418,3,0,1,1,1.741817803549357,1
5419,1,0,1,1,1.3102373255559727,1
5420,1,0,0,1,0.4569855990406355,1
5421,2,0,1,0,1.2302766613916722,1
5422,1,1,1,1,1.0332587110255151,0
5423,2,0,1,0,0.7066729304962189,0
5424,2,1,1,1,-inf,0
5425,2,1,0,1,-0.12175109446758109,0
5426,1,0,1,0,0.0223281087835403,1
5427,3,0,1,1,2.186429773172208,1
5428,2,1,0,1,-0.47006680286397656,0
5429,3,1,0,1,0.7890193230485626,1
5430,1,1,0,0,-0.8819423785146554,1
5431,2,1,0,1,-0.37482000205639393,0
5432,1,0,1,0,-0.011887911722069044,0
5433,3,0,1,1,1.4305028003777007,1
5434,2,1,0,0,-0.0649133497454662,0
5435,1,0,0,0,0.48307746690097164,0
5436,3,0,1,1,2.644217326356493,0
5437,2,1,1,1,0.8024138670190111,0
5438,3,0,1,0,1.2834032100688544,0
5439,3,0,0,0,0.9674410191190517,0
5440,3,1,0,1,0.381063637829616,0
5441,3,1,0,0,0.999078681562346,0
5442,3,1,1,1,1.1724822620903246,1
5443,1,1,1,1,-2.318908550481001,0
5444,2,1,0,0,-inf,0
5445,3,0,0,1,1.8499902665853432,0
5446,2,1,1,1,0.39694809860059754,1
5447,1,0,1,0,1.7795599917328935,1
5448,3,0,1,0,0.8962236685916607,1
5449,3,0,0,1,1.5129194241731585,1
5450,1,1,1,0,0.7142589661782477,0
5451,2,1,0,1,0.2685425685853303,1
5452,1,0,0,1,-0.1545361453424265,0
5453,2,0,0,1,1.1680601470115528,1
5454,3,1,1,0,1.5169596436431598,1
5455,1,0,0,0,-0.2801074114445991,0
5456,3,0,0,1,0.58319362705608,1
5457,1,1,1,1,0.7339032047185516,0
5458,3,0,0,1,-0.4684545618291833,1
5459,3,1,0,1,1.218192805587281,1
5460,2,0,1,0,0.651331077588101,0
5461,3,1,0,1,0.5752848333333576,1
5462,3,1,1,1,1.5386847465711733,1
5463,2,0,1,1,2.646764019683621,1
5464,3,0,1,1,1.9315425146627754,1
5465,2,1,0,1,0.14471561426241164,0
5466,1,1,0,1,-0.5263737362970551,1
5467,1,1,0,1,-0.41075931945574745,0
5468,3,1,0,0,0.7293812140770497,1
5469,1,1,0,0,-inf,0
5470,2,1,1,0,1.5671290027209084,1
5471,3,0,0,1,-0.17455995089866305,1
5472,3,0,0,0,1.519786498715197,0
5473,2,1,1,1,0.9642548799856676,0
5474,3,0,0,0,1.6849612181135443,1
5475,2,1,0,0,0.49443138886927096,1
5476,1,0,1,1,-0.9286385305909649,1
5477,3,1,0,0,-0.001300716437902194,1
5478,2,1,1,0,3.031428077719716,1
5479,1,1,1,1,0.24024506305404675,0
5480,2,1,0,1,0.051141307262207,0
5481,1,0,1,0,0.2840605854604518,1
5482,2,0,1,0,0.41544058325976985,0
5483,1,0,0,0,-0.6863942291265285,1
5484,2,1,1,0,1.2997488833373871,0
5485,2,1,0,1,0.8565956591912818,1
5486,2,0,0,0,-inf,0
5487,1,1,0,1,-0.351476442047455,0
5488,1,1,0,0,-0.11272436620657272,0
5489,1,1,1,0,-0.18723251082442788,0
5490,2,0,0,0,-inf,1
5491,3,0,1,1,2.151773532633241,0
5492,3,1,0,0,1.184151188069217,1
5493,2,0,0,0,0.7805509797522294,1
5494,2,1,1,0,1.6661751573083312,1
5495,2,0,0,1,0.895463545874672,0
5496,1,0,1,1,0.566249449659249,0
5497,2,1,0,1,-0.47256727756733335,0
5498,2,1,1,0,0.4941127210454709,1
5499,1,0,0,1,-1.1387898333043984,1
5500,2,0,0,0,0.2917629600570857,1
5501,3,1,1,0,1.2237928628162207,1
5502,1,1,0,0,-0.8694637140234911,0
5503,2,1,1,1,1.6808386761228347,1
5504,2,0,0,1,0.3907893376742393,1
5505,1,0,1,0,1.593818919628244,0
5506,1,1,1,1,0.8369233386127692,0
5507,1,1,1,1,-0.4123946723145279,0
5508,2,0,0,0,2.109469972671882,1
5509,1,1,1,1,0.6304717819960889,0
5510,2,1,0,1,-0.09617936314037184,1
5511,1,1,0,0,-0.20879295591723543,0
5512,1,0,0,1,0.07434503258619682,1
5513,1,1,1,1,-0.9193730488355916,1
5514,2,0,1,0,-inf,0
5515,3,1,0,0,0.42373886443659314,0
5516,2,0,0,1,-inf,1
5517,3,1,1,1,2.340152360052962,0
5518,3,0,1,1,1.8291160234559227,1
5519,3,1,0,1,0.1767770875726966,0
5520,3,0,1,1,1.4059900653979414,1
5521,3,0,0,1,0.6124100704047521,1
5522,1,1,0,0,-0.5384217567420908,1
5523,2,1,0,1,0.04755865258986139,1
5524,3,1,1,0,1.4098750838880543,0
5525,3,0,0,0,0.7877118669035222,0
5526,3,1,0,1,1.7668584262558236,0
5527,2,1,0,0,0.04437174847589037,0
5528,1,1,0,0,-0.8679239954023088,1
5529,1,1,0,0,0.7688868584034767,0
5530,1,1,1,0,0.49451892114926244,1
5531,2,0,0,1,-inf,1
5532,1,1,1,0,0.5291660277343639,0
5533,3,0,0,0,0.4827289562012499,0
5534,3,1,1,1,1.5121495138613548,0
5535,3,1,0,0,0.7885053788321306,1
5536,2,1,1,1,0.5293004621123727,1
5537,1,1,0,1,-1.425215466848345,0
5538,3,1,0,0,-0.02116580103552612,0
5539,3,0,0,1,0.9029380762993234,1
5540,1,1,1,0,0.4912173412191046,0
5541,2,1,0,1,0.34408618945427616,0
5542,3,1,0,0,-0.11945094557102254,0
5543,3,0,0,0,1.6594394437778957,0
5544,1,1,1,1,0.7917844324830491,0
5545,1,1,0,0,-0.38132061132726147,0
5546,2,1,0,0,-inf,0
5547,1,1,0,0,-1.0787160139405163,0
5548,3,0,1,1,2.1509218131115215,1
5549,1,1,1,1,2.225055521922176,0
5550,1,1,0,0,-1.1552128494618377,0
5551,3,0,1,1,2.743168741477108,1
5552,1,0,1,0,-inf,1
5553,1,0,0,1,-1.1465931275295547,1
5554,2,1,1,0,0.8204798738803389,1
5555,1,1,1,0,0.679656714664288,0
5556,2,1,1,1,1.1800874191487594,1
5557,2,1,0,1,1.021985122226062,0
5558,1,1,0,1,0.5983421897387242,1
5559,1,0,1,0,-0.4559304637455669,0
5560,2,0,0,0,1.639171177947388,1
5561,1,1,0,1,-0.9569743807847853,0
5562,1,0,1,0,0.0938829615050204,0
5563,2,0,1,0,1.4896483068458999,0
5564,2,0,1,0,0.8650833817423282,1
5565,1,0,0,0,-0.8421493163332725,0
5566,3,1,0,0,1.3810577125081336,1
5567,1,1,1,0,0.3322081586142885,0
5568,1,1,1,1,-0.5894717556675209,0
5569,2,1,0,1,0.9346943132378271,0
5570,3,0,0,0,1.1541515451608353,0
5571,2,1,0,0,0.24374374526502807,0
5572,1,1,0,0,-0.6896095595785883,1
5573,2,0,0,1,-0.6841729092919495,1
5574,1,1,1,1,0.5002296890774618,0
5575,1,0,1,1,0.7778682994456123,1
5576,2,0,1,0,0.6504699948804045,0
5577,2,1,1,1,0.3481915813426729,1
5578,2,1,0,0,0.374195984404328,1
5579,2,0,0,0,-inf,1
5580,1,1,0,1,-0.5903628489861653,0
5581,2,0,1,1,1.7278306896076958,0
5582,3,1,1,0,1.7885544724804108,0
5583,1,0,0,1,0.7268118516820902,1
5584,3,0,0,1,2.3158692180124536,0
5585,3,0,0,0,0.8207569851935521,0
5586,2,1,1,1,-inf,1
5587,2,1,0,1,-0.013757919703430294,0
5588,2,0,1,1,-inf,1
5589,2,0,1,1,0.3831957009156334,1
5590,2,0,0,0,1.7134115710385067,1
5591,3,0,0,0,1.1454038053703797,0
5592,3,1,1,0,1.6130216156295918,0
5593,2,1,1,1,-0.07202555256967447,0
5594,3,0,0,1,1.2273096629061655,1
5595,1,0,1,1,-inf,0
5596,3,0,0,0,1.2693945568877139,0
5597,1,0,1,1,-inf,1
5598,2,0,0,0,0.44079665262752277,0
5599,1,1,0,0,-0.9738536112375242,1
5600,2,0,0,1,0.2844657314367375,1
5601,2,0,0,0,0.3805180244217665,1
5602,1,0,1,0,1.3655173680097372,0
5603,2,0,0,0,-inf,1
5604,2,1,0,1,-0.33152118452360685,0
5605,3,1,1,1,2.733329925765517,1
5606,1,0,0,0,-0.8423540867461325,1
5607,3,1,0,0,0.7452921866771473,0
5608,2,0,1,1,0.7705350363373398,1
5609,1,0,0,1,-inf,0
5610,3,1,0,1,1.1977189175403065,1
5611,1,0,1,0,0.9151800999100821,0
5612,1,0,1,0,1.987745849701089,1
5613,2,1,0,0,1.611213071306602,0
5614,3,0,0,0,0.48218780194212374,0
5615,3,0,1,0,0.9366059708260892,1
5616,1,1,1,1,1.6862222069864978,0
5617,2,1,0,1,0.07168842036737325,1
5618,2,1,0,1,0.5071901401744339,0
5619,2,0,1,0,1.185792166439144,0
5620,3,0,0,1,0.8403843977926755,0
5621,2,1,0,1,-0.6803990035339373,0
5622,2,0,1,1,0.03993109624654223,0
5623,2,0,0,1,0.8122033370206752,1
5624,3,0,1,0,1.9536520168044518,0
5625,3,1,1,1,0.7801688902693802,0
5626,2,0,0,0,-inf,0
5627,3,0,1,0,1.611540077311719,1
5628,2,1,1,1,0.5894990693636917,0
5629,2,0,1,0,1.3996702164251664,0
5630,2,1,0,0,-0.46400010867649283,0
5631,3,0,1,0,1.3565668279801812,1
5632,3,0,1,1,1.5548828391949168,0
5633,3,0,0,0,1.0652034703761393,0
5634,2,1,1,0,1.1536244761838383,0
5635,3,1,1,0,-inf,1
5636,1,1,1,0,0.5263103925991065,0
5637,1,1,0,0,-1.8843827159588213,0
5638,2,0,0,0,-0.7771536550736606,1
5639,1,0,1,1,1.0905745949466223,1
5640,2,0,0,0,0.6177734387171518,0
5641,2,1,0,1,0.0268760686848786,0
5642,1,1,0,0,-1.0935711226679783,0
5643,3,1,1,1,1.313644098452069,1
5644,2,0,0,1,0.7371205160836803,0
5645,2,0,1,0,-inf,0
5646,2,0,0,0,0.781165296804665,1
5647,1,1,0,1,0.48445442443678505,1
5648,1,0,1,0,1.1682167843986941,0
5649,3,1,0,0,1.2245555566722213,0
5650,1,0,1,1,1.6428345867897631,1
5651,1,1,1,1,0.6343123412932696,0
5652,2,0,0,1,0.9482054829429637,1
5653,3,1,1,1,2.1858491201206016,1
5654,2,1,0,1,-0.2956486542696898,0
5655,2,0,0,0,0.8327615858015595,0
5656,3,0,1,0,-inf,0
5657,1,0,1,1,0.959408943637375,1
5658,3,1,1,0,0.6529442939476453,0
5659,1,1,0,0,-0.9282670056034605,1
5660,3,0,1,1,1.8707765825522702,0
5661,2,1,1,1,0.7461347902553161,1
5662,1,1,1,0,0.19784162846967437,0
5663,2,1,0,1,-inf,0
5664,1,1,1,1,-0.41120838065744086,0
5665,1,1,1,0,0.07383971772024917,0
5666,2,1,1,0,0.29335781121958426,0
5667,3,0,0,1,1.9194601521638677,1
5668,2,1,0,1,-0.3599160030304958,1
5669,2,0,1,0,1.1936369305326855,1
5670,2,1,1,1,1.091264454480502,1
5671,2,0,0,0,0.44997079257431105,0
5672,1,1,1,0,-0.15627211130326918,1
5673,2,0,0,0,0.6780739840128391,0
5674,1,0,1,1,-inf,1
5675,1,1,1,1,0.562156450928337,0
5676,1,0,0,0,-0.3263295635797486,0
5677,2,0,1,1,1.3304193467102454,0
5678,3,1,1,0,2.6139446076832615,1
5679,1,0,0,1,0.6844495160807007,1
5680,3,1,1,1,2.15943787877377,1
5681,2,0,1,1,1.127727052761348,1
5682,1,0,1,1,1.5130364383033021,0
5683,2,1,0,1,0.8384982078065111,0
5684,1,1,0,1,-0.8250845671966669,1
5685,1,0,0,1,-0.010774027517907667,0
5686,3,0,0,0,2.266109847738336,0
5687,2,1,0,0,0.8900922490280381,1
5688,2,1,0,0,0.5037917799084414,0
5689,2,0,0,0,0.9684952371284858,0
5690,2,0,1,1,-0.008015389555048102,1
5691,2,1,1,0,1.557167658046807,0
5692,2,0,0,0,0.6750023379656876,1
5693,2,0,0,0,0.17808869288272122,1
5694,1,0,1,0,1.7207413138185084,1
5695,3,1,1,0,1.4701428694084029,1
5696,2,0,1,0,0.5440143028082481,0
5697,3,1,0,0,0.187950819202363,1
5698,3,1,1,1,1.616467637086732,1
5699,2,1,0,1,0.017189777434158587,1
5700,2,1,0,0,0.7246764345796213,0
5701,2,1,1,0,-inf,0
5702,2,1,1,1,1.953149040655719,1
5703,2,1,0,0,0.30912276248960097,0
5704,2,1,0,0,-inf,0
5705,1,1,1,1,0.479010287764559,0
5706,2,0,0,0,0.8001756389595299,0
5707,2,1,0,0,0.6100927826863682,0
5708,1,1,1,1,0.9665286134871165,0
5709,3,0,1,1,1.5680214064809765,0
5710,3,1,0,1,1.093251191817571,1
5711,2,1,1,0,1.0909031347649722,1
5712,3,1,0,0,1.3233981801899863,0
5713,2,0,1,0,1.7711321977098764,0
5714,2,0,1,1,1.2747876704992918,1
5715,2,1,1,0,-inf,1
5716,2,1,0,0,-inf,0
5717,2,0,1,0,1.4392376148271815,1
5718,3,0,0,1,-0.024604565626625163,1
5719,3,0,0,0,2.324507387429603,0
5720,1,0,1,1,0.9566894112531091,1
5721,1,1,1,0,-0.0904419607520196,0
5722,2,0,0,1,0.44179852840983,1
5723,2,1,1,1,1.6386811447528031,1
5724,1,1,0,1,-0.0013578591675058038,0
5725,2,1,1,0,1.467589773487328,0
5726,2,0,0,0,-inf,1
5727,2,0,0,1,-inf,1
5728,3,1,0,0,1.0719361493570698,1
5729,2,0,0,0,-0.28088403210449175,1
5730,2,0,1,1,1.2454374583701842,1
5731,2,1,1,1,-inf,1
5732,2,1,0,0,0.4625641439780574,0
5733,2,1,1,0,0.8916354564523575,1
5734,1,1,0,0,-0.7365957975279436,1
5735,2,0,0,0,-0.00897998689641688,0
5736,2,0,1,0,1.0684906689969491,1
5737,2,1,0,1,-0.05742007652808134,0
5738,2,0,1,1,1.12863792860649,0
5739,1,0,0,1,-0.6751586465289651,1
5740,2,1,0,1,1.972089897381152,0
5741,2,0,1,0,1.509817679645482,1
5742,1,0,1,1,1.4793697494010027,0
5743,2,1,0,1,0.9813149578369298,1
5744,1,0,0,1,0.5331727889716187,1
5745,3,1,0,1,1.241882539936681,0
5746,3,1,1,1,-inf,1
5747,3,0,0,0,2.8538272910296065,0
5748,3,1,0,0,-0.019266843787010934,1
5749,3,0,0,0,0.16596185801775953,0
5750,2,1,1,1,1.4026298630726899,1
5751,3,0,0,0,-1.2462750324672829,1
5752,2,1,0,0,-0.08742281796550927,0
5753,2,0,0,0,-inf,1
5754,1,1,1,0,-0.5826618950410267,0
5755,2,1,0,0,0.7852286477644932,0
5756,2,0,1,0,0.37386045206614793,1
5757,1,0,0,0,0.9112700613295998,0
5758,2,1,0,1,-0.45294739135820333,1
5759,3,0,0,1,1.0605978681709378,1
5760,3,0,1,0,1.8685919780542235,0
5761,1,1,0,0,-0.8463064890145401,0
5762,1,1,0,0,-0.35204315866276165,1
5763,2,1,1,1,0.8921432244511774,1
5764,2,1,1,0,-inf,0
5765,3,0,1,0,2.6438617678688914,0
5766,2,0,0,1,-0.022338816816814933,1
5767,3,0,1,1,1.7455396970423573,0
5768,1,0,0,0,-0.01210709018154034,0
5769,1,0,0,1,-0.3664472268919351,1
5770,3,0,0,0,2.5602164884020864,0
5771,1,0,0,0,-0.6139461890981205,0
5772,2,1,0,1,0.8626930501842309,1
5773,2,1,1,0,1.0196115831120305,0
5774,2,1,0,0,0.525300302547894,1
5775,3,0,0,1,0.7739544907419372,0
5776,2,0,1,0,1.201757013020223,1
5777,3,0,1,0,3.2709940142130067,0
5778,2,0,1,1,1.8188313729189762,0
5779,1,0,0,0,-0.6367471285918589,0
5780,2,0,1,1,0.38725712078087837,0
5781,3,1,0,0,0.8091368776722521,0
5782,1,0,0,0,-0.5012692843921223,0
5783,1,1,1,1,0.7895288108949574,0
5784,2,1,0,0,-0.949098562812104,0
5785,2,1,1,1,1.244735764483131,1
5786,3,1,0,0,0.26845967485625677,0
5787,1,1,1,1,1.4021313256817631,0
5788,2,1,1,0,1.1149929154028175,1
5789,2,1,0,0,0.9914430408750579,0
5790,1,0,0,0,0.8362008546456471,1
5791,2,0,1,0,0.7801176836518048,1
5792,1,1,0,0,-1.6771021794878807,1
5793,1,0,0,1,-0.1785726076032767,1
5794,2,0,0,0,-0.6184047150466516,1
5795,2,0,1,1,1.2549751276589824,1
5796,2,0,1,1,1.8502283644436996,0
5797,3,1,0,0,1.7573855187544172,1
5798,1,0,0,0,0.16073713045498444,1
5799,2,0,0,1,0.08233487982069809,0
5800,2,1,0,1,-inf,0
5801,1,0,1,0,0.26507789325440245,1
5802,2,0,0,0,1.2082004559735608,1
5803,1,1,0,0,-0.3921723372299283,0
5804,1,1,1,1,1.4539340716398697,0
5805,2,0,0,1,1.2775680019651592,1
5806,3,1,0,0,1.389526025633054,1
5807,3,0,1,0,1.5707197141138276,0
5808,2,0,1,0,2.326376211498542,1
5809,3,0,0,1,1.0362743582645326,1
5810,2,1,0,0,0.43938805593081803,0
5811,1,1,0,1,0.3103332143659098,1
5812,2,1,1,1,1.6902760978072013,1
5813,2,1,1,0,0.7199038315676095,1
5814,2,1,1,0,2.244498247452343,0
5815,1,1,1,1,-0.36736922012609635,1
5816,2,1,0,1,1.3391199996750944,1
5817,2,0,0,1,0.963998723262042,1
5818,3,1,1,1,1.4055832966911903,0
5819,1,1,1,0,0.0202517947393841,1
5820,2,0,0,1,-inf,1
5821,2,1,0,1,1.254712315106944,0
5822,2,1,1,1,1.625820232459096,1
5823,2,0,1,1,0.14493448565312583,1
5824,3,0,1,0,2.359261077091528,1
5825,1,1,1,0,-0.9567980602012709,0
5826,2,0,0,1,0.9410390018874852,1
5827,1,1,0,0,-1.2176757114055665,0
5828,3,1,0,1,1.0212257427601177,0
5829,1,1,1,1,1.605205368395222,0
5830,1,1,1,1,-0.3333371716255337,1
5831,2,0,1,1,1.1853361952085024,1
5832,2,0,0,0,0.06751110361807822,1
5833,2,1,1,0,0.5895700716213726,0
5834,1,1,1,1,-inf,1
5835,3,1,0,1,1.9986601685812002,1
5836,3,1,0,0,1.4936446999933488,1
5837,2,1,1,0,1.7357765566417802,1
5838,2,1,0,0,-inf,1
5839,2,0,0,1,-inf,1
5840,3,1,0,1,1.9954600249283752,0
5841,2,0,1,1,1.909337651846162,0
5842,1,0,0,0,-0.4029645888434099,1
5843,3,1,0,1,2.0579408996496538,0
5844,2,1,1,1,1.5629828498318874,0
5845,2,0,0,1,1.116564918106623,1
5846,3,1,1,0,2.486926871473165,1
5847,1,0,1,0,0.9129803087937823,1
5848,2,0,0,1,0.39068257669221423,1
5849,3,0,1,1,2.1713479996955454,1
5850,2,0,0,0,-0.3206312972697828,1
5851,2,1,1,0,0.28945366554859764,1
5852,2,0,0,0,-0.2764381143351713,0
5853,3,0,1,0,1.951659624379504,1
5854,1,0,1,0,0.19689393563176716,1
5855,3,1,0,0,0.44286151253004685,0
5856,3,1,0,0,0.8175176310042737,1
5857,1,1,1,0,0.6007425704429127,0
5858,2,1,1,1,1.1057584508965972,1
5859,2,1,1,0,1.4310062330926256,1
5860,2,0,0,0,0.577659236789852,0
5861,3,0,0,1,1.672838877724421,0
5862,2,1,0,0,0.07936943331015096,0
5863,3,0,0,0,1.8868765660711482,1
5864,1,0,1,0,1.3662717318377329,0
5865,2,1,0,1,0.25234628301731443,0
5866,2,0,1,0,-inf,1
5867,3,0,0,0,0.9910313566773942,1
5868,2,1,1,1,0.6498266789333698,1
5869,3,0,0,1,0.8390230750778603,1
5870,3,1,1,1,1.0381687869742917,1
5871,1,1,0,1,-1.268385054234199,1
5872,2,1,1,1,0.7525756509561161,1
5873,1,1,0,0,0.10733117101733541,0
5874,2,0,1,0,0.9435925324411553,0
5875,3,1,1,0,0.5160959153924756,1
5876,1,1,1,1,-0.681982648075387,0
5877,1,0,1,1,0.360444058027001,0
5878,2,0,1,0,1.1857728404033778,0
5879,3,0,0,1,1.6297433010537588,0
5880,1,1,0,0,0.129560019060677,0
5881,3,0,1,0,2.1156119758106082,1
5882,1,1,0,1,-0.5308456361913404,0
5883,1,1,1,1,-0.7961997822934943,0
5884,2,0,0,1,0.7895219733602037,0
5885,3,1,1,1,0.8652815230318772,1
5886,1,0,1,1,1.1205591554918937,0
5887,2,1,0,1,-inf,0
5888,1,0,0,1,0.4332393278332042,1
5889,2,1,1,1,2.178230991687804,1
5890,3,1,0,1,0.8330062721939433,1
5891,2,1,0,0,0.6568983715361076,0
5892,1,0,1,0,1.5061570651897922,0
5893,1,0,0,1,0.010572589841677776,0
5894,2,0,1,0,2.847103019209289,0
5895,3,1,1,0,0.7629575136009448,0
5896,2,0,0,0,0.5227541546055742,0
5897,2,0,0,0,-0.561167165274848,0
5898,2,1,1,1,2.5968916704563885,0
5899,2,1,0,0,1.0957512670854308,1
5900,3,1,0,0,-inf,0
5901,3,1,0,1,1.1936793424249692,0
5902,1,0,1,1,0.8536814814528864,0
5903,2,1,0,0,0.03162154263739389,0
5904,2,1,1,0,-0.23767396294325183,0
5905,1,0,1,1,1.1579112978620822,1
5906,3,0,0,0,1.8395622250006993,0
5907,2,1,0,1,-0.14440686025724536,1
5908,2,0,0,0,-0.026275537764298584,0
5909,1,1,1,1,1.848271556616833,0
5910,3,1,0,0,0.34992366037696127,0
5911,2,1,0,1,1.1474104862851695,0
5912,2,0,1,1,0.9061243781761973,1
5913,2,0,1,1,1.643434122315296,0
5914,1,1,1,1,-0.5591196079447007,0
5915,1,1,1,0,1.9815178201749255,0
5916,3,0,0,0,1.4442012128874921,0
5917,2,1,0,1,0.20904438892599897,0
5918,2,0,0,1,1.2016837581429498,1
5919,1,1,1,1,-0.16396688938045628,0
5920,2,1,0,1,0.7061799906540591,1
5921,3,0,1,1,2.190753516375417,1
5922,2,0,0,1,-0.5989980460918403,1
5923,2,1,0,1,0.8831034731732557,0
5924,1,0,1,0,1.0123285960326718,1
5925,1,1,1,0,0.5100616354796578,0
5926,2,0,1,1,0.8625396005799066,1
5927,3,0,1,1,2.410199028336877,1
5928,1,0,0,1,0.13383769529900502,0
5929,1,1,1,1,-0.5259620614074496,1
5930,3,0,0,1,0.12055158886329365,1
5931,3,0,1,1,1.8759743131746216,1
5932,3,0,1,1,1.7730844458039003,1
5933,3,0,0,0,0.41981441785527296,0
5934,3,1,0,0,-inf,0
5935,2,1,1,0,-0.3921598947718197,1
5936,2,0,1,1,1.6331129684170482,1
5937,3,0,0,1,0.21246970548218314,1
5938,1,1,1,1,-0.5987923633216399,0
5939,2,0,0,1,0.6984575290822919,1
5940,3,0,0,0,2.5397214448708,0
5941,2,0,1,0,-inf,0
5942,2,0,1,1,1.4280019705534928,0
5943,2,0,0,0,0.2690878421594308,1
5944,2,1,1,0,0.46605848725946775,1
5945,1,0,1,1,1.5530611239822654,0
5946,1,1,0,0,-0.06013153027471929,0
5947,1,0,1,1,1.0254323284928994,1
5948,2,1,0,0,0.7540599391059495,1
5949,2,1,0,0,1.1775512301968145,1
5950,3,0,1,0,1.9050913493981474,1
5951,1,1,1,0,-inf,0
5952,1,0,0,0,-inf,1
5953,1,1,1,1,1.0574959446331358,0
5954,2,1,1,1,1.0550090022085628,1
5955,2,0,0,1,-inf,1
5956,1,0,0,0,-0.515905692871722,1
5957,3,0,0,0,-0.05010236270019064,0
5958,3,1,0,1,0.2744243471312853,1
5959,3,1,1,1,2.9110770370788974,0
5960,3,1,1,0,2.3168415934031175,0
5961,3,1,0,0,0.8824802385102919,0
5962,3,1,0,0,-0.4101836037470272,1
5963,2,0,1,1,0.8342770246316782,1
5964,2,1,1,0,0.5675083716257038,1
5965,3,0,1,1,2.4705833979079577,1
5966,2,1,1,1,0.3518691044403771,1
5967,2,1,0,0,-0.5480114847628985,0
5968,1,0,1,1,-0.24338483904962205,1
5969,2,1,1,0,0.2892961780277461,0
5970,1,0,1,1,1.2026279011256649,1
5971,2,1,0,1,0.5743739942310251,0
5972,3,0,0,1,1.4797321892719288,1
5973,3,0,0,1,1.2137358712396396,1
5974,2,1,1,0,0.7634508187134537,1
5975,1,1,1,1,0.6123737439857662,0
5976,1,1,1,0,-0.004388622538083753,0
5977,1,0,0,1,-inf,1
5978,1,1,0,1,-0.36926428810204903,0
5979,3,1,0,1,1.0662258422114852,0
5980,1,1,1,0,-0.026437549009912964,0
5981,2,0,1,1,2.108327488124318,1
5982,1,1,1,1,1.2285845086965121,0
5983,3,1,0,0,0.5741944959555663,0
5984,1,0,1,0,0.30368380858645555,1
5985,1,1,0,1,-0.6401332298848198,0
5986,2,1,0,1,-inf,1
5987,3,0,0,1,0.6098246630968596,1
5988,2,1,0,1,0.5597832803725888,0
5989,1,0,1,0,0.5615359641323272,1
5990,1,1,0,0,0.3745737179109358,0
5991,2,1,1,1,1.069839998404935,1
5992,2,1,0,0,-0.5754176606673553,0
5993,3,1,1,1,0.5997971645646156,1
5994,3,1,0,1,-inf,1
5995,3,0,0,1,0.8611406612792695,0
5996,1,1,0,0,-0.4575863181892708,0
5997,3,1,0,1,1.4974660906051867,1
5998,2,1,1,1,1.5621228216653251,0
5999,1,0,1,0,1.542948237580693,1
6000,3,1,0,1,1.3044112099311373,1
6001,2,0,0,0,-0.6123722245058203,1
6002,3,0,0,0,2.3544720966704418,0
6003,1,0,0,1,-0.46021084991677147,0
6004,1,1,1,1,1.2760753775162301,0
6005,3,0,1,1,1.9328837230110754,1
6006,3,1,1,0,0.5402719723534006,0
6007,2,0,1,1,1.3509177191657018,1
6008,2,0,0,0,-0.9895768420547766,1
6009,1,0,0,0,-1.0014026327259662,0
6010,2,1,0,1,0.045838769738954094,0
6011,1,1,1,1,-0.5138069166104384,0
6012,2,0,0,0,0.14600409521729535,1
6013,1,1,1,0,1.1155362112772242,0
6014,3,0,0,0,0.9592944293885363,0
6015,2,0,0,1,0.09473493673122035,1
6016,3,0,0,1,0.969947979804519,1
6017,1,1,0,0,0.1751107192167239,1
6018,3,1,0,1,-inf,0
6019,1,0,0,1,1.203477718720515,0
6020,3,0,0,0,1.799954911406117,0
6021,2,1,1,1,0.7716488239140813,1
6022,2,0,0,0,0.6870661239457388,1
6023,1,0,1,0,0.30777961897066103,1
6024,3,1,1,1,1.8799414402859236,0
6025,1,0,0,0,-0.383271204802674,1
6026,3,0,1,1,1.763889754755937,1
6027,3,0,0,1,1.1595324029912881,1
6028,2,0,1,0,0.7219145589796437,0
6029,2,0,1,0,0.6418932735370213,1
6030,3,1,0,0,1.7515997587626164,1
6031,2,1,0,1,-inf,0
6032,1,1,0,1,-1.182751560927467,0
6033,1,1,1,1,0.9738442448294209,0
6034,2,0,0,0,-0.11937838104244092,1
6035,1,0,1,0,-0.19125834464289637,1
6036,1,1,0,1,-1.8999429218438526,1
6037,3,0,0,1,0.7460777024441019,1
6038,1,0,0,1,-0.8899469988975515,0
6039,1,0,0,1,-0.0575282361558561,0
6040,1,1,1,0,-inf,0
6041,3,1,0,0,0.8075911559832871,1
6042,1,1,0,1,0.4066000943529266,1
6043,2,0,0,1,1.307687642018358,1
6044,3,0,0,1,1.3072360083455605,1
6045,3,0,0,0,1.1659359553406174,0
6046,1,0,0,1,0.7435616450162585,1
6047,1,0,1,1,-0.20714635549780547,1
6048,1,0,0,1,-0.3436231041076016,1
6049,2,0,1,1,1.852394409665498,0
6050,3,1,0,0,-inf,1
6051,1,1,1,1,0.8776598439205241,0
6052,2,1,0,0,1.0108803365939327,0
6053,2,1,0,1,-0.44226910106678846,0
6054,2,1,0,0,-0.2360025362850957,0
6055,2,1,0,0,1.1054826713870698,1
6056,2,0,1,0,-0.03865537586054568,1
6057,2,0,1,0,1.5273453345481642,0
6058,2,1,0,1,1.7162606682896582,0
6059,1,0,1,1,0.24330885708093636,1
6060,1,0,1,0,0.29560255186134377,1
6061,2,0,0,0,0.3679224268821916,1
6062,1,1,0,0,-0.5395272449200883,1
6063,2,0,0,1,0.7345206181808253,1
6064,3,1,0,0,1.1148141449470919,0
6065,3,0,1,0,2.0524284563640034,1
6066,1,1,0,0,-0.27902823580344416,1
6067,1,0,0,0,-1.1547750960673735,1
6068,1,0,1,0,-0.26995872306518776,0
6069,2,1,1,1,1.7275670136307495,1
6070,1,0,0,1,0.25486266219960624,1
6071,3,1,0,1,0.23934035089049455,1
6072,1,1,0,0,-0.5726919833506336,1
6073,2,0,1,0,-inf,1
6074,1,1,0,0,0.5751915149725562,1
6075,1,1,0,0,-0.1337908071747379,0
6076,3,0,0,0,1.608146240127493,0
6077,1,1,0,0,-0.3298323387313283,0
6078,3,0,1,1,1.46928066034886,1
6079,1,0,0,1,1.3839491936198836,1
6080,1,0,1,0,0.45868622046067287,1
6081,1,0,1,1,1.9390697607957952,0
6082,2,1,0,1,0.05662520259857162,0
6083,2,1,0,1,-inf,0
6084,2,1,0,1,0.28847939289752245,0
6085,1,0,0,0,-0.0859310662379882,0
6086,2,1,1,0,0.6182609846290081,1
6087,1,0,1,1,0.36947255412800656,1
6088,1,1,1,0,0.5137541452136046,0
6089,1,1,1,0,0.2879438589389641,0
6090,3,0,0,0,1.2516015180185625,0
6091,1,0,0,0,-0.3897198639199925,0
6092,1,1,0,0,-0.3711595043382465,1
6093,3,1,0,1,0.8176403025045909,1
6094,2,1,1,0,1.4977678400564554,0
6095,2,1,1,1,0.7850926733722411,0
6096,3,1,0,1,0.44470977185318283,1
6097,3,1,0,0,1.1997316581007573,0
6098,3,0,1,1,1.9595224678326222,0
6099,2,0,1,0,1.921927943490668,1
6100,1,0,1,1,-0.6654203324468179,0
6101,3,0,1,0,2.4804491230511108,1
6102,3,1,1,0,1.6722568365288535,1
6103,2,1,0,1,0.23977848505623245,0
6104,3,0,1,1,3.022094227689762,1
6105,2,0,0,0,1.221572273681391,1
6106,2,0,1,1,1.7136636632214952,1
6107,3,0,1,0,2.3393926095733013,0
6108,2,1,1,0,1.653404603866069,0
6109,3,0,0,1,2.162669583829255,0
6110,3,1,1,1,1.3645104783264836,1
6111,2,0,0,0,0.49092244675913554,0
6112,3,1,0,1,0.9768152757103042,0
6113,1,0,0,0,-1.2626298161515552,1
6114,2,1,0,0,-0.6521711566825186,1
6115,3,1,0,0,0.7806116798529712,0
6116,1,1,1,1,0.10143814354919123,0
6117,1,1,0,1,-0.21667593871442156,1
6118,1,0,1,0,-0.05916842105133435,1
6119,2,1,0,1,0.033191863742753125,0
6120,2,1,0,1,0.12195427789530738,0
6121,2,0,0,1,-inf,1
6122,1,1,1,0,-inf,0
6123,3,0,0,1,0.8652463585595424,0
6124,1,1,1,1,0.8914662337104688,0
6125,3,1,0,0,-0.011837297428266225,0
6126,2,1,1,1,-0.47465797073966676,0
6127,3,0,0,1,0.34175284007588047,1
6128,2,0,1,1,0.660234672963458,0
6129,1,0,1,1,-inf,1
6130,2,0,1,1,-0.20724652627323326,1
6131,3,1,1,0,-inf,0
6132,2,1,0,0,-0.2842974017167273,0
6133,1,0,1,1,0.6861133753913262,1
6134,1,1,1,1,1.3514235016352514,0
6135,3,0,0,1,1.0372924253205085,0
6136,1,1,0,0,-0.6222051156327231,1
6137,2,1,0,1,0.18406569082850788,1
6138,2,1,1,1,0.9375616811117058,1
6139,3,0,1,0,0.9116805361525817,1
6140,2,0,0,0,2.1981837430951843,0
6141,3,0,0,1,-inf,1
6142,2,0,1,1,1.9323181893761956,0
6143,2,1,0,0,-0.4336497501508148,0
6144,2,1,1,0,1.1688706270835982,0
6145,2,1,1,1,-inf,1
6146,3,1,0,0,2.8765654085265187,1
6147,2,1,0,0,-0.2961813058177661,0
6148,2,1,0,0,-0.39086604894107463,0
6149,1,1,1,0,-0.02972539240214994,0
6150,1,0,1,0,2.116245551740087,1
6151,1,0,1,0,1.8120809129972777,0
6152,3,0,1,0,2.4437260796081928,0
6153,3,0,0,0,1.2158133326915455,1
6154,1,1,0,1,-0.5916098683203235,1
6155,2,1,0,0,-inf,0
6156,1,1,0,0,-0.8649608220642602,1
6157,3,0,0,1,-inf,0
6158,1,1,0,0,-0.5273003736270995,0
6159,2,0,0,1,0.33442078276026643,1
6160,2,0,0,0,0.7887685690473272,1
6161,3,1,0,1,-0.049094057930474944,0
6162,2,1,1,0,1.4003137974249236,0
6163,2,1,1,1,2.1951252700401036,1
6164,3,0,1,0,2.3707954167378835,1
6165,2,0,0,1,0.8274179649226749,1
6166,2,0,0,0,-0.22765668227378544,0
6167,1,1,1,0,0.4274212935025154,0
6168,2,1,1,0,-inf,1
6169,1,0,1,0,0.8309235135896824,1
6170,3,1,0,1,0.5554317267413668,1
6171,2,1,1,1,-inf,1
6172,3,0,1,1,3.0572670779425044,1
6173,1,0,1,1,0.23765383851098004,1
6174,1,1,1,1,0.05182902499039532,0
6175,1,0,1,0,0.3104270512402693,0
6176,3,1,1,1,0.8374636311114914,1
6177,2,0,1,0,0.9385051151250183,0
6178,2,0,1,0,-inf,0
6179,2,1,0,0,0.7446386329660382,1
6180,2,0,1,0,1.0935880348627138,0
6181,2,1,0,0,-0.33481638538651864,0
6182,1,1,0,1,-inf,1
6183,1,0,1,0,-inf,1
6184,3,0,1,1,1.6275972467098514,0
6185,3,0,0,0,1.8122439589817358,0
6186,1,0,0,1,-0.943692200874604,0
6187,1,0,1,0,1.2671714761372623,0
6188,2,0,1,1,1.0589253722831828,1
6189,1,0,1,1,-0.5456719761381933,1
6190,1,0,1,1,-inf,0
6191,1,0,0,1,0.17536068477942113,1
6192,3,0,0,0,0.6216487097422749,1
6193,3,1,1,1,1.3589024618709167,0
6194,2,0,0,1,-0.1260998349597907,1
6195,2,1,1,0,1.9636699682101961,1
6196,3,0,0,0,0.9649135143793165,0
6197,1,0,1,1,0.6073642686230661,1
6198,2,1,0,0,-0.2741185451474952,0
6199,3,0,0,0,1.7866337741217118,0
6200,3,1,0,1,0.8648133649733568,1
6201,2,1,0,1,-0.09374636430993016,1
6202,1,0,1,0,0.5303051795874278,1
6203,2,0,1,0,1.8890008855492089,0
6204,2,0,0,0,1.0727380161504523,0
6205,3,0,0,1,1.6752598261636373,0
6206,2,1,1,0,-inf,0
6207,2,0,1,1,1.1854975523723725,0
6208,3,0,0,0,2.1581298367995596,0
6209,1,1,1,1,0.8400530594527593,0
6210,2,1,1,1,0.6416468476111746,0
6211,1,0,1,0,1.0102436884698618,1
6212,2,0,0,1,-inf,1
6213,2,1,0,0,0.5554759746806557,0
6214,1,1,0,0,-0.8600620104025855,1
6215,2,1,0,0,1.3011333346909029,1
6216,1,0,1,1,0.8205282855435152,1
6217,1,1,0,1,-0.4793567971675416,0
6218,3,1,0,1,1.6000419577208203,1
6219,3,1,1,0,2.2351804547950334,0
6220,2,0,1,0,1.661768816541241,0
6221,1,1,0,0,-inf,0
6222,2,0,0,1,-inf,1
6223,3,0,0,0,1.379734478869084,1
6224,1,0,1,1,0.2808677802927611,1
6225,1,1,1,1,0.491946574565961,0
6226,3,0,1,1,2.1879115025867852,0
6227,3,1,0,0,-inf,0
6228,2,1,1,0,1.8097885957560276,0
6229,3,0,1,1,2.6072209686991252,1
6230,3,1,1,0,1.2252658861100676,0
6231,1,0,1,0,-0.3933876831524902,0
6232,3,1,1,1,1.5302161343624052,1
6233,3,1,0,0,0.7641173795372074,0
6234,1,1,1,1,-0.0338249468393953,0
6235,2,0,0,0,0.983486202425875,1
6236,1,1,0,0,-0.4747660344390247,0
6237,1,1,1,0,1.1471373613906979,0
6238,3,0,1,1,0.9381219548250525,1
6239,1,1,0,0,-0.4944987355926929,0
6240,2,0,1,0,2.4840590022520495,1
6241,3,1,0,1,-0.20459185661985346,1
6242,2,1,0,0,1.0968933852748652,0
6243,1,0,1,1,0.5365961800628303,1
6244,3,0,0,0,2.4829090047882136,0
6245,1,1,1,1,-inf,0
6246,1,1,0,0,0.2565476707306404,1
6247,2,0,0,1,0.9382018482580163,1
6248,2,0,0,1,-1.201974516429699,1
6249,1,1,0,1,-1.0983784767240719,1
6250,1,0,0,0,-0.26582250363737414,1
6251,3,1,0,1,-inf,0
6252,1,1,1,0,-0.22798270553768535,0
6253,2,0,0,0,1.2873323647548642,1
6254,1,0,0,1,-inf,1
6255,3,1,0,0,-0.5254951855567731,1
6256,2,1,0,0,0.20884740747703032,1
6257,2,1,1,1,2.9087688809103374,0
6258,2,0,0,0,0.8495262283195046,1
6259,3,0,1,0,-inf,1
6260,3,0,0,0,1.9050701581537721,0
6261,1,0,0,1,0.14527314065019367,1
6262,2,1,0,1,-0.18932567323576438,1
6263,2,1,0,0,0.7291345129927074,0
6264,2,1,0,1,0.9087322059283829,1
6265,2,0,1,1,2.0375816835883835,1
6266,2,1,0,0,-0.6427225930285807,0
6267,3,0,0,0,0.7665541124187024,0
6268,3,0,0,0,1.063989685467137,0
6269,3,0,0,0,1.2234548939263643,0
6270,3,0,0,1,1.256886572679795,1
6271,3,1,1,0,0.2435198448792235,1
6272,1,1,0,0,0.13150336614053176,1
6273,1,0,0,0,-1.3733359218155878,1
6274,2,0,1,1,2.466449455358869,1
6275,1,1,1,1,0.8744198452433827,0
6276,3,1,1,0,0.9807749585303296,1
6277,1,1,0,0,-0.8488930460045938,0
6278,2,0,0,1,-0.2149944716837615,1
6279,1,1,0,0,0.07995531418353397,0
6280,1,0,0,0,-0.8909309521590452,0
6281,3,1,0,1,0.7131717501889014,1
6282,2,0,1,0,1.1113457361454042,1
6283,1,0,0,0,0.5049161992518219,0
6284,3,0,0,0,-0.1378902115673657,0
6285,2,0,1,1,1.0727395907966253,1
6286,2,1,0,0,0.32325966551417684,0
6287,1,0,1,0,0.9511199132978942,1
6288,1,0,1,1,1.2433948016269156,1
6289,1,0,0,0,-0.17912308099038082,0
6290,2,0,1,1,-0.17494955881266927,1
6291,2,0,0,1,1.6049596256858794,0
6292,2,0,1,1,1.4257270930272836,0
6293,3,1,0,0,1.220963375622807,0
6294,1,0,1,1,-inf,1
6295,2,0,1,1,1.452794762290441,0
6296,3,0,1,1,0.021845294983156682,1
6297,1,1,1,1,0.152558853357978,0
6298,2,0,0,1,-inf,0
6299,1,0,0,1,-0.8725535941751745,0
6300,3,0,0,0,-0.008172049061379694,1
6301,1,0,1,0,1.9569240941298882,1
6302,2,0,0,0,0.7321798834918318,1
6303,1,0,1,1,0.4253267028148373,0
6304,2,0,0,1,0.08339769719584278,1
6305,3,1,0,1,-inf,1
6306,1,0,1,1,0.6143605534586476,1
6307,2,0,1,0,1.4517174553500816,1
6308,3,0,0,1,0.6737381024267357,0
6309,1,0,0,0,0.07576342856966772,1
6310,3,1,1,0,0.4384948978500489,1
6311,1,0,1,1,1.2589680847764635,1
6312,1,0,0,0,-1.387797751150662,0
6313,3,1,0,0,0.7466865330062082,0
6314,1,0,1,0,1.0140154908278756,1
6315,1,0,1,1,0.3282145165408587,1
6316,2,1,0,1,-0.22872446845007977,0
6317,2,1,0,0,0.5063093468943585,0
6318,1,0,0,1,0.11687733708657966,0
6319,1,0,1,1,1.1953300603116257,1
6320,1,0,1,0,0.5463096804069019,1
6321,2,1,0,0,0.7248077250954243,1
6322,2,0,0,0,1.786942300380479,1
6323,1,1,1,0,0.43444526312341664,0
6324,2,0,1,0,1.6678391139589348,1
6325,3,0,1,1,2.5120467411316785,0
6326,2,1,1,0,0.7916746600987554,0
6327,2,0,1,0,1.1228242111535653,0
6328,3,1,0,1,-inf,1
6329,3,1,1,0,2.104363792546044,0
6330,3,0,0,1,0.6497889843372521,1
6331,2,1,1,0,1.2297082881245402,1
6332,1,1,1,1,0.17895669602664102,0
6333,1,0,1,0,-0.5850995221682863,1
6334,3,1,0,1,1.8511116526143854,0
6335,3,1,0,1,0.43649162997681307,1
6336,2,0,0,0,1.1550098606428585,1
6337,3,1,0,1,0.9771537052740453,0
6338,2,1,0,1,0.49795779177674215,1
6339,3,0,0,0,0.2721909110091425,0
6340,2,0,1,0,1.0873572742319895,1
6341,2,0,0,0,-inf,1
6342,2,0,0,1,0.19621894098441767,0
6343,2,0,1,0,0.4302851285190481,1
6344,1,0,1,0,0.31137254980716533,0
6345,3,1,0,1,1.738932073936939,0
6346,1,1,1,1,0.02828015495335856,1
6347,2,1,0,0,-0.042407795818318494,0
6348,2,0,1,1,0.9316775212932139,1
6349,2,1,0,1,1.0830899673980505,1
6350,1,0,1,1,0.576841606221471,1
6351,2,1,0,0,-0.6548590479765644,0
6352,2,1,0,0,-0.27608246065465775,0
6353,2,0,1,0,0.6837710359958482,0
6354,1,0,0,1,0.8206366769605309,1
6355,1,0,0,1,0.2613002306642233,1
6356,3,1,1,0,1.6095201439444924,0
6357,1,0,1,0,2.5645218088155364,1
6358,2,1,1,1,1.232989819387549,1
6359,3,0,0,1,1.2503126831248563,1
6360,2,1,0,0,1.2505715463509892,0
6361,2,0,0,0,-0.7699201848448962,1
6362,1,0,0,1,-0.5247218545802144,1
6363,2,0,0,0,-1.828295825800907,1
6364,2,0,1,1,2.366326682925014,1
6365,2,1,0,0,-0.3217493787318055,0
6366,2,0,0,0,-0.19642396259965966,1
6367,1,1,1,1,1.7401709513347914,0
6368,2,1,0,0,-inf,0
6369,1,0,0,0,-0.04262996502794002,1
6370,3,1,0,0,1.6324340190889477,0
6371,3,1,0,1,1.3764750794400005,0
6372,3,0,1,1,-inf,0
6373,1,0,0,1,-0.41140834984744157,0
6374,2,1,0,1,1.3144999876389416,0
6375,1,1,1,0,0.6707784521387874,0
6376,1,1,1,0,0.4074280909127811,1
6377,3,0,0,0,0.3587049271488194,0
6378,1,1,1,1,1.50403176217622,0
6379,1,0,0,0,-0.14870948061662875,1
6380,2,0,1,0,1.702033902571522,0
6381,1,1,0,1,-0.13837518283264294,1
6382,1,0,0,1,0.7767968586242555,1
6383,1,0,0,1,-0.8142957641957703,0
6384,2,1,1,1,2.2416682778221313,0
6385,3,1,1,1,-inf,0
6386,2,1,1,0,1.081359654566837,1
6387,1,0,0,0,-inf,0
6388,2,1,1,0,1.6383114618442958,1
6389,3,0,0,1,0.9680040690930147,1
6390,1,1,1,0,0.5210936855618913,0
6391,1,0,1,0,0.4500053295297729,1
6392,3,0,0,1,0.00039614134142085256,1
6393,2,1,0,0,-0.3161046338470617,0
6394,3,0,1,0,2.8281368712609996,0
6395,3,0,0,1,0.8900620741567968,1
6396,1,1,0,1,0.9254769625613359,0
6397,1,1,0,1,0.0818149447851399,1
6398,3,0,0,0,0.42272647174516276,0
6399,2,1,0,0,1.0204187291401077,0
6400,1,0,1,1,-inf,1
6401,3,0,1,0,2.6532060322439004,0
6402,1,0,1,0,1.7615162918979874,0
6403,3,0,1,0,2.3249689845437693,1
6404,2,0,0,1,1.3332832011955635,1
6405,2,1,0,0,-0.5379260353235413,1
6406,3,1,0,0,0.9638330081392144,0
6407,2,1,0,1,1.1428768573464838,0
6408,2,0,0,0,0.815119913396603,0
6409,3,1,0,0,0.9557505177438764,0
6410,3,1,0,1,1.7774345775991134,1
6411,2,1,0,0,-inf,0
6412,3,1,0,1,1.6286339299996597,1
6413,2,0,1,1,1.004978808760055,1
6414,1,1,0,1,-0.5393070155336176,0
6415,1,1,0,1,-inf,1
6416,1,0,1,1,0.9439599080525867,0
6417,3,0,0,1,0.7441228785073268,1
6418,1,0,1,0,0.5648699710247089,1
6419,1,1,1,1,0.5349377341146682,1
6420,3,0,0,1,0.9010360872962577,0
6421,2,1,1,0,0.6666303129463229,0
6422,3,0,0,0,-0.38495022440064997,0
6423,2,1,1,0,-0.013925149482891808,1
6424,2,1,0,1,-inf,0
6425,2,0,1,1,0.9812527234543427,0
6426,2,1,0,0,0.14191274234218418,0
6427,3,1,0,1,0.8129221303834352,1
6428,2,0,0,1,1.0384698543190982,1
6429,2,1,0,1,-0.23972202528345504,0
6430,1,1,1,1,0.48651174925817947,0
6431,1,0,1,1,-inf,1
6432,2,0,0,1,0.4222555018695604,1
6433,1,1,0,1,-1.30754690010733,1
6434,2,0,0,0,0.24636699937418738,1
6435,2,1,1,0,-0.6014654867677973,0
6436,3,0,0,1,0.8053966718015868,0
6437,1,1,0,1,-inf,1
6438,3,1,0,0,1.6126345382921021,0
6439,1,1,1,1,0.6526315158213118,0
6440,1,1,0,1,-0.15114176410948382,1
6441,1,0,0,0,-inf,1
6442,2,1,1,0,1.5225069704199508,1
6443,1,0,1,1,0.9470558019500497,0
6444,1,1,0,1,-0.30357559097788717,0
6445,2,1,0,0,0.42767950380257913,0
6446,1,0,1,0,0.5981304851232845,0
6447,3,0,0,0,1.1509217295788163,0
6448,1,1,1,0,0.6344104542509315,0
6449,2,0,0,1,-0.7780924325076173,1
6450,3,1,0,0,1.55439919814003,0
6451,2,0,0,1,0.9446922184183624,1
6452,2,1,1,0,1.3131921748751756,1
6453,3,0,0,0,1.1512556734391344,0
6454,2,1,1,1,1.5049356507674652,0
6455,1,0,1,1,0.2687335371156726,1
6456,3,1,1,1,1.4821979724938346,1
6457,1,1,1,1,-0.20071784401384024,1
6458,3,0,0,0,-inf,0
6459,2,0,0,0,-0.6763081543348941,0
6460,2,0,0,0,1.6608319045436164,0
6461,3,1,1,1,-inf,1
6462,1,0,0,1,-0.8344609022144434,0
6463,3,0,0,1,0.869044822708551,1
6464,1,0,1,1,1.2250529499235898,0
6465,2,0,1,1,0.8183017280905117,1
6466,2,0,0,1,1.551920086556425,1
6467,1,0,0,1,0.42696065186482834,0
6468,2,0,1,1,1.7346158189936507,1
6469,1,1,1,1,1.6379453789505907,0
6470,1,1,0,1,0.8977558614285657,1
6471,2,0,1,0,-inf,0
6472,3,1,1,0,1.1800501840878277,0
6473,2,1,0,1,1.0478128639662305,0
6474,3,1,0,0,0.9568457306770344,0
6475,2,0,1,0,1.2468141388263547,1
6476,2,1,0,0,0.3777306854536221,1
6477,1,0,1,0,-inf,0
6478,2,1,0,0,1.137780671998329,0
6479,1,1,1,1,-0.2926051638574631,1
6480,3,1,1,1,1.7210492259628076,1
6481,3,1,1,1,1.8717138950029617,1
6482,3,1,0,1,0.9394546278812661,0
6483,1,1,1,0,1.7315164229064823,0
6484,2,0,0,1,0.41533190113686114,0
6485,1,0,0,0,-0.6807885416556323,0
6486,3,1,0,1,0.5306468184621498,0
6487,3,0,1,1,2.640301524559993,0
6488,1,0,0,0,1.3569367791113134,1
6489,2,0,0,0,-0.5115630099024344,0
6490,1,0,0,0,0.05944576733270482,1
6491,1,0,1,1,1.8093013248921008,1
6492,1,0,1,1,1.2385747553956623,1
6493,1,0,0,1,-inf,1
6494,2,0,0,0,0.5307991859983211,0
6495,2,0,0,0,-inf,0
6496,2,1,0,1,0.5383625511916219,1
6497,2,1,1,1,1.6077191225668046,1
6498,2,1,0,1,0.11858125175244211,0
6499,3,0,0,1,2.183671623149051,1
6500,3,0,1,0,1.3513081567959655,0
6501,1,0,0,1,-0.10063099458272247,1
6502,1,0,0,0,-0.0612199670666319,0
6503,2,1,1,0,1.4792761642413859,0
6504,1,0,1,1,1.4453117086585614,0
6505,1,1,1,1,-0.3852568395862532,0
6506,3,1,0,1,0.4204204368050922,1
6507,1,0,1,0,-0.10608286210946782,0
6508,1,1,1,1,-0.4731839201229147,0
6509,2,1,0,1,-0.6458249770147269,1
6510,3,1,1,1,0.6971434255925987,1
6511,2,0,1,1,1.6676767223293198,1
6512,2,1,0,1,0.08661098758663596,0
6513,2,0,0,0,-inf,0
6514,2,0,1,1,1.5571654429694732,1
6515,2,1,0,1,-0.5574873874330379,1
6516,3,0,0,1,1.5852686391585449,1
6517,2,1,0,1,0.21662498351359769,0
6518,1,0,1,1,0.911762871122233,1
6519,2,0,1,1,2.606233847620296,1
6520,2,0,0,0,-0.27284261876838545,1
6521,1,0,0,0,-inf,1
6522,3,0,0,0,1.5586917867654555,1
6523,3,1,0,0,-0.33903596535617075,0
6524,1,0,0,1,-0.39033361848550313,0
6525,2,1,1,1,0.45122311810747084,1
6526,1,1,1,0,-0.18082284794054787,0
6527,1,0,1,0,-0.17590124223633208,1
6528,2,1,0,0,0.4569221529870538,0
6529,3,1,0,0,1.6135356266147973,1
6530,2,0,0,0,0.9120734235283959,1
6531,1,1,0,1,-0.24569052994972757,1
6532,3,1,0,0,0.8774660046995647,1
6533,2,0,0,0,0.6649197701718095,1
6534,1,1,0,0,-inf,1
6535,3,1,1,0,1.542203679370863,1
6536,2,0,1,1,-inf,1
6537,2,1,1,0,0.08362897122208601,0
6538,2,0,0,0,1.563170607511877,1
6539,2,0,1,1,2.2560186735424455,1
6540,3,0,1,0,1.9070269999503242,0
6541,2,0,0,0,1.3663381946035411,0
6542,3,1,0,1,0.1434808499471686,0
6543,2,0,0,0,0.2228683129139888,0
6544,3,1,1,1,1.7461975892527208,1
6545,1,1,1,1,0.6028135621771865,0
6546,1,1,1,0,1.36008278266638,1
6547,2,0,1,1,1.6165151170445013,1
6548,1,0,0,1,-0.3885494071113405,1
6549,3,1,0,1,1.4156439565223748,0
6550,1,1,1,1,1.1031269375907011,0
6551,2,0,0,0,-1.1425246858447695,1
6552,3,0,0,0,0.876733576110438,0
6553,2,1,1,1,0.9430554910454076,1
6554,1,0,1,0,-inf,1
6555,2,0,1,1,-inf,1
6556,2,1,0,1,1.4679744739336336,1
6557,1,1,1,1,0.4857986589915061,0
6558,1,1,0,0,-1.4610078409090104,1
6559,2,1,0,1,-0.7114057706433001,1
6560,1,0,0,0,0.10046429580820909,1
6561,3,0,1,1,2.413101972406741,0
6562,3,1,0,0,-inf,1
6563,2,1,0,0,0.08595009164343416,1
6564,1,0,1,1,-0.24033452530688237,1
6565,2,1,0,1,-0.38240440892394895,0
6566,1,0,1,0,-0.024767226954586663,1
6567,2,1,1,0,0.701001400803865,0
6568,2,1,0,1,1.0781435988973154,1
6569,1,0,0,0,0.45970506633821695,0
6570,2,1,0,1,0.38298006841528176,1
6571,1,1,0,0,-0.5977331539889186,0
6572,2,1,0,0,0.1778105377775852,0
6573,2,1,1,0,-inf,1
6574,2,1,0,1,0.22019359100988722,1
6575,2,1,1,0,1.0894468290482806,1
6576,1,0,0,1,-0.5764710268708746,0
6577,1,1,0,1,-1.6600169722994416,1
6578,3,1,1,0,2.8347836850844508,1
6579,1,1,1,1,-0.12681134192990634,0
6580,2,1,1,1,0.1674519277550658,1
6581,2,0,0,1,1.188298732055129,1
6582,3,1,0,1,-0.02197070404964041,0
6583,2,1,1,0,1.3906619003224039,0
6584,2,0,0,0,-0.6780590249369673,1
6585,2,1,1,1,0.8910037934284044,1
6586,1,1,0,1,-0.731572409405848,1
6587,2,1,1,0,0.7925621835688228,0
6588,1,0,0,1,0.8969011595620527,1
6589,3,1,0,0,1.0382256607789304,0
6590,3,1,0,1,0.8781760235587345,1
6591,3,0,1,1,1.9464807137787703,0
6592,1,1,1,0,-0.8390677560071607,0
6593,2,1,0,0,-0.1135575056176989,0
6594,2,0,1,0,1.626558337535529,0
6595,3,1,1,0,1.0075541410558795,0
6596,1,1,1,1,0.29088993501537824,0
6597,1,1,1,0,-0.23799154870039813,0
6598,2,1,1,0,1.2000264686964346,0
6599,2,1,0,0,0.5774772345596076,0
6600,2,0,0,1,-0.29482126316845136,1
6601,3,1,0,1,1.2086034257563694,0
6602,1,0,1,0,1.4385274284395746,1
6603,2,0,1,1,-0.19336587175096143,1
6604,2,1,1,0,1.1533273298845466,1
6605,2,0,1,1,0.6161117692337673,1
6606,3,1,0,0,0.8663970158352717,0
6607,1,1,1,1,-inf,0
6608,1,0,1,1,-0.3737768725203422,0
6609,2,1,1,1,0.5121015345343862,1
6610,2,0,0,0,0.9596055720284351,1
6611,3,1,1,0,1.3649883746693534,1
6612,3,0,0,1,2.076352272508463,0
6613,1,1,1,0,-inf,0
6614,1,0,0,0,-2.386813147694795,0
6615,3,1,0,0,1.1528815786177096,0
6616,3,1,0,1,-0.16407649927783674,1
6617,1,0,1,0,-inf,0
6618,1,1,0,1,-1.0267580973826476,0
6619,2,0,0,0,2.034063897655691,0
6620,3,0,0,0,0.8782057255258776,0
6621,2,1,0,1,0.46119093583949716,0
6622,1,1,0,0,-0.2726887506992545,1
6623,1,0,0,0,0.39021713334420993,1
6624,2,0,1,1,1.2180638625644302,1
6625,2,0,1,0,1.3676239185326056,1
6626,1,1,0,0,-0.6701249593069554,1
6627,1,1,1,1,1.1887267461448237,0
6628,3,1,1,1,2.0325287522796103,0
6629,2,0,0,1,0.6104127135467692,1
6630,3,1,1,0,1.5223460199631222,0
6631,3,1,0,0,0.47355785437188536,0
6632,2,1,0,0,-0.3705636638703968,0
6633,3,0,1,0,1.5283182998591207,1
6634,3,1,0,1,-0.0011110363451776184,0
6635,3,1,1,0,1.0660020797010792,0
6636,2,1,0,1,-0.8965343383877362,0
6637,3,1,1,1,-inf,1
6638,2,0,0,1,-inf,1
6639,3,1,0,0,0.2652300762877601,0
6640,2,0,0,1,0.3489609817194769,1
6641,2,1,0,1,1.2681749341348283,0
6642,2,0,0,0,0.09569061079756996,0
6643,1,0,0,0,0.3910064545470505,0
6644,3,1,0,0,0.9351191473304147,0
6645,3,1,1,1,2.3371127426127942,1
6646,1,0,1,1,0.696824205889912,1
6647,1,0,0,0,-1.3069678296390421,1
6648,1,0,1,1,0.8000945680005643,1
6649,1,1,0,0,-0.24514879898006608,0
6650,3,1,1,1,2.374304797796056,0
6651,1,1,0,0,-1.0893052085503743,0
6652,1,1,1,0,-inf,0
6653,2,1,1,0,1.3437720930953614,0
6654,3,1,0,0,0.7404789441687372,0
6655,2,0,0,1,-0.9403366282427523,1
6656,3,0,0,1,0.4830737267384556,1
6657,2,1,0,0,-1.4396701645070091,0
6658,3,0,0,1,2.3805644263581387,0
6659,3,0,0,0,0.10823686159228807,0
6660,3,0,0,1,1.1271453856343456,1
6661,1,1,1,0,-0.4286455408913387,0
6662,2,1,0,1,-0.14635414740312996,0
6663,3,1,0,1,0.7502697289963031,0
6664,3,1,1,1,-inf,1
6665,3,0,0,1,1.037766928476699,1
6666,2,0,1,1,0.9422778676952135,1
6667,2,1,1,1,0.19059434271288,1
6668,2,1,1,0,0.18713301771150492,0
6669,2,1,0,1,0.7200992748977784,1
6670,2,0,1,0,0.33059356060657963,1
6671,2,1,1,1,0.826438289471492,0
6672,3,1,0,1,-inf,0
6673,3,0,1,1,1.4498564802882383,0
6674,3,1,1,1,1.588498993003119,1
6675,3,1,0,1,1.0091333157840323,1
6676,2,1,1,0,0.5864504455880972,1
6677,3,0,1,1,0.9453928638364876,0
6678,2,0,0,1,0.9025131090231933,1
6679,2,0,1,0,2.6349820621841187,1
6680,3,1,0,1,0.8336654074262959,0
6681,2,1,1,1,-inf,1
6682,2,0,1,1,-inf,1
6683,1,1,0,0,-0.8941787945151207,0
6684,2,1,1,1,1.6211266028218927,1
6685,2,1,0,0,-0.3416559547874906,0
6686,1,1,1,1,0.8991624726910802,0
6687,2,0,1,1,1.6994318718313028,1
6688,3,0,0,1,0.9140288529662133,0
6689,3,1,0,0,1.7335197008124308,0
6690,3,0,0,1,1.080188363191359,1
6691,1,0,1,1,0.023143653283642318,1
6692,2,0,0,0,0.48694932048850753,1
6693,1,1,0,0,-0.6565282888948389,1
6694,3,0,1,1,2.5544571752563954,0
6695,1,1,0,0,0.3011625934088084,0
6696,1,0,0,0,0.2928179647788718,1
6697,3,1,1,1,-inf,1
6698,2,1,0,1,0.7512885085930534,0
6699,3,0,1,1,2.1171042876609683,1
6700,2,0,0,1,0.35059587545385185,0
6701,2,0,1,1,-inf,1
6702,3,0,0,0,0.7548438609576472,1
6703,3,1,1,0,0.8656649093416366,0
6704,3,0,0,0,1.117218111003191,1
6705,2,1,1,0,-inf,0
6706,3,1,0,0,1.356661215584146,1
6707,2,0,0,0,0.2852094918750641,1
6708,1,0,1,0,0.20949619885512694,0
6709,2,0,0,1,-0.19083777000865965,1
6710,3,0,0,1,-inf,0
6711,2,1,0,1,-0.343981149172578,1
6712,1,1,0,1,-0.6824287007996117,1
6713,2,1,1,1,-inf,1
6714,2,1,1,0,0.7395909542067189,0
6715,3,1,0,1,1.132266033007522,0
6716,2,0,1,0,-inf,1
6717,2,1,0,0,0.31237093235544655,1
6718,1,0,1,0,0.43119671270513804,0
6719,1,0,1,0,0.4126625207520227,1
6720,1,1,0,0,0.44331829914842086,1
6721,1,1,1,0,1.184875388339378,0
6722,1,0,0,0,-inf,0
6723,1,0,1,1,0.8761088097708452,1
6724,2,0,1,1,0.25222465648022885,1
6725,3,0,1,0,1.296006278069365,0
6726,1,1,0,1,-inf,1
6727,3,0,0,1,0.6297757881222876,0
6728,1,0,0,1,0.8928644980570585,1
6729,2,0,0,0,-0.25708810632393186,0
6730,1,0,1,0,-0.24774501902994184,0
6731,2,1,0,0,-0.03860225383503241,0
6732,1,1,1,0,0.2268361918350938,0
6733,1,1,1,0,-inf,0
6734,3,1,1,1,2.5467701568103966,1
6735,2,0,0,0,1.009471485693902,1
6736,3,0,0,1,1.2383803556807436,1
6737,2,0,0,0,-0.011223331576653894,1
6738,2,0,0,0,1.5805757850652982,1
6739,1,0,1,0,-0.9795025007545618,1
6740,1,0,1,0,0.7260787238060069,1
6741,2,0,1,0,0.5848301618572254,1
6742,3,1,1,0,0.258208861578455,1
6743,2,1,1,0,-inf,0
6744,2,1,0,1,0.6339556379739442,0
6745,1,0,1,0,1.082389773719351,1
6746,3,0,1,0,2.6874568048570615,1
6747,2,1,1,1,-0.23865221602519537,1
6748,2,1,1,0,1.4304467534757748,0
6749,1,1,1,1,-inf,1
6750,3,0,0,1,-inf,0
6751,3,0,0,1,-0.238661089542056,1
6752,2,0,0,1,0.6144921301855949,1
6753,2,0,0,0,0.4333671545058511,1
6754,3,1,0,1,0.7581726168147557,0
6755,2,0,0,0,0.23883226717377998,1
6756,2,0,1,0,-inf,0
6757,3,0,0,1,0.2182911156174454,0
6758,1,1,0,0,-0.5384513585422676,0
6759,2,0,1,1,0.26630851394185173,1
6760,2,1,1,0,-0.8480275248680009,0
6761,3,0,1,0,0.19810269835834138,1
6762,3,1,0,1,1.0859913112312138,0
6763,2,1,0,1,-inf,1
6764,3,1,1,0,3.1138298121985466,1
6765,2,0,0,1,0.04259142925584258,1
6766,1,1,1,0,-inf,0
6767,2,1,0,1,-inf,0
6768,1,0,0,0,0.5132251186009779,0
6769,2,0,0,1,0.7972639860421747,0
6770,2,1,0,1,1.659603413442457,0
6771,1,1,1,0,0.8680487159366996,0
6772,1,1,0,0,-1.0207680404822432,0
6773,3,0,0,0,2.503429482039787,0
6774,3,0,1,1,1.4406085260381054,0
6775,2,0,1,0,1.5353292791360136,0
6776,2,1,0,0,-0.4910044740981329,1
6777,2,0,1,1,1.324362849312957,1
6778,1,1,0,0,-1.578289780683095,1
6779,3,1,1,1,1.2073716905509146,1
6780,2,0,1,0,1.0480215936185435,0
6781,3,0,1,0,1.5805010517946267,0
6782,3,1,1,0,1.737560272137672,1
6783,2,1,0,1,-0.5139006089584457,1
6784,3,0,1,0,2.2689867918948763,0
6785,2,0,1,0,0.922974158349237,1
6786,3,1,0,1,1.440779443602875,1
6787,3,0,1,0,1.5833520814662705,0
6788,3,0,0,0,2.0344070919222745,1
6789,1,0,1,0,1.7012550606587067,1
6790,1,0,1,0,0.30667944083144877,0
6791,3,1,0,1,1.1820654912583395,1
6792,3,1,1,1,0.8980978696491984,1
6793,1,0,1,0,-0.847703300956716,0
6794,1,1,1,0,-0.676575089893968,0
6795,3,0,1,0,0.9975651400465813,1
6796,2,0,0,0,1.0970140221961169,1
6797,2,0,0,0,0.7173495054256694,1
6798,2,0,1,0,1.3521364255990527,0
6799,1,0,1,0,1.1218420921313343,1
6800,2,1,0,1,0.4877518094519149,0
6801,1,0,0,1,-inf,1
6802,2,1,0,0,0.38111465531369815,0
6803,1,0,1,0,0.44132205015406756,1
6804,3,0,0,0,1.4014692504919593,0
6805,3,0,0,0,0.7250771950065309,0
6806,3,1,0,0,1.4936737406459155,0
6807,1,1,0,0,-0.38009242938044957,1
6808,2,0,1,0,0.6404795226174509,0
6809,1,1,1,1,0.20794583318745233,0
6810,2,1,0,0,-inf,0
6811,2,0,0,0,0.8108148082905109,0
6812,3,1,1,1,2.1292758298032726,0
6813,2,0,0,1,0.6216884945498495,1
6814,1,1,0,0,-0.4449556858561625,1
6815,1,1,1,1,-inf,1
6816,2,0,1,0,0.8918388884946672,1
6817,1,1,0,1,0.5194001168652329,1
6818,2,0,0,0,-inf,0
6819,1,1,0,1,-0.961765856685254,1
6820,3,1,1,0,1.1861520633025155,0
6821,2,0,1,0,1.5400714243351097,1
6822,2,1,0,0,-inf,0
6823,3,0,0,0,-inf,0
6824,2,1,1,0,0.5195045795465517,0
6825,3,0,1,0,2.122773495954795,0
6826,1,0,0,0,-0.822022056623568,0
6827,3,0,0,1,2.038669635890643,0
6828,3,0,0,1,1.9279222506732414,0
6829,1,0,1,0,0.5002341821815488,1
6830,1,1,1,1,-0.12930072433458922,0
6831,1,0,1,0,-inf,1
6832,2,1,0,1,-0.3838192808375768,1
6833,2,0,1,1,2.4663911284419573,1
6834,1,0,1,0,1.1897634529349883,1
6835,2,1,1,1,1.1396472420984178,1
6836,2,1,1,1,1.1562983838853946,1
6837,2,0,1,1,1.0627471736959717,0
6838,3,0,1,1,0.9445792146430261,0
6839,1,1,0,0,-0.510447137411392,1
6840,3,0,1,0,1.684546296621917,1
6841,2,0,0,0,-0.2130677076878883,1
6842,1,0,1,0,-0.5344151440951702,1
6843,2,1,0,0,-inf,0
6844,1,0,0,1,-0.3881443457954619,1
6845,3,0,0,0,-0.18085751882354684,0
6846,1,1,1,0,-0.27277708515183124,0
6847,1,0,0,0,-0.7984076850609838,1
6848,3,1,0,0,1.9050234666310415,1
6849,3,0,0,0,1.4391015200519877,0
6850,2,0,0,1,0.07491823308440398,0
6851,3,0,0,0,-0.19437283421652318,0
6852,3,1,0,1,-inf,1
6853,2,0,0,1,0.5687138119315331,1
6854,2,0,1,0,1.257456149714545,0
6855,1,1,1,0,0.7088438918164203,0
6856,2,0,0,1,-0.09436087973994278,0
6857,3,0,0,0,0.5315280849522682,0
6858,1,0,1,1,-0.5829981585014327,1
6859,2,1,1,1,1.340848291401382,1
6860,1,1,1,0,1.4261083731432485,0
6861,1,0,1,0,0.9845488794383047,0
6862,2,1,0,0,0.1863802850616114,1
6863,1,1,1,1,-inf,0
6864,2,0,1,0,1.42739403258842,1
6865,3,0,1,0,3.0152365594503223,0
6866,1,0,1,1,-inf,1
6867,2,1,0,0,0.6937446561257674,0
6868,1,1,1,1,-0.24404470440450404,1
6869,1,0,1,0,0.9262350095210037,0
6870,1,0,0,1,-0.1822787743555461,0
6871,3,1,0,0,0.5722894569326306,0
6872,1,1,0,0,-0.60198047244955,1
6873,2,1,1,0,1.134096739308374,1
6874,2,1,0,1,-0.15575870628857097,0
6875,3,0,0,0,0.47396726469948125,0
6876,2,1,1,1,0.021356805969888537,0
6877,3,0,1,0,1.9625917561775899,0
6878,1,0,0,0,1.0246765055231353,0
6879,2,1,1,1,-0.7526855601178501,0
6880,1,1,0,0,-0.9200082455856242,0
6881,1,1,1,1,1.505753607924054,0
6882,2,0,0,0,0.7892979312357236,1
6883,2,1,1,0,0.36801383295546475,1
6884,2,0,1,1,1.0448492178720439,1
6885,2,0,0,1,-inf,1
6886,1,1,0,1,-0.5714223045025942,1
6887,1,0,1,0,0.6634765808377326,1
6888,3,1,0,0,0.9712901467070828,1
6889,1,0,0,1,-0.4101538694780279,1
6890,2,1,0,0,0.24101471080947118,0
6891,2,1,1,1,0.7624590405646473,0
6892,1,0,1,0,-0.5319715697149007,0
6893,2,0,1,1,1.204165063983493,1
6894,3,1,1,1,2.0025560692434947,1
6895,3,1,0,0,0.15923997550172764,0
6896,3,1,0,0,1.3777288018222515,0
6897,2,0,1,0,2.3205376137221467,1
6898,1,1,0,1,0.1981808664080527,0
6899,2,1,0,0,-inf,0
6900,3,1,1,0,0.5378389385916831,0
6901,2,1,1,0,1.6134755759477413,1
6902,3,1,0,0,-inf,0
6903,1,1,0,1,-0.46682633280435765,1
6904,3,0,1,1,-inf,0
6905,1,0,1,0,0.2610391518268516,0
6906,3,1,0,0,1.0061761468208037,1
6907,2,0,0,1,-0.3858291632346289,1
6908,1,1,1,0,1.1458042011213978,0
6909,3,1,0,0,2.8846912200315717,1
6910,3,1,0,1,1.088383956278401,1
6911,2,1,0,0,-inf,0
6912,1,0,0,0,-inf,1
6913,2,1,0,0,1.4198074049309253,0
6914,2,1,0,0,-0.3872182330957133,0
6915,1,0,1,1,0.7139024497897676,1
6916,2,0,1,1,1.8086357846004892,0
6917,3,1,1,0,1.0945654027089746,1
6918,2,0,1,0,1.3557097905594957,0
6919,2,1,0,0,0.8099903960894816,1
6920,2,0,0,0,2.8609126341557136,1
6921,3,0,1,1,2.5262946068752337,0
6922,1,1,1,0,1.121984765302554,0
6923,1,1,1,0,-0.034882405966645436,0
6924,2,0,1,1,2.563566547740672,0
6925,2,1,0,0,-0.6097323548642453,0
6926,3,1,0,0,1.8916978083734366,0
6927,3,0,0,0,1.1662775448910656,1
6928,2,0,0,0,-0.37963773461411976,0
6929,1,1,1,0,0.317415833036635,0
6930,1,1,0,1,-inf,1
6931,3,0,1,0,2.1595869032933077,1
6932,2,0,0,1,0.6898753930671113,0
6933,1,0,1,0,0.8050811098791926,1
6934,1,0,1,0,0.96336765107274,0
6935,1,1,1,0,-0.33068760397925306,0
6936,2,0,1,1,1.467347122652761,1
6937,1,0,0,0,-0.5135957791996753,0
6938,3,0,0,0,0.41779289357811444,1
6939,3,1,1,0,-inf,0
6940,3,1,1,0,0.519858324344751,0
6941,3,1,1,0,0.6604394354035663,1
6942,3,0,1,0,1.7581515107013967,1
6943,1,1,0,0,0.10687860013834466,0
6944,3,1,0,1,2.0334479591151804,1
6945,3,1,1,0,1.238651053875535,1
6946,3,0,0,0,1.676056087147375,0
6947,3,0,0,1,-inf,1
6948,2,1,1,1,1.3944295170459344,1
6949,3,1,0,0,1.148790021390114,0
6950,3,1,0,1,1.064636715730932,0
6951,3,1,0,0,2.042672323471813,0
6952,3,1,1,1,2.068583894739166,1
6953,1,0,1,1,0.48065733126213445,1
6954,1,1,0,1,-0.4139389482132458,0
6955,1,1,0,0,-1.2331130722173727,0
6956,2,1,1,1,1.9150564941170247,1
6957,2,1,1,0,1.1951524549693646,0
6958,2,0,1,0,1.641424865040464,0
6959,2,0,1,1,1.3921446905170867,1
6960,2,1,0,0,0.6194198727610631,0
6961,1,0,0,1,0.21326393867200927,1
6962,3,1,0,1,1.6321617650357811,0
6963,1,0,1,0,-1.825586538578286,0
6964,2,1,1,0,-inf,1
6965,2,0,0,1,1.0038680979974224,0
6966,2,0,1,1,2.321478228244341,0
6967,3,1,0,0,1.2862879750994818,0
6968,2,1,0,0,-1.1251985030435496,1
6969,1,1,0,1,-0.5035762470243187,0
6970,3,1,0,1,-inf,1
6971,3,0,0,0,0.4087316029740603,1
6972,2,0,1,1,1.6600572302392713,1
6973,1,0,1,1,0.87655512856209,1
6974,3,1,1,0,0.33095088074976076,1
6975,3,1,0,1,0.7863356162166766,1
6976,3,0,0,1,1.1147525497946333,1
6977,2,1,1,0,0.38203691660693884,0
6978,3,0,1,1,1.4638901001715792,1
6979,1,1,1,0,1.2121199045951994,0
6980,3,0,1,0,-inf,0
6981,1,0,0,0,-inf,1
6982,3,1,0,0,2.5372593394321594,0
6983,2,0,1,0,0.5804796926630621,0
6984,3,0,0,0,0.9317920417762313,0
6985,1,1,0,0,-0.3456460362935834,0
6986,2,1,1,1,0.7273909530385393,1
6987,3,0,0,0,-inf,0
6988,2,1,0,0,0.4516738615241476,0
6989,2,1,1,1,0.9379570968696311,1
6990,2,1,1,0,1.2575224132234926,0
6991,2,0,1,1,1.383844264045277,1
6992,3,0,1,0,3.2880666181628246,1
6993,2,0,0,0,0.06587776539047385,1
6994,2,0,0,1,-inf,1
6995,3,0,0,0,1.2275388126391404,1
6996,3,1,0,1,0.5198355539280555,1
6997,3,0,1,0,0.11790562964438744,0
6998,1,0,0,0,0.5560150697404449,1
6999,1,0,0,1,0.7058158790573941,1
7000,2,0,1,1,1.8054875856279757,1
7001,1,1,1,1,-0.30146992058319283,0
7002,3,1,0,1,1.7562008326359102,0
7003,3,0,0,1,1.6425214786552607,0
7004,3,1,0,0,1.2048076505482934,0
7005,1,0,0,0,-0.07544326415580271,1
7006,1,1,1,1,0.3667737595777724,0
7007,2,1,0,0,-0.6224165476065562,0
7008,1,1,1,1,1.6746132834792546,0
7009,2,0,1,0,2.3562827688096215,0
7010,1,0,0,1,-inf,1
7011,3,0,1,0,3.1086759624235487,1
7012,2,1,0,0,0.059083832389674684,0
7013,3,1,0,0,-0.05669779220764426,0
7014,1,0,1,1,0.7562039459926426,1
7015,2,1,0,0,-inf,0
7016,2,0,1,1,0.7107598278753866,1
7017,2,0,0,1,1.6891564804837627,1
7018,2,1,0,1,-1.131595817436023,1
7019,2,1,1,1,0.7967541802323643,1
7020,1,0,0,1,-1.0395974704943354,1
7021,3,0,0,0,2.222730199132857,0
7022,2,0,1,0,0.3690094768451937,1
7023,2,0,0,0,0.140690887931277,1
7024,3,1,0,0,1.0213899555101558,1
7025,1,0,0,0,0.9277528019075186,1
7026,2,0,0,0,0.1892618899996506,1
7027,1,1,0,0,-0.9085765216212942,0
7028,1,1,0,0,-0.24007139111289413,0
7029,2,0,1,1,0.5062293643065962,0
7030,3,1,0,0,0.9794593076805176,1
7031,2,1,0,1,0.2944020799719761,1
7032,1,1,0,0,0.34777554214942147,0
7033,1,1,1,0,-inf,0
7034,2,0,0,1,0.5217032280948533,1
7035,3,0,1,1,1.5484224607898156,1
7036,2,0,0,1,0.5768280350375135,1
7037,3,0,0,0,1.3833008461373733,0
7038,2,1,0,1,-0.21775100044829693,1
7039,1,1,0,1,-1.7072010248108889,1
7040,1,0,0,0,-0.06829398462145633,1
7041,1,0,0,1,0.4198286877353189,0
7042,1,1,0,0,-0.6151292583268292,0
7043,1,1,1,1,-inf,1
7044,2,0,1,0,0.8833963747326758,0
7045,3,0,1,1,1.4851493091771293,1
7046,1,0,0,0,-inf,1
7047,2,0,0,1,-0.9443265464386554,1
7048,1,1,0,1,-0.8806845318106447,0
7049,2,1,1,1,1.0114556458840245,0
7050,3,1,1,0,0.4467731418783607,1
7051,1,0,1,1,-inf,1
7052,1,0,0,0,-0.08158476562110953,1
7053,3,1,0,0,0.8887613510952461,0
7054,2,1,0,0,-0.21625036671235054,0
7055,3,1,0,0,-0.49306263936895456,1
7056,3,0,1,1,-inf,1
7057,2,1,0,1,-0.7008381363649236,1
7058,2,0,0,1,1.2045946346625231,1
7059,3,1,0,0,-inf,0
7060,3,1,0,0,1.0986657878393173,1
7061,3,1,0,1,0.01902143426717351,0
7062,2,1,0,1,0.8672516990223116,1
7063,2,1,0,1,0.6792378743687583,0
7064,3,0,1,1,2.4288087438622026,1
7065,2,0,1,1,1.9552640994486328,1
7066,3,1,0,1,1.3273356654416584,1
7067,2,1,1,1,1.4347026009704973,0
7068,3,0,1,0,2.308485708497893,1
7069,1,0,1,1,1.000345218592714,1
7070,3,1,0,0,0.42901013907801744,0
7071,2,1,0,0,-inf,0
7072,1,0,1,0,2.337797498559218,1
7073,3,1,1,1,0.9892203169973989,1
7074,3,0,0,0,1.2831729817878508,0
7075,3,1,1,0,2.3225188714020892,1
7076,3,0,0,1,1.479159724015748,1
7077,2,1,0,1,0.7919327355769412,1
7078,2,0,0,0,0.8602466398550486,1
7079,2,1,0,1,0.1777539655816014,1
7080,2,0,0,1,1.3877257566833687,1
7081,3,0,1,0,1.648772464471186,0
7082,3,1,1,0,0.5166521749662225,1
7083,3,1,0,0,0.41203810408466246,0
7084,3,0,0,1,-inf,0
7085,2,1,1,0,0.8960189328276111,1
7086,2,0,0,1,-0.44726889307220397,1
7087,1,1,1,1,0.7389149277090878,0
7088,1,1,1,0,1.793432818643038,0
7089,2,0,0,1,2.0496939896239015,1
7090,3,0,0,1,1.7951522037226693,1
7091,1,1,0,0,-1.2142302338778062,1
7092,3,1,0,1,1.4718933306020114,0
7093,3,1,0,0,0.4601254434523644,0
7094,2,0,0,1,1.3887427705872313,1
7095,2,0,0,1,-0.014743956795879587,1
7096,3,1,0,1,0.9407940906297997,1
7097,3,1,0,0,0.9520776668454627,0
7098,2,0,0,1,0.11340642637783777,1
7099,1,0,0,1,-0.023672487786746424,1
7100,3,1,0,1,-inf,0
7101,3,0,0,1,1.5118135155252386,0
7102,1,0,1,0,1.812600841637141,1
7103,2,0,1,0,3.6595615594977415,0
7104,2,1,0,0,0.21849175764261844,0
7105,1,1,1,1,-0.267082776740107,0
7106,2,0,0,0,-0.19174696667638402,1
7107,3,0,0,0,1.1147388583845828,0
7108,3,1,0,0,-0.15348154507831613,0
7109,1,1,1,1,0.4236306290572063,0
7110,1,1,1,1,-0.4389161998037428,1
7111,3,1,1,0,2.180262217993385,0
7112,1,1,1,1,1.2736594265576497,0
7113,2,0,0,0,0.44747311380069044,0
7114,3,0,1,0,1.8726660631336622,0
7115,1,1,1,0,0.20370500348291568,0
7116,3,1,1,0,1.7278506082587939,0
7117,2,0,1,1,1.5895967776312543,1
7118,1,0,1,1,1.7762461362898398,0
7119,1,1,1,0,0.5724581436489526,0
7120,2,0,0,1,0.3381901750430055,1
7121,2,0,0,0,-inf,1
7122,1,0,0,0,-0.682053094398781,1
7123,3,1,0,0,0.10705327132087317,0
7124,1,0,1,1,0.2752978215524698,0
7125,3,0,0,1,-inf,1
7126,1,0,0,0,-1.163977881265195,1
7127,3,1,0,0,-0.19592312564700387,1
7128,1,1,1,0,-0.5675701664872468,0
7129,1,0,1,0,0.9209711755024053,0
7130,1,1,0,1,-0.6842813456714281,1
7131,2,1,0,0,0.12391387223208913,1
7132,2,1,1,0,1.9319485865724317,0
7133,2,1,1,1,-0.3054336025206208,1
7134,2,0,1,0,1.1048865477901655,0
7135,3,1,1,1,1.4224014343136904,1
7136,3,1,0,1,-inf,0
7137,2,0,0,0,0.7166474579573713,1
7138,2,1,0,1,-0.20741365691328884,1
7139,2,1,0,1,-0.3088655257987299,0
7140,2,1,1,0,0.27524214278068293,0
7141,1,1,1,1,0.777238184791211,0
7142,2,0,1,0,0.3451816472896382,0
7143,2,0,0,1,-inf,1
7144,1,0,1,0,0.6694662231224032,1
7145,3,0,0,1,1.4016316237560638,1
7146,2,1,1,1,0.8464191690380984,1
7147,3,0,0,1,0.5538978684566475,1
7148,2,0,1,0,1.065817020883931,1
7149,1,0,1,1,0.45858752953802817,1
7150,2,0,1,0,1.206683160668407,0
7151,1,0,1,1,0.5553402423175764,1
7152,1,0,1,1,1.5803116194494784,1
7153,3,1,1,1,1.691212527166846,1
7154,3,1,1,0,1.8633827755921881,0
7155,2,1,1,1,0.8398961926768268,1
7156,3,1,1,0,3.2854466399582756,0
7157,1,1,1,0,0.8455984939780181,0
7158,3,1,0,1,-0.10765189345710047,0
7159,2,0,0,1,1.4361158315629243,1
7160,3,0,0,1,-0.01948470354408771,0
7161,1,0,1,1,-0.583956021353398,1
7162,1,1,0,0,-inf,0
7163,3,1,0,1,-inf,0
7164,1,1,1,0,0.24263034077952672,0
7165,3,1,0,0,0.6775418027442741,1
7166,2,1,0,0,0.6627330266098195,1
7167,3,1,0,1,0.3180052909233513,0
7168,3,1,1,1,2.422531838286437,1
7169,1,1,0,0,-0.4419017484311948,1
7170,3,0,1,1,-inf,0
7171,3,1,0,1,0.8758461233295031,0
7172,2,1,1,0,1.6921190180366639,1
7173,1,1,1,0,0.3205313538229904,0
7174,3,1,1,0,1.230793347866048,1
7175,2,1,0,0,1.2610936924353815,0
7176,2,1,0,1,-inf,0
7177,2,0,0,0,1.1409722561425633,1
7178,3,1,0,1,1.3109740993673507,1
7179,2,1,1,1,1.1115826609474224,0
7180,1,1,0,0,-1.3412290215415406,1
7181,2,0,0,0,-0.19254922910323535,1
7182,2,0,1,1,-0.0957830026119515,1
7183,2,1,0,1,0.759722812416141,1
7184,3,1,0,0,0.6247575601403372,1
7185,2,0,0,0,1.043739591558395,0
7186,1,1,1,1,0.8356447782299982,0
7187,2,0,1,0,0.6015697234796835,1
7188,1,0,0,0,0.13649924100782346,1
7189,2,1,1,0,1.864613713920535,1
7190,3,1,0,1,-inf,1
7191,3,0,0,1,0.8486489824180525,1
7192,1,1,1,0,0.854630888649853,0
7193,2,1,1,0,0.21339374831349756,0
7194,3,0,0,1,0.6029674886785081,1
7195,1,1,0,1,-0.3997673714844543,1
7196,2,1,0,0,-inf,0
7197,1,1,1,1,-0.1865273191508489,0
7198,2,1,1,1,0.656152480251325,1
7199,1,1,1,1,-0.45988889749230993,1
7200,3,1,0,0,1.5734764155401726,1
7201,2,1,0,0,1.3237678137635147,0
7202,2,0,0,1,0.8165734705263645,0
7203,2,1,0,0,-1.250477906603399,0
7204,2,1,1,1,-inf,1
7205,1,1,1,1,0.46986819491250237,1
7206,1,1,0,1,-0.7423274661055861,1
7207,2,0,1,1,-0.4699822705307106,1
7208,1,1,0,1,-0.08404160485970869,0
7209,1,0,1,1,1.0840713391678578,1
7210,1,1,1,0,0.420809646071686,0
7211,2,1,1,0,-inf,0
7212,1,1,1,0,-0.901743225922077,1
7213,1,0,1,1,2.1133101707446933,1
7214,1,0,1,0,1.129376696398312,1
7215,1,1,1,1,-1.0352135167940406,0
7216,1,0,1,0,0.024193944406020296,1
7217,3,0,1,0,3.6734043360301105,1
7218,2,0,0,1,0.9302271802336605,1
7219,1,1,0,0,-0.5146504502415045,0
7220,2,0,1,1,1.1151627028772388,1
7221,3,1,1,1,-inf,1
7222,3,0,1,0,-inf,0
7223,1,0,0,1,0.3468744678603283,0
7224,3,0,0,0,1.5531527282307198,0
7225,3,1,0,0,0.2144495678664693,0
7226,1,1,1,0,-inf,0
7227,3,0,0,1,1.46880473795,0
7228,2,1,0,1,1.189996319197843,0
7229,1,0,1,1,1.3801067659955546,1
7230,2,1,1,0,1.1001937443025982,0
7231,2,1,0,0,-0.6921024341185955,0
7232,2,1,1,1,0.23477737034983504,1
7233,2,0,0,0,0.43612923478592164,1
7234,1,0,1,1,-0.11613997107604312,1
7235,1,1,1,1,-0.7874660024656612,0
7236,3,1,1,0,2.4021362335846312,0
7237,3,1,0,1,0.3637710751164765,0
7238,2,0,1,1,2.057365376999811,1
7239,1,1,1,0,1.030109403583953,1
7240,1,1,0,1,0.5978730980794298,0
7241,2,1,1,0,0.13206233868444006,0
7242,1,1,1,0,-inf,0
7243,3,0,1,1,1.2964706165722997,0
7244,3,1,0,0,0.8827708838901479,1
7245,1,1,1,1,-0.3431586263943323,0
7246,3,1,0,1,1.4081400204728707,0
7247,3,1,0,1,0.17116483464081378,1
7248,2,0,1,1,0.9458129413663364,0
7249,3,1,0,1,-inf,1
7250,2,1,1,1,0.862735084301121,1
7251,2,1,0,0,0.3204209254939259,0
7252,2,1,0,0,-inf,0
7253,3,1,1,0,2.204584984951894,0
7254,1,0,1,1,1.7740586092640482,1
7255,2,1,1,1,0.5867879148327532,1
7256,1,0,1,1,1.920540832715822,1
7257,2,1,1,0,0.5078776787963449,0
7258,1,1,1,0,1.1351871639930888,0
7259,1,0,1,1,0.8894695698965183,1
7260,1,0,0,0,0.8110837939849918,1
7261,1,0,1,1,0.018908611565433775,1
7262,2,1,1,1,1.4578581809617117,1
7263,2,1,0,0,-inf,0
7264,1,0,1,0,1.4375367813895452,0
7265,1,0,1,1,0.6471380719589481,1
7266,1,1,1,0,0.6394697728330164,0
7267,2,0,0,0,0.9616778309815934,1
7268,3,1,0,1,0.5437194842509987,0
7269,3,0,0,1,2.8663387637784505,0
7270,2,0,1,1,0.7222435790847299,0
7271,2,0,1,0,2.198784289191813,1
7272,2,1,0,1,-inf,1
7273,2,1,0,0,0.9363607187761087,0
7274,2,1,0,0,-0.05306905646844928,0
7275,2,0,1,1,0.19496460679075578,0
7276,1,0,0,1,-inf,0
7277,2,1,1,1,-inf,1
7278,2,0,1,0,0.30789265263899857,0
7279,3,1,0,1,0.9036243435083071,0
7280,3,0,0,1,-0.973460099750997,0
7281,2,1,0,0,1.6606947222655302,0
7282,1,1,1,1,-inf,0
7283,3,1,0,0,0.736483014564357,0
7284,3,0,1,1,1.619552417175956,1
7285,3,0,0,1,1.9566912064970654,1
7286,3,0,0,0,0.0017239679450413714,0
7287,1,1,0,0,-0.4577174274940006,0
7288,3,1,1,1,-inf,1
7289,2,1,0,0,0.18071582180590307,0
7290,2,0,1,1,0.4376700065175101,0
7291,3,1,0,1,1.2475883669912582,1
7292,1,0,0,0,-inf,0
7293,1,1,1,1,0.5382408688847747,1
7294,1,1,1,1,-inf,1
7295,2,0,0,0,0.35418121515531475,1
7296,3,0,1,1,1.43979506313189,0
7297,3,0,0,1,0.794793829961377,1
7298,2,0,0,1,-0.19027546096302927,1
7299,3,0,1,1,2.673685155804054,0
7300,3,1,0,0,1.7851990417881494,0
7301,1,0,1,1,1.6996584015575813,0
7302,3,0,0,1,-0.23308163710587504,1
7303,1,1,1,0,-0.10905622281631228,0
7304,2,0,0,0,-inf,0
7305,1,0,0,1,-0.8558202363782493,1
7306,2,1,1,0,1.7546390127092932,1
7307,3,0,0,0,0.5513773363204665,1
7308,1,0,0,1,0.23489998351310365,0
7309,2,1,0,1,-0.13831928672207394,0
7310,3,0,0,0,1.952158330606495,1
7311,2,1,0,0,0.8671983466002156,0
7312,3,1,1,1,1.0224775506595933,1
7313,3,1,1,0,1.9119591238995857,0
7314,2,0,1,1,0.8338775482100238,1
7315,3,0,0,1,-inf,1
7316,3,1,0,1,0.28589312238772646,1
7317,2,1,0,1,0.8903214634615728,0
7318,3,1,0,0,0.4950475842874911,0
7319,1,1,1,1,-0.35199455075382297,0
7320,2,1,0,1,-0.08124005974000748,0
7321,3,0,0,0,1.4321980495802753,0
7322,2,1,0,0,-inf,1
7323,3,1,0,1,1.7926304374482664,0
7324,2,0,0,0,-0.31652854858977675,1
7325,2,1,1,0,1.6426990341504188,1
7326,2,0,1,1,1.160660276150819,0
7327,1,1,0,1,0.44724947941621257,0
7328,1,0,1,0,1.8456379383423762,1
7329,1,1,1,1,-0.23582290011421997,0
7330,2,0,0,0,0.3743912838336343,0
7331,2,1,1,0,0.7143690344830197,1
7332,2,1,1,1,1.921436883831327,0
7333,1,0,0,1,-0.5072414042777615,0
7334,2,1,1,0,0.5478037655357701,0
7335,1,0,1,0,1.2389850497528894,0
7336,3,0,0,0,0.6458351577139158,0
7337,3,1,1,1,1.8034711889010961,1
7338,2,0,0,0,0.5514288023270271,1
7339,1,0,1,1,1.0869890060460967,0
7340,1,1,1,0,-0.5385387566122715,0
7341,2,0,1,1,-inf,1
7342,1,0,0,1,-0.48615412358485516,0
7343,2,1,1,1,1.6841596380413573,0
7344,3,0,1,0,1.24407036470943,0
7345,3,1,0,0,0.43567716089844216,1
7346,3,1,0,1,0.5102149666073024,1
7347,2,1,0,1,-0.6528664986208554,0
7348,1,1,1,0,0.932289276785061,0
7349,1,0,0,1,1.2406415092682805,1
7350,2,0,0,1,1.1679948373591902,1
7351,3,0,0,0,0.9448583164994517,1
7352,1,1,0,0,0.19752919404045605,1
7353,3,1,1,0,1.315293593603771,0
7354,3,1,0,1,0.020991672387761562,1
7355,2,0,0,1,0.2933569233774046,1
7356,1,1,1,0,0.2362643007445965,0
7357,2,1,1,1,1.0193993916285315,0
7358,2,0,1,0,1.165609720443848,0
7359,1,0,0,1,-0.28286219071204566,1
7360,3,1,0,0,-0.07967999422221139,1
7361,2,0,1,1,0.5502353422121772,0
7362,3,1,1,0,1.760898467688218,1
7363,3,1,0,0,0.16390854019029077,0
7364,1,1,1,0,0.13688502052480284,0
7365,2,0,1,0,1.6308123328686297,0
7366,1,0,1,1,-0.02842178443427934,1
7367,2,1,1,0,-inf,1
7368,1,1,1,1,1.016007676760267,0
7369,3,0,0,1,1.8255926078341418,1
7370,1,1,1,1,0.27991631384766463,0
7371,1,1,0,0,-0.23557129408089555,1
7372,3,0,0,1,1.4058855887129929,1
7373,3,1,0,1,0.6397900933273037,0
7374,3,0,1,1,1.8621711499508364,1
7375,3,0,1,1,1.8590740305473707,0
7376,3,0,0,1,-inf,1
7377,1,0,1,0,0.4685002341847082,1
7378,2,1,0,0,-inf,0
7379,1,0,1,0,0.38623049497528733,0
7380,3,1,0,0,0.7804886045707293,0
7381,3,0,0,0,0.2677894816357016,0
7382,1,1,1,1,-0.08981295945441653,0
7383,3,1,1,0,1.981463433002764,1
7384,1,1,0,1,0.9789794551013966,1
7385,1,0,1,0,1.6969937860179098,0
7386,2,1,0,0,-inf,0
7387,2,0,1,0,1.7764559374513893,0
7388,1,0,0,1,-0.6673021968866605,1
7389,1,0,0,0,-0.0015016209648349155,1
7390,1,0,1,1,1.5473536313960081,1
7391,3,0,0,0,2.4482864886064046,0
7392,2,1,0,1,-0.8744152534950802,0
7393,3,0,0,1,0.80462446680663,0
7394,1,1,1,1,-0.5939967363093825,1
7395,1,1,0,0,-0.7369963193321505,1
7396,1,0,0,1,-0.120357818797967,1
7397,2,1,0,0,-0.14865342837746115,0
7398,1,0,0,1,-inf,1
7399,2,1,1,0,0.9387223099244895,0
7400,3,0,1,1,1.877999574605756,0
7401,3,1,0,1,1.4387978499661442,0
7402,2,0,1,0,1.6068862468008602,1
7403,2,1,1,1,1.5374548874142264,1
7404,1,0,1,0,-0.6344410753749202,1
7405,3,0,1,1,1.9233548968499228,1
7406,1,1,1,0,-1.798923623394569,0
7407,1,1,0,0,-1.8652467234116985,0
7408,1,0,1,1,-inf,1
7409,2,0,1,0,1.2172894294091854,0
7410,1,1,0,0,-0.41171831853729823,1
7411,1,0,1,1,-0.14405148900289044,0
7412,2,0,0,1,0.4665382406408889,1
7413,2,1,0,1,-0.21444088010664103,1
7414,3,0,0,0,2.133422686793346,1
7415,1,0,1,0,0.36180292587577945,1
7416,2,0,0,0,1.709317427846927,1
7417,2,1,1,1,-0.22613216790880686,0
7418,2,1,0,0,0.061971526521112597,1
7419,2,0,0,1,0.8200090469333501,1
7420,3,1,0,1,0.974480790498296,0
7421,3,1,0,0,1.0916382304904193,1
7422,1,1,0,1,-0.4445948007960796,1
7423,1,0,1,1,1.3258185831536675,0
7424,1,0,1,0,1.0220793433643014,0
7425,3,1,0,1,0.9930988967518033,0
7426,1,1,1,0,-0.1956930406834098,0
7427,2,0,0,0,0.8539591792281424,1
7428,1,1,1,0,1.2602319233260577,0
7429,2,0,1,0,1.78819204327095,1
7430,3,1,1,0,1.403077511366483,0
7431,2,0,1,0,0.9352802184865976,1
7432,3,0,0,1,0.9870942558527119,1
7433,3,1,1,1,1.8548248927076894,1
7434,1,1,0,0,-0.38898050242897114,0
7435,2,0,0,1,-0.004298117418624736,1
7436,2,1,0,1,-inf,0
7437,1,0,1,1,0.9850957777589255,1
7438,2,1,1,0,-inf,0
7439,2,1,0,1,1.9658836503820072,0
7440,3,0,0,0,1.6087600526235546,0
7441,3,1,0,0,-inf,0
7442,2,0,1,1,1.7575963981407667,1
7443,1,0,0,0,-inf,1
7444,1,1,1,1,-0.019345745410371096,0
7445,3,0,1,1,-inf,1
7446,3,1,0,1,1.650359036407913,1
7447,3,1,1,1,-inf,0
7448,1,1,1,1,1.2211625948256928,1
7449,2,0,0,1,0.9211211633943507,1
7450,2,0,0,1,0.7049027932126042,1
7451,2,0,0,0,-inf,1
7452,2,0,1,1,-0.3606997412706725,1
7453,3,0,1,1,2.516789768069751,1
7454,2,0,1,1,0.3808485189381835,0
7455,3,0,0,1,1.7873278690935166,1
7456,1,1,1,1,0.18481790988282676,0
7457,1,0,0,0,-0.9545993460880281,1
7458,2,1,0,0,0.541621154841609,0
7459,2,0,1,1,1.2992748916232548,1
7460,2,0,0,1,0.11862734474070674,0
7461,1,0,0,0,0.49895975139888904,0
7462,1,1,0,0,-1.3480055984245538,1
7463,1,1,0,0,-0.5898185706670918,1
7464,2,0,0,1,1.7214184078947121,0
7465,2,0,1,1,1.6635436006734752,0
7466,3,0,1,1,1.4218549349146135,1
7467,2,0,1,1,2.6020735166000524,0
7468,2,1,0,1,-inf,0
7469,3,1,0,1,2.026481431374703,0
7470,3,0,1,0,1.7513586696841272,1
7471,2,1,0,0,0.5051237769194118,0
7472,3,1,0,0,0.7801774737671393,0
7473,2,1,0,0,1.3032945386780204,1
7474,3,1,0,1,1.0748679060186839,1
7475,1,1,0,1,-0.22927513325662266,1
7476,2,0,0,0,0.6716686517484277,0
7477,3,0,0,0,-inf,1
7478,2,1,1,0,0.09639797005459172,1
7479,2,1,1,0,1.1662471408093578,0
7480,1,0,1,0,0.5824762604204955,0
7481,1,0,1,1,0.13002738195244656,1
7482,2,1,1,1,0.7330071469969801,1
7483,1,1,0,0,0.31218640394213154,1
7484,1,0,0,1,-inf,1
7485,2,0,1,1,0.856312983449009,0
7486,2,1,1,1,0.36426456783022454,0
7487,2,1,1,0,0.11754966264165523,1
7488,2,1,0,1,1.162247064493792,0
7489,1,0,1,1,0.7533444053971553,0
7490,2,0,0,0,-0.34760768686793997,0
7491,1,1,0,0,-0.9035967201131785,0
7492,2,0,1,1,0.9814388959621251,1
7493,2,1,0,0,-0.785739822296867,0
7494,3,1,0,0,0.6658736644960737,1
7495,2,1,0,0,-inf,1
7496,3,1,1,0,1.2188119586265556,0
7497,1,0,1,1,0.1414791358450379,1
7498,3,1,1,0,0.9149173805462879,1
7499,1,1,1,0,1.1632139720428911,0
7500,1,1,1,1,1.459996197870356,0
7501,2,1,0,1,-0.6759579776656837,0
7502,2,1,0,1,-0.09651148008838273,0
7503,1,1,0,1,-0.06909485039056673,0
7504,3,1,0,1,-inf,1
7505,2,1,1,1,-inf,0
7506,3,1,0,0,1.103121916814311,1
7507,1,0,0,1,-1.5134644257530452,0
7508,1,1,0,0,-0.9384902177266021,0
7509,1,1,0,1,0.09636147395100203,1
7510,1,0,1,1,0.3772918490244573,0
7511,3,0,0,0,0.4238651386518182,1
7512,2,0,1,1,1.1225163494740487,1
7513,1,1,1,0,-0.5445141647922689,0
7514,2,0,0,1,-0.06888912504630029,1
7515,3,0,1,0,2.6072341102915075,1
7516,2,1,1,1,-inf,1
7517,3,0,1,0,2.395585839443619,1
7518,1,1,0,1,-0.062383841165184306,0
7519,3,0,1,1,1.9074519244513506,1
7520,3,0,0,1,-0.044144740965833984,1
7521,2,1,1,1,1.8363497797640465,1
7522,1,0,1,1,0.34719045677659094,0
7523,2,0,0,0,0.32771958232047593,0
7524,2,1,1,0,-0.049989140055331616,1
7525,3,1,0,0,1.3202467040940924,0
7526,2,1,1,0,0.7312046223307944,0
7527,3,0,0,0,0.04514910992740728,0
7528,2,0,1,1,1.703667188626334,0
7529,2,1,0,0,1.9001088044356262,0
7530,2,1,0,1,-0.5729578731657163,0
7531,3,1,1,0,1.8237731491604272,1
7532,1,1,0,0,-0.8675739666279831,1
7533,3,0,0,1,1.4614294952098383,0
7534,1,1,1,1,-1.0289272719265066,0
7535,3,0,0,0,1.323312564176661,1
7536,2,0,0,1,2.4508354617245747,1
7537,2,1,1,1,0.27902685844670405,1
7538,2,1,1,1,1.5851422245203028,1
7539,2,1,1,0,0.7385134609685745,1
7540,2,0,0,0,1.0657787579347986,0
7541,3,0,0,0,1.0266360191269372,1
7542,2,1,1,0,1.3425246913994802,0
7543,1,0,0,1,0.016331939374676224,1
7544,2,1,1,1,0.13375491733569422,1
7545,3,0,0,0,-inf,1
7546,3,1,0,1,0.38751299047579313,1
7547,3,0,1,0,0.6477601090262941,0
7548,3,0,1,1,1.9921211914172636,0
7549,3,0,0,0,1.671495216066146,0
7550,2,1,0,0,0.4190103482651105,0
7551,3,1,0,1,-inf,1
7552,1,1,0,1,-0.0591011071469737,0
7553,2,0,0,0,-0.0465584913153283,1
7554,3,0,1,1,1.7225829869060225,1
7555,1,0,0,1,-inf,0
7556,2,1,1,0,0.8878030492970086,1
7557,3,1,0,1,0.47434394326852697,0
7558,1,0,0,0,0.8541550670019655,0
7559,1,0,0,1,0.0765145375231503,1
7560,1,0,1,0,0.22755200284824367,1
7561,2,1,1,1,1.366056651301796,1
7562,2,0,1,1,-inf,1
7563,2,0,1,0,0.4513919711203188,0
7564,3,0,1,0,2.773876168847773,0
7565,2,0,0,1,0.8209347497524317,0
7566,3,0,0,0,1.733252367425298,0
7567,1,0,1,1,0.13558870754617236,1
7568,1,0,0,1,0.16980305010499103,0
7569,1,1,0,1,-0.8177302715538386,0
7570,1,1,1,1,-inf,0
7571,3,1,0,0,1.0728775512968807,1
7572,3,0,1,0,2.0691058249354266,1
7573,3,1,1,1,-inf,1
7574,2,0,1,0,-inf,0
7575,1,0,1,0,-0.36586506605626934,0
7576,3,0,1,0,-inf,1
7577,1,0,0,0,-0.6377492944971062,0
7578,1,1,1,0,2.5751058335502077,1
7579,2,0,0,0,0.6365535349601001,1
7580,2,1,1,1,0.6501902915174526,0
7581,3,1,1,1,1.937520607480371,0
7582,2,0,1,0,1.3542137525722644,0
7583,3,1,1,0,1.714958550752115,1
7584,1,0,1,1,1.4688043499574777,1
7585,1,0,1,0,2.203987213728512,0
7586,3,1,0,0,1.1399564086612943,0
7587,3,1,0,1,-0.8960429945178294,0
7588,3,0,0,1,-inf,0
7589,1,1,1,0,-0.4645635316181827,0
7590,2,1,0,0,0.7187179007961497,1
7591,2,1,1,1,0.18232553883600755,1
7592,2,1,0,0,-0.490493163950857,0
7593,2,0,0,1,0.48292278385020676,1
7594,2,1,0,1,1.0838215407008227,1
7595,1,0,1,1,1.0505258457064908,1
7596,2,1,0,0,0.05403794284321686,0
7597,1,1,0,1,-1.0222201652176963,0
7598,2,0,1,0,0.2859786969699232,0
7599,2,0,1,0,2.4952580898624435,0
7600,3,0,0,1,1.64099307929748,1
7601,1,0,1,1,0.12895709590695426,1
7602,3,1,0,1,0.822833538649248,0
7603,3,0,1,0,-inf,0
7604,3,0,1,1,2.6475646461919387,1
7605,3,1,1,0,1.541442158450136,0
7606,1,1,1,0,-inf,0
7607,3,1,1,1,1.9995184369615473,1
7608,2,0,1,1,1.2041799504364625,0
7609,2,1,1,0,-0.2631309940819626,0
7610,1,1,1,1,-inf,0
7611,2,1,1,1,1.522651086879014,1
7612,1,0,0,0,1.306953967444275,0
7613,2,0,0,1,0.23252539871531802,1
7614,3,1,0,1,0.3878669111982081,0
7615,2,0,1,1,0.3793036429798643,1
7616,3,1,1,1,-inf,1
7617,1,0,0,0,-0.10766749602436995,1
7618,2,1,1,0,1.0391819326558123,1
7619,3,1,0,1,1.8409065462024268,1
7620,1,1,1,1,-0.13898242906323305,0
7621,2,1,1,0,0.863000296153043,0
7622,3,0,1,0,1.9349311951603234,0
7623,1,0,1,1,0.9648116884691766,1
7624,2,1,0,1,-0.5013358597166617,0
7625,2,0,1,1,0.9196369234750557,1
7626,1,0,1,1,0.3991570539831392,1
7627,2,0,0,0,0.44834460311883434,1
7628,2,0,0,0,0.9207950527488042,1
7629,2,0,0,0,-0.23916225669527347,1
7630,2,1,0,1,-inf,1
7631,2,1,1,1,1.3491298189489598,1
7632,1,0,0,0,-0.10277606803828003,1
7633,2,1,0,0,0.41775471868567254,1
7634,1,0,0,0,-0.7304939424238114,1
7635,2,0,0,0,1.687596394549408,0
7636,2,0,0,1,1.43586021024006,1
7637,1,0,0,0,-0.5050826347147881,1
7638,1,1,1,0,1.3405090944323155,0
7639,3,0,0,1,1.4086971462075,1
7640,1,1,0,1,-inf,0
7641,1,0,0,1,-0.9891743323125067,1
7642,1,1,0,1,-0.7004791439900069,0
7643,1,0,1,1,-inf,1
7644,3,0,0,1,0.5500649536395991,1
7645,2,1,0,1,0.5659639339300426,0
7646,1,0,1,1,0.25918456576031745,0
7647,3,0,1,1,1.40829697552767,1
7648,2,0,0,1,-0.11356384591595903,1
7649,2,0,0,0,0.7729545530854063,0
7650,2,1,1,0,1.17863374609443,1
7651,1,1,1,0,0.9807482962512679,0
7652,3,0,0,1,0.7283906041279675,1
7653,3,1,0,0,2.101148181386676,0
7654,1,1,1,1,0.2193361684976263,0
7655,3,0,0,0,-0.26021390721920157,1
7656,3,0,0,0,1.9706231405846286,0
7657,2,1,1,1,1.5056624489140047,1
7658,2,0,1,0,1.4594997557660985,1
7659,1,0,0,1,0.47746917584824056,1
7660,3,1,0,0,1.182237912195945,1
7661,3,0,0,0,1.258491934726375,1
7662,3,1,1,0,1.9585060553266536,0
7663,1,0,0,1,-0.34091990744969247,0
7664,1,0,1,0,0.30853862390506187,1
7665,2,1,0,0,0.6253005357966552,1
7666,1,0,1,0,-0.2963496014213224,1
7667,2,1,0,0,1.0861661440859898,0
7668,1,1,1,0,-0.837859092023232,0
7669,2,0,0,1,-0.26049119305601043,0
7670,1,0,0,0,-1.8166606182549927,0
7671,1,1,1,0,0.8634587627906776,0
7672,2,0,0,1,0.25516059836115734,1
7673,3,0,0,1,1.3660466804558646,0
7674,3,1,1,0,2.311218277034859,1
7675,2,0,0,0,-0.15784111045135463,0
7676,1,1,1,0,1.096814305415399,0
7677,2,1,0,1,-0.35830152179100644,0
7678,1,1,0,1,0.7957331428605194,1
7679,3,1,0,0,0.871330661708642,1
7680,3,0,1,1,2.100672117384375,1
7681,1,1,0,0,0.39679366657025134,0
7682,3,1,0,0,0.8190835188794107,1
7683,1,1,1,1,0.11895407929582108,0
7684,2,0,1,1,1.657592390964079,1
7685,1,0,0,0,0.8863117126604276,1
7686,3,0,0,0,-0.7716772820035314,0
7687,3,1,1,1,1.5895981738552676,1
7688,3,1,0,1,0.589298068996834,1
7689,1,1,0,1,-0.9117551656098579,0
7690,2,0,1,1,0.719394442321145,1
7691,3,0,0,1,1.3317357181413172,0
7692,2,0,1,1,1.4303376019926803,1
7693,1,1,0,0,-inf,0
7694,2,1,0,1,-0.15927976794174464,1
7695,2,0,1,0,1.4218973161433757,1
7696,3,1,0,1,-inf,0
7697,1,0,1,0,0.6564601302266221,1
7698,3,0,0,0,1.2039775345129256,1
7699,1,0,0,1,0.65505921386669,1
7700,2,1,0,0,-inf,0
7701,2,0,0,1,-inf,1
7702,2,0,1,1,1.4877050151864406,1
7703,3,0,0,0,2.128687291950768,1
7704,1,1,1,1,-inf,0
7705,3,1,0,1,0.11567308466985948,1
7706,1,1,0,0,-0.08676763825638217,1
7707,2,0,1,0,1.326662863730754,1
7708,1,0,1,0,-0.5813033141588596,1
7709,2,0,1,0,1.977538815775076,1
7710,3,1,1,0,0.9137142726844889,0
7711,3,1,1,0,1.286496184654847,1
7712,1,0,1,1,0.4104355482244746,1
7713,1,0,0,1,-0.5559064834345798,1
7714,2,0,1,0,0.9920366767200117,1
7715,1,1,0,0,0.5630459663960488,1
7716,1,1,1,0,-0.3031220516692262,0
7717,1,1,1,1,0.6071537719052219,1
7718,1,0,1,0,0.8277273093808822,1
7719,3,0,0,1,0.7685552790669811,0
7720,2,1,0,0,0.47662437103768235,0
7721,3,0,1,1,2.5060789289499477,1
7722,1,1,0,1,-1.3313697312284793,0
7723,3,0,0,1,1.416812414992435,0
7724,1,0,1,0,0.895892587828473,1
7725,2,1,1,1,0.552420322677029,1
7726,2,1,0,0,-0.13343367833309333,0
7727,3,1,1,0,2.8210099973798783,0
7728,3,0,0,1,0.24803929247964118,1
7729,2,1,0,1,1.1752209487631784,0
7730,2,1,0,0,-inf,0
7731,1,1,0,1,-0.41798294308676415,0
7732,3,0,1,0,0.6574412758145973,1
7733,1,0,1,1,0.45126633408701927,1
7734,2,1,0,0,0.13538059745909592,0
7735,2,1,0,0,-0.5192638228014825,0
7736,1,0,0,0,-inf,0
7737,1,1,0,1,-inf,1
7738,2,1,1,0,0.8748376964745992,0
7739,2,0,1,0,0.8246123973045607,1
7740,3,0,1,1,1.724144737387486,1
7741,3,0,1,0,3.3696816137343215,1
7742,2,0,0,1,-0.5948655564919938,1
7743,1,1,0,0,-0.608204823181219,1
7744,2,1,0,1,0.07262716659077115,0
7745,1,1,0,0,-1.2645232128557973,1
7746,2,1,0,0,-inf,0
7747,2,0,1,1,0.47433336213200583,0
7748,1,1,1,1,0.08692491817815984,1
7749,1,0,1,0,0.39824535778099096,1
7750,1,1,1,1,-0.6082452524625737,0
7751,1,0,1,1,0.6476545300496362,1
7752,3,0,1,1,2.250295594498376,0
7753,3,0,1,0,-inf,0
7754,2,1,1,1,0.9372930307830555,0
7755,1,1,0,1,-0.7447134434641929,0
7756,2,1,0,0,0.15158494084693946,0
7757,2,1,0,1,0.3908947545244898,1
7758,2,1,1,0,1.4272863330322698,0
7759,2,1,0,0,0.758949392631111,0
7760,1,1,0,0,-0.9954371752079665,0
7761,2,0,1,1,0.9579761309630443,0
7762,2,0,0,0,0.07562386078681738,1
7763,2,1,0,1,-0.15050244443400146,0
7764,2,1,0,0,0.3726805817157369,0
7765,2,1,0,0,0.6881188855751665,0
7766,3,0,0,1,0.5843378338855668,1
7767,3,0,0,0,1.459021195579233,0
7768,1,1,1,1,1.1665184292327626,1
7769,3,0,1,0,0.8525900410546443,0
7770,1,0,0,0,-0.9035174675719067,0
7771,1,1,0,0,0.05961379920563359,0
7772,3,0,0,0,0.9267754466749513,0
7773,3,0,0,1,1.9302684429798944,1
7774,2,1,1,0,0.09093114497317123,0
7775,3,1,0,0,1.12530184776036,1
7776,3,1,0,0,0.5850964571526933,1
7777,3,0,0,0,-inf,1
7778,1,1,0,0,-0.36917110677791404,0
7779,2,0,0,0,1.1722334709647624,0
7780,1,0,1,0,0.5423814423740079,0
7781,3,0,0,0,1.1380953467501311,0
7782,3,0,1,1,-inf,1
7783,2,1,0,0,0.6383188937318112,0
7784,2,0,0,1,-inf,0
7785,3,1,1,1,0.9325822152058577,1
7786,2,1,0,1,-0.5457354527972691,0
7787,1,1,0,0,-inf,0
7788,3,1,1,1,1.9422576616484077,1
7789,2,1,1,1,0.2533524003627946,1
7790,1,0,0,0,-1.4127440109287819,1
7791,1,1,1,0,0.7524290585585213,0
7792,1,1,1,0,0.5024353423881207,0
7793,3,1,1,1,-inf,1
7794,2,1,0,1,0.40038607333815307,0
7795,2,0,0,1,0.09475970493522318,0
7796,3,1,0,1,-inf,0
7797,2,0,0,1,0.10202793591741938,1
7798,3,1,0,0,1.1725699115270487,1
7799,2,1,0,0,0.790879465092138,0
7800,2,0,0,1,1.188867435693961,1
7801,1,0,1,0,1.0061059136259591,1
7802,2,1,0,1,-0.2627213879811685,0
7803,2,1,1,0,0.3549084115343034,1
7804,2,0,0,0,1.2428588836694368,1
7805,1,1,1,0,-0.036606679855225366,0
7806,1,0,0,1,-inf,0
7807,3,0,1,0,1.7574428859991125,0
7808,1,0,1,1,1.7743798697443136,1
7809,3,1,1,0,2.3827580709811196,1
7810,1,1,1,0,1.940982984996923,0
7811,2,0,0,0,-inf,0
7812,2,0,0,1,0.34268935666633293,1
7813,2,0,0,1,0.3505186481628309,1
7814,3,0,0,1,0.4630850996619248,0
7815,1,1,1,0,1.20802490331916,0
7816,2,0,1,1,1.052799511631107,0
7817,2,0,0,1,1.7137339865834915,1
7818,1,1,0,0,-0.6074976002578676,0
7819,2,0,0,0,0.6376550927757544,0
7820,2,1,1,1,1.8163163576265497,0
7821,3,1,0,1,1.3272612001079014,1
7822,3,0,0,1,0.9384721172927212,1
7823,2,0,0,1,-1.0964412425043946,1
7824,2,0,0,0,0.09854506225590409,1
7825,1,1,1,1,0.945885863757552,0
7826,1,1,1,0,-inf,1
7827,3,1,1,0,0.9881189668717973,1
7828,2,0,0,1,0.4932830062354053,1
7829,3,1,0,0,1.1111300022085446,1
7830,2,1,0,0,0.7591829919320758,0
7831,3,1,0,1,1.8149179957675015,1
7832,1,0,1,0,0.2080450828770929,0
7833,3,1,0,1,0.2119216623040895,1
7834,3,0,0,1,1.1643143484638225,1
7835,2,0,1,1,-inf,1
7836,2,1,0,1,-0.29651431353966484,1
7837,3,1,0,1,-inf,1
7838,2,0,0,0,0.2337649486021332,1
7839,1,1,1,1,-0.4013323529973463,0
7840,2,1,0,0,-0.6200272304709395,0
7841,3,0,0,1,1.0543326512875493,1
7842,2,0,1,1,-inf,0
7843,3,1,1,0,1.883473572432837,0
7844,2,1,0,1,-0.26996946758468493,1
7845,3,0,1,1,1.1163198598095372,1
7846,1,1,0,0,0.566553789119195,0
7847,2,1,0,0,0.2763128413796075,0
7848,2,0,1,0,0.9735336553899605,1
7849,2,1,1,1,0.2219947021814075,1
7850,2,1,1,0,0.7119140880943766,0
7851,2,1,0,1,1.2289702311574526,0
7852,1,0,1,1,0.43535808444495366,0
7853,2,0,0,1,-0.9191250186081281,1
7854,3,1,0,1,1.1272247208283197,0
7855,1,1,1,0,-inf,0
7856,3,1,1,0,1.7966221855287234,1
7857,3,0,0,1,1.581037250572786,1
7858,2,1,0,0,1.1949776774057248,1
7859,2,1,0,1,0.552600627836906,1
7860,3,1,0,1,-0.007716666236790681,1
7861,1,1,1,0,0.6849672205106421,0
7862,2,1,1,1,0.3717773861807224,1
7863,1,0,1,1,0.2858314853402028,1
7864,2,1,1,0,-inf,1
7865,2,1,1,1,-inf,1
7866,3,0,1,1,1.7702950123484593,1
7867,3,0,1,1,1.5449993857407045,0
7868,3,1,0,0,-0.3976322064402156,1
7869,1,0,1,1,1.6385340047762456,1
7870,2,1,0,1,0.9314223226319058,0
7871,3,0,0,0,-inf,1
7872,1,1,0,1,0.02078179583653389,0
7873,3,1,1,0,1.6035133759376259,0
7874,1,0,0,0,0.6678915015563707,0
7875,1,0,1,1,0.8303043239144909,1
7876,3,0,0,1,0.5420560832756037,1
7877,1,1,1,1,0.7792245585028352,0
7878,1,0,0,0,0.057283132572406054,1
7879,3,0,0,0,0.6524585404962029,1
7880,3,1,1,0,1.7081141678199787,1
7881,1,0,1,0,0.8114075923747329,0
7882,1,0,0,0,0.430508023693959,1
7883,2,0,1,0,-inf,0
7884,2,1,0,1,0.345240983627675,1
7885,3,1,0,0,2.055203161155072,1
7886,3,1,0,0,0.3135222727408999,1
7887,3,1,1,0,1.7481218395390214,1
7888,1,0,0,0,-0.11760252253916591,0
7889,1,0,1,1,1.7990452900142233,1
7890,2,1,0,1,-0.8396967459878377,1
7891,1,0,0,1,-0.5412711189246342,0
7892,2,0,1,0,1.5579702814917815,0
7893,2,0,0,1,1.011255034947805,1
7894,3,1,0,1,1.6150306409258888,0
7895,1,0,1,0,0.2721052631660551,1
7896,2,0,1,1,2.4448997777571346,1
7897,2,0,1,1,0.7186332345441356,1
7898,2,0,1,1,0.7869940863435898,1
7899,2,0,0,1,-0.04928069372685406,1
7900,3,0,0,0,0.7360765954864745,0
7901,3,1,1,0,-inf,1
7902,3,0,0,0,0.9375830411492834,0
7903,1,1,1,1,1.1461100002396951,0
7904,1,1,1,1,0.19684608027016934,0
7905,2,1,0,0,1.787272625182464,1
7906,2,0,0,1,-0.5624561581107228,0
7907,3,0,0,1,2.36895125152874,1
7908,2,1,0,0,-inf,0
7909,1,0,1,1,1.2630656946641468,1
7910,3,0,1,1,-0.2987348076390217,1
7911,2,1,1,0,1.9993818301936068,1
7912,2,0,0,0,0.05983629049943456,1
7913,2,1,0,1,0.3851096092945835,0
7914,1,0,1,0,-inf,1
7915,3,0,0,1,1.4840096873458888,0
7916,2,0,1,0,-inf,1
7917,2,1,0,0,0.8800038941818262,0
7918,1,1,1,0,-0.32680576594130156,0
7919,2,0,0,0,0.6290403030064825,1
7920,3,0,1,1,2.1148575824472244,1
7921,3,1,1,0,2.7505695013526243,1
7922,2,1,1,1,1.620056921657928,1
7923,2,0,0,0,0.21258748576774844,1
7924,3,1,0,1,1.490421550451225,1
7925,2,1,0,0,-0.7379844978314656,0
7926,2,1,1,0,0.9156953123756075,1
7927,3,1,1,1,-inf,1
7928,2,0,1,1,2.154220110456245,1
7929,2,0,0,1,-inf,0
7930,3,1,0,1,0.24864006503285285,1
7931,1,0,0,0,-0.10853286556321882,1
7932,2,0,1,1,1.8151256530891393,0
7933,2,1,1,1,1.1084055857344894,1
7934,2,1,1,1,1.7302632773425195,0
7935,2,1,1,1,1.0163760761570675,0
7936,2,1,1,1,-inf,0
7937,3,0,0,1,2.3347109693728334,1
7938,1,0,1,0,0.43489261475045193,0
7939,3,0,0,0,0.7062584399157075,0
7940,2,1,0,0,0.9205369184583077,0
7941,2,0,0,0,0.5712056142367978,1
7942,1,1,1,1,-inf,1
7943,3,0,0,1,1.5071812582031476,1
7944,1,1,1,0,0.7170958515196084,0
7945,1,1,0,1,-0.7787641872703448,0
7946,2,0,1,1,1.1429294273982926,1
7947,1,0,1,1,-0.228639930927947,1
7948,3,1,0,0,0.6504837329529087,0
7949,3,0,1,1,2.237366362628697,0
7950,2,1,0,0,0.9246500737497962,0
7951,1,1,1,0,0.3106838248868261,0
7952,1,0,1,0,0.5295435688867571,1
7953,2,1,0,0,2.4676147872981016,0
7954,3,0,0,0,1.0956541244876952,0
7955,1,0,0,0,-inf,1
7956,1,1,1,0,-inf,0
7957,3,1,0,0,0.6900764164593961,0
7958,2,1,0,1,0.3570874290414865,0
7959,2,0,1,1,1.2617317020615946,1
7960,3,1,0,0,1.2516024912794648,0
7961,1,0,0,1,-0.1760626238086546,0
7962,3,1,1,0,1.3590186105858013,0
7963,3,1,0,1,1.8353958025733428,1
7964,3,0,0,0,0.7817670194543518,0
7965,3,0,0,1,1.1443514932449474,1
7966,1,0,1,1,0.37222280426927074,1
7967,1,1,0,1,-1.3222780638205036,0
7968,3,1,1,1,1.9892938794228587,1
7969,2,0,1,1,1.644356001151584,1
7970,2,1,1,1,-inf,1
7971,1,1,1,1,0.4286119746905365,1
7972,2,0,1,1,0.7345966335799785,1
7973,2,1,1,1,1.2713253396637891,1
7974,1,1,0,1,-0.20579814082852804,1
7975,3,1,1,0,-inf,0
7976,1,1,1,1,0.9103313243785933,0
7977,3,0,0,0,0.4738749727039938,1
7978,3,1,0,1,0.7766261550324534,0
7979,2,0,0,0,1.2911536455660175,0
7980,3,0,0,0,1.0461934100867376,1
7981,2,0,0,1,1.2014861900392129,1
7982,2,0,0,0,-0.5360146156630039,1
7983,3,0,0,0,1.270559030988688,0
7984,2,1,1,1,-inf,0
7985,2,0,1,0,1.6541471751877104,0
7986,2,1,0,1,0.6431949655290035,0
7987,2,1,0,1,-inf,0
7988,1,0,0,1,-0.7323770543426478,0
7989,3,1,0,0,0.49896178049974627,1
7990,1,1,0,1,-1.4459166613011685,0
7991,2,0,0,0,0.5750983386478491,0
7992,2,0,1,0,0.6567570741839112,1
7993,1,1,1,1,-inf,0
7994,1,1,0,0,-0.5766941193168555,0
7995,3,1,0,0,-0.2405333243515142,1
7996,2,1,1,0,-0.015392911842770252,0
7997,3,1,0,1,1.0058979052712234,0
7998,1,1,1,1,-0.05129396712685791,0
7999,1,1,1,1,1.1346689541194142,0
8000,2,1,1,1,0.8810860448008799,1
8001,2,1,0,1,-0.7812093705998224,0
8002,3,0,0,1,0.634417158140933,1
8003,3,1,0,0,1.3837172859001299,0
8004,1,1,0,1,-1.4015119305579027,0
8005,3,1,0,0,0.8208227676919044,0
8006,2,1,0,0,-0.5928768845517862,0
8007,3,0,0,1,1.1128306641297325,1
8008,2,1,1,1,0.6409022068405281,1
8009,3,0,1,0,0.748925765458565,0
8010,2,1,1,1,0.8057454460649174,1
8011,2,1,0,1,1.0947894088188945,0
8012,1,0,0,1,-0.6432933546875638,1
8013,2,0,0,0,-0.6338361575124214,0
8014,3,1,0,1,-inf,1
8015,1,1,1,1,0.699623217596403,0
8016,1,0,0,0,1.0179667447795335,0
8017,2,1,0,1,0.27218827254020705,0
8018,1,0,0,1,0.05459500958676053,0
8019,3,1,0,0,-0.5933592711706424,1
8020,1,0,1,1,0.5876843735172051,1
8021,1,1,1,0,1.1373482470409533,0
8022,2,1,0,0,0.6620241233755226,0
8023,3,0,0,0,1.2754084806515291,1
8024,1,1,1,1,1.003344312928859,0
8025,1,0,0,1,0.7931480600579643,1
8026,3,0,0,0,1.7022705697065363,1
8027,1,1,1,1,-0.37365194147732145,0
8028,3,1,0,0,-0.19919824861999968,0
8029,2,0,1,0,1.5417993705844117,0
8030,2,0,1,0,-inf,1
8031,2,1,0,1,0.9811387481621408,1
8032,1,0,1,0,0.749356837908303,0
8033,1,0,0,1,0.31595632495467985,0
8034,3,0,0,1,0.365720961495828,0
8035,2,0,1,1,1.0111557568809704,1
8036,2,0,0,0,-inf,0
8037,1,1,1,1,-0.2544173817143303,0
8038,3,0,1,1,1.4636809735375769,1
8039,2,1,1,0,-inf,0
8040,1,0,0,1,-inf,1
8041,2,0,1,1,1.9148695238394815,0
8042,3,1,1,1,0.5977350186359613,0
8043,3,1,0,0,0.473348520702799,1
8044,1,1,1,1,0.09889052521206232,0
8045,3,1,0,1,1.7871634153094345,1
8046,2,1,0,1,0.47716408882150974,1
8047,2,0,0,1,-inf,1
8048,1,1,0,0,-0.2199264293433191,1
8049,2,0,0,0,-1.0283779554415773,0
8050,1,1,1,1,-0.6551404886863834,1
8051,2,1,0,1,0.25986205412185437,1
8052,2,0,0,1,-0.4574900342616548,1
8053,1,0,1,0,1.2816701243580575,1
8054,1,0,1,1,1.230850052330737,1
8055,2,0,1,1,0.5679290223173955,1
8056,2,1,1,1,-inf,1
8057,2,1,0,0,-0.12762100359653,0
8058,1,0,1,1,1.1943050034359284,1
8059,3,0,1,1,1.3700856322993644,1
8060,3,1,0,0,0.6286010987772843,0
8061,3,0,0,0,1.2093730706425765,0
8062,1,1,1,1,1.0396880970336138,0
8063,2,1,1,0,1.3902999192743661,1
8064,3,1,0,0,0.6116795694686579,1
8065,2,0,0,1,-inf,1
8066,2,0,1,0,0.16460549170222705,1
8067,2,1,1,0,1.2859113174988064,1
8068,1,1,1,1,1.396328200787543,0
8069,1,0,0,0,-0.8581236507276132,1
8070,3,0,0,1,0.7523256058526696,1
8071,1,0,0,0,0.37178238236330574,1
8072,2,0,1,1,2.1336525596105362,0
8073,1,0,1,1,1.1318119316644353,1
8074,2,1,0,0,0.2971445513460049,0
8075,1,0,1,0,1.0399365803973195,1
8076,1,0,1,0,0.35467253095472817,1
8077,2,1,1,1,2.02969284605961,0
8078,1,1,0,1,-1.0077025070262122,1
8079,2,1,1,1,0.3907078790675199,1
8080,2,1,1,0,-inf,0
8081,2,0,1,0,1.0973748564154047,1
8082,3,1,1,0,2.155815923576297,1
8083,1,1,1,1,0.0003531777772231015,0
8084,2,0,0,0,0.633260762774454,1
8085,3,0,1,0,2.3425359990065644,0
8086,3,0,0,0,1.8347265564318946,1
8087,2,1,0,0,0.27884058224705216,0
8088,3,1,1,0,-inf,0
8089,2,1,1,1,-inf,0
8090,3,1,0,1,1.4115172128351632,1
8091,2,1,0,0,1.7144724081116025,0
8092,3,0,1,1,2.07320711293939,0
8093,1,0,0,1,0.007041485116402291,0
8094,2,1,0,0,0.4310784073864581,0
8095,2,0,1,0,0.22102402120644715,0
8096,3,1,0,1,1.200937623906901,1
8097,1,1,1,1,-inf,0
8098,2,0,1,1,1.5630987969058294,1
8099,2,0,0,1,0.5866733508012031,1
8100,2,0,0,0,1.4519100304980541,0
8101,1,0,1,0,-0.31164724505170616,1
8102,2,0,1,1,0.8354113833004316,1
8103,2,0,1,0,0.5163970818889877,1
8104,2,0,0,0,-1.0646074355831814,0
8105,1,1,0,0,-0.0681518918516984,0
8106,1,0,0,1,-0.28584128672742826,1
8107,3,0,0,0,0.8056509245302339,0
8108,1,1,0,0,-0.16474630000529017,1
8109,1,1,1,1,0.15712118324694124,0
8110,2,1,0,1,2.3466574707944465,0
8111,1,0,0,1,-0.7784255150526701,1
8112,2,1,0,0,-0.24064711197228672,0
8113,1,1,1,1,0.3160930905448169,0
8114,2,0,0,0,0.6649217476592231,1
8115,2,0,0,1,0.858662947887884,1
8116,1,0,0,0,0.45948537587708915,0
8117,2,1,1,1,1.1609665609365276,1
8118,3,1,0,0,0.2122523879022129,0
8119,1,1,1,1,-inf,0
8120,2,0,0,1,0.6309958641498628,1
8121,2,1,1,1,0.7097562295488584,1
8122,3,0,0,1,0.6636194140333505,0
8123,2,0,0,1,-0.03063098074463022,1
8124,2,1,0,1,0.4631617047620727,0
8125,3,1,0,1,0.6079404898127304,1
8126,2,1,0,1,-0.3279817702756051,0
8127,1,0,1,1,1.7098913164776706,1
8128,2,1,1,1,0.3225866107036798,0
8129,1,1,1,1,1.2301179891486271,0
8130,3,1,0,0,-inf,0
8131,1,0,0,0,0.7102334628464559,1
8132,2,0,1,1,2.0162151598476434,1
8133,1,0,0,1,-0.2889340689747838,0
8134,2,1,1,0,2.086927193648104,0
8135,2,0,1,1,0.889156343007258,1
8136,1,1,1,0,1.0970709567907788,0
8137,2,1,0,0,-0.7613499951241078,1
8138,1,1,1,1,0.9289631551079183,0
8139,3,1,0,1,1.314691412211761,1
8140,2,0,0,1,-0.19095391055632027,1
8141,2,0,0,1,-0.2836233575396202,0
8142,1,0,1,0,-inf,1
8143,1,1,1,0,-inf,1
8144,1,1,1,0,0.7138360852067951,0
8145,3,0,0,0,0.33805299957462653,0
8146,3,0,1,0,0.9020045890841479,0
8147,1,1,1,1,2.0818215837265166,0
8148,3,0,0,0,0.8179862530698039,0
8149,1,0,1,1,0.2865936551054172,1
8150,2,0,0,0,1.6758172199665105,1
8151,2,1,1,1,1.0771904157986851,0
8152,3,0,0,0,0.9180545201176826,0
8153,3,1,1,0,2.1584546430624796,0
8154,1,0,1,0,1.5776345209061717,0
8155,3,1,1,0,0.49570328899850624,0
8156,2,0,0,0,0.07349182114647673,1
8157,3,0,1,1,2.252269517053733,1
8158,3,0,1,1,1.6753519188380934,1
8159,2,0,0,1,0.5359963686863346,1
8160,3,1,0,0,-inf,1
8161,3,1,0,0,-inf,0
8162,1,1,0,1,-0.33182288084616474,1
8163,1,0,1,0,1.4692667184573591,0
8164,1,1,0,0,-1.6015036594634762,1
8165,2,0,0,0,-0.2934416628801083,0
8166,3,1,0,0,1.412977915963161,1
8167,3,1,1,1,-inf,1
8168,1,0,1,0,1.0775527728024232,0
8169,1,1,0,0,-0.34771049343381794,1
8170,1,0,0,1,1.1877313177151683,0
8171,1,0,0,0,0.413408595195803,0
8172,2,1,0,1,-inf,0
8173,2,1,0,1,0.41807331936594766,1
8174,3,0,1,1,0.8830414044700718,0
8175,2,1,1,0,1.5983357317760243,1
8176,3,1,1,1,1.4022505192504846,1
8177,1,1,1,1,0.6270104344078561,0
8178,3,1,0,1,0.7513849147612515,0
8179,3,0,0,0,1.2478250351656368,0
8180,1,1,1,1,1.0930614405559773,1
8181,3,0,0,0,1.3647738671584757,0
8182,1,0,0,0,0.36368295384749866,1
8183,1,1,0,1,-0.6020394101438341,0
8184,2,1,0,1,-0.8582604422065132,0
8185,1,0,1,0,1.1050083071030596,0
8186,3,0,1,1,1.6100021319754232,0
8187,1,1,1,0,0.37938725895833025,0
8188,2,0,0,1,0.45811851891880234,1
8189,1,1,1,1,0.9782682565732932,0
8190,2,0,0,1,0.1643500982001347,0
8191,3,1,0,1,1.540458940089417,0
8192,2,1,0,1,0.31269585925936577,1
8193,2,0,1,1,2.6185076310717315,1
8194,3,0,0,1,1.4964378066050135,1
8195,2,1,1,1,1.2152190719295213,0
8196,2,0,1,0,0.3915987897574297,1
8197,2,1,1,1,2.12258112114631,1
8198,3,1,0,0,0.32589132566904433,0
8199,3,0,1,0,1.7036100877920881,1
8200,3,1,0,0,1.0449438605554322,0
8201,3,1,1,1,1.514319397650472,0
8202,3,1,0,1,1.0710912216765203,0
8203,2,0,1,1,0.8524220206017976,0
8204,2,1,1,1,-inf,0
8205,1,0,1,0,1.6796762424694376,1
8206,2,1,0,0,1.1620946065845084,0
8207,3,1,0,1,-inf,1
8208,2,1,1,0,0.8707855968001023,0
8209,2,1,0,0,-inf,0
8210,2,1,0,0,-0.24113182929676835,0
8211,1,0,1,0,2.281173811536234,0
8212,2,0,1,1,1.0552376955634004,1
8213,2,0,0,0,0.4845369651283033,1
8214,2,0,1,0,1.0849883352046985,0
8215,2,0,0,0,0.254880448796598,1
8216,2,0,0,0,1.0527414401856068,0
8217,3,1,0,1,0.24323439616344866,1
8218,1,0,1,1,0.5980247501035854,0
8219,3,0,0,0,-inf,1
8220,3,1,0,0,1.5367002710620974,0
8221,1,1,1,1,0.5146693028006403,0
8222,1,1,1,0,1.3405924135828045,0
8223,1,1,1,0,-0.17448122013767725,0
8224,2,0,0,1,0.3452510690697415,1
8225,2,1,0,1,0.5076032502552192,0
8226,1,0,0,0,-inf,1
8227,3,0,0,0,1.4597711056145743,0
8228,2,0,0,0,1.3524705384404827,0
8229,2,1,1,1,0.9125872281279048,1
8230,3,0,1,0,1.237306705848979,1
8231,2,0,0,1,0.8187950527255125,1
8232,1,0,0,0,0.47875632168644844,0
8233,2,0,0,1,0.18921846059458358,1
8234,2,0,0,0,-0.1430399318976363,0
8235,2,0,0,0,1.0692848516298832,1
8236,2,0,1,0,2.405405667715382,0
8237,3,1,0,1,0.6261061824056862,0
8238,1,1,1,1,-0.9375845716864135,1
8239,2,0,0,0,1.082832887163156,0
8240,2,1,0,1,1.1644184367009767,0
8241,2,1,0,0,1.2244438147314551,0
8242,1,1,0,0,0.7000397619066505,1
8243,2,0,0,0,0.6761534202757746,0
8244,3,0,1,1,2.7502556501672077,1
8245,2,1,1,0,1.1110903014952336,1
8246,3,0,0,1,0.7169771388674091,1
8247,1,1,0,0,-1.2077142121446283,0
8248,2,0,0,0,0.44582041327918653,0
8249,2,1,1,1,1.0997883914134632,0
8250,2,1,0,0,0.8897386501300211,0
8251,2,0,1,1,1.1279642572720563,1
8252,3,1,0,1,-inf,0
8253,3,1,1,0,0.9057805921482587,1
8254,2,0,1,1,0.7696156203998431,0
8255,2,1,0,0,-0.35386250069090025,0
8256,2,1,1,0,0.3235774619594055,0
8257,3,1,1,1,1.7098014828901396,1
8258,3,1,0,1,-0.06762529484384427,0
8259,3,0,0,0,1.5900151813047851,0
8260,3,0,0,0,-inf,0
8261,1,0,1,1,2.6400544986355428,1
8262,3,1,1,0,0.7824212887296057,1
8263,3,0,0,0,0.3412331833363954,0
8264,1,1,1,1,-0.29723274993583887,0
8265,3,1,1,1,0.43004068426247977,1
8266,1,1,1,1,1.5091530505864408,0
8267,2,0,0,0,-0.2407780741495883,0
8268,1,1,0,1,0.7647378515850072,0
8269,3,0,0,0,-inf,1
8270,1,1,1,1,-0.10178290593241884,0
8271,2,1,0,1,-1.0012973528891251,0
8272,3,1,1,1,2.1449206244149073,1
8273,3,0,1,1,2.0750973848075294,1
8274,3,1,1,0,2.6803490354309583,1
8275,3,1,1,0,0.7473865505916649,1
8276,1,0,1,0,0.19602439368708813,0
8277,2,0,0,0,0.31051174921944513,1
8278,1,0,1,0,0.8418325587665968,0
8279,2,1,1,1,0.8926012060634108,1
8280,1,1,1,0,1.3152113696997674,0
8281,3,0,0,0,1.774459656121254,1
8282,2,0,0,0,0.8838522218644099,1
8283,3,0,0,1,-0.014567586792210152,0
8284,2,1,0,1,0.8716600327278168,0
8285,1,1,0,0,-0.6469570442771373,1
8286,2,0,1,0,-inf,1
8287,1,0,1,1,0.4429911243301555,1
8288,3,1,1,0,2.299811267042013,0
8289,1,1,0,1,-0.4855690919126539,1
8290,3,1,0,0,-inf,1
8291,2,0,1,1,2.0005661281921037,1
8292,3,1,0,0,1.655659277813653,1
8293,1,0,0,1,-inf,1
8294,1,1,0,0,-0.5499496359702546,0
8295,1,0,0,1,-1.1556281082090836,0
8296,2,0,0,0,-inf,0
8297,2,1,0,1,-0.36871853891493017,0
8298,2,0,1,1,1.0073351037925815,1
8299,2,0,1,0,1.897915282076717,1
8300,3,0,0,0,1.7371907068020105,1
8301,1,1,0,0,0.036372375978176996,0
8302,3,1,0,0,-0.14040746712732022,1
8303,2,1,1,0,0.9282339718582651,0
8304,3,0,1,0,2.154877514735848,1
8305,3,0,0,1,0.6932158746356121,1
8306,1,0,0,0,-inf,0
8307,2,0,0,0,1.145039886353743,1
8308,1,1,0,1,-inf,1
8309,3,1,1,1,2.37030095733647,1
8310,2,1,1,0,0.7498758982064091,1
8311,1,1,1,1,-0.6984363867159862,1
8312,3,0,0,0,0.7716168594620534,0
8313,2,0,0,0,0.18975214437421983,1
8314,1,1,1,0,0.6436125314686199,0
8315,3,1,0,0,-1.2234464204296647,1
8316,1,1,0,0,-0.9528879627668971,0
8317,2,1,0,1,-0.7334094120117556,0
8318,2,0,1,1,1.8757188568046956,1
8319,1,0,0,1,-inf,1
8320,1,1,0,0,-1.1848744704762462,0
8321,1,0,0,1,-inf,0
8322,1,1,0,0,-1.039018877383966,0
8323,3,1,1,1,0.8191485011393151,1
8324,2,1,1,1,1.1935238669637949,0
8325,3,0,0,0,1.2220403795055261,1
8326,3,1,0,0,0.6941388730526211,0
8327,3,0,1,1,1.8486444783580782,0
8328,2,0,0,1,0.9351071886280009,1
8329,3,0,0,1,0.7037091159489335,0
8330,2,1,1,0,0.7130311733689598,0
8331,3,0,0,0,1.3582807098754315,1
8332,3,0,0,1,2.306851748519318,1
8333,2,1,1,1,1.2174761455236982,1
8334,2,1,1,1,-0.19420897962814831,1
8335,2,0,1,0,0.9542727171611451,0
8336,3,1,1,1,1.5255369620926815,0
8337,1,1,0,1,-0.5930704085131889,1
8338,1,1,0,0,1.0071202982076854,0
8339,3,1,0,1,0.01989269772457114,0
8340,3,1,0,1,1.512435678614438,0
8341,2,0,0,1,-0.05974990584783013,1
8342,3,0,0,0,1.6755430510743095,0
8343,1,0,0,1,-0.6600625620339569,1
8344,2,1,0,1,-0.1445097194110153,1
8345,2,1,0,0,0.5746289342604805,0
8346,3,0,1,1,2.4682398876786307,1
8347,1,0,1,0,2.265326240937135,1
8348,2,1,0,1,1.3585134196623347,1
8349,2,1,0,0,-0.35968192574505614,0
8350,2,1,1,0,0.17371368070080517,0
8351,3,1,1,1,3.055004987874419,1
8352,3,1,1,1,2.095385975079365,0
8353,3,0,1,0,1.0030729356162158,1
8354,1,1,1,0,0.27794546237037426,0
8355,1,0,0,0,0.10331235921454168,1
8356,2,0,1,1,1.3369346980869092,0
8357,3,0,0,1,2.1310584843890203,0
8358,1,0,1,0,0.519533120582391,1
8359,3,0,1,1,1.8809436524503618,0
8360,2,0,0,1,-1.4598556436544683,1
8361,1,1,1,1,0.46128352662236616,0
8362,1,0,1,1,1.119035069622847,0
8363,2,0,1,0,0.8248408996034412,0
8364,2,0,0,1,2.4464223011557253,1
8365,2,0,1,1,-inf,1
8366,1,0,1,0,1.545123837255336,1
8367,1,1,0,1,0.04029971837927859,1
8368,2,0,1,0,-0.3837929233641737,0
8369,2,1,0,0,0.028772964176136867,0
8370,1,0,1,0,-inf,0
8371,3,1,0,0,0.6031195516367986,0
8372,1,0,0,0,-0.7923244281344565,1
8373,1,1,1,0,0.3323185818120206,1
8374,2,1,0,1,0.22404630510439882,0
8375,1,0,0,0,-0.8487481599211514,0
8376,3,1,1,1,2.8387547595985865,1
8377,3,1,1,0,0.40607431043675146,0
8378,2,0,1,1,1.3744957500328736,0
8379,2,0,1,0,1.4933665714734234,0
8380,1,1,0,1,-0.5425520169658689,1
8381,3,1,1,1,2.3196455402115905,1
8382,1,0,0,0,-0.27547875240760544,1
8383,3,1,0,1,1.5141809650167315,0
8384,2,1,0,1,-inf,0
8385,1,0,0,1,-inf,1
8386,3,0,0,1,1.4653963668480017,1
8387,2,0,1,0,2.17398915732546,1
8388,1,1,1,1,0.22881492119717092,0
8389,3,1,0,1,0.42054019461085734,0
8390,3,0,0,1,0.9981363409920699,0
8391,2,0,0,0,0.41815328915555455,1
8392,3,0,0,0,1.2666229919549088,1
8393,1,0,0,1,-0.528596801442967,0
8394,2,0,0,0,0.26921144057461727,1
8395,1,1,0,0,0.26532894809483426,1
8396,2,1,0,0,-0.39642462748034274,0
8397,2,1,0,1,0.7035380114843894,0
8398,2,0,1,0,2.5046679540991788,0
8399,2,1,0,0,-inf,1
8400,2,0,0,0,0.06230635447582089,1
8401,2,1,0,1,0.21597803385551884,1
8402,1,1,1,1,0.4559423145370799,0
8403,3,0,0,0,-0.12078901951119358,1
8404,2,0,0,1,0.5193809146201405,1
8405,1,1,1,1,1.16687165586271,0
8406,3,0,1,0,2.2199606398277436,1
8407,1,1,0,1,0.12629487894712804,1
8408,3,1,0,1,0.4353348659890373,0
8409,3,0,0,1,2.1730236481727143,1
8410,2,1,1,0,1.0472217438761966,0
8411,3,0,1,0,2.73796224678531,0
8412,3,1,0,1,0.09764653323963701,1
8413,1,0,0,1,-inf,1
8414,3,1,0,0,0.4100480364310231,0
8415,2,0,0,0,1.0126175114090703,1
8416,2,0,0,0,0.5123387948616944,1
8417,2,1,1,1,1.3457265675936947,1
8418,1,1,1,1,1.119897837556218,0
8419,1,1,0,0,-1.3141255523574926,0
8420,3,1,1,0,2.499645574580518,0
8421,3,0,0,0,0.7068048857256968,0
8422,3,1,1,0,0.41643477351067304,0
8423,3,1,0,1,1.5895356592569714,1
8424,3,1,0,0,0.44665560362756096,0
8425,2,1,1,1,1.8985371709674252,1
8426,3,0,1,1,2.346471392764649,0
8427,3,1,0,1,2.6017341591288847,0
8428,1,0,0,0,-inf,1
8429,2,0,0,0,-0.8046682284662945,1
8430,2,0,0,1,0.4122455684890688,0
8431,3,1,0,1,0.4974654757017375,1
8432,2,0,1,0,1.0717408196693128,1
8433,1,0,1,1,0.9137308672470354,1
8434,1,0,0,1,-0.5840826982153768,1
8435,3,0,0,1,0.47981063220877507,0
8436,2,0,1,1,0.9084749493035109,1
8437,1,1,1,1,1.1292183145549974,0
8438,2,1,0,0,0.49069300068929805,1
8439,3,0,0,0,3.178642931790051,1
8440,2,1,1,1,1.1356319649719453,1
8441,2,1,1,0,-0.1596461252677015,0
8442,2,0,0,1,0.9986550143402273,1
8443,2,1,1,0,1.6909543824230737,1
8444,1,0,1,1,0.6994613687964789,0
8445,3,1,0,1,-0.08980926283433888,0
8446,1,0,0,0,0.4449892372533176,1
8447,1,1,1,1,-0.37124908047016697,0
8448,1,0,0,1,0.6003073210927463,1
8449,2,1,0,1,-0.07608758239257624,0
8450,3,0,0,1,0.4823028705997702,1
8451,1,1,0,0,-0.5295807019558425,1
8452,1,1,1,1,2.116173033770865,0
8453,2,0,1,1,1.2198824779826076,1
8454,1,0,0,0,-0.8290210542329397,0
8455,1,1,0,1,1.0064975964021388,1
8456,1,1,1,1,0.7049098600579332,0
8457,2,0,1,1,1.3184139131539048,0
8458,2,0,0,1,-inf,1
8459,1,0,0,1,-0.12363075788662779,1
8460,2,0,1,0,1.9779650527191999,1
8461,2,0,1,0,1.780927310501662,1
8462,1,1,0,1,-0.8061317635362888,1
8463,3,0,1,1,2.531535610433016,1
8464,2,1,0,1,0.07082979301604655,0
8465,2,0,1,1,1.6481658133750572,1
8466,2,1,1,1,-0.30221516417104644,1
8467,3,1,0,0,0.1348625716561601,1
8468,3,1,0,1,1.1441146309486787,1
8469,1,0,1,1,1.5151909875040914,1
8470,3,1,0,1,0.45462924144670347,0
8471,1,1,1,1,0.39429765566957553,0
8472,2,1,1,1,1.2910388228481469,1
8473,3,0,1,0,2.172968927861731,1
8474,3,1,0,0,1.569089519046753,0
8475,1,0,0,0,0.016795005213899636,1
8476,2,1,1,1,1.0560260298366853,0
8477,2,1,1,0,1.200086548148435,0
8478,3,0,0,0,1.71274165148477,1
8479,1,1,0,1,0.4794789875032373,1
8480,2,1,1,1,1.2078422766739034,1
8481,2,0,1,1,1.6121126539531354,1
8482,1,0,1,1,0.5856709651653381,1
8483,2,1,1,1,0.5512449904805254,0
8484,2,0,1,1,2.2652226661180825,1
8485,3,0,0,0,0.7453265070053728,1
8486,3,1,0,0,-0.07968981050436519,1
8487,2,0,0,0,0.4495687145811386,0
8488,1,0,1,0,1.4391045276308412,1
8489,1,1,0,0,0.05278706162048097,1
8490,3,1,0,0,0.9168795373370969,0
8491,2,0,0,1,0.7561398108090105,1
8492,3,1,0,1,1.043767107639579,0
8493,1,0,1,0,0.6189214925992386,1
8494,3,0,0,1,1.2996249178993031,1
8495,2,1,0,0,0.0848084859051233,0
8496,2,1,0,1,-inf,1
8497,3,0,0,1,1.0428255763287888,1
8498,2,1,1,1,-0.0755964386598873,1
8499,1,0,1,1,0.17995621307636933,1
8500,2,1,0,1,0.32303025540915514,0
8501,2,0,0,1,0.6723173124551665,0
8502,1,0,0,0,0.43947615063711176,0
8503,2,1,1,1,-inf,1
8504,1,1,1,1,0.4513079299525803,0
8505,2,0,1,0,0.7911563522698186,1
8506,2,1,0,0,-0.9304098094663362,0
8507,3,0,0,0,0.8020041879000193,0
8508,1,1,1,0,0.5258861889783014,0
8509,1,1,0,0,-0.5571161396366057,1
8510,3,1,1,1,2.0232435281126753,1
8511,2,1,0,1,0.6266611647903222,0
8512,2,1,1,1,-0.18935935914081337,1
8513,2,0,0,1,1.690754979428584,0
8514,2,1,1,0,1.3870524128701496,0
8515,2,1,0,1,-0.2188656447745448,0
8516,3,1,0,0,-0.053881679542896244,0
8517,3,0,0,1,1.3036945503522532,0
8518,3,0,0,1,1.1225811847016713,0
8519,1,1,0,1,-0.9795455042521217,1
8520,2,1,1,1,-inf,1
8521,3,0,1,1,1.051441181848339,0
8522,3,1,1,1,0.8215549094554054,1
8523,1,0,1,1,0.45404059052452,0
8524,2,1,0,0,0.09544443547706567,0
8525,3,0,1,1,1.6896816547110909,0
8526,2,1,0,1,0.6352800450076427,1
8527,1,1,1,1,1.0868860732749415,0
8528,3,0,1,0,3.265885434797623,1
8529,2,0,1,0,-inf,1
8530,2,0,1,0,1.0964652786591456,1
8531,2,1,0,0,-0.358813487888107,0
8532,3,0,0,0,1.034851260179657,0
8533,1,1,0,0,-0.9239814488484519,1
8534,2,0,0,0,0.5338624645468178,0
8535,1,1,1,0,1.4208398790773515,0
8536,1,1,0,1,0.42524646991158105,0
8537,2,0,0,1,1.1958498343115909,1
8538,3,1,0,1,0.5150236066824253,0
8539,1,0,1,1,0.5262694078931525,0
8540,2,1,0,0,0.7999546186179576,0
8541,1,1,0,0,-0.059471278297384245,0
8542,1,0,1,0,0.25738074400418887,1
8543,2,1,0,0,-0.8767963461703934,0
8544,2,1,1,1,1.1146673328169492,1
8545,1,1,1,1,0.8300151172280883,0
8546,1,0,1,1,0.18077708085087063,1
8547,2,0,0,1,-inf,0
8548,2,1,0,0,0.04436984744444661,0
8549,3,1,1,1,-inf,0
8550,2,1,1,0,1.3233066337550166,1
8551,1,0,0,1,-0.6241096159275332,0
8552,3,1,1,1,0.8417603319175477,1
8553,2,0,1,1,-inf,1
8554,1,0,0,0,-0.65068348225011,0
8555,2,0,0,1,-0.5509177473619538,1
8556,2,1,1,1,1.1654647231342197,1
8557,3,0,1,0,-inf,1
8558,2,1,0,1,-0.3818704600228659,1
8559,3,0,0,0,1.1686913076046082,1
8560,2,0,0,0,0.25843459656974477,1
8561,1,1,1,0,0.07730701331284273,0
8562,3,1,0,1,1.177094208366678,0
8563,3,0,0,0,1.9089992229072008,1
8564,2,0,0,0,1.068940240615171,1
8565,2,1,1,0,0.9227576792283186,1
8566,2,1,0,0,0.4870278040260881,0
8567,3,0,0,0,0.6703697784522517,0
8568,2,1,1,0,1.5494467063672097,0
8569,2,1,1,0,0.616984735370421,0
8570,2,1,0,1,0.8801960415221142,0
8571,1,0,1,0,1.1480344337794088,0
8572,3,0,0,1,0.8157822054321837,1
8573,2,1,1,1,0.4565947222960307,1
8574,1,0,1,1,-0.7125291718190959,1
8575,1,0,0,1,-inf,0
8576,3,1,0,0,0.4672177518602203,0
8577,3,0,1,0,-inf,0
8578,1,0,0,0,-0.03580385058366757,0
8579,2,0,0,0,0.6661609048996208,1
8580,1,0,1,0,1.1895512778835267,1
8581,1,1,1,0,0.3876770281570767,0
8582,3,1,0,0,0.4873781232490149,0
8583,3,0,0,1,0.13694229665755409,0
8584,3,0,0,0,-0.2617374345316861,1
8585,2,0,1,1,1.5003904751091763,0
8586,3,1,1,1,1.3037919720928626,1
8587,1,0,0,1,0.0449470681376678,1
8588,1,1,1,1,0.5339328015890499,0
8589,2,1,0,0,0.1730015462998123,0
8590,3,1,1,1,1.7516693745912568,1
8591,1,0,0,1,0.29361113290050017,1
8592,2,0,0,0,1.3772213237508681,1
8593,2,0,1,0,1.4016831513095505,0
8594,1,0,1,0,1.3889876009110491,0
8595,2,1,0,0,0.5953439959406872,0
8596,3,1,0,1,1.1106030440517405,0
8597,1,0,1,1,0.7572516843453264,1
8598,3,1,1,0,1.8401446464439017,0
8599,1,0,0,0,-0.4032174266273671,1
8600,2,0,1,0,0.7004278171870133,0
8601,2,0,0,0,0.6779523523766299,0
8602,1,1,1,0,0.43082384120982364,0
8603,1,0,1,1,2.7821505568662093,1
8604,3,1,0,0,1.71701701160972,1
8605,3,0,1,0,1.1125739761300835,1
8606,3,1,0,1,1.3594631531095898,1
8607,2,0,0,0,0.40408592360485485,1
8608,3,0,0,1,0.8018941433749904,0
8609,1,1,1,0,-0.6806542367339274,0
8610,1,0,0,1,-0.1105311327501816,1
8611,3,1,1,0,1.2145720712924142,1
8612,2,0,0,0,-0.10150113866134514,0
8613,3,1,1,0,1.4652804757216829,0
8614,2,0,0,0,1.1745945414598211,0
8615,2,0,1,0,2.781229210960035,0
8616,1,1,0,0,0.1120364343029519,0
8617,3,0,1,0,0.4566321634730264,1
8618,3,0,0,1,1.7442611859971964,1
8619,2,1,0,0,-1.2202338995293307,1
8620,3,1,0,0,0.13177996264188452,1
8621,3,0,1,0,2.6449733117069254,0
8622,1,0,0,0,-0.0931114962842074,0
8623,3,0,0,0,1.0893669728569844,0
8624,2,0,0,0,-0.21135434518425478,1
8625,2,0,1,0,0.9810981069793321,1
8626,3,0,0,1,1.0986124187584998,0
8627,2,0,0,0,-0.14451814375151617,1
8628,1,1,1,0,-0.8527852431972511,0
8629,2,1,1,0,0.90276956516737,0
8630,1,1,0,0,-0.5815254612340516,0
8631,3,0,0,0,1.37959011353587,1
8632,1,0,1,0,0.5859605728488801,1
8633,2,1,0,0,0.32881578668176115,0
8634,3,0,0,0,0.07388479457445452,0
8635,2,1,1,1,0.37452573230785935,1
8636,3,0,0,0,-0.26175641200751865,1
8637,3,1,0,1,1.0144057100816009,0
8638,3,1,1,1,-inf,1
8639,2,1,0,0,0.6251837459251552,0
8640,1,1,0,1,-inf,1
8641,3,0,0,0,0.769105189540862,0
8642,1,0,0,1,-0.9085698879811402,1
8643,3,0,0,0,0.48213183222658673,0
8644,3,0,1,1,1.735384424744499,1
8645,2,0,1,1,1.1428998414282638,1
8646,3,1,1,1,1.7064423832865532,1
8647,2,1,0,1,-0.552279563778441,0
8648,1,1,0,1,0.2387252409142177,0
8649,3,0,0,1,0.643436827208858,1
8650,2,0,0,1,-0.7679925149339444,1
8651,1,1,1,1,1.1710294543180675,1
8652,3,1,0,1,1.1329170372134978,0
8653,3,0,0,0,1.0466825216216393,1
8654,2,1,0,0,0.9564992595565565,0
8655,2,1,1,1,0.8158804962523628,1
8656,2,1,0,0,-0.6039271762706626,0
8657,3,0,1,1,2.08525137953447,0
8658,1,0,1,1,0.1736519232612237,1
8659,2,0,1,1,0.4605336055732042,1
8660,3,1,0,0,0.24579488354248302,0
8661,3,0,1,0,0.7391085217194338,0
8662,1,1,0,1,-0.5274489173750292,0
8663,2,1,1,0,1.5482100116684805,1
8664,2,0,0,0,-0.014053739596571524,0
8665,1,1,1,0,-inf,0
8666,3,1,0,0,-inf,1
8667,2,0,1,0,1.05709073624905,1
8668,3,1,0,1,1.5448874767997003,0
8669,1,1,1,1,-inf,0
8670,1,1,1,1,0.22335033668976073,0
8671,3,1,0,1,0.9485816742793821,0
8672,1,0,1,0,-0.14738861157334027,1
8673,1,1,0,0,0.005572727692833623,0
8674,3,1,0,1,1.5375867289033374,1
8675,1,0,0,0,0.43166696878758704,0
8676,1,0,1,1,-inf,0
8677,2,0,0,0,-0.3786296108482028,1
8678,2,0,0,1,-0.23896659608198034,1
8679,2,0,1,0,1.3048051036260577,0
8680,3,1,0,1,0.7783520902577983,0
8681,3,1,1,0,0.7678938344825547,1
8682,3,0,1,1,-inf,0
8683,1,0,1,1,1.5459962003222643,0
8684,1,0,1,1,2.1774951775254303,1
8685,3,1,1,1,0.6917093437286027,1
8686,3,1,0,1,0.4602501826212867,1
8687,1,1,1,1,-0.4859046303253783,0
8688,3,0,0,1,1.212231922476939,0
8689,3,1,0,0,1.490598964297451,0
8690,2,0,0,0,0.14366588870703062,0
8691,2,0,0,1,0.40552907648770664,0
8692,2,1,1,1,1.2781094158514277,1
8693,1,1,0,0,0.2121177954634485,0
8694,2,0,1,0,1.9783834731173715,0
8695,2,1,1,0,-inf,1
8696,2,0,0,1,0.34305808960639056,1
8697,2,1,1,1,-inf,1
8698,2,1,0,0,-0.9345957990937563,0
8699,3,0,0,1,0.5738432787976899,1
8700,1,1,1,1,0.6756482746182595,0
8701,2,1,0,1,-inf,0
8702,2,1,1,1,1.7769229274673304,0
8703,1,0,0,1,-1.2703128356741629,0
8704,2,0,0,1,1.40449631679828,1
8705,1,1,0,1,-inf,0
8706,3,1,0,1,1.2262109367209146,0
8707,1,1,1,1,1.0908042672822043,0
8708,2,1,0,1,0.026579591712864753,0
8709,3,1,1,0,1.3962247095027434,0
8710,3,1,0,1,-0.41148612824501374,0
8711,3,0,1,0,-inf,0
8712,3,0,0,0,-0.2580556402069414,0
8713,2,0,1,0,0.32565726316864896,0
8714,2,0,0,0,0.7838407347868988,1
8715,2,1,0,0,1.9636569951906626,0
8716,2,1,1,1,-0.17155962729622787,1
8717,2,1,0,1,0.6670689425770441,0
8718,3,1,0,1,1.2962701495605633,0
8719,3,0,0,1,2.4558723709131547,1
8720,3,0,0,1,1.313177999989949,1
8721,2,1,0,1,-0.22116214795978362,0
8722,2,0,1,0,1.4444760540828714,1
8723,2,0,0,0,0.17389561673338155,1
8724,3,0,1,1,0.7555557129318122,0
8725,1,1,1,1,-inf,0
8726,1,1,1,0,-0.4596003924009891,0
8727,2,1,1,0,0.9871913536934369,1
8728,2,1,1,0,1.00041372075904,1
8729,1,0,0,1,-1.2335940691054645,1
8730,1,0,0,1,0.6255500598028074,1
8731,3,1,0,1,1.456601184380086,1
8732,2,0,0,1,-0.19442738964918593,1
8733,1,1,1,1,0.4076127058526786,0
8734,1,0,0,0,0.6865551582463666,0
8735,1,0,0,0,-0.9872943017502426,1
8736,3,1,0,0,0.3984975168143327,0
8737,2,0,0,1,-0.6390624113577206,1
8738,3,0,1,0,1.6828298251718286,1
8739,1,0,1,0,1.4807030255933458,1
8740,3,1,0,1,0.7574545678208919,0
8741,3,0,0,1,2.534024723180306,1
8742,2,0,1,0,1.3645631575352504,1
8743,2,0,1,0,1.4577737406138611,0
8744,2,0,0,1,-0.03837903685514299,1
8745,1,1,1,0,-0.07028469669651172,0
8746,2,0,0,0,1.3015343442971499,0
8747,2,1,1,1,-inf,1
8748,1,0,0,0,0.005224180083936797,1
8749,1,0,1,1,2.2434855089395134,1
8750,1,0,1,0,1.8758111369219557,1
8751,3,1,0,0,0.34786826481209443,0
8752,2,0,0,1,-0.08174166293575624,0
8753,2,0,1,1,1.2873284931299243,1
8754,1,1,0,0,-0.067021355738146,0
8755,2,0,0,0,-inf,0
8756,1,1,0,1,0.23574388875448732,1
8757,2,1,1,1,2.435841409798621,0
8758,3,1,0,0,0.16389136721662023,0
8759,2,1,0,1,0.6372283917369268,0
8760,2,0,1,1,1.142241047512032,1
8761,1,0,1,1,0.5956060464050517,1
8762,2,1,0,1,0.025170011632104694,0
8763,1,1,1,1,-0.5234557139185907,0
8764,3,0,1,0,2.0067839279133337,1
8765,3,0,0,1,-0.08323120483147828,0
8766,2,0,0,1,0.12172574064573954,0
8767,1,1,0,1,0.26476925248351085,0
8768,1,1,1,0,0.742883856410729,0
8769,1,1,0,0,-1.824697017236872,0
8770,1,0,1,1,-0.032003909959851806,1
8771,1,1,1,1,1.082053475720039,0
8772,1,1,0,0,-0.18525783084758793,1
8773,1,1,0,0,0.017658055741483714,1
8774,2,0,0,0,0.21636120436071582,0
8775,2,0,0,1,-0.08674814435565081,1
8776,2,0,0,1,0.4757365841597507,1
8777,2,0,0,0,1.6275207002798926,1
8778,2,0,1,0,3.0384827548054743,1
8779,3,0,1,0,2.0871910170492014,0
8780,2,0,1,0,1.2955194078883738,1
8781,2,0,1,0,1.7832604073322904,0
8782,3,1,0,1,0.8839520693806088,0
8783,2,0,0,1,-0.37648781474657744,1
8784,1,1,1,0,-0.03320809542517983,0
8785,2,0,1,1,0.9578659331369402,0
8786,1,1,1,1,0.5739821010458649,0
8787,1,0,0,1,0.648895454761581,0
8788,2,0,0,0,-0.10973843107359671,0
8789,3,1,0,1,1.020060487873021,0
8790,1,0,0,1,-inf,1
8791,2,1,1,1,1.5610969974990514,0
8792,1,0,1,0,0.6652860855586769,1
8793,2,1,0,1,0.00128313579798231,0
8794,2,1,0,1,-1.0623456031784244,0
8795,1,1,1,0,-inf,0
8796,3,1,0,0,1.563094384767299,0
8797,2,1,1,1,-0.2164234193857535,1
8798,2,0,1,1,1.5979122917498727,0
8799,3,0,0,0,0.9291826887947553,1
8800,1,0,1,0,1.751552911615284,0
8801,2,1,0,1,-0.12757112736304976,0
8802,1,1,1,1,0.31388407537127677,0
8803,3,1,0,0,0.4146785322622848,1
8804,1,1,0,1,0.3791932316381666,1
8805,1,1,0,0,0.861078453955223,0
8806,3,0,0,0,1.3155259537555026,0
8807,1,0,1,1,1.3313415107921642,1
8808,2,1,0,1,-inf,0
8809,2,0,0,0,-inf,0
8810,1,0,0,1,0.930969647306371,0
8811,3,1,0,1,0.1251182581003366,1
8812,3,0,0,1,1.1191771783093682,1
8813,1,1,1,0,1.0237957525932053,0
8814,2,0,1,1,0.41799071008683397,1
8815,3,0,0,0,2.07384317746967,0
8816,2,1,0,1,0.07063277788835653,0
8817,2,1,1,0,1.8349394620132586,0
8818,3,0,0,1,1.502225898146753,0
8819,2,0,1,0,1.9361324154685453,0
8820,1,0,1,1,1.1945431927652588,1
8821,2,0,1,1,0.2358078531642902,1
8822,3,0,1,1,1.6328590498800475,1
8823,1,1,1,0,0.5345332738266477,0
8824,1,0,1,0,1.481755755418381,0
8825,2,1,1,0,1.6830235242816443,0
8826,2,1,1,0,2.113782506508209,1
8827,2,1,1,1,-inf,1
8828,3,0,1,0,1.7518429082307623,0
8829,2,0,0,1,0.5157381041127169,1
8830,2,1,1,1,1.373728005729089,1
8831,3,0,0,0,1.3390951371929163,0
8832,2,0,0,1,0.09835331707127343,1
8833,2,0,0,1,-inf,1
8834,2,0,1,0,2.150527364832228,0
8835,3,0,0,0,-0.3438040796397288,1
8836,2,1,1,0,0.5096682067593354,0
8837,1,0,0,0,-1.0362223688636203,0
8838,3,1,0,1,1.5757712001122566,0
8839,1,1,1,0,0.16820823679679264,1
8840,2,1,0,1,-0.019378126518185906,0
8841,3,1,0,1,1.1572417912662103,0
8842,3,1,0,0,2.0345519205177176,0
8843,2,1,1,1,0.895138671874164,1
8844,3,0,0,1,-0.2656971486823301,1
8845,2,1,0,0,0.5024769550437616,0
8846,2,0,0,1,0.8643252142799591,0
8847,3,1,1,1,0.7948811753502707,1
8848,3,0,0,1,0.999826007436103,1
8849,3,1,1,1,1.9625335124279886,1
8850,3,1,0,1,1.3396066101470865,1
8851,1,0,1,0,-inf,0
8852,2,1,0,1,-0.06921096788219644,1
8853,3,0,0,0,1.5611687855552747,0
8854,3,0,0,0,-inf,1
8855,2,0,1,1,1.8227279304825732,1
8856,3,0,0,0,0.5885778176505532,0
8857,2,1,0,0,-0.29197526310425437,0
8858,3,0,1,1,1.9773712095260236,0
8859,2,0,0,0,0.02516786250916697,1
8860,2,1,0,0,0.5931849030744178,0
8861,3,0,0,1,1.2490439100638189,1
8862,2,1,0,0,1.72133910338774,0
8863,1,1,1,0,-0.806677876867675,0
8864,1,1,0,1,-0.46461120340573403,1
8865,2,1,0,1,0.5950479039932245,0
8866,2,0,0,0,0.79585500867144,0
8867,2,1,1,0,-0.15401882539279677,0
8868,2,0,1,1,0.4956251279983118,1
8869,3,1,1,1,1.4195566638038175,1
8870,2,0,0,0,0.727682445751145,1
8871,2,1,0,0,0.5233473846425487,0
8872,2,1,0,1,0.019280562755957686,0
8873,3,1,1,0,0.7209805610789873,0
8874,3,1,0,0,0.2882333198994387,0
8875,1,0,0,0,-0.37751671983146673,1
8876,1,0,0,1,0.3901409245690784,1
8877,2,1,1,1,1.563627023746566,1
8878,1,1,0,0,0.22821407487075757,0
8879,2,0,0,1,0.3481838472272677,1
8880,3,1,0,1,0.5830351588370984,1
8881,1,0,1,1,1.2295855457347433,1
8882,3,0,0,0,0.9793252127015017,1
8883,3,0,0,0,0.9339980683383645,0
8884,3,0,0,1,1.8790661309874097,0
8885,3,1,0,0,0.20942065197998982,0
8886,3,1,0,1,1.5552126106064625,1
8887,3,1,1,0,1.2345641634804314,0
8888,3,0,0,0,1.049843276432348,0
8889,2,1,0,1,0.9039718133841577,0
8890,3,1,1,0,-inf,1
8891,1,0,0,0,0.34413258969918215,0
8892,2,0,0,0,-inf,0
8893,3,0,0,0,1.407944507683111,1
8894,2,0,1,1,-inf,1
8895,1,1,1,1,-0.27994151143401974,0
8896,3,1,1,0,1.7401257549693587,0
8897,3,0,1,1,2.3398654422885135,0
8898,2,0,1,0,0.9956573167176515,0
8899,2,0,0,1,-0.6560641978542816,1
8900,1,1,1,0,-0.026172603141084383,0
8901,2,1,0,1,0.6760403430264645,0
8902,2,0,1,0,0.5989119166023652,0
8903,1,1,0,0,-1.419106896133966,1
8904,1,0,0,0,-0.31388382767617884,0
8905,1,1,0,1,-0.7354009777653412,1
8906,1,1,1,0,0.12367192839623792,0
8907,1,0,1,0,0.6980944972137425,0
8908,1,1,0,1,-0.558327969501649,0
8909,2,0,1,0,0.9175179073690369,1
8910,3,1,0,1,1.6240877587192524,1
8911,2,0,1,0,2.1906823069071004,0
8912,3,1,0,0,-inf,0
8913,1,1,0,1,0.3179602461441405,0
8914,3,1,1,1,1.7109491808874822,1
8915,3,1,1,1,0.6126163913997965,1
8916,3,1,1,1,1.4128571806930492,1
8917,3,0,1,1,1.9755385413322202,1
8918,1,1,0,0,-0.928858038393297,1
8919,3,1,1,1,1.5666356503319665,1
8920,3,0,1,1,2.557390739786909,1
8921,2,0,0,0,0.2537372919195334,1
8922,2,0,0,0,0.7595529514406325,0
8923,3,1,0,0,1.0393904827756681,1
8924,1,0,0,0,-0.9710779009143581,0
8925,2,1,1,0,1.2679615089387446,1
8926,3,0,0,1,0.6350691805906868,1
8927,2,1,0,0,0.046974735781925014,0
8928,1,1,0,1,-0.32366126749894053,0
8929,2,1,0,1,0.4432181902691573,0
8930,2,0,0,0,0.95469026144401,0
8931,3,0,1,1,1.5658173839425142,1
8932,1,1,1,0,-0.374615883846895,0
8933,1,0,1,0,0.2857250682795294,0
8934,2,0,1,1,0.526823837333182,0
8935,3,0,1,1,-inf,1
8936,2,0,1,0,-inf,0
8937,2,1,0,1,1.2400590755723515,1
8938,2,0,0,1,1.109568583754085,0
8939,1,1,0,0,-0.008629954900790382,1
8940,2,1,0,0,0.1142437572528709,0
8941,1,1,0,1,-0.6219273519151205,1
8942,2,0,1,1,1.8101666777946064,1
8943,1,0,1,0,-0.31229569140253643,1
8944,2,0,1,1,2.07969032376037,0
8945,3,1,0,1,0.2552362247812463,0
8946,1,0,1,1,0.5755371663833392,1
8947,1,0,0,1,-0.052394435763214654,1
8948,3,0,1,1,-inf,1
8949,2,0,0,1,0.9268527313494683,0
8950,3,1,0,0,0.3311026965281737,1
8951,2,1,1,0,1.656016235871336,0
8952,3,0,0,1,1.6791185142971232,1
8953,2,1,0,0,0.8857408258692208,0
8954,2,0,0,0,0.7120646079379562,1
8955,1,0,0,1,0.09672862459269352,1
8956,1,0,0,1,-1.7669712558183415,0
8957,2,0,0,0,0.31121682650510507,1
8958,2,1,1,0,0.9964077434592662,0
8959,1,0,1,0,0.5998237747656526,1
8960,1,0,0,1,-0.6727357318736302,1
8961,1,0,1,0,1.3894291715898357,1
8962,3,0,0,0,0.8839811046374944,1
8963,3,0,0,0,1.6652954432225047,1
8964,1,1,1,1,0.3833310311611146,0
8965,3,1,0,0,0.5875893050061356,0
8966,2,1,0,0,0.6431154769247949,0
8967,3,0,0,0,0.17688075360957878,0
8968,2,1,1,0,1.6475914399297442,1
8969,2,1,1,0,1.0831620270856464,0
8970,1,0,0,1,-0.7640797040822884,1
8971,2,1,0,1,0.03088066768274028,0
8972,3,1,1,0,2.3981656946151597,1
8973,1,1,0,1,-1.3640599912898927,1
8974,3,1,1,0,1.584890605392525,0
8975,3,0,0,0,1.8952111752942253,0
8976,2,1,0,1,0.4042169350229308,0
8977,3,1,1,1,2.3616947576110716,0
8978,2,1,0,0,0.14424151623650444,1
8979,1,1,1,0,0.1668539382154077,0
8980,1,0,0,1,-0.6085831789588115,0
8981,2,0,1,1,1.435739126688407,1
8982,2,1,0,0,0.6845087205037211,0
8983,1,1,0,0,0.11631358902357386,0
8984,3,0,0,0,-inf,1
8985,3,1,1,0,0.9591172539420146,0
8986,2,1,1,0,1.2622673859158124,0
8987,3,1,1,0,0.5317529948948183,0
8988,1,1,0,0,-0.34050705219265565,0
8989,1,0,1,0,0.21317538592448954,1
8990,1,0,0,1,0.19256393751776923,0
8991,1,0,0,0,-0.17073569049055257,0
8992,3,0,0,0,0.580817951304303,1
8993,3,1,0,0,0.6030525548416801,0
8994,2,0,0,0,-inf,0
8995,2,1,1,1,3.1810687333713137,0
8996,1,1,1,1,2.104389247144489,1
8997,2,1,1,1,1.315524589125145,0
8998,1,1,0,1,-0.5200970476124966,1
8999,3,1,0,0,-inf,0
9000,1,1,0,1,0.44229275767838633,1
9001,2,0,0,0,0.7866767654418215,1
9002,2,0,1,1,1.8088834101545817,1
9003,3,1,1,0,1.538695706963335,0
9004,2,1,1,1,0.9495214982892579,1
9005,1,1,0,1,0.3153681248068276,0
9006,3,1,1,1,-inf,0
9007,2,1,0,1,-1.2312199819803253,1
9008,2,1,0,0,1.7219024499943212,0
9009,1,1,1,0,0.6739931736854815,1
9010,1,0,0,0,0.7596547051070587,0
9011,2,0,0,0,0.6128742022682393,1
9012,3,1,0,0,0.7220942840530346,0
9013,2,1,1,1,0.6270151407108269,1
9014,2,1,0,0,-0.30242132270315264,0
9015,2,0,1,0,0.24008871255335063,0
9016,2,0,0,1,1.0596965239513636,1
9017,2,1,0,0,-0.6420599469358639,0
9018,1,0,0,0,0.6344676557374581,0
9019,1,1,1,1,0.38060705880744405,0
9020,1,1,1,0,-0.5522705476487246,0
9021,3,0,1,1,1.622488729729606,1
9022,3,0,0,0,0.911680940981028,1
9023,3,0,0,1,0.8080154792646883,0
9024,3,0,0,1,1.618145488480295,1
9025,3,1,0,1,0.4021039078964333,0
9026,1,1,0,1,-1.0388554947074815,1
9027,3,0,0,0,-inf,1
9028,3,0,0,0,1.4589714779448941,0
9029,3,0,0,0,1.648069930993722,0
9030,3,0,0,0,1.3557647624455815,1
9031,3,0,1,0,1.5695602723615625,0
9032,2,0,1,1,2.2027658008408584,1
9033,1,0,0,0,-inf,0
9034,3,1,0,1,-0.04141644579873183,1
9035,2,1,0,0,0.38878512392615794,0
9036,3,1,1,0,2.331289157831915,1
9037,1,1,1,1,1.471264195730831,0
9038,3,1,0,1,1.013621234371501,1
9039,2,0,1,0,-inf,0
9040,2,0,0,0,0.31260705461580446,1
9041,3,0,0,1,2.917446634330238,1
9042,2,1,1,0,1.2790245870902994,1
9043,2,0,1,0,1.0254911658516794,0
9044,3,0,0,1,-0.47904612291500204,0
9045,2,1,0,1,0.7963649278966713,0
9046,2,1,0,0,-inf,0
9047,2,0,1,0,0.6500880616022184,1
9048,2,1,0,1,2.4140217677969837,0
9049,2,1,1,1,0.2040233656942957,0
9050,3,0,0,0,0.34026848585074154,1
9051,3,0,0,0,1.012161515667099,1
9052,3,0,1,1,2.9911336451210238,1
9053,2,0,0,0,0.35514577659852636,1
9054,2,0,1,1,0.4272298820241146,1
9055,2,1,0,1,0.567619369057742,0
9056,2,1,0,1,-0.1865319937205126,1
9057,2,1,1,1,1.234725739137791,1
9058,2,1,0,1,0.2711057662862244,0
9059,3,0,0,1,1.168365153332967,1
9060,3,1,0,1,0.5415384904138278,0
9061,3,1,0,1,1.1706269145626624,0
9062,1,0,1,0,0.3265369858254776,1
9063,3,0,1,0,1.209172677537091,1
9064,3,1,1,0,2.415185582126151,0
9065,1,1,0,1,-1.4689631426911447,1
9066,1,1,0,0,-1.3528399178519774,0
9067,2,0,0,0,0.366061613462463,1
9068,1,0,1,1,0.6716331751149193,0
9069,3,1,0,0,1.2751871875286391,0
9070,3,1,0,1,-0.29727507562191113,0
9071,2,0,0,0,-0.019119020857718994,1
9072,1,1,1,0,0.5327123453697732,0
9073,1,1,0,0,-1.110171181410101,0
9074,2,1,0,0,0.7140867637443762,0
9075,3,1,1,0,-inf,1
9076,1,0,0,0,-0.17798331118850758,0
9077,2,0,0,1,0.9489338775201499,1
9078,3,0,0,1,1.5771939434989162,1
9079,3,1,0,1,-inf,1
9080,2,0,1,0,0.2824477117036699,1
9081,3,1,1,0,1.0681651027105392,0
9082,2,0,1,1,1.1426152687861453,1
9083,2,1,1,1,2.7750531312995634,1
9084,1,0,1,1,-inf,1
9085,3,1,0,1,-inf,1
9086,3,1,1,0,1.5356344584839652,0
9087,2,0,0,1,1.1929750451869128,1
9088,2,1,1,0,1.3312177915844827,1
9089,2,0,1,1,1.273921997423425,0
9090,3,0,0,0,1.2846644226633313,1
9091,3,0,0,0,-inf,1
9092,3,1,0,0,-0.5190626768067592,0
9093,3,0,1,0,2.6919071655416777,0
9094,1,1,1,0,1.1595319306658758,0
9095,3,1,0,1,-inf,1
9096,3,1,0,0,-inf,0
9097,1,1,1,1,0.019855069345890486,0
9098,3,0,0,0,-inf,0
9099,2,1,0,0,-0.35535273671945494,0
9100,2,1,0,0,0.20594949905915588,0
9101,2,1,0,0,1.366426067869918,1
9102,3,0,0,0,0.7833189804279201,0
9103,2,1,1,0,1.307436391130613,1
9104,2,0,1,1,1.4639013078416188,1
9105,1,0,0,0,0.3928026964295799,1
9106,2,0,1,0,1.0620446201226694,1
9107,2,0,1,0,2.664985511508563,1
9108,1,0,0,1,-inf,1
9109,2,1,0,0,1.2757446014630254,0
9110,3,1,0,0,-inf,1
9111,2,1,1,0,0.8131804927133341,0
9112,1,0,1,0,0.9495523224297254,1
9113,1,0,0,0,-inf,0
9114,1,0,1,0,-inf,1
9115,3,1,0,1,0.31710786232303145,1
9116,1,0,1,0,1.2399232630823782,1
9117,2,1,0,0,-0.5925848390101025,0
9118,3,0,0,0,0.03671782506886467,1
9119,2,0,0,1,0.8507128087236809,1
9120,3,0,0,1,1.6393453590270666,1
9121,2,0,1,1,1.940656263886325,1
9122,1,0,0,0,0.09220031895657407,1
9123,1,1,0,1,-0.190796445226548,1
9124,3,1,0,0,0.8206365916773475,0
9125,1,1,0,0,-inf,0
9126,2,1,1,0,1.0059125027008935,1
9127,3,0,0,0,1.0044931232597605,1
9128,1,1,0,1,-inf,1
9129,3,0,1,1,1.8258130727342323,1
9130,2,1,0,1,1.0270846728275291,1
9131,1,0,0,0,-0.22585190600177046,1
9132,1,1,1,0,-0.5404455725570851,0
9133,2,1,1,1,0.37702489526409777,1
9134,3,0,0,0,-0.24132948314222702,1
9135,2,0,0,1,1.1772128813299236,1
9136,1,0,1,0,-0.028967369809857146,1
9137,3,1,0,1,-0.682434904851912,0
9138,2,0,0,0,-0.33684210317768715,1
9139,2,1,1,1,1.6555137686159136,0
9140,1,0,1,1,-0.3900759060920366,1
9141,3,1,0,1,0.9960029400110512,0
9142,2,1,1,1,0.7086278679518574,1
9143,2,1,0,1,-inf,0
9144,2,1,0,0,-inf,0
9145,2,1,1,0,2.0611314288396048,1
9146,3,1,0,1,0.09197371501757723,0
9147,3,0,1,0,1.3735306296717003,0
9148,3,0,1,0,2.688806249280279,0
9149,2,1,1,0,1.1867863987440237,1
9150,2,1,1,1,0.5875549709129265,1
9151,1,0,0,1,-0.3906609951694202,0
9152,3,0,0,1,0.7488628665020837,1
9153,3,0,0,0,0.26739024594074134,0
9154,1,0,0,1,-0.5842028030400291,0
9155,1,0,1,0,0.4892901102043245,1
9156,2,0,1,1,1.3319647130452168,0
9157,1,1,1,1,-0.08401347298674905,0
9158,3,0,0,1,2.0438056661247197,1
9159,2,0,1,1,1.6383237917038367,1
9160,1,1,0,0,-0.28917909946320414,1
9161,2,0,0,0,-0.44423851653052837,0
9162,1,0,1,0,-inf,1
9163,1,0,1,1,0.3867274229329099,1
9164,1,1,1,1,0.19650598181731518,0
9165,3,1,1,0,1.3438080101045575,1
9166,3,1,0,0,0.3635712119621663,1
9167,1,1,0,0,-inf,0
9168,3,1,0,1,0.4594332006485996,1
9169,3,1,0,1,1.9372448162359461,0
9170,2,0,1,0,1.289114058615985,1
9171,3,0,0,0,0.7190613309429084,0
9172,3,1,0,1,1.0457844678024006,0
9173,3,1,1,1,0.8863778271626734,1
9174,1,0,1,0,1.1600115596959297,1
9175,3,0,0,1,0.35636194988221803,1
9176,2,1,0,1,0.17357093376015267,1
9177,2,1,1,1,1.251678932476442,0
9178,1,1,1,1,0.9548183592072854,0
9179,1,1,1,0,-inf,0
9180,3,0,0,1,-inf,1
9181,3,0,1,1,2.158982759904744,0
9182,2,0,1,1,1.1158154701153489,1
9183,3,0,0,1,1.4528157701628162,0
9184,2,1,0,0,0.6454812648651941,0
9185,3,1,0,0,-0.026356979251030088,0
9186,1,0,1,1,0.40256270971379954,1
9187,2,1,0,0,0.31951771278602425,0
9188,1,1,0,0,-0.9999250062265981,1
9189,1,1,0,1,-0.021083430599132202,0
9190,3,1,1,0,0.3588305985807019,1
9191,2,1,0,0,0.5060276507440851,0
9192,2,1,1,0,0.2606380021160556,1
9193,1,0,0,0,-0.3906752026175114,1
9194,3,0,0,1,1.3891203594981356,1
9195,2,1,1,1,1.3182096076462835,1
9196,1,1,1,1,-inf,0
9197,1,0,1,0,0.9540006687445326,0
9198,1,1,0,1,-0.7356533612202888,1
9199,2,0,1,1,-0.2614075540140073,1
9200,3,0,0,1,0.7563090745540377,0
9201,1,1,1,1,0.5132503957418412,0
9202,2,1,0,0,-0.6539453468332401,0
9203,3,0,0,0,1.1502771542882866,1
9204,3,0,0,1,-inf,1
9205,2,0,0,0,-inf,0
9206,3,1,1,0,1.005707698182196,1
9207,3,0,0,0,0.25625186814562906,1
9208,3,1,1,1,2.090945187741934,1
9209,2,0,1,1,1.6572409671908563,1
9210,2,1,0,0,-inf,0
9211,1,1,1,0,2.257225723599962,0
9212,3,0,0,1,0.6095419765750829,1
9213,1,0,1,0,0.29052533399156794,0
9214,3,0,0,0,1.5410326512981212,1
9215,2,0,0,0,0.8878247106405373,1
9216,2,1,0,0,0.08319138373665783,0
9217,3,0,1,1,2.7219812997326107,1
9218,2,1,0,1,0.1093503819996787,0
9219,2,1,1,0,0.8121500767951748,1
9220,2,0,1,0,1.2565678101729703,0
9221,2,1,0,0,-0.5042941492302964,0
9222,2,1,0,0,0.4632312520480457,0
9223,2,0,1,0,1.7414302130239303,1
9224,2,0,1,0,0.28645248225698516,0
9225,3,1,0,1,2.327956942988589,1
9226,1,1,0,1,-0.014950205080491219,1
9227,1,1,1,1,-1.0227107415929253,0
9228,2,1,1,1,2.5550161093252064,1
9229,2,1,1,1,1.2516116320437298,0
9230,2,0,0,0,1.0651693251012553,0
9231,2,1,1,0,2.1895845384267894,1
9232,2,1,1,1,2.6828887764514606,0
9233,2,0,0,0,0.5598723425237028,1
9234,3,0,0,1,1.0646092543329595,1
9235,3,1,0,0,-0.6154819961214841,0
9236,3,0,1,1,2.0730092592242317,1
9237,2,0,0,0,-0.6100349945213652,0
9238,1,1,0,0,-inf,0
9239,2,1,0,1,0.8624618015369583,0
9240,2,1,0,0,-0.07055317572045328,0
9241,3,1,1,1,2.025604538486955,0
9242,1,0,1,1,1.0888830715819602,0
9243,2,1,0,0,0.8989003060879845,1
9244,3,0,0,1,1.3924152257257107,1
9245,1,0,0,0,-2.016130544011733,1
9246,3,1,1,0,1.0966877413565324,1
9247,3,1,1,0,1.9363204289209413,0
9248,2,1,0,1,0.6962971914875213,0
9249,1,0,0,1,-0.04521115913482694,1
9250,2,1,1,1,-inf,1
9251,2,0,0,1,0.7848282917218283,0
9252,1,1,1,0,0.13534290535468285,0
9253,2,0,1,1,2.5724854838273314,0
9254,1,0,1,1,-0.4725013268132251,0
9255,1,0,1,1,-inf,1
9256,2,1,1,0,1.0101161179781073,1
9257,1,0,0,1,-0.43280643621788234,1
9258,2,0,0,0,0.010010528538242691,1
9259,2,1,0,0,1.627646949645101,0
9260,2,0,1,1,2.245827127273508,1
9261,2,1,0,0,0.579617137827577,1
9262,3,1,1,0,2.0644734379597973,0
9263,1,0,1,1,0.5484689841922934,0
9264,3,0,0,0,1.283576336067343,0
9265,1,0,0,0,1.0922717911404178,0
9266,1,0,0,0,0.19690125525280028,1
9267,1,0,1,0,1.1040254329193138,1
9268,1,0,0,0,0.5611186290468398,0
9269,3,0,1,1,1.1049995144346463,0
9270,2,0,0,0,0.08572645792080569,1
9271,2,0,1,0,0.5778310662371359,1
9272,1,0,0,1,-0.38719339472255493,1
9273,2,0,0,1,-0.24266112476482582,1
9274,2,1,0,1,-0.46343367937172436,1
9275,1,1,1,1,0.49180830420047794,0
9276,3,1,0,0,0.04461169419748323,1
9277,2,1,1,1,1.3805535050203392,1
9278,2,0,0,1,0.15809973404451738,0
9279,3,1,1,1,0.21713982519059383,1
9280,1,1,1,0,0.811247736259587,0
9281,3,1,0,0,1.166835155383614,1
9282,1,0,1,0,0.581030568833365,1
9283,1,0,0,0,-0.269631699289499,0
9284,1,0,1,0,-0.016046324290678537,1
9285,3,0,0,0,0.09811621149363114,0
9286,1,1,1,1,-0.05744184608931341,0
9287,1,1,1,0,1.438640829606108,0
9288,3,1,0,0,-0.025313595356838414,0
9289,3,0,0,0,-0.07830251767504137,1
9290,2,1,0,1,-0.47177039913224245,1
9291,2,0,0,1,-inf,0
9292,3,0,0,0,1.8016131049914013,1
9293,1,0,0,0,0.14700057629216343,0
9294,1,0,1,1,1.253664345948259,1
9295,3,0,0,0,1.9123924544057997,1
9296,3,0,0,0,2.5906659622171917,0
9297,2,0,0,1,0.41500587509802445,1
9298,3,1,1,0,0.6915862355892483,1
9299,3,1,0,0,-inf,0
9300,2,1,1,1,2.1324366276210167,0
9301,2,1,1,0,1.7563998782384174,1
9302,2,1,1,1,-inf,0
9303,3,1,1,0,0.8051072848063492,0
9304,1,1,0,1,0.9462955260014116,0
9305,3,0,1,1,2.345861172973792,1
9306,3,0,0,0,0.6491990737962322,1
9307,2,1,1,1,1.1695577526034182,1
9308,3,1,1,0,1.396973140911108,0
9309,2,1,1,0,0.651272064825737,0
9310,3,1,0,0,1.4216408644195706,0
9311,1,0,1,1,-inf,1
9312,2,0,0,0,-inf,1
9313,1,1,0,0,-1.2287227081636207,1
9314,2,0,0,0,0.5947764787962666,0
9315,3,0,0,0,0.7712349369620668,0
9316,1,1,1,1,0.1792061256932135,0
9317,1,0,0,1,0.6597371686733501,0
9318,2,0,1,1,1.166358070292908,1
9319,1,1,1,0,0.3516334197636664,0
9320,2,1,0,0,0.977806444754264,0
9321,2,1,0,0,-inf,0
9322,2,0,1,0,0.2271019100702436,1
9323,2,1,0,1,1.5324402275490896,0
9324,2,0,0,0,-inf,1
9325,3,0,1,0,1.8396380426006933,1
9326,2,1,0,1,0.715737480993978,1
9327,1,0,0,0,-0.8465447135918553,0
9328,1,0,1,0,0.6309891173076356,0
9329,1,1,1,0,0.08541276559968292,0
9330,1,1,1,1,-0.6273990968708372,0
9331,1,1,1,0,-0.3927619901655311,0
9332,3,1,0,1,0.7475252574280057,1
9333,3,0,1,1,1.8770240432473888,1
9334,1,0,0,0,-1.2754852700390957,0
9335,2,1,1,0,2.408841902226378,0
9336,1,0,0,0,0.20923596416469503,0
9337,3,0,0,1,-inf,0
9338,3,1,0,0,1.0749847678936495,0
9339,1,1,1,0,0.21598194711226015,1
9340,3,1,1,0,1.7552444712639705,0
9341,1,1,1,1,0.8413729707742373,1
9342,3,1,0,0,1.0824909745520443,0
9343,3,1,1,0,2.571090457753111,0
9344,3,1,1,0,1.4739192353909107,1
9345,3,1,0,1,0.9856032318606739,1
9346,2,1,1,1,0.05886079601340277,0
9347,2,1,1,1,0.5390026565214647,1
9348,1,1,0,1,-0.5324172737557233,1
9349,1,0,0,0,-0.3766062684248259,0
9350,2,1,1,1,0.792831576934195,1
9351,3,1,1,0,2.1374275889400263,1
9352,2,1,1,0,-0.08315857607235655,1
9353,1,1,0,0,0.6760536459892776,1
9354,1,1,0,0,0.40195500924750444,1
9355,1,0,0,0,-inf,1
9356,1,0,1,0,-0.5412809709326433,0
9357,2,0,1,0,-inf,1
9358,1,0,0,0,-0.4873905616920472,0
9359,1,1,1,0,-0.14826592825048218,0
9360,2,1,0,0,0.6908397816303307,0
9361,2,0,1,1,0.65602502485741,1
9362,1,0,1,0,1.7760164953767394,0
9363,1,0,1,0,0.352224054376003,1
9364,2,0,0,1,0.28589329122587326,1
9365,3,0,1,1,1.9345858005189633,0
9366,2,1,1,0,0.41913232304281034,0
9367,2,1,0,0,0.5286357746729913,0
9368,3,0,0,0,1.6096851768362108,0
9369,2,1,0,1,-inf,0
9370,3,0,1,0,2.391927589713259,0
9371,1,1,0,1,-1.344311485973417,1
9372,2,1,0,1,0.3861372216904626,0
9373,2,1,1,1,0.7565959511745615,1
9374,3,1,0,0,-inf,0
9375,3,1,1,0,1.1179648930400403,0
9376,2,0,0,1,0.43884917681828295,1
9377,2,1,1,1,0.6766834773635706,1
9378,1,0,1,0,0.6175209746478486,1
9379,2,1,0,1,-0.015604016513743602,1
9380,1,1,1,1,-inf,0
9381,1,0,0,1,0.9881250185639462,1
9382,1,0,1,0,1.5286990502746298,1
9383,2,1,1,0,0.1669487161036214,0
9384,1,0,1,1,-inf,1
9385,2,0,1,0,2.5384444941674396,1
9386,2,0,0,0,-0.995765837857028,1
9387,2,0,1,1,0.7851941714657926,1
9388,1,0,1,1,1.0586833792636847,1
9389,2,1,0,0,0.09706289560431579,0
9390,2,0,0,1,0.07233159420143953,0
9391,3,0,0,1,0.6493069702199423,1
9392,2,0,1,1,0.7849227270203527,1
9393,2,1,1,0,-inf,0
9394,1,1,0,1,0.8042446454479197,0
9395,2,1,1,1,0.30311503098561665,1
9396,1,1,1,1,-0.08399399839048777,0
9397,2,1,0,0,0.3690771621052339,0
9398,2,1,0,1,0.12161262127966649,1
9399,2,1,0,1,-0.15647801603852324,1
9400,3,0,0,1,1.0402483375929779,1
9401,3,1,0,0,0.840526424447732,1
9402,1,0,0,1,0.5514886972567128,1
9403,1,0,1,1,0.7220260174944183,1
9404,3,1,1,1,1.6167852321685632,0
9405,3,1,0,0,1.8388862022803163,1
9406,1,1,0,1,-0.04473453706161257,1
9407,3,0,1,0,2.231964249294204,1
9408,3,1,0,0,0.30564430420114647,0
9409,2,0,0,1,1.1846102006248975,1
9410,3,0,1,0,1.9947776597323534,0
9411,1,1,1,1,0.8422728198806559,0
9412,1,1,0,0,-0.8408674737535293,0
9413,2,1,0,1,1.1294800595915184,0
9414,1,1,1,0,0.3990840260767677,0
9415,1,0,1,0,0.899662067209947,0
9416,1,0,1,0,-0.33739159475727576,1
9417,3,0,1,0,1.5860457882773937,0
9418,2,1,1,0,1.7205985563079063,1
9419,2,0,0,0,0.7412778448786397,1
9420,2,0,0,0,0.9912174907776844,1
9421,2,0,0,1,0.7868565136727168,1
9422,1,0,1,0,0.9005668269372612,0
9423,1,0,1,1,1.6517659064865629,0
9424,2,1,1,0,1.1709982001861634,0
9425,2,1,0,0,-0.9532956674690236,0
9426,2,1,1,1,1.1013216435627022,1
9427,3,0,0,0,1.1593828979338372,1
9428,3,0,0,1,0.7300633746376235,1
9429,2,1,0,0,0.5161503605471409,0
9430,3,1,0,0,2.1293195862367345,0
9431,2,1,0,1,0.0980577906258249,0
9432,2,1,1,1,0.6275592677775561,1
9433,1,0,0,1,-1.065217824091784,0
9434,2,0,0,1,-0.2722293511320023,1
9435,1,1,0,0,-0.963991829087727,1
9436,2,0,0,0,0.12777890971488792,1
9437,3,0,0,0,0.7390455948632427,0
9438,2,0,1,0,1.1002161596085165,0
9439,3,0,0,0,1.453533456076709,0
9440,1,1,0,0,-1.5203506388088714,1
9441,3,0,0,1,-inf,0
9442,2,0,0,1,0.17088257227455356,1
9443,3,1,0,0,0.7161653971764634,0
9444,2,1,0,1,-1.1534183543285217,0
9445,3,1,1,1,2.900372432825745,1
9446,3,0,1,1,1.3815906204034238,0
9447,1,0,1,0,1.2733491941575705,1
9448,1,0,1,1,0.5631442256259247,1
9449,3,1,1,0,1.851195244094304,1
9450,2,1,1,1,0.888320496240224,0
9451,1,0,0,1,0.5433855853983554,1
9452,1,0,1,1,1.7768498530958046,1
9453,2,0,1,1,1.3397211996751706,1
9454,2,0,1,0,1.8713882260433343,1
9455,2,0,0,0,-0.949104685679037,1
9456,1,0,0,0,0.17830093447737488,1
9457,1,1,1,0,-0.3041545967527787,0
9458,2,0,0,1,-0.7993814629283111,1
9459,2,1,0,1,-0.2836474205648722,0
9460,3,1,0,0,0.3340388346559718,1
9461,2,0,1,0,1.219137454465993,0
9462,1,0,1,0,-0.7439788778228981,1
9463,1,1,1,0,1.114329623874709,0
9464,1,0,0,1,0.025035383955635843,0
9465,2,0,1,0,1.269048633852667,0
9466,1,1,1,1,-0.04484948258319782,1
9467,3,1,0,0,1.7850426935433004,0
9468,1,0,1,1,-0.7356855236932648,0
9469,3,0,1,1,0.6310475009333132,0
9470,3,1,0,0,0.7705495892108006,1
9471,2,1,1,1,0.9741773122056548,1
9472,3,1,0,0,1.0877228298789603,0
9473,3,0,0,1,1.024769802462941,0
9474,3,0,0,0,1.3951901714980812,1
9475,1,1,1,0,0.46999431588501617,0
9476,2,1,1,1,1.9013798156684496,0
9477,1,0,0,1,-inf,0
9478,2,0,0,1,0.7072785126329016,0
9479,3,1,1,1,0.585188229583337,1
9480,1,1,0,1,0.898465192253977,1
9481,2,1,1,0,2.405690165464957,1
9482,2,1,0,1,0.2711396958965836,1
9483,1,0,1,1,1.1371761556632607,1
9484,1,0,1,0,1.4626398858268508,1
9485,3,0,0,0,2.048886583534846,0
9486,3,1,0,0,1.7974737842400899,1
9487,2,0,0,1,-0.053801609131956085,1
9488,3,0,0,1,0.8539534794171242,1
9489,2,1,1,1,0.4167235349021915,1
9490,1,0,0,0,-0.46861670305339426,0
9491,1,1,0,0,-1.441960584854861,0
9492,1,0,0,1,-0.5207373866936937,1
9493,2,1,1,0,1.7254432577410492,1
9494,2,0,0,1,-0.2339516250730318,1
9495,1,0,1,0,1.8661590187837365,0
9496,2,1,0,1,0.39428168091237015,0
9497,2,0,1,1,1.4031499409536259,1
9498,2,1,0,0,-0.5716798321866001,0
9499,3,0,0,0,1.732773575463551,0
9500,3,1,1,0,0.8218003991875196,0
9501,2,1,1,0,0.30103184787775705,1
9502,2,1,1,1,1.9756733079150857,1
9503,2,0,0,1,-inf,1
9504,3,0,1,0,2.2852584132303773,0
9505,2,1,0,0,1.2269593352000803,0
9506,3,0,1,0,2.022211899179035,0
9507,2,1,0,0,-0.010875760224924813,0
9508,1,1,0,1,-0.5240060677221514,1
9509,1,0,1,1,-0.15135956765729885,1
9510,2,1,1,1,2.095409854845042,1
9511,1,1,1,0,0.8707288841204076,0
9512,2,0,1,1,0.022940804064608855,0
9513,2,0,1,0,0.5827688558990202,0
9514,3,1,1,0,2.214486948985929,1
9515,2,0,1,1,1.7774860413000928,1
9516,2,0,0,1,1.1364619728339422,1
9517,1,0,0,1,0.5519652841827747,0
9518,1,0,0,1,-0.8499162818465708,0
9519,2,1,0,0,-0.3627939933559972,0
9520,1,1,1,0,1.5083497332030256,0
9521,3,1,1,1,1.4611974718612444,0
9522,2,1,0,0,-1.1035777273414584,0
9523,2,1,1,0,1.2956077172702358,1
9524,3,0,0,0,0.7954892139082502,0
9525,1,1,1,0,0.3564643445327141,0
9526,2,0,0,1,0.00834845629233083,0
9527,2,1,1,0,0.6200574904316123,1
9528,2,1,0,0,-0.360170764662685,0
9529,1,1,1,0,0.5407322974148963,0
9530,2,1,0,0,0.38442441084416645,0
9531,2,0,0,0,2.185864618270589,1
9532,2,1,0,0,1.4650026576472897,0
9533,2,1,1,0,1.1647510468836644,1
9534,1,1,0,1,-0.6106970500717357,1
9535,2,1,1,0,1.9420313114315055,1
9536,2,0,0,0,0.6965796853167505,1
9537,3,1,1,1,2.4793737957170157,1
9538,2,0,0,0,1.575489455710555,1
9539,3,1,0,0,1.2423324539140437,0
9540,3,1,0,1,0.7375766591686939,0
9541,2,1,0,0,0.21210345496293795,1
9542,2,0,0,0,-inf,1
9543,2,0,0,1,0.692415496743695,1
9544,1,1,1,1,-inf,1
9545,2,0,0,1,0.33012035877401263,1
9546,2,0,0,1,-inf,1
9547,2,0,1,1,1.3829116351869821,0
9548,3,1,1,1,1.868539884894405,1
9549,1,0,1,0,0.02284199702428591,0
9550,2,0,0,0,1.3075136348445633,0
9551,1,0,1,1,1.584548994176433,1
9552,3,1,0,1,0.5523395608940996,0
9553,1,0,1,0,-inf,0
9554,1,0,0,0,1.0047811927683248,0
9555,2,1,0,0,-0.8659112868431806,0
9556,2,0,1,0,0.560273051014383,0
9557,2,0,1,0,1.9916249138467177,0
9558,3,0,1,0,0.5780104926960532,0
9559,2,0,0,0,0.33765818628860855,1
9560,1,0,1,0,1.184276127928049,1
9561,3,0,0,0,0.5049000756243516,0
9562,2,1,0,1,0.8310573867561704,1
9563,3,0,1,0,2.000807753060827,1
9564,2,1,1,1,-inf,1
9565,1,0,1,0,-0.9056567751370751,1
9566,2,0,1,1,-inf,0
9567,1,0,1,1,0.9726008545581137,1
9568,2,0,1,0,1.8458225679844311,0
9569,3,0,0,0,1.8552063937017929,1
9570,2,0,0,0,-inf,1
9571,1,0,1,0,-inf,0
9572,2,1,0,1,-0.02697702035132915,0
9573,1,0,0,1,0.17377302577852444,1
9574,3,0,1,0,1.2501700558621733,0
9575,3,0,1,0,1.064562622197395,1
9576,2,0,1,1,0.44536708867109387,1
9577,3,0,1,1,-inf,1
9578,3,0,0,1,1.2283015452846358,1
9579,1,1,1,1,-0.09410888152723612,0
9580,1,1,0,0,-0.8191353930248673,0
9581,2,1,0,1,-0.5635079072278677,1
9582,3,1,0,1,0.3007822950184981,1
9583,2,0,1,1,1.3113522850786692,1
9584,3,1,1,1,0.7108204889073724,1
9585,1,1,1,1,-inf,0
9586,2,1,1,1,1.5485364339774947,1
9587,3,0,1,0,2.57022179983802,0
9588,2,0,1,0,-inf,1
9589,3,0,0,0,0.909492560335069,0
9590,2,1,1,0,0.18651945632134748,0
9591,2,0,0,1,-inf,1
9592,1,0,0,1,-0.6068558988634517,0
9593,2,0,0,1,-inf,1
9594,1,1,0,0,-0.043053337201280184,0
9595,2,0,0,0,1.21310857869967,1
9596,3,0,0,1,0.6154989926920195,0
9597,1,0,0,0,-0.5611357630308611,1
9598,3,1,1,1,0.9855618614908814,1
9599,3,1,0,0,1.1940966280122651,0
9600,2,0,1,1,1.4088355317720427,0
9601,1,1,0,1,-1.395648265142218,0
9602,1,1,1,0,1.0642950707561945,0
9603,3,1,0,1,1.5466221131387745,0
9604,3,1,0,0,1.6151493997192659,0
9605,2,0,1,1,1.8337911319448221,0
9606,1,0,0,1,-0.4118379781741451,1
9607,1,0,0,0,0.19454091014912922,0
9608,2,1,0,1,-1.043166930911028,0
9609,2,0,1,0,1.9391846516992999,1
9610,3,1,0,1,0.11852701955884415,0
9611,3,1,1,0,1.528925520983929,0
9612,1,0,1,0,1.2734579841131408,0
9613,1,0,0,1,1.0354150048429305,1
9614,2,0,0,1,0.1773421199662168,0
9615,2,0,0,0,-0.7084133633442051,1
9616,3,0,1,1,2.659979594460927,0
9617,2,0,1,1,1.3595136656317277,0
9618,3,1,0,1,0.7017615795696519,1
9619,3,1,0,0,-0.35340214520472224,0
9620,1,1,0,0,-inf,1
9621,2,0,1,0,0.9487923938912813,0
9622,3,0,0,0,1.312034271594472,1
9623,2,0,0,0,-0.2874532885273675,0
9624,2,1,0,0,-inf,1
9625,2,0,1,1,-inf,1
9626,1,0,1,1,-0.14839592695586934,1
9627,3,0,0,0,1.6790653606863297,0
9628,2,1,0,1,0.7792589429962749,0
9629,3,0,0,0,1.1184694331005118,0
9630,1,1,0,0,-0.7270477024092498,0
9631,1,0,1,0,0.8207485449437196,1
9632,3,1,1,0,1.8826532962535532,1
9633,1,1,1,0,0.40160200647667443,0
9634,3,0,0,1,1.2939732964820665,1
9635,2,0,0,0,0.409270357253315,0
9636,2,1,0,0,0.35543991439234873,0
9637,3,1,1,0,-inf,0
9638,3,0,0,1,1.0114500042828576,0
9639,1,1,1,0,0.800535734862406,0
9640,1,0,0,1,-0.30595658231523615,1
9641,3,1,0,1,1.4586623180353357,0
9642,3,1,1,1,1.423491674905027,1
9643,2,0,1,0,0.9489703934790193,0
9644,2,0,0,1,-0.0027710226163869534,1
9645,1,1,1,0,-0.3790879511135021,0
9646,1,0,0,1,-0.11161481988613568,0
9647,3,1,0,1,0.9705708843212779,1
9648,2,1,1,1,0.8631740413965924,1
9649,2,1,1,0,-inf,0
9650,2,0,1,1,1.9074477066156457,1
9651,3,0,0,0,1.320583672536864,0
9652,2,0,1,0,2.2617339295776646,0
9653,3,0,0,1,0.6851822689104193,0
9654,1,0,1,1,0.4549818689205352,1
9655,2,1,0,0,-0.23966170221848287,0
9656,1,1,0,1,0.24011176555749786,0
9657,2,1,1,0,-0.02883289274031231,0
9658,2,1,0,1,0.8915600418199574,0
9659,2,1,0,1,0.4922427597966817,0
9660,2,0,1,0,0.749439733242225,1
9661,1,1,1,0,-inf,0
9662,3,1,1,1,0.7732816350446642,0
9663,2,0,0,1,-inf,1
9664,3,1,0,0,0.3617853184209042,1
9665,3,1,0,1,0.6137306278902596,1
9666,3,1,1,1,-0.43702971852044614,1
9667,2,0,1,0,2.5465413829100543,1
9668,3,1,0,0,2.3491686253943977,0
9669,3,1,1,1,0.4947936985645134,1
9670,2,1,1,1,-inf,1
9671,2,1,0,1,-0.14857756641935005,0
9672,1,1,1,1,-0.3787048233287335,0
9673,1,0,0,0,-0.5322131940200238,0
9674,1,1,1,1,-0.2061511514928846,0
9675,2,1,0,1,1.7016856456614735,0
9676,2,0,1,1,-inf,0
9677,2,1,0,0,-0.5643771641526687,0
9678,2,1,0,0,1.6802689925192784,0
9679,2,1,0,0,-1.0285245968152321,0
9680,2,1,0,1,0.7839030485120924,0
9681,1,1,1,1,0.1924071595887009,0
9682,1,1,0,1,0.24673024194217802,1
9683,1,1,1,1,0.550329357270142,0
9684,1,0,0,0,0.015532611509446084,0
9685,2,0,1,1,1.6111412227469537,0
9686,2,0,0,0,-0.011429891377251256,1
9687,1,1,0,0,0.2978406205471736,0
9688,3,0,0,1,1.520772226956273,1
9689,1,0,1,0,1.8301669192143355,1
9690,2,0,0,1,-inf,1
9691,1,1,0,0,-0.006083575282510301,0
9692,3,1,0,1,1.0602747442299285,1
9693,1,0,1,1,0.40797070182282824,1
9694,1,0,1,0,1.6942028158378624,0
9695,2,1,1,0,2.0191466684196744,1
9696,2,1,0,1,0.36337808179508685,0
9697,1,0,0,0,-0.4995653103890879,1
9698,3,0,0,0,0.6481934882979348,1
9699,3,0,0,0,0.6300489282842939,0
9700,2,0,1,0,2.2945473399306078,0
9701,1,0,0,0,-0.7015729684529477,1
9702,2,1,1,0,0.49670721474840296,0
9703,3,0,0,1,1.269302574189983,0
9704,1,0,1,0,1.77303429757754,0
9705,2,0,0,1,-inf,1
9706,3,1,1,1,1.4516346961944047,1
9707,2,1,1,1,2.0221950701686637,1
9708,1,1,0,1,-0.22038093185606342,1
9709,3,0,1,1,2.2924672905080663,0
9710,3,1,0,1,0.338184167587712,1
9711,1,0,1,1,1.7971830344361637,1
9712,1,0,1,1,0.8267823712549447,1
9713,2,1,1,0,0.8718543828058449,0
9714,3,0,1,0,2.740325776601135,0
9715,2,0,0,0,-0.07649648033346035,1
9716,2,0,1,1,1.4406680258638052,1
9717,2,1,1,1,0.0659170095862206,1
9718,1,1,0,1,0.49793780248797553,1
9719,1,1,0,0,-0.6522031825968406,1
9720,1,1,0,1,-0.27944987475805483,1
9721,3,1,1,1,0.1901730823866683,1
9722,2,1,0,1,1.0298299717974233,0
9723,2,1,0,0,0.9666016658865191,0
9724,2,1,0,1,-inf,0
9725,2,1,0,0,-0.0409936737726905,0
9726,2,0,1,1,2.4022121972217527,0
9727,2,0,1,0,0.8930711778391441,1
9728,1,1,0,0,-0.48174196414682263,1
9729,1,1,1,0,0.4976572104940363,0
9730,2,0,1,1,0.8907064869712169,1
9731,2,1,0,0,0.042343366084543116,0
9732,3,0,0,0,1.5572706045307694,1
9733,2,1,1,0,2.014989061783565,0
9734,1,1,1,0,-0.05557620711198474,0
9735,3,1,0,1,-0.22341959819957458,0
9736,1,1,1,1,0.3452298033899017,1
9737,3,1,0,1,0.9772434136238102,0
9738,1,0,0,0,-1.0124339074405198,1
9739,2,1,0,1,2.1024261799870234,0
9740,1,1,1,0,0.8610805970791688,0
9741,1,0,0,0,0.05398028344476885,0
9742,1,1,1,0,0.8128620699771159,0
9743,1,1,1,1,-0.23437593854042788,0
9744,3,0,1,0,1.0798486466206239,0
9745,2,0,1,0,2.4077202665351236,1
9746,3,0,0,1,-0.18140263816180324,1
9747,2,1,1,1,2.334562366141539,1
9748,3,0,1,0,1.3936489848036808,0
9749,3,1,0,1,-1.0448018465424433,0
9750,1,1,0,1,-1.3908413949298382,1
9751,3,1,1,1,-inf,1
9752,2,1,1,1,0.7367089736097728,1
9753,1,1,0,1,-inf,1
9754,3,0,1,1,1.4253866276684926,0
9755,3,0,0,0,1.3370747332338668,1
9756,1,0,0,0,0.15346185465870488,1
9757,3,1,1,0,1.583238325448328,1
9758,3,0,0,0,0.4101528104154266,1
9759,3,0,0,0,0.9762218296644839,0
9760,2,1,1,1,1.1744005301736329,0
9761,2,1,0,1,0.5658237757122123,0
9762,3,0,1,1,-inf,1
9763,2,1,1,1,1.7183996311075314,0
9764,2,0,1,1,0.5689347294395214,1
9765,1,0,0,1,0.009974918817630102,1
9766,2,1,1,1,0.5097578518588499,1
9767,3,0,0,0,0.1708252274954214,0
9768,1,0,1,0,0.8643759423538702,0
9769,1,0,0,0,-0.47774518026433344,1
9770,3,0,0,1,1.8449112669655867,0
9771,1,0,0,0,-0.4541221394867969,1
9772,3,1,0,0,0.5686305115383152,0
9773,2,0,0,1,-0.4312040603862548,1
9774,2,1,0,0,-0.633820393631537,0
9775,2,1,0,0,-0.7630178455078569,0
9776,2,0,0,0,2.2550209194026705,1
9777,2,0,0,1,0.3560911278333202,0
9778,2,0,1,0,1.7079265498658027,0
9779,2,0,0,0,-inf,1
9780,2,1,0,1,0.3087326147371917,0
9781,1,1,0,0,-0.7193254829587081,1
9782,3,0,0,0,1.5931974506980238,1
9783,1,1,0,0,-0.13864986079339414,0
9784,2,0,1,0,0.8552204579591707,1
9785,1,0,0,0,-1.0177760663816666,1
9786,3,1,0,0,1.8209167890049505,1
9787,3,1,0,1,2.322304731821757,0
9788,2,1,0,1,-0.7140411354895684,0
9789,2,0,1,1,0.6022531278481867,1
9790,3,0,0,0,-0.2934406666250713,0
9791,1,0,0,0,0.15224199516468556,0
9792,3,1,1,1,2.335999539225936,1
9793,2,1,0,1,0.870012470025235,0
9794,2,0,0,0,1.163354396402554,1
9795,3,0,0,0,1.2630464061836797,1
9796,1,0,0,0,-0.20986419748296964,1
9797,1,0,1,0,0.5445403770711664,0
9798,1,0,0,1,-0.09074974329247816,0
9799,2,1,1,0,1.5522762960185785,1
9800,2,0,1,1,1.714096584437299,1
9801,3,1,0,0,1.3200866910579658,1
9802,1,1,0,1,-inf,1
9803,2,0,1,1,2.2079580963412173,1
9804,1,1,1,0,0.4975782577973835,1
9805,3,0,0,1,0.917121274266193,1
9806,2,1,0,0,0.617520613913425,0
9807,1,0,1,0,-inf,1
9808,2,1,1,1,0.7630830577695304,1
9809,1,0,0,0,-0.215798961003365,1
9810,3,0,0,1,-inf,1
9811,3,1,1,0,1.2444181663224474,0
9812,2,1,1,0,2.0974180668438436,1
9813,2,1,1,0,0.43900123601525276,0
9814,1,0,1,0,1.2296356495319118,1
9815,3,1,0,1,0.6139577641091023,0
9816,2,1,0,0,-0.24444908681346245,0
9817,3,0,1,1,1.873402678323756,1
9818,1,0,0,1,-0.5030868379815725,1
9819,2,1,1,0,1.2207604334592146,1
9820,1,1,0,0,-0.6826033466569889,1
9821,2,1,0,0,1.6460541764690737,0
9822,1,0,0,0,-0.49127750863335484,1
9823,2,0,1,0,1.5214520255073798,1
9824,3,1,0,0,0.7924644336509036,0
9825,2,0,1,0,2.329260624580243,1
9826,2,1,1,0,0.9213464720777819,0
9827,2,1,0,0,-0.25675507012540455,0
9828,2,0,0,1,-0.09572711217896168,1
9829,3,1,0,0,1.6841689952625214,0
9830,2,0,1,0,1.2844927702326108,0
9831,2,0,0,0,1.2541497645364783,1
9832,2,0,0,0,1.3225089620495707,1
9833,1,0,0,0,-0.31413851806632176,0
9834,2,1,1,0,0.9016761061714595,1
9835,3,0,0,0,2.0604399302547334,0
9836,2,0,1,1,0.7046400888773919,1
9837,2,0,0,0,-0.2132143705373255,1
9838,1,0,0,1,-0.21763409682370166,1
9839,3,1,1,1,1.7683332795736266,1
9840,3,1,0,0,0.4382275424278856,0
9841,2,1,1,1,1.0722601140281982,1
9842,2,1,1,1,1.634476963354507,1
9843,3,0,1,1,2.5789153303741914,0
9844,1,0,0,1,-inf,0
9845,1,0,0,0,0.08813479257173396,0
9846,3,1,0,0,-inf,0
9847,1,1,1,0,0.6454812653025971,0
9848,2,0,0,1,1.4772976061280372,1
9849,2,1,0,0,-0.3361640899811022,0
9850,3,1,0,0,-0.5404861097050448,1
9851,1,1,1,0,-0.4436709181915364,0
9852,2,0,1,1,2.0932107129904485,1
9853,3,0,1,1,1.027361753894123,1
9854,2,0,0,1,0.7407920108803436,0
9855,2,0,0,1,1.0921063947440195,0
9856,2,1,0,1,-inf,1
9857,2,0,0,0,0.30177853553024764,0
9858,2,1,0,1,-0.15185498272838766,0
9859,1,1,0,1,-0.9787200548800885,1
9860,3,1,0,1,0.49776924417221163,0
9861,2,1,0,1,0.8629875681740742,1
9862,1,1,1,1,1.5793447210536429,0
9863,2,0,1,1,1.99442924048401,1
9864,3,1,0,1,0.7822353454513719,0
9865,2,1,0,0,-0.6203150443016461,0
9866,2,1,0,0,1.4654549299188313,1
9867,2,0,1,1,1.8046693159483254,1
9868,1,0,0,1,1.743388318965636,1
9869,2,1,1,1,1.115006466023357,1
9870,1,1,0,1,-0.9565218216133959,1
9871,3,0,1,0,2.0024504351988344,0
9872,1,0,0,0,-0.9225867752391469,0
9873,2,1,1,1,-0.8578810948129876,1
9874,2,1,1,1,1.2153031205835958,1
9875,2,1,0,0,-0.27203766512961997,0
9876,2,1,0,1,0.9196091087976312,0
9877,1,0,0,0,-0.7674458973522771,0
9878,1,1,0,1,-1.4321989004124098,0
9879,1,1,1,1,1.3360031847763985,0
9880,1,1,1,0,1.6318805998291142,0
9881,2,0,1,0,0.6098615855113632,0
9882,1,1,1,1,0.35360637302710085,1
9883,2,0,1,0,1.6802797359949297,0
9884,2,0,1,0,0.7504188273134571,0
9885,3,0,0,0,1.6956011906074997,0
9886,1,0,0,0,0.029468740089724638,0
9887,1,1,1,1,0.1976827492181018,0
9888,2,1,1,0,0.9200562944900432,1
9889,1,1,0,0,1.1124421498353039,0
9890,2,1,1,0,0.35717911385589307,1
9891,3,0,0,1,0.003576704289979471,1
9892,2,1,0,1,-1.0661541975840783,1
9893,2,1,0,0,0.3691560078221654,1
9894,1,1,1,0,1.452177088111687,0
9895,3,0,0,1,0.7366614339625654,1
9896,1,0,1,1,0.15296433649920227,1
9897,3,1,1,0,1.6651900914091287,0
9898,3,0,0,1,1.637829192192566,0
9899,1,0,1,0,1.0883848680230666,1
9900,3,0,0,1,2.1180159978879,1
9901,2,0,1,1,1.5643461989100242,1
9902,1,0,1,1,1.0385084961343096,1
9903,1,1,1,0,1.5020133418898922,0
9904,1,1,0,0,-0.3537291509623771,0
9905,1,1,1,0,-0.8146011734931138,0
9906,2,0,1,0,1.6267808526520453,0
9907,3,1,1,0,-inf,0
9908,1,0,0,0,0.7018199388241958,1
9909,2,1,1,0,0.43339631797771483,1
9910,3,1,0,0,-inf,0
9911,2,0,0,0,0.14098361834768175,1
9912,2,0,0,1,0.3529714471972974,1
9913,1,1,1,1,0.1483492830382392,0
9914,3,1,0,0,0.4641455581095702,0
9915,1,0,0,0,-0.08977427587332525,0
9916,2,1,0,1,1.0527670014691368,1
9917,1,0,0,1,-inf,1
9918,2,1,1,1,-0.29032047436170316,1
9919,3,1,1,0,1.81147910991213,1
9920,1,0,0,1,-1.420356140357936,0
9921,1,1,1,0,0.5069890662144309,0
9922,3,0,1,1,2.1191975872817377,1
9923,2,1,1,1,0.9406247857042028,0
9924,3,1,0,0,1.22351691589326,0
9925,1,1,0,1,-0.622874074112059,1
9926,2,1,0,0,-0.3831574544499409,0
9927,3,1,0,1,-inf,1
9928,3,1,0,0,1.7358264695921057,0
9929,3,1,0,0,2.2194568912472237,0
9930,3,1,1,0,1.9596732675820736,0
9931,3,1,0,1,0.944285628820877,0
9932,2,0,0,0,0.674304956223554,1
9933,1,1,0,0,-1.479490700287738,0
9934,1,1,1,1,0.6471584606242564,0
9935,3,1,0,1,0.31683544595825297,0
9936,3,0,0,0,1.104570734316097,1
9937,1,0,1,1,1.0706985885297489,1
9938,3,1,0,1,-0.03126634055979882,1
9939,3,1,0,1,1.5985781584346619,0
9940,3,1,1,1,1.7973069919087075,1
9941,2,1,0,1,-0.5873504061660133,0
9942,2,1,1,1,1.168492647636767,0
9943,1,1,1,0,1.230002516875868,0
9944,3,1,0,0,0.5352685407925528,0
9945,3,0,1,1,3.7323697604503785,1
9946,2,1,1,1,0.7585353150457989,1
9947,1,0,1,1,0.9177539753252102,1
9948,2,1,1,1,0.19091324168097912,1
9949,1,0,1,0,1.2662572004382286,0
9950,1,0,0,1,0.20629324241191765,1
9951,3,1,0,0,-0.7699988872312482,0
9952,1,1,1,1,0.11553694659234298,0
9953,1,0,0,0,0.6588781681540563,0
9954,2,1,1,1,1.6766762111979154,0
9955,2,1,1,1,-0.40180501056126894,1
9956,2,1,0,0,-inf,0
9957,2,1,1,0,0.7779571986026717,0
9958,1,1,0,1,0.377741219756407,1
9959,1,1,1,1,0.042696574501130624,0
9960,2,1,1,0,0.8176344791529508,1
9961,3,1,1,1,0.2422063417243021,1
9962,3,1,0,0,0.008860870665888587,0
9963,2,0,0,1,0.93676251985698,0
9964,2,1,0,0,1.0344854719661385,1
9965,2,0,1,0,1.2623426779759808,0
9966,3,1,1,0,0.7750337994065596,0
9967,3,1,1,0,2.022860049531018,1
9968,1,1,0,0,0.35662367579422,0
9969,1,0,1,1,1.1426620910720047,1
9970,2,0,1,0,0.3626635484850401,1
9971,2,1,0,1,0.4113889619291786,0
9972,2,0,1,0,2.3814560104039524,0
9973,2,0,0,1,0.4880015268385825,1
9974,2,0,0,1,1.433019084321629,1
9975,2,0,1,1,1.359375788098596,1
9976,3,0,0,0,0.8840631001573254,1
9977,3,0,0,0,-0.17656201642074976,0
9978,3,0,1,0,2.4733023285445443,0
9979,1,0,1,0,-1.1399434611182873,0
9980,2,1,0,0,0.13490712341802202,0
9981,3,1,0,0,0.8061477365965901,0
9982,2,0,1,0,-inf,0
9983,3,1,1,0,1.6012382973761907,1
9984,1,1,1,0,0.21244556835540346,0
9985,2,1,0,0,0.12767284288009167,0
9986,1,0,1,0,-0.3750816673851042,1
9987,1,1,0,1,-0.3190479987566259,1
9988,2,1,0,0,0.45929881787883825,0
9989,3,0,0,1,1.1478809021930791,1
9990,3,0,1,1,2.3145637928076845,1
9991,3,1,0,0,-0.5944298049084045,0
9992,2,0,0,1,1.0384804708496853,0
9993,2,1,1,0,0.5569366818745356,1
9994,3,0,0,1,1.1111381382753363,0
9995,2,0,1,1,0.5488892801726388,1
9996,2,1,0,0,-0.3330000150607962,0
9997,3,0,1,0,1.2723496639721459,0
9998,1,0,0,1,-0.5934951958893844,1
9999,3,0,0,0,-inf,0
10000,1,1,1,0,2.2087995406211065,0
10001,2,0,1,0,1.945011576562889,0
10002,3,0,1,0,1.8705483600329609,0
10003,3,0,0,1,1.5182771177986003,1
10004,3,0,1,1,2.4637582769272317,0
10005,2,1,1,0,1.6463673117102093,1
10006,2,1,0,1,-inf,0
10007,2,0,0,0,0.24382453948639538,1
10008,1,0,0,1,-0.03749922745944419,1
10009,2,0,0,1,-0.5996634438557324,0
10010,3,0,1,1,1.656525626271313,1
10011,3,1,0,1,0.6130434104355963,1
10012,2,0,1,0,0.5984639991383571,1
10013,3,1,0,0,-inf,1
10014,1,1,1,1,-0.01755276377433579,0
10015,3,0,1,1,1.3610231223939042,1
10016,1,0,0,0,-0.7791049724455269,1
10017,3,1,0,1,0.450908609732222,0
10018,3,1,0,1,0.33450888681333946,0
10019,1,0,0,0,0.41033610314397617,0
10020,2,0,1,1,1.4554787252841244,1
10021,1,1,1,1,0.16543076403820636,0
10022,3,0,1,1,1.7027203474484343,0
10023,2,0,0,1,-inf,1
10024,1,1,1,1,9.19422066005815e-05,0
10025,2,1,1,0,-inf,0
10026,1,1,1,0,-0.2113105078298479,0
10027,3,1,0,0,-inf,1
10028,3,1,0,0,0.2856131678772048,0
10029,2,0,0,1,1.503547014968292,0
10030,3,1,1,1,2.7197798589154507,1
10031,3,1,0,0,0.22007951075009302,0
10032,1,1,1,0,-0.016610501062564453,0
10033,3,1,0,1,1.2111877809030176,0
10034,3,1,0,0,-0.01869891992564665,0
10035,1,0,1,0,2.2159884963989938,0
10036,2,1,0,0,-inf,1
10037,3,0,0,1,0.8033431232888507,1
10038,2,1,1,0,0.7336517940810526,1
10039,2,1,0,0,0.28797353502107376,0
10040,1,0,0,0,-inf,1
10041,3,1,1,0,3.200480527228363,1
10042,2,1,0,1,0.8790617494384625,1
10043,1,0,1,1,0.6734771383370771,1
10044,1,1,1,1,-0.02284435859250389,0
10045,2,1,1,1,1.3798047688636814,1
10046,2,1,0,0,0.429573054249628,0
10047,3,1,0,1,-0.06037804120111434,1
10048,2,0,1,1,1.8612523784597386,1
10049,2,1,1,0,0.4305270656833702,1
10050,2,1,0,1,0.18003727397185035,1
10051,2,0,1,1,1.4027486099432478,1
10052,2,0,1,0,1.2844784526029478,1
10053,2,1,1,1,0.3112167388524728,1
10054,2,1,1,1,1.0960780348921135,1
10055,2,1,1,1,0.43516608132134926,1
10056,2,0,0,1,0.4044944014888701,0
10057,3,1,0,0,-0.13933045995875337,1
10058,1,1,0,1,0.18719991135789654,0
10059,1,0,1,0,-0.4317219998154501,0
10060,1,0,1,0,-1.1597343824681299,0
10061,3,1,0,1,1.0852173482669105,1
10062,3,1,1,0,0.9717492208085532,0
10063,1,0,1,0,1.9079800108541503,0
10064,2,0,1,0,1.4145427174531728,0
10065,2,1,0,1,0.21238758492386373,1
10066,2,0,0,1,-0.4554183130431573,0
10067,3,0,0,1,1.4648621687866141,0
10068,3,1,0,0,2.6616107018239568,0
10069,1,1,1,1,0.2424911872901374,0
10070,2,1,1,0,0.7525737209952355,1
10071,2,1,1,1,0.7247249422884994,1
10072,1,1,0,0,0.1362204836344572,1
10073,2,1,0,0,-0.03551038655017688,0
10074,1,1,1,0,-inf,1
10075,2,1,0,0,0.08439366744502548,0
10076,2,1,1,1,0.12763973401216178,0
10077,2,0,0,0,0.6795381129809787,0
10078,2,1,0,1,0.6217053549362144,0
10079,3,0,1,0,1.9096858536194259,1
10080,3,0,0,0,1.4314793450388998,0
10081,2,0,0,0,0.36367564870417934,1
10082,3,0,0,0,1.6434570321759703,1
10083,2,1,1,0,0.04053922801205223,1
10084,1,1,1,0,0.07308807638955578,0
10085,2,1,1,0,-0.11576910352930359,0
10086,2,0,0,0,0.6350871529138233,0
10087,2,1,0,1,-inf,1
10088,3,0,1,1,1.252287710425664,1
10089,2,0,0,0,0.6359965974668583,1
10090,2,1,0,1,0.04396334955105852,1
10091,3,0,0,0,1.0135361697254721,1
10092,1,1,1,0,0.488668628518064,1
10093,3,0,1,1,2.1489201453192392,1
10094,1,1,1,0,-0.33332089710013363,1
10095,2,1,0,0,-inf,0
10096,3,0,1,1,1.4461289004944342,0
10097,2,1,0,0,0.09963151070020997,0
10098,2,1,1,1,0.7796128786903176,1
10099,3,1,0,1,1.0591028790457309,1
10100,1,1,0,0,-1.1203446903409373,1
10101,1,1,0,0,-inf,1
10102,2,0,0,1,-0.3154042417168672,1
10103,2,0,0,1,-inf,1
10104,1,0,0,0,-0.5738980453613896,1
10105,1,0,1,0,-0.23446757358701076,0
10106,3,0,0,0,1.9591332229708573,1
10107,3,0,1,0,2.0336124499161308,0
10108,3,0,1,1,2.539153546691079,0
10109,1,1,1,1,0.032409023370759016,0
10110,1,1,0,0,-0.0306719954667542,1
10111,3,1,1,1,1.548535746941745,1
10112,3,0,1,1,1.1112845973195178,1
10113,1,1,1,1,1.6898844866096014,0
10114,2,0,1,0,0.9158962976076701,0
10115,3,0,0,1,1.2180124766734526,1
10116,1,1,1,0,0.7966947933692883,0
10117,1,1,0,0,0.11281482089768208,0
10118,1,1,1,0,-inf,0
10119,3,0,0,0,1.0969825923232428,1
10120,1,1,1,0,-0.36337022712226025,0
10121,2,0,0,0,0.6608052826813118,0
10122,3,0,0,1,1.665716298941442,0
10123,2,1,1,1,2.6685846342367654,1
10124,1,1,0,1,-0.1597761417132468,1
10125,2,1,1,0,0.6630819841397624,1
10126,1,0,0,1,-inf,0
10127,3,1,1,0,2.7265681965822504,0
10128,1,1,1,1,-0.32235482891862605,1
10129,1,1,0,0,-inf,0
10130,3,0,0,1,0.7041870178278248,0
10131,3,1,1,1,1.7269441423201166,1
10132,2,1,0,0,2.0849095061509306,0
10133,3,0,0,0,-inf,0
10134,3,0,0,0,0.8724687901650424,1
10135,3,1,0,0,-0.27568098956737175,1
10136,2,0,0,0,1.5294161362255996,0
10137,3,0,0,1,1.337295330715165,1
10138,2,0,1,1,0.32290871150872524,1
10139,2,0,0,1,0.6714194519775956,1
10140,3,0,1,0,1.872909394361207,0
10141,2,1,1,0,0.5246967365955555,1
10142,2,1,0,1,-0.31113553352150075,1
10143,3,1,1,1,1.6925125626458726,1
10144,3,0,0,0,-inf,1
10145,1,1,0,1,-0.5336392156797617,1
10146,1,1,0,1,-inf,1
10147,2,1,1,1,0.8016066648512392,0
10148,2,0,0,0,1.7518162411906422,1
10149,1,0,0,1,-1.3599769930920131,1
10150,1,1,0,1,0.02578732447225418,1
10151,1,0,0,1,-inf,0
10152,3,1,1,1,2.8988540156281895,1
10153,2,1,0,0,-0.46778013904115184,0
10154,1,0,0,0,0.02972917157757013,0
10155,1,1,0,1,1.2906498230327446,1
10156,1,0,1,0,0.8435112397814704,1
10157,2,0,1,1,1.3861471176167162,1
10158,3,1,0,0,0.14096997384901067,1
10159,1,0,0,0,-0.9588974547273544,0
10160,2,1,0,0,-0.27745170082293735,1
10161,2,1,1,0,0.6175491858261543,1
10162,2,1,0,0,1.0351838356035261,1
10163,1,1,0,1,0.31320625036440614,1
10164,3,1,1,1,2.259634030577259,1
10165,3,0,0,1,0.9092536823473075,0
10166,3,1,1,0,-inf,0
10167,2,0,1,1,-inf,1
10168,1,0,1,1,0.5774658720359416,1
10169,3,0,0,0,-inf,0
10170,1,0,1,1,-0.35111656486356957,1
10171,1,1,0,1,0.09501497942470277,1
10172,2,0,0,1,1.0005993456875224,1
10173,2,1,0,1,0.7807693980593009,0
10174,2,1,0,0,-0.4153467241599796,0
10175,2,1,0,0,-inf,0
10176,2,1,0,0,0.18038275144725846,1
10177,1,0,1,1,0.0820459076741733,1
10178,1,0,1,0,-0.41756120118175744,1
10179,2,0,1,0,0.5879773014237969,0
10180,1,1,0,0,-inf,1
10181,1,0,1,0,1.1286058606782698,0
10182,1,0,1,0,1.0654562028483907,0
10183,2,1,0,1,0.6974977380295373,1
10184,3,0,0,1,-inf,1
10185,3,1,0,0,-0.07671750878670347,1
10186,1,0,1,0,1.0068076846578586,0
10187,3,1,1,0,1.8614186652319797,0
10188,1,1,0,1,-0.30781685915005147,0
10189,1,0,1,0,0.5189579484562548,1
10190,3,0,0,1,1.4005188158192476,1
10191,1,1,1,1,1.0209813300921395,0
10192,2,0,0,0,1.7578298292601744,1
10193,2,1,1,0,3.1101530823445813,1
10194,3,1,0,0,0.9851899573817768,0
10195,3,1,1,1,-inf,1
10196,2,0,1,1,0.955941935723696,1
10197,2,1,0,1,0.0691259013315092,1
10198,2,1,0,0,1.03867802486689,0
10199,2,0,0,0,-0.1346831269079909,1
10200,2,1,1,1,1.2320910118971988,1
10201,3,1,1,1,0.821086740787012,1
10202,3,0,0,0,1.7283493481418306,1
10203,2,1,1,1,1.1943664614410547,0
10204,2,0,1,0,2.0108091372793027,1
10205,3,0,0,1,1.2398084202484236,0
10206,2,0,0,0,2.064529617493676,0
10207,2,0,1,1,1.0247217393133583,1
10208,2,1,1,0,1.7496017242794584,1
10209,2,1,1,0,1.9103238523220005,0
10210,1,1,1,1,0.6278718627188768,0
10211,1,0,1,0,0.28392433097363,1
10212,3,0,0,0,-0.30027298213818354,0
10213,2,0,1,0,1.6288362697546814,1
10214,3,0,1,0,1.1950154352042412,0
10215,1,0,0,1,-inf,1
10216,2,0,1,1,1.2605290323816694,1
10217,1,0,1,0,1.3024951250516907,0
10218,3,0,0,0,2.357428520149794,0
10219,2,1,0,0,-0.7441715220894269,0
10220,3,0,0,0,0.9599278555904667,0
10221,2,0,0,0,1.5261162711953657,0
10222,3,1,0,1,0.6875730207725013,0
10223,2,0,1,1,1.3424409560630823,0
10224,3,0,1,0,1.489449795171839,1
10225,2,0,0,0,0.8151876589081583,1
10226,2,1,1,0,0.26426045523139163,1
10227,3,1,0,0,0.0834625980616891,0
10228,2,0,1,1,-inf,1
10229,2,1,0,0,0.7004856679181708,0
10230,3,1,1,0,1.4115256290405898,0
10231,2,0,1,0,1.194253339016084,1
10232,2,0,0,0,0.7336774839019488,1
10233,3,0,0,0,0.48185216864662384,1
10234,2,1,0,1,-0.6675178280083396,1
10235,1,0,0,0,0.09566417718850195,0
10236,3,1,1,1,2.578506205211725,1
10237,1,0,1,0,0.9112732434984391,0
10238,1,0,0,0,0.22708705000342327,1
10239,2,1,1,1,0.6224504383040456,1
10240,1,1,1,0,0.9262565758629189,0
10241,3,1,1,0,2.06737224593205,1
10242,2,1,0,1,-inf,0
10243,1,1,1,1,-0.20614184429471533,0
10244,2,1,1,1,1.4250678830444072,0
10245,2,0,0,0,0.6794814376398401,0
10246,2,0,1,1,0.4419958930846677,1
10247,1,0,1,0,0.6017666266076366,1
10248,2,1,0,0,0.1520911327879867,1
10249,3,1,0,0,1.9105284841787138,0
10250,2,1,1,0,2.4291282484973635,1
10251,3,1,0,0,-0.18004028373670344,1
10252,2,1,0,0,0.29968686320482557,0
10253,1,1,0,1,-1.2224361583797732,1
10254,1,1,1,1,-0.434194429637112,0
10255,1,1,1,0,-0.46154415602514015,0
10256,3,1,0,1,0.16670903970063689,1
10257,2,0,1,0,2.1403159770007387,1
10258,1,1,0,1,-0.5969288028970782,0
10259,1,1,1,1,-0.757675608845163,0
10260,3,0,1,0,1.065723703390362,0
10261,2,0,0,1,0.6787405465084366,1
10262,1,1,1,0,0.25474502341393096,0
10263,3,1,1,1,2.3671221177733037,1
10264,3,0,0,0,1.4159663821177453,1
10265,3,0,0,0,1.4810272869746979,1
10266,1,1,0,0,-1.1498756056289514,0
10267,2,1,0,0,0.09790742704799708,1
10268,2,1,0,0,1.3084649579036782,0
10269,2,1,0,1,0.12986610661771764,0
10270,2,1,0,1,0.2546275457696137,0
10271,2,0,0,1,1.1884632025751247,1
10272,1,0,1,0,-inf,1
10273,1,0,0,1,-1.1527333266941473,1
10274,3,1,1,0,2.8616473000884017,0
10275,1,0,1,1,1.5099011156908952,1
10276,2,1,1,1,-inf,1
10277,3,0,1,0,2.89057878389257,1
10278,2,0,1,0,1.3122988615925888,1
10279,2,1,1,0,1.4973702010846663,1
10280,1,1,1,0,-0.7369890728096804,1
10281,3,0,0,1,-0.10461457128662555,1
10282,2,1,0,0,0.5223073664408362,0
10283,2,1,1,1,0.23781036277264445,1
10284,2,0,0,0,0.22850944209919932,1
10285,3,0,0,0,0.19506072439728894,0
10286,3,1,0,0,1.140394245800286,0
10287,2,1,0,1,-0.406513033726806,0
10288,3,0,0,0,1.8930118608185174,1
10289,3,1,1,1,0.5419363399516977,1
10290,2,1,0,0,0.904869345204661,1
10291,2,0,1,0,-inf,0
10292,2,0,1,1,1.9656074713461642,1
10293,3,0,0,1,-inf,1
10294,2,0,1,1,1.016645427274904,1
10295,3,1,0,0,1.395652381852271,0
10296,1,0,0,0,-0.9605813597014479,0
10297,3,0,0,1,1.7074240690334175,0
10298,3,1,1,0,1.43261558616329,1
10299,2,1,0,1,-0.6831525268463432,0
10300,1,1,1,1,-0.22942955558481976,0
10301,3,1,0,0,-inf,0
10302,3,1,1,0,0.891321616417023,1
10303,1,1,1,1,-0.077485959592059,1
10304,2,0,0,1,0.395074944270084,1
10305,2,0,1,1,0.6549782495664235,0
10306,2,1,0,0,-1.3957074765083846,0
10307,2,0,1,1,1.3064578349582157,0
10308,2,1,1,1,1.7532631714496056,1
10309,3,0,0,0,0.3409164111611832,1
10310,2,1,0,0,-inf,0
10311,2,1,0,1,0.3401324367756471,0
10312,3,1,1,1,2.83349302539417,1
10313,2,1,0,1,1.5452893669448604,1
10314,1,1,1,0,0.05947511029384894,0
10315,1,0,1,0,1.1340900778257557,1
10316,2,0,1,1,1.049360246085329,0
10317,1,1,0,0,-0.22578787861398641,0
10318,2,1,1,0,1.8139960034624703,1
10319,2,0,0,0,-0.5525539099511922,0
10320,1,1,1,1,1.170129779270157,0
10321,2,1,0,1,0.9357419796301902,0
10322,2,1,1,0,0.8852549800621026,1
10323,1,1,1,0,0.6096697432968501,0
10324,2,1,1,0,2.5290365505423824,1
10325,3,1,1,1,1.163651009646288,0
10326,2,1,0,0,0.330367367585733,0
10327,3,1,0,1,-0.8902670526505172,0
10328,2,1,0,0,-0.06260568596281751,0
10329,2,0,0,0,1.0268246042548783,0
10330,1,0,0,0,-0.547712711021078,1
10331,1,1,0,0,-1.0960785777949942,1
10332,1,0,0,1,-inf,0
10333,3,1,0,0,0.044513741278525254,1
10334,2,1,0,1,0.08607537641336241,0
10335,3,0,0,0,0.9105316373867388,0
10336,1,1,0,0,-0.9489924137834418,1
10337,3,1,0,0,-0.24007330434215857,1
10338,1,0,0,1,-1.0753225094621337,1
10339,1,1,1,0,-0.9582200695414114,0
10340,2,1,0,1,0.3645389195838636,0
10341,3,0,0,1,0.6982743348058814,1
10342,1,1,1,1,0.42155133117552995,0
10343,2,1,1,0,-inf,0
10344,2,0,0,0,-0.6237569972666923,0
10345,2,0,0,0,0.3123600296575953,1
10346,1,0,0,0,0.6351782165708059,0
10347,2,1,1,0,1.0633527494212214,0
10348,2,1,0,1,0.8827532963068028,0
10349,3,0,0,0,-inf,1
10350,1,0,1,0,0.2098284913945605,1
10351,3,1,0,1,0.9025588347875841,1
10352,1,0,1,1,-inf,1
10353,1,1,0,1,-inf,1
10354,2,1,0,1,0.844347076173199,1
10355,3,1,1,0,0.7738627571448279,0
10356,2,1,0,0,0.6976485616166523,1
10357,3,0,0,0,-0.4171159140914038,0
10358,2,1,1,1,1.9546407186449641,1
10359,3,1,0,0,0.16265557475464953,0
10360,3,0,0,0,0.43398855817763005,0
10361,3,1,0,1,1.2518881004041964,0
10362,2,0,1,0,1.6409777377679267,1
10363,1,0,1,0,0.985034071856275,1
10364,3,1,0,0,0.9913414142618172,0
10365,2,0,1,1,0.059768451577981496,1
10366,2,1,1,1,0.4898127661393539,0
10367,3,0,0,0,-inf,0
10368,1,0,0,1,-0.7770379007884345,1
10369,3,1,1,1,2.137730046800529,0
10370,3,0,1,1,1.3951416271351404,0
10371,1,0,0,0,-0.55682805209665,1
10372,1,1,1,0,0.08858752792315183,0
10373,2,1,1,0,1.1399849646048894,1
10374,2,1,0,0,0.6733190020973958,0
10375,2,0,0,0,0.3742280903618137,1
10376,2,1,0,0,0.02301719218582421,0
10377,3,1,1,0,-inf,1
10378,2,1,0,1,1.6409909346587173,0
10379,3,1,1,0,1.5240010290760826,1
10380,3,1,0,0,1.2550155888034664,0
10381,2,1,1,0,1.0986638359243093,1
10382,2,0,0,1,0.7655793101572115,1
10383,3,1,0,0,0.19025735865319704,0
10384,3,1,1,1,2.279947776105639,0
10385,1,1,1,0,0.9084601562545853,0
10386,3,0,1,1,-inf,0
10387,1,1,0,0,-0.10741498055129622,1
10388,2,0,0,1,0.33898350595839455,0
10389,2,0,0,1,0.41103343504667117,1
10390,2,1,0,0,1.2325213903742904,0
10391,1,0,1,1,0.35069188287199665,1
10392,3,1,0,0,0.7683324410342786,0
10393,2,0,0,1,-0.320571565735436,1
10394,2,1,0,1,-0.3006846348174474,0
10395,2,0,1,0,0.9873565825242402,1
10396,1,0,1,1,0.6725939415587151,0
10397,1,0,1,1,-inf,1
10398,3,1,0,0,-1.4403987832431835,0
10399,3,1,1,0,1.891146894047787,1
10400,3,1,1,0,0.2755871675325674,1
10401,2,0,0,0,0.27265166657040957,0
10402,3,0,0,0,0.8217010913708515,0
10403,3,1,0,1,1.7175540125351347,1
10404,3,0,1,0,2.799460278624134,1
10405,3,1,1,0,-inf,0
10406,2,0,0,0,1.0909859426839803,1
10407,2,0,0,1,0.46784345350837797,1
10408,3,1,0,1,1.3215690685062396,0
10409,1,1,0,1,0.3264957449244254,1
10410,1,1,0,0,-0.5109839825597369,0
10411,3,0,0,0,0.23213232442928589,0
10412,2,1,1,0,-1.8212829740869205,1
10413,2,1,1,1,1.950143473176243,0
10414,3,1,0,1,1.0265515917361296,1
10415,3,0,0,0,0.24399916139428957,0
10416,2,0,0,1,0.3002360593124044,1
10417,2,1,0,1,0.8741883034757232,1
10418,3,0,1,0,1.5279109290947552,1
10419,1,1,1,1,-0.05693682382911819,0
10420,2,1,1,0,1.1132726677233777,0
10421,3,1,0,0,0.29047768678347774,0
10422,2,1,1,1,0.4083533549973123,1
10423,2,0,0,1,2.290536112817657,0
10424,3,1,0,1,0.9349887632474985,1
10425,2,0,0,1,0.1608289283022113,0
10426,2,1,1,0,-inf,0
10427,3,1,1,1,0.7939956951307876,1
10428,1,1,0,1,-0.40358534454566114,1
10429,1,1,0,1,0.6986949663612341,1
10430,3,0,0,1,1.0312623220425088,1
10431,3,0,1,0,2.012418382450099,1
10432,1,0,1,0,-0.03982175461529691,0
10433,2,1,0,1,-0.07786201079858379,0
10434,2,1,0,1,-0.10275254970596104,1
10435,2,0,0,0,-0.18865282002435735,0
10436,1,1,0,1,-0.6506869922678473,1
10437,1,1,0,1,0.9335491264758569,1
10438,2,1,0,0,1.3457344761582066,0
10439,1,1,0,0,0.627199820093618,0
10440,1,0,1,0,0.4381104593818492,1
10441,1,0,1,0,1.1104357520535435,1
10442,1,0,0,1,-1.0876251147730303,1
10443,2,0,0,1,1.7751074462485348,1
10444,3,1,0,1,0.43373401080116314,0
10445,2,0,0,1,0.08865844232702536,1
10446,1,1,0,0,0.31511126999864697,0
10447,3,1,1,1,1.9534289918301213,1
10448,3,1,0,0,1.3763446863039768,0
10449,1,0,0,0,0.6564631279406687,1
10450,1,0,0,1,-0.18558483392994535,0
10451,2,1,0,1,-0.18695588215968134,0
10452,2,0,1,0,0.34113772836098355,0
10453,1,1,1,1,1.71611494954977,1
10454,1,1,1,1,1.5753169842124368,1
10455,3,1,1,1,-inf,1
10456,3,0,0,0,3.1306593620856744,0
10457,3,0,1,0,0.3561584047355928,1
10458,1,0,0,0,0.5628898245713962,0
10459,1,0,0,1,-inf,0
10460,2,1,1,1,0.4871572441590907,1
10461,2,1,1,0,1.6676266060220308,1
10462,2,0,0,0,1.1075379908080358,0
10463,3,0,1,0,1.6488356002158886,1
10464,3,1,1,0,-inf,1
10465,2,0,1,0,1.2114819829754178,1
10466,2,1,1,1,1.8008390055108774,0
10467,2,0,0,0,-0.13863012834443422,1
10468,2,0,1,0,-inf,1
10469,3,0,1,1,-inf,0
10470,2,1,1,1,1.6054610253287722,1
10471,3,1,0,0,1.4202558987611256,0
10472,1,0,0,0,-0.47495036100949795,1
10473,2,0,1,0,-inf,0
10474,3,0,1,1,1.396717763194815,1
10475,1,0,1,1,1.2797933573117897,1
10476,2,0,0,1,0.6083710438552817,1
10477,3,1,1,0,1.1143582068679048,0
10478,2,0,1,0,1.0750000223808043,1
10479,1,1,0,0,-0.14223779348381588,0
10480,2,1,0,0,-1.1252558078496622,0
10481,1,1,1,0,-0.09668472142439005,0
10482,1,0,0,1,0.7702267424119632,1
10483,3,0,1,1,0.426776909059819,1
10484,1,0,1,0,0.9223976749322538,1
10485,1,1,1,1,0.8888623166417444,0
10486,2,1,1,0,-0.24196903189394536,0
10487,3,0,0,0,0.24884320082476896,0
10488,3,0,0,1,0.06801075167648829,0
10489,3,1,0,1,-0.21657222400393739,1
10490,1,1,0,0,-0.6378181967695967,0
10491,3,0,0,1,-0.3832925589298559,0
10492,2,1,0,1,0.5550934186668132,0
10493,3,0,1,1,1.9333777244461055,1
10494,3,0,0,0,1.3468585329407938,1
10495,3,0,0,0,0.5542362383657462,0
10496,1,0,0,0,-1.012145843060531,0
10497,1,0,1,1,0.7845412130258791,1
10498,2,1,0,0,-0.041844639300065656,0
10499,2,0,1,1,1.2405653951649953,0
10500,3,1,0,1,-0.14680624175760693,1
10501,2,1,0,0,-inf,1
10502,1,0,0,1,-0.7037045396268391,1
10503,1,1,0,0,-1.0319581508716733,1
10504,1,0,0,1,-inf,1
10505,3,0,0,1,0.8191897145659489,1
10506,2,0,1,0,1.2649024671382474,0
10507,1,0,1,1,0.5587662902566348,1
10508,2,1,0,0,-0.004535018651709188,1
10509,1,0,1,0,1.260915415002847,0
10510,2,1,0,1,-inf,0
10511,1,0,1,0,1.3831512499388428,1
10512,2,0,0,1,0.5858077052425423,0
10513,2,1,1,1,0.7396050122450044,1
10514,3,0,0,1,1.16282350907391,0
10515,2,1,0,1,-inf,1
10516,3,0,1,0,1.850119734667679,1
10517,1,0,1,1,0.4182884836192911,1
10518,3,0,1,0,-inf,0
10519,3,1,0,0,0.899698381721277,0
10520,2,1,0,0,0.007315011587141873,1
10521,3,1,0,0,2.628934850149467,0
10522,3,0,1,0,1.6950097059805431,1
10523,2,0,0,1,-inf,1
10524,1,0,0,0,0.21460613373748533,1
10525,3,0,0,0,2.0540497300378617,0
10526,1,1,0,0,-0.7660479163403735,1
10527,3,1,1,0,1.6514946894783011,1
10528,2,1,1,1,-inf,0
10529,3,1,1,0,1.5696901363763491,0
10530,2,1,1,1,0.5284230295883614,0
10531,2,0,1,1,1.3807257704573377,0
10532,2,1,0,1,0.23397971318581343,0
10533,3,1,1,0,1.84602825635342,1
10534,3,0,0,1,-1.147229931984071,0
10535,2,0,0,0,0.5445689709730311,0
10536,1,0,0,0,-0.07572993730269097,1
10537,2,0,1,0,1.8255054741462517,1
10538,1,1,0,0,-0.5585646861929827,1
10539,2,0,1,1,0.6917314060073528,1
10540,1,0,0,0,-0.20898905874207782,1
10541,2,1,0,0,-0.6630269538665299,0
10542,3,0,1,1,0.48423308922706565,0
10543,2,1,0,0,-0.05272219913051207,0
10544,2,0,0,1,0.9012932203784416,1
10545,2,0,0,0,0.7107122699856884,0
10546,2,0,1,0,0.6610920342447033,0
10547,3,0,0,0,2.637429748733445,1
10548,2,0,1,1,1.5367975888501446,0
10549,1,0,0,1,0.9421027246865427,1
10550,1,1,1,1,0.8785983161287718,0
10551,2,0,1,0,1.230209963780423,1
10552,3,1,1,0,-inf,1
10553,2,1,0,1,-0.24350465828646534,1
10554,2,1,1,0,-inf,1
10555,1,1,0,0,-0.40784227047575244,0
10556,2,1,0,1,-1.2023585844215103,1
10557,1,1,0,1,-0.35947927535361485,0
10558,1,1,0,0,-1.0309271303436804,1
10559,1,0,1,1,0.0808447952727197,0
10560,1,1,1,0,-inf,0
10561,2,0,0,1,0.26372145514827977,1
10562,3,0,1,0,1.544996307446745,1
10563,2,1,0,1,0.30668783772998753,0
10564,2,0,1,1,1.7974412499050594,1
10565,2,1,0,1,-inf,0
10566,1,1,0,0,-0.9447747238506954,1
10567,1,1,0,0,-1.2775979458882272,0
10568,1,0,1,1,1.7881297292894378,0
10569,3,0,0,1,-0.7992680913193133,1
10570,1,0,1,0,1.1882345788852553,1
10571,3,1,1,0,1.7224129558065957,1
10572,2,0,1,1,1.4582439894770294,1
10573,2,0,1,0,1.3520563085879518,0
10574,3,0,0,1,0.9496113511063677,1
10575,2,1,0,1,-0.5629106384580345,0
10576,3,1,0,0,1.758049092355979,0
10577,3,1,0,0,-0.1278610795737054,0
10578,1,1,1,0,-inf,0
10579,1,0,0,1,0.15513732714972361,1
10580,2,1,0,1,0.6177475200839242,0
10581,3,0,0,1,-0.9019282367164676,0
10582,3,1,1,1,1.2562401857339311,1
10583,2,0,1,0,1.6886739634787618,1
10584,1,1,1,1,-0.688070585582716,0
10585,1,1,1,1,0.702413522111244,1
10586,2,1,0,1,0.7369199838236249,0
10587,3,0,0,1,2.181821917272565,1
10588,2,0,1,1,0.32602169931572245,1
10589,3,0,0,1,1.3515827021119744,1
10590,2,0,0,0,0.29870870295734087,1
10591,1,1,1,1,1.3217273136381549,0
10592,2,0,1,1,1.8375999624451462,1
10593,3,1,1,0,2.1752938521762797,0
10594,3,0,1,0,1.402739158622462,0
10595,3,0,0,1,1.9511821732606134,1
10596,3,0,0,0,1.2415516658386083,0
10597,2,0,0,0,-1.0418237830559574,1
10598,1,0,0,0,-inf,0
10599,1,0,1,0,1.227943084816388,1
10600,3,1,1,0,2.1143590699520933,0
10601,2,0,1,1,1.4148965848925699,1
10602,3,0,0,0,0.6735836535232171,0
10603,3,0,1,1,1.7262739613221019,1
10604,1,1,0,1,-0.19495292822585641,0
10605,1,1,0,0,0.10572428503892589,1
10606,2,0,1,0,1.069390489239253,1
10607,2,1,1,1,-inf,1
10608,1,1,1,1,-0.07492627285452841,0
10609,2,0,1,0,1.9073264371793615,0
10610,3,1,0,1,0.7534201495597542,0
10611,2,0,0,0,-0.4646925743408241,0
10612,2,1,1,0,-0.03566697913943728,1
10613,1,1,1,1,0.714272612915641,0
10614,1,1,1,0,-0.22721831192686154,0
10615,3,0,1,0,1.1605220875316618,1
10616,2,0,1,1,1.3055832500296896,0
10617,2,1,0,0,-0.7236887062973159,1
10618,2,1,1,0,1.3588843998544684,0
10619,2,0,1,0,1.6752931515766347,1
10620,1,0,1,0,-inf,1
10621,1,1,0,1,-0.6460156745063412,0
10622,1,0,1,0,0.4745463192287387,1
10623,2,0,1,1,1.1677841486431615,1
10624,2,0,0,0,0.5386697142244817,0
10625,1,0,1,0,0.8091426320133177,1
10626,3,0,0,0,0.9687039477656259,1
10627,1,1,0,0,-0.37600769232250525,0
10628,2,1,0,1,0.12462802970950737,1
10629,1,1,1,1,1.4926861569190604,1
10630,3,1,0,1,0.692209112213541,0
10631,1,0,1,0,1.3689670384591408,1
10632,2,0,1,1,1.5531355657673616,1
10633,2,0,1,1,1.0198667250371658,0
10634,2,0,1,0,-inf,0
10635,1,0,1,0,0.5283710934243941,1
10636,1,0,1,0,1.2231211758659444,1
10637,3,1,1,0,1.3024362004297552,1
10638,2,1,0,0,0.21971340338423398,0
10639,3,1,0,1,0.3524001469326536,0
10640,2,0,1,1,0.5425418904983187,1
10641,2,0,0,1,1.010397458527839,1
10642,1,1,1,0,-0.03312139924141,0
10643,2,0,1,1,1.8965335390435376,0
10644,2,1,0,0,0.5097465886219417,0
10645,2,0,1,1,1.7066032474556143,1
10646,3,1,0,1,1.3145899082940145,1
10647,3,0,1,1,3.7697867890907735,0
10648,2,1,0,0,-inf,0
10649,2,1,1,1,-inf,0
10650,2,1,0,0,-0.4484400917725809,0
10651,3,0,0,1,2.0835058802274444,0
10652,2,0,0,0,-0.2675708445799039,1
10653,2,0,1,0,0.37099303067720146,1
10654,2,0,0,0,-0.5469167390468823,0
10655,2,0,0,1,1.9669289469780762,0
10656,3,0,1,0,2.9908934860833156,1
10657,1,0,1,0,1.297267724603125,1
10658,1,1,0,1,0.7519184624940063,0
10659,1,1,1,0,-0.27817860727133475,0
10660,2,0,1,0,1.9749224421231308,1
10661,1,1,0,1,0.5457377315563507,0
10662,2,1,1,1,1.7324916387731437,1
10663,2,0,1,0,2.2178413993495973,1
10664,2,1,1,0,1.1462252635444692,0
10665,2,0,1,1,1.93084745544608,1
10666,3,1,0,1,0.5199201278436829,1
10667,2,1,1,1,1.5322854812828584,1
10668,2,0,0,1,-0.2017812679281903,0
10669,3,1,0,0,0.587614127005423,0
10670,1,1,0,1,0.3542344944978854,1
10671,2,0,1,1,0.7046483520192871,1
10672,3,0,1,1,2.219188534543071,1
10673,1,0,1,1,1.2508037745455878,1
10674,2,1,1,0,1.6471109493655538,1
10675,2,0,0,1,-0.23141633229288683,1
10676,2,1,1,1,4.084447465765752,0
10677,2,1,1,0,1.2592167758628872,0
10678,2,1,0,0,-inf,0
10679,3,0,0,1,1.0109998584438225,1
10680,2,0,0,0,-0.48640303471633684,0
10681,3,0,0,1,1.1267738745347955,0
10682,3,1,0,0,0.383971276391554,0
10683,3,1,1,1,0.9670609245777335,0
10684,1,1,1,1,1.1655124250980995,0
10685,2,1,1,0,2.0493981039615825,1
10686,2,1,1,1,1.7329048070496127,1
10687,1,1,0,0,-0.40258607983416106,1
10688,2,1,0,0,0.00034608063563901226,0
10689,3,0,1,1,1.99765940488479,0
10690,2,1,0,0,1.505122117301328,0
10691,3,1,0,0,1.506905399810353,0
10692,1,0,0,0,-0.5006592945371588,0
10693,2,1,0,0,0.18021239776853012,0
10694,2,0,1,0,1.4484038852976393,0
10695,3,1,0,1,-0.2784208989696575,1
10696,1,1,1,1,1.1005060541161948,0
10697,3,1,1,1,0.3815434308290071,0
10698,3,0,1,1,1.5477352480108242,1
10699,3,0,0,0,0.7693318557860165,0
10700,1,0,1,0,0.8702238059487527,1
10701,1,0,1,0,0.14943491067022907,0
10702,3,0,0,1,0.8658645025767816,1
10703,2,1,1,1,-0.5355772654052209,1
10704,2,1,0,1,-0.6173188017406965,1
10705,3,1,1,1,2.477438270195002,1
10706,1,1,0,0,1.0807713469867577,0
10707,3,0,0,1,0.7030126241899686,0
10708,2,1,1,1,0.781566417814745,1
10709,2,1,0,0,0.6536664221516282,0
10710,3,1,0,0,0.9194009457321481,0
10711,2,0,0,0,0.2913841565414462,0
10712,2,1,0,1,-0.43919898822106557,0
10713,1,1,1,0,2.115328489354227,0
10714,2,0,0,1,0.5311327928424616,1
10715,2,0,1,0,1.7130562667222295,1
10716,2,1,1,1,0.4949854105968181,1
10717,1,1,1,0,-inf,0
10718,2,0,1,0,0.8742007332396324,1
10719,1,0,0,0,-0.5352426221894789,0
10720,3,0,0,0,0.9005045794709371,1
10721,1,0,1,0,1.1307563229274202,0
10722,1,1,0,1,0.17535881470813525,0
10723,1,1,0,1,-0.810058984493639,1
10724,3,1,0,0,1.048229581783505,0
10725,3,1,1,1,0.6209215554459733,1
10726,2,1,1,0,-0.03313276375805119,0
10727,3,1,0,0,0.256894911188576,0
10728,3,0,1,0,0.8169465588761358,1
10729,3,0,0,1,2.0641181040271612,1
10730,3,0,0,1,1.7849365812994964,1
10731,1,0,1,1,0.9785983464200521,1
10732,2,1,1,1,1.8040140876547635,1
10733,2,1,0,0,0.7404229333220849,0
10734,1,1,1,0,-1.2718740738292107,0
10735,1,1,1,0,0.43739134258258766,0
10736,2,1,0,0,0.611595041118978,0
10737,3,0,0,1,0.36849391095495965,1
10738,1,1,1,0,0.6943978048923738,1
10739,2,0,1,0,1.2935441156074503,1
10740,3,1,0,0,0.1265873581204915,0
10741,3,0,0,1,2.6033662907020094,0
10742,3,0,0,0,1.2261870522518126,0
10743,1,1,1,1,0.6113814564341438,0
10744,2,1,1,0,0.5203042192281535,1
10745,1,1,1,0,0.8358890543024018,0
10746,3,0,0,1,1.4759059954762344,1
10747,2,1,0,1,0.31464237463692235,0
10748,2,0,1,1,1.068124070719759,1
10749,2,1,1,1,0.4640478009422204,1
10750,3,1,0,1,-inf,0
10751,1,0,0,0,-0.2878491032249173,0
10752,1,1,1,1,-0.6626962311685498,0
10753,2,0,1,1,0.7741421789877675,0
10754,3,1,0,0,0.2728196345281867,0
10755,2,0,0,0,1.2419522506378837,0
10756,2,0,0,0,-inf,0
10757,3,1,0,0,0.7511935107053649,0
10758,2,1,0,0,0.14170585769015506,0
10759,2,0,0,0,0.7224850767717854,0
10760,3,1,1,1,1.5577731109469946,0
10761,3,0,0,0,1.285455781884932,0
10762,2,1,0,1,-0.38733172915465336,0
10763,3,1,1,1,1.9667567740889156,1
10764,2,0,1,1,1.9901408165015906,1
10765,2,1,1,0,0.1385113822654932,1
10766,3,1,0,0,-0.30038019561879614,1
10767,2,0,1,1,1.0161023502639541,1
10768,1,0,1,0,-inf,1
10769,3,1,0,1,0.5486440544589186,1
10770,1,0,0,0,-0.08067155456052563,0
10771,2,0,0,0,1.7739461864432626,0
10772,3,0,1,0,1.5333948399716522,1
10773,1,1,1,1,-inf,0
10774,2,1,1,1,1.204998156563219,1
10775,2,1,1,1,1.165644110721617,1
10776,2,0,1,1,1.3666562234192514,1
10777,3,0,0,0,2.2187213303759474,0
10778,2,1,1,0,1.6220771924963606,0
10779,1,0,1,0,0.42221533045387905,0
10780,2,0,0,0,0.260700753475894,1
10781,2,1,0,1,-0.07784420390281938,0
10782,3,0,1,0,2.255829096156465,1
10783,1,0,0,0,0.6608182849042649,0
10784,3,0,0,1,-0.4644593610620287,1
10785,1,1,0,1,0.6080743239211395,1
10786,1,0,1,0,-inf,1
10787,3,1,1,1,1.2256107070248947,0
10788,3,1,0,0,0.9241676505843183,0
10789,1,1,1,1,-0.25883950792442084,0
10790,1,0,0,0,-0.28503646123993853,0
10791,3,0,0,0,-inf,1
10792,1,1,1,0,1.0276183153643468,0
10793,3,1,1,0,1.9778284482731043,0
10794,2,0,1,0,1.1227522139400374,1
10795,3,0,1,0,1.7912782285258004,0
10796,3,0,1,1,2.061947945720587,1
10797,1,1,1,0,-inf,0
10798,2,1,1,0,1.0213557705063934,1
10799,2,0,0,0,0.5659833885547816,0
10800,1,1,0,1,-1.8158882636888913,0
10801,3,1,0,1,1.5479298840976377,0
10802,2,1,0,0,-0.24846965363832713,0
10803,2,1,1,0,1.2699742301368206,0
10804,2,1,1,0,-inf,1
10805,3,0,0,1,-0.08612267654881345,1
10806,2,0,1,1,0.5389319969267633,1
10807,1,1,0,0,-inf,0
10808,2,1,1,0,0.21862692651532634,0
10809,2,0,1,1,1.0380800801681764,1
10810,1,0,0,0,-0.11905479300159727,1
10811,2,0,0,1,0.49272823967614016,0
10812,1,0,1,1,1.1279060242877665,1
10813,1,0,1,0,0.3046838018747835,1
10814,1,1,1,1,-0.4775660172592962,1
10815,2,1,0,1,0.11593182220360285,0
10816,1,1,1,0,-0.05135280033936418,0
10817,1,1,1,0,-0.2695284426108588,0
10818,1,0,0,0,-0.5681409191216349,1
10819,2,0,1,0,1.2518297005291472,0
10820,3,1,0,0,-0.2650248107656572,1
10821,3,1,1,1,2.390084126976711,1
10822,1,1,1,1,0.6332205741901072,0
10823,3,1,1,0,2.1914087681872796,1
10824,1,1,0,1,0.9254719868010111,1
10825,2,0,1,0,1.9884777299659395,0
10826,1,0,1,1,0.7023086514542041,1
10827,3,1,0,1,0.24135112948182358,0
10828,2,0,0,0,0.6194204441946535,0
10829,2,1,0,0,0.6886815361698703,0
10830,3,1,0,1,0.6165958506773409,0
10831,2,1,1,1,0.47852341914222796,1
10832,3,1,0,1,1.9099328883717115,1
10833,3,1,0,0,1.5067042148622305,0
10834,1,1,0,1,-0.9758789907451857,1
10835,3,1,0,0,1.1305386143406746,0
10836,1,0,1,1,1.0354715537812071,0
10837,3,0,1,1,2.40969079147943,0
10838,1,0,0,0,1.5133548639394028,0
10839,2,0,1,0,0.6950732832633368,1
10840,2,1,0,1,-inf,0
10841,3,0,0,1,0.33344974363992375,0
10842,2,0,0,1,0.2061175290123206,1
10843,2,1,1,0,1.2698784574962696,1
10844,2,1,1,0,0.6215417183009588,0
10845,2,1,1,1,1.5429070054493765,1
10846,2,0,0,0,-0.7141172754859193,1
10847,3,0,1,1,4.310003017531526,1
10848,2,1,0,0,0.4493228289461781,0
10849,1,0,0,1,-inf,1
10850,3,0,0,0,1.8342065617453993,1
10851,2,1,0,1,-0.23403787282370814,1
10852,1,1,0,0,-inf,0
10853,1,0,1,1,-inf,1
10854,2,0,0,0,0.6902889291885246,1
10855,1,0,1,1,1.405638448411536,1
10856,1,1,1,0,0.9590286279301572,0
10857,2,1,1,0,-0.6794147602658824,1
10858,2,0,0,0,0.04197444677963463,1
10859,2,1,1,0,2.0525135933615957,1
10860,2,0,1,0,1.895734157623678,1
10861,2,1,0,1,-0.7504691933306622,0
10862,2,1,0,1,0.2082763752004226,1
10863,1,1,0,0,-0.6687086910054414,0
10864,2,1,1,1,1.2670913892044182,1
10865,3,1,1,1,2.5825119024872243,1
10866,3,0,1,0,1.3905635163643835,1
10867,2,1,1,0,1.415549216865924,0
10868,3,0,0,0,1.8742972840263916,0
10869,2,1,0,0,-0.7720421655533918,0
10870,1,0,1,0,0.5587170547035698,1
10871,2,1,1,1,0.9459105271180908,1
10872,1,1,1,0,0.9766331495705325,0
10873,2,0,0,0,0.5147157756947307,0
10874,2,1,0,1,0.4016729488021403,1
10875,1,1,1,0,0.6637969576693434,0
10876,2,0,0,1,1.5681176132513397,1
10877,1,1,1,1,0.9068638296079714,0
10878,2,0,1,1,1.776669718982769,1
10879,1,1,1,1,0.48236046425909074,0
10880,3,0,0,0,0.9877737090587291,0
10881,1,0,1,0,0.015132917399513834,0
10882,2,1,1,0,0.005584081537536312,1
10883,1,1,0,0,-1.3643353654969124,0
10884,2,1,1,1,-inf,1
10885,2,1,1,1,0.586445897768838,1
10886,2,1,0,0,-0.24530029759784988,0
10887,2,0,0,1,0.010049945482329348,1
10888,3,0,0,1,0.27225805958813654,1
10889,2,1,0,1,0.648463568515462,0
10890,3,1,1,0,2.229551820379577,1
10891,2,1,0,1,0.13531688848736134,0
10892,1,1,0,0,-0.13215858177021222,0
10893,2,1,0,1,1.0628301163592189,0
10894,1,1,1,1,0.513904684931667,0
10895,2,1,0,1,0.7038274183535247,0
10896,1,0,1,0,0.39810935494375205,1
10897,2,0,1,0,1.4789682544900904,0
10898,2,1,1,1,1.4751573345897746,1
10899,3,1,1,1,1.9086552245929154,1
10900,1,1,1,0,-0.34422429342890876,0
10901,2,0,0,0,-inf,1
10902,1,0,1,1,0.9785640083090014,0
10903,2,0,1,1,1.4440231907543095,1
10904,2,0,0,1,0.8202959617756538,1
10905,2,0,0,0,-inf,1
10906,2,0,0,1,-0.3252178404503837,1
10907,3,1,0,1,-0.17054486135608193,0
10908,1,0,1,1,0.8465415511476263,0
10909,1,1,1,0,1.1247704174050117,0
10910,3,0,1,1,3.315739431921564,1
10911,2,0,1,1,2.429972115138404,1
10912,2,0,0,1,1.3920835752175933,1
10913,1,1,1,1,1.0655543772071414,0
10914,3,0,0,1,1.6103372821054356,0
10915,2,1,0,1,-0.04717547388394849,0
10916,2,0,0,0,0.9529696882595613,0
10917,2,1,0,1,0.15925128661363244,1
10918,1,1,1,1,-0.1041039770687257,1
10919,2,1,1,0,0.5310305404348079,1
10920,1,1,0,1,-0.983889652652576,1
10921,2,0,0,0,0.8823987337255434,1
10922,2,0,0,0,0.511033414839587,1
10923,1,1,1,1,0.3421596230660154,0
10924,1,1,1,1,2.057803886084797,1
10925,3,1,0,1,1.6729051473091405,0
10926,1,1,0,0,-1.2767077053680047,0
10927,1,0,0,1,-0.20579037022654179,1
10928,1,0,0,1,-inf,0
10929,1,1,1,0,1.2836873090314205,0
10930,1,1,1,1,0.09884532573311089,0
10931,2,1,0,0,-0.36036129885054985,0
10932,2,0,1,1,2.422586122530256,1
10933,1,0,1,0,0.016355831709677915,1
10934,2,1,0,0,-inf,0
10935,1,0,0,1,1.132896976659464,0
10936,1,0,1,1,0.0029338422846173495,1
10937,1,0,1,1,-0.18670632635982676,1
10938,2,0,1,1,3.0456091849439306,1
10939,3,1,1,1,1.5951797902837905,1
10940,2,0,1,1,2.179470610915743,1
10941,2,0,1,1,1.9326763410512928,0
10942,1,0,1,0,0.8770286330447981,1
10943,1,1,1,1,-0.03610445102554194,0
10944,3,0,0,1,2.266611867830316,1
10945,3,0,0,1,0.6192498893505897,1
10946,2,0,1,0,2.0763975858172814,0
10947,1,1,0,1,-1.0051224385769824,1
10948,1,1,1,1,1.2723530619575436,0
10949,2,0,0,1,0.766479116109472,0
10950,2,1,0,1,0.4846749636163722,1
10951,2,1,0,0,0.18531703369743036,0
10952,1,0,1,0,-0.10080061807319651,0
10953,3,1,1,0,2.356278183736684,1
10954,2,0,1,0,1.6459469920372813,1
10955,3,1,1,0,-inf,1
10956,1,1,0,1,-0.7732090327854166,0
10957,2,1,1,0,1.9669862829482807,0
10958,3,1,0,0,0.3155953234322282,0
10959,3,1,0,0,-inf,1
10960,2,1,1,1,0.6637328756827514,1
10961,3,0,0,1,1.3800834987518575,0
10962,3,0,0,1,1.9710753223673962,0
10963,1,0,1,1,1.212828355476924,0
10964,2,1,0,0,1.1326649005988485,0
10965,3,1,0,1,-0.37943214602001385,1
10966,1,1,1,1,0.2824559223003553,0
10967,1,1,1,1,-0.6721931683785538,0
10968,2,0,0,0,1.4047086469377705,1
10969,3,1,0,0,0.5887983701414351,1
10970,1,0,1,1,1.1226525959332778,1
10971,1,1,1,0,0.723668615033839,1
10972,3,0,0,1,1.1234692875499666,1
10973,2,1,0,0,0.40597668932619563,0
10974,1,0,1,0,-inf,0
10975,3,0,0,0,0.9815164884462839,0
10976,2,1,0,0,-inf,1
10977,3,1,0,0,-0.17651279164524125,0
10978,2,1,0,0,-inf,0
10979,2,0,1,1,2.286326673814182,0
10980,2,1,0,1,0.4861301014407484,0
10981,2,0,0,0,-inf,1
10982,3,1,0,1,0.5518266066069423,1
10983,1,1,1,0,0.1762823179123109,1
10984,1,1,1,1,0.6332625351086925,0
10985,2,0,0,1,-0.2925690643611649,1
10986,3,0,1,1,2.036001714115487,1
10987,3,1,0,1,1.1962647348468394,1
10988,2,1,1,1,1.085307843845143,1
10989,2,1,0,0,0.576642037509624,1
10990,2,1,0,1,0.9681185522793443,0
10991,2,1,1,0,-inf,0
10992,1,0,1,1,-0.09745421742071503,1
10993,2,0,0,0,0.5039690678009988,1
10994,2,1,1,0,1.0020078357688689,1
10995,2,0,1,1,2.3922359856947066,0
10996,1,0,1,1,0.8262406244735616,1
10997,3,1,1,1,-inf,0
10998,3,0,0,0,2.050798608006076,0
10999,2,1,0,1,-0.44119319818543407,1
11000,2,1,0,1,-inf,0
11001,1,1,1,1,0.4139709018782256,0
11002,2,1,1,1,2.2205155507651004,1
11003,1,1,1,1,-inf,0
11004,2,0,0,1,1.184959205205654,1
11005,1,1,0,0,-1.311933780898965,0
11006,1,1,0,0,0.39324230973309543,1
11007,3,0,1,0,2.1373900122338996,0
11008,2,1,0,0,0.8306162211968808,0
11009,3,0,1,1,2.7494179349640055,0
11010,1,0,1,0,1.4065713884339226,0
11011,1,0,1,1,1.1491477204169755,1
11012,3,1,0,1,0.4769460920324055,1
11013,2,1,0,1,-0.10089544972699882,0
11014,3,1,0,0,1.3881162362845125,0
11015,2,0,0,1,0.26999256850282627,1
11016,2,0,0,0,1.0322067181362615,1
11017,1,0,0,0,1.0223622355710256,1
11018,2,1,0,1,-0.3765183006527925,0
11019,2,1,0,0,-inf,1
11020,3,0,1,1,2.1232296866028477,1
11021,2,0,0,1,1.606440874394518,1
11022,2,0,1,0,1.117136242145052,0
11023,3,1,0,1,0.5046338391649746,0
11024,2,0,0,1,-inf,1
11025,3,1,0,1,0.12130184798595334,1
11026,2,1,0,0,-0.004325734654969993,0
11027,2,0,0,1,0.9124593344832174,1
11028,2,0,1,1,2.030151166107625,1
11029,2,1,0,1,-0.3985338776844099,0
11030,2,1,0,0,0.6717300325491662,0
11031,1,0,1,0,0.8425426147358315,0
11032,1,1,0,0,-inf,0
11033,3,1,1,0,2.800815214196297,1
11034,2,0,1,1,2.1508842614570787,1
11035,2,0,0,1,0.3944326020164408,1
11036,1,0,1,1,1.3957966233840389,1
11037,1,0,1,0,1.3348044036394007,1
11038,2,1,0,0,0.5850719632548873,0
11039,2,0,0,0,0.5446476324249148,0
11040,2,1,1,1,0.8888096122154912,1
11041,1,1,0,0,-inf,0
11042,2,0,0,1,0.7015980997375124,1
11043,2,0,0,1,0.5432374956924129,1
11044,2,1,0,1,0.35657449269623553,1
11045,1,0,0,1,-0.8170780855871298,1
11046,1,1,1,1,0.7971547703483813,0
11047,2,0,0,1,-0.24360105531710918,1
11048,2,1,0,1,0.268406743460726,0
11049,2,0,0,1,0.3297888638879545,1
11050,2,0,1,0,1.327239194240227,0
11051,2,0,0,0,0.6974524899052575,1
11052,3,1,1,0,1.5225973246564577,1
11053,3,1,0,1,-inf,1
11054,1,0,1,1,-inf,0
11055,3,1,0,0,-inf,1
11056,3,1,0,1,1.0966322652639904,1
11057,2,0,1,1,1.5206644178640287,1
11058,2,0,1,1,2.405548094983402,1
11059,2,1,0,0,-0.12185157706083238,0
11060,2,1,1,0,0.7348138114651459,1
11061,1,0,1,0,-0.188656299034216,1
11062,3,0,0,0,1.6851869975839335,1
11063,1,0,0,0,0.26180457052082706,0
11064,2,0,0,0,-inf,0
11065,3,1,0,0,1.6102143275681235,1
11066,1,1,1,0,0.44196123703491524,0
11067,3,0,0,0,1.3264988882054638,1
11068,3,0,1,1,2.2081801565399255,1
11069,2,1,1,0,1.0441703929140915,1
11070,3,0,1,0,1.06970420093658,0
11071,1,0,1,0,0.08546677351877008,0
11072,2,1,0,0,0.19751561172896337,0
11073,3,0,1,0,1.6493666853286495,0
11074,2,1,1,0,-0.13004654349870437,1
11075,2,0,1,0,-0.15356822708053186,1
11076,1,1,0,0,-0.4737777197006612,1
11077,2,0,0,1,-0.6806036757885625,0
11078,2,1,0,0,-inf,0
11079,2,0,0,0,0.7216003480655834,1
11080,2,1,0,1,-0.3170862840379189,1
11081,1,0,0,0,-0.14860944310629967,0
11082,1,0,1,0,0.941904912778822,1
11083,1,1,1,1,-0.04477261798006976,0
11084,2,1,1,1,0.895283292695343,1
11085,2,0,0,1,0.1473679408739501,1
11086,3,1,0,1,1.1918785569283497,0
11087,2,0,0,1,0.681087970971255,1
11088,3,1,0,1,0.6756175471170178,1
11089,2,0,1,0,2.562388165408824,0
11090,3,0,0,1,0.8948499622579391,0
11091,2,1,1,1,1.7079072310387922,1
11092,2,0,0,1,0.2651790317357447,1
11093,2,1,0,1,-inf,1
11094,2,1,1,0,-0.19770986495700127,1
11095,1,0,1,0,-inf,1
11096,2,0,1,0,1.4363420455331184,0
11097,3,0,0,0,0.8555618189437427,0
11098,3,1,0,0,1.8639974302778675,1
11099,1,0,0,0,-inf,0
11100,2,0,0,1,-0.5254217661053042,1
11101,3,1,1,0,-inf,1
11102,1,1,1,0,0.18801403016780782,0
11103,2,1,0,1,0.18074580199883855,0
11104,3,1,0,0,-inf,1
11105,3,0,1,0,1.506022418172709,1
11106,1,0,1,1,-0.046139606337006644,1
11107,2,1,1,1,0.9448772796576654,0
11108,2,1,0,0,0.4934159025354783,0
11109,1,0,0,1,0.24599841099851139,0
11110,3,0,0,1,1.2668398120558806,1
11111,1,1,0,1,-0.354817016327653,1
11112,2,0,0,0,0.7354096491455117,1
11113,2,0,1,1,-inf,1
11114,2,1,1,0,1.26045781980008,1
11115,2,0,1,0,2.176607777664888,0
11116,2,1,0,1,-0.06620846312498085,0
11117,3,0,1,1,1.1568760550280297,0
11118,1,1,1,1,0.43483305942045675,0
11119,2,0,1,0,0.8992467458493353,0
11120,3,1,1,0,1.99940998288899,0
11121,2,1,0,1,-0.3153511742866381,0
11122,3,0,1,0,1.2124623314144762,1
11123,2,0,1,1,1.1720349414754352,1
11124,3,1,0,0,0.5799830819955386,0
11125,1,1,1,0,1.6766590563924895,0
11126,2,0,0,0,-0.6675592750428581,1
11127,2,1,0,1,-inf,1
11128,2,0,1,0,2.27395891733604,0
11129,2,1,0,1,1.5838409832049936,1
11130,3,0,0,1,0.9098743183233644,1
11131,3,1,1,0,1.521595432500065,1
11132,2,0,0,1,0.6313429613555306,1
11133,3,0,0,0,0.930546577740704,0
11134,1,1,0,0,1.2892038509827553,1
11135,3,0,1,1,-inf,1
11136,1,0,0,1,0.6121173408920926,1
11137,2,1,0,0,0.42225704887276416,1
11138,3,1,1,1,1.909122483775516,1
11139,1,1,1,1,0.8646219925875978,0
11140,3,1,0,0,1.7277540479367828,1
11141,2,1,0,1,0.7973511056203457,1
11142,2,1,0,1,-0.2857278108689619,1
11143,3,0,0,1,1.7729759073783464,1
11144,1,0,0,1,-0.31123270173469875,1
11145,1,1,0,1,-0.18151647274568777,1
11146,3,0,0,0,2.4666564997329936,1
11147,1,1,1,1,-1.1096577244208565,0
11148,1,1,0,0,-0.022074413360668677,0
11149,1,0,1,1,-0.42586629202691484,1
11150,3,0,1,0,1.6117686148369352,0
11151,1,0,0,0,-0.22206867393712504,1
11152,2,1,0,0,0.4009748114694158,1
11153,3,1,0,1,0.8774250100560882,1
11154,3,0,1,0,2.4538910742971956,0
11155,1,0,0,0,-0.21525238972786875,0
11156,1,0,1,0,0.07751827553005619,1
11157,2,1,0,0,-0.2905833395298772,0
11158,3,0,0,1,1.083564007892727,0
11159,2,1,1,0,-inf,1
11160,2,0,0,0,-0.3596308852130714,1
11161,3,1,1,0,-inf,1
11162,3,1,1,1,-inf,1
11163,1,0,1,0,-0.02763560133824161,1
11164,2,1,0,0,0.837229011546166,0
11165,1,0,0,0,-0.006989160380230439,0
11166,2,1,1,0,1.2496978375965457,1
11167,2,1,0,0,-0.3261679706089969,0
11168,2,0,0,0,0.9563442496230169,1
11169,1,1,0,0,0.4201951093257476,0
11170,1,0,1,1,0.9221696981491552,1
11171,2,0,1,1,1.7980375664474364,0
11172,3,1,0,0,0.8465264815013467,0
11173,3,1,1,1,1.258260196181515,1
11174,1,1,0,0,-0.7678406039891101,0
11175,1,1,1,1,0.05635756620514798,0
11176,2,0,1,1,1.8869919346664232,0
11177,1,1,0,0,-1.1460849018583044,1
11178,2,0,1,1,1.5167854531852967,0
11179,2,0,1,1,-inf,1
11180,2,0,1,0,-0.14636195405032182,0
11181,2,1,1,0,-inf,0
11182,2,0,1,0,2.3525236396592035,0
11183,2,1,1,1,1.757568444122561,1
11184,3,1,0,1,2.163752107927398,0
11185,2,1,0,1,1.8221993330722024,1
11186,2,0,1,1,1.4116362784304135,1
11187,2,0,0,1,0.5992897123114417,1
11188,3,1,0,1,1.996837445168496,0
11189,2,0,1,0,1.4881206341867173,1
11190,2,0,0,1,0.7378313199011723,0
11191,3,0,0,1,1.6875465420740594,1
11192,2,0,1,0,0.3727097957946369,0
11193,3,1,1,1,0.8212655935088761,1
11194,3,1,0,0,0.7730071351415128,0
11195,1,1,1,0,0.48426271523941644,0
11196,2,1,0,0,0.27464582704309537,0
11197,1,0,1,1,0.627031441043431,1
11198,2,0,1,1,-inf,1
11199,1,0,1,1,-0.07892678361063554,1
11200,1,1,0,0,-1.1522312499173328,1
11201,2,0,0,0,1.5900413722845776,1
11202,2,0,1,1,0.3403665826938198,1
11203,2,0,1,1,0.8823620939710888,0
11204,1,1,0,1,0.3303531948028752,1
11205,1,0,0,0,-0.8514652125401447,0
11206,2,1,0,1,-0.1459961667242599,0
11207,3,1,0,1,-inf,1
11208,3,0,0,0,0.9415432710683245,0
11209,1,1,0,0,-0.8378379650124252,0
11210,2,0,1,0,1.6341559721494716,0
11211,1,0,1,1,0.0034851989324725663,1
11212,2,0,0,0,1.427096532206857,0
11213,3,0,0,0,0.41471004658661226,1
11214,3,0,1,1,0.21437303861514456,1
11215,2,0,0,0,0.16057974502580108,1
11216,3,0,0,1,1.6115393018957815,0
11217,2,1,0,0,-inf,0
11218,1,0,1,0,0.0627177929561713,1
11219,2,1,1,1,1.2603374769314026,1
11220,2,1,0,1,-0.05855113299898368,1
11221,3,0,0,0,-inf,1
11222,2,0,0,1,0.4028475084409186,1
11223,3,1,0,0,1.0765038446866806,1
11224,3,1,1,0,2.000479296875032,0
11225,3,0,0,1,1.3778253067990196,0
11226,1,1,1,0,0.7167421441154472,0
11227,2,1,1,1,1.388716053331744,1
11228,1,0,0,1,0.3614705671481047,1
11229,2,1,1,0,2.3964965855305076,1
11230,3,1,1,1,0.4541853530123221,1
11231,1,0,0,0,0.7545538390966086,1
11232,1,0,0,0,-1.2109942031939478,1
11233,2,0,0,1,1.070508069198531,1
11234,2,0,1,0,1.5712601481203605,0
11235,1,0,0,0,-0.14030041370672686,1
11236,2,1,0,0,-inf,0
11237,2,1,1,0,1.1850785721923516,0
11238,1,0,0,0,0.26566076713936276,1
11239,3,0,1,1,2.478541255675406,1
11240,1,0,0,0,0.5989694240007404,1
11241,1,1,0,0,0.7762944578385067,0
11242,1,0,1,1,1.048353548020285,1
11243,2,0,0,0,1.580377045367141,0
11244,2,1,1,1,0.862588703986763,1
11245,3,1,0,0,0.7720228443401478,0
11246,1,1,0,0,-0.6208723730850523,1
11247,3,0,0,1,0.4473272924466045,0
11248,3,1,0,1,1.6164243234159688,1
11249,2,1,0,0,1.734725138321383,0
11250,3,1,0,0,0.22110328789802725,0
11251,3,0,0,0,0.8100867483537166,0
11252,3,1,1,0,0.4695412720868375,1
11253,3,0,1,0,2.567787973793706,1
11254,3,1,0,1,-0.3976389037850616,0
11255,2,1,1,1,0.74652108151272,1
11256,2,0,1,0,2.106502180634372,1
11257,3,0,0,1,1.5491649102128275,1
11258,3,1,0,0,0.21915498921857546,0
11259,1,1,0,0,0.39576438904436434,1
11260,3,0,0,1,1.0104800351883327,1
11261,1,1,0,1,-1.4897425157740223,1
11262,2,0,0,1,-0.567895826093127,1
11263,2,1,0,1,0.6467734325987122,0
11264,1,1,1,1,0.5696599712750756,0
11265,2,0,1,0,1.0986798674904852,1
11266,2,0,0,1,-inf,0
11267,2,1,0,1,0.27588115863432255,0
11268,2,0,0,0,1.7822402694634396,1
11269,3,1,0,1,0.5334042388555643,1
11270,2,1,0,1,-0.7259806627803127,1
11271,3,0,0,0,0.737490024464299,0
11272,3,1,0,0,0.31368644176204213,1
11273,3,1,0,0,1.165038301820642,0
11274,1,1,1,1,1.1814640452998462,0
11275,3,0,0,1,1.1280183269045119,0
11276,2,0,1,1,1.9250308248997654,1
11277,3,0,1,1,2.6049104235385494,1
11278,1,0,1,0,1.6532520046465589,0
11279,2,1,0,0,-0.42787261991303066,0
11280,1,1,0,0,-0.8885187898319433,0
11281,3,0,0,1,-inf,0
11282,1,0,0,1,0.6843918006719002,0
11283,2,1,0,0,0.5500905253598583,0
11284,2,1,1,1,0.2985870700867088,1
11285,1,1,0,0,1.19400846615551,0
11286,3,1,0,1,1.7276076960584996,0
11287,2,0,1,1,1.1489625738790703,1
11288,1,1,0,0,-0.8927661540807232,0
11289,1,0,0,1,-0.7006902352469702,1
11290,3,0,1,0,-inf,0
11291,2,0,0,0,0.3125236017329173,1
11292,1,1,1,0,-0.007822484872297253,0
11293,2,1,1,0,1.8421433950647068,1
11294,2,0,1,0,0.8711136333786771,0
11295,2,1,0,1,0.7885346067197823,0
11296,2,0,1,0,1.5733519037817891,0
11297,2,0,0,1,0.7647390022630458,1
11298,1,1,1,1,1.995420324867236,0
11299,3,1,1,1,1.202653473970236,1
11300,1,0,1,1,1.076677740514254,1
11301,1,1,1,1,-inf,0
11302,2,0,1,0,0.27767426666464456,1
11303,1,0,1,1,1.5525663423189981,0
11304,3,0,0,0,1.4941761297593374,1
11305,3,0,0,0,0.739274538885307,0
11306,3,0,0,1,0.8041076162528531,1
11307,1,1,1,1,0.09253171428522544,1
11308,2,1,1,0,1.5947860426723577,1
11309,2,0,0,0,-inf,1
11310,1,1,1,0,-0.006114271434299712,0
11311,3,1,1,0,2.7453793773667163,1
11312,3,0,1,0,1.9771982322430683,0
11313,2,0,0,1,1.2409187886222433,1
11314,2,0,1,0,1.848172028744367,0
11315,2,1,1,1,1.0790947769147397,1
11316,2,0,1,0,0.5943903402349429,0
11317,3,1,1,0,-inf,0
11318,2,1,0,0,0.517834849964516,0
11319,3,0,1,1,1.405096698203601,0
11320,1,0,1,1,0.9135900234069626,1
11321,2,1,0,1,-0.25652500662179933,0
11322,3,0,0,1,0.4684115394764107,1
11323,3,0,0,1,-inf,0
11324,2,0,1,1,0.8820891380305231,1
11325,2,0,0,0,0.5144731536731622,1
11326,1,0,1,0,-0.1553612003244612,1
11327,1,1,0,1,-0.17482536292652007,1
11328,1,1,0,1,-0.2818223040795751,0
11329,1,0,1,1,0.07576871242952699,0
11330,2,1,1,0,0.42928337462125277,0
11331,3,1,0,0,0.3049567344110631,0
11332,3,0,0,0,0.432883295914124,0
11333,1,1,0,0,-0.7044166110373555,1
11334,1,0,1,1,1.1197190785477993,1
11335,1,0,1,1,-0.5267153285734364,0
11336,2,0,1,0,0.20496972322009643,0
11337,1,1,1,1,-0.7757274276118535,0
11338,3,0,1,0,2.1937334462892695,0
11339,1,1,1,0,0.23340392529682008,0
11340,1,1,0,1,-0.286670876365553,0
11341,1,1,1,1,1.2138218740298476,0
11342,3,1,0,0,0.554103314258042,0
11343,1,0,0,0,0.02200065360456656,0
11344,1,1,1,1,-0.005916449889651065,0
11345,1,1,1,0,-inf,1
11346,1,0,1,0,0.7636064484360288,1
11347,3,1,0,1,0.49272264751895367,0
11348,3,1,0,1,1.024315420583324,1
11349,1,1,0,0,-1.148926619103467,1
11350,3,0,0,1,0.14439515352382937,1
11351,3,0,0,0,1.6172131992278382,0
11352,2,1,0,0,0.3022330502970366,0
11353,1,1,0,0,-1.7889730816432432,1
11354,2,1,0,0,-0.8460137263269867,0
11355,1,1,0,0,0.5143096707403414,1
11356,2,0,0,0,-0.12510869425872206,1
11357,1,0,1,1,0.2897797203841292,1
11358,3,0,0,1,1.6774358413036392,0
11359,2,1,0,0,-0.3965853634381407,0
11360,1,1,1,0,0.16927356089206338,0
11361,2,1,0,0,-0.20093942386220792,0
11362,2,1,1,1,2.365758288238636,1
11363,3,0,1,1,1.100839721582693,1
11364,3,1,0,1,0.21629075770768735,1
11365,2,1,1,1,0.9851089410842813,1
11366,3,1,1,1,1.476441758478266,0
11367,1,0,0,0,0.7445383506884363,0
11368,1,0,0,0,0.20537653050510807,1
11369,3,0,0,0,-0.08968427988901095,0
11370,2,0,0,0,0.9792097592855268,1
11371,2,1,1,1,0.19473916784792045,0
11372,3,1,0,0,1.1142115720494756,0
11373,3,0,1,1,1.9301478890098127,0
11374,2,1,0,0,-0.8330725913926549,1
11375,1,0,0,1,-0.3107922369159465,1
11376,1,1,1,1,-inf,0
11377,2,0,1,0,0.5846326062012134,1
11378,1,1,1,0,1.49969572917662,0
11379,2,0,1,0,1.9403602009377956,0
11380,2,1,1,0,0.507442595874064,1
11381,1,0,0,0,-0.1598635949481121,1
11382,2,1,0,0,-0.5561394949928367,0
11383,3,1,1,1,1.8256867260574487,1
11384,2,1,1,0,-0.4464698136777212,1
11385,2,1,1,0,2.183851112487117,1
11386,1,0,0,1,0.9482904149456047,0
11387,3,0,1,0,2.6026219279744236,0
11388,3,1,0,0,0.30331792220886955,0
11389,1,1,1,1,0.7461621035729503,0
11390,3,1,0,0,0.7584795351529419,1
11391,1,0,1,0,-0.29645937795619615,1
11392,3,1,0,1,1.4880456728506042,0
11393,1,0,0,0,-0.2554009141354463,0
11394,3,0,1,1,-inf,0
11395,2,0,0,0,0.9089084124741023,1
11396,2,0,0,0,0.4476301461869604,1
11397,3,1,0,0,0.39930376863042316,0
11398,3,0,1,1,2.1923599602245716,1
11399,1,1,0,1,1.2717676865271867,1
11400,3,0,1,0,1.643523008491755,1
11401,3,0,0,1,0.45199690387139,1
11402,1,0,1,1,0.40284542900452824,1
11403,2,0,0,0,0.34655918899369575,1
11404,2,0,0,0,0.7657233236755787,1
11405,2,0,1,0,0.17339066733237596,1
11406,1,1,1,1,0.6802783515112989,0
11407,1,0,1,1,0.6997075027283365,1
11408,2,1,0,0,0.7031917845001416,0
11409,1,0,0,0,-inf,0
11410,3,0,1,0,0.8838964165063248,1
11411,3,1,0,0,0.2248457620188038,0
11412,3,1,0,1,1.1865918138565104,1
11413,2,0,1,0,1.3218847742770414,1
11414,3,1,1,0,1.808777402533296,1
11415,3,1,0,1,2.0701746631085642,0
11416,3,1,0,1,1.233186080861631,0
11417,2,1,0,0,0.6653031394370854,0
11418,3,0,0,1,2.063778472957728,0
11419,1,1,1,1,-0.48810225483999076,1
11420,1,1,0,0,1.5925284084978533,1
11421,2,1,0,0,-0.08216776754351052,0
11422,3,1,0,1,1.0043003130400434,1
11423,1,1,0,0,-0.16248151065216482,1
11424,2,0,0,1,-0.28059335536460894,0
11425,2,1,1,0,2.329717294819848,1
11426,3,0,1,0,1.2627972010604265,1
11427,1,1,1,1,-inf,0
11428,1,0,1,1,-0.3088087843041588,1
11429,1,0,0,1,-0.4316732542290121,0
11430,2,0,1,0,-inf,0
11431,1,1,1,1,0.16007932803851205,0
11432,2,0,0,0,-inf,0
11433,2,1,0,1,0.11887584440529506,1
11434,1,0,0,0,-0.529365950929398,0
11435,3,1,1,0,1.361659661755756,1
11436,3,1,0,1,0.7482344956021105,0
11437,1,0,1,1,1.0915784126587351,1
11438,2,1,0,1,0.37084144040890965,1
11439,3,1,0,0,-0.3938663762041088,1
11440,3,0,0,0,0.7906538390258201,1
11441,2,0,1,1,0.24144200666044813,1
11442,2,0,1,1,2.7687167825297267,0
11443,2,1,1,1,1.2474318957404686,1
11444,3,1,1,1,-inf,1
11445,2,1,1,1,1.3189966555067996,1
11446,3,0,1,1,3.2025413434462173,0
11447,3,0,0,0,0.7124206298443769,1
11448,3,0,1,1,0.9983598859000731,1
11449,2,0,1,0,2.336302982771607,0
11450,1,0,1,1,1.7094487684249864,0
11451,1,1,0,0,-0.1314502037737133,1
11452,2,0,1,1,1.273710590200472,0
11453,3,0,0,0,1.3229972879082181,1
11454,3,0,1,1,1.1997679312611056,1
11455,3,0,1,1,2.840723357026117,0
11456,2,0,0,0,0.318081899171185,0
11457,1,0,1,1,0.5878701210025221,1
11458,1,1,1,0,2.7447152544536544,0
11459,2,1,0,0,1.1607324615337358,0
11460,2,0,1,1,0.9263791246655606,1
11461,2,0,1,1,3.1704827588819144,1
11462,1,0,0,0,0.672648538433238,0
11463,1,0,1,0,0.5111656346746297,1
11464,2,0,0,1,1.4004773960665458,1
11465,1,0,0,1,-0.6963557311848081,1
11466,2,0,1,1,1.8658277951105866,1
11467,2,0,0,0,0.2061937136202983,1
11468,2,0,0,1,1.1335642372197872,1
11469,3,1,0,0,1.387637245260561,0
11470,1,1,0,0,-0.8596262518697674,0
11471,2,0,1,1,-inf,1
11472,1,1,0,0,-0.8258064394053047,0
11473,1,1,0,0,-0.9007913039211521,1
11474,1,1,0,0,-0.4344917117152678,1
11475,3,0,1,1,1.8128586047494444,1
11476,2,1,0,1,-inf,0
11477,3,1,1,1,2.2224772436389673,1
11478,2,1,0,0,-0.4879784850651933,0
11479,3,0,0,0,0.1485896429257032,0
11480,2,0,0,1,-0.011668503691809606,1
11481,1,1,0,1,0.0017721297943321113,0
11482,1,0,1,0,0.9137727436924553,0
11483,2,0,0,1,-inf,1
11484,2,1,1,1,1.1106013750159758,1
11485,2,1,1,0,1.1319658822488379,1
11486,2,0,0,1,0.7078860752948802,1
11487,3,1,0,1,0.14292197927019645,0
11488,2,0,1,0,1.3429703523791798,0
11489,2,1,1,1,-inf,1
11490,2,1,1,1,1.9290480633300615,0
11491,2,0,0,1,-0.4026735583330808,1
11492,3,1,0,0,0.6257811719132508,0
11493,1,1,1,1,0.5962852482755298,1
11494,1,1,0,0,-1.058633413841243,1
11495,3,1,0,0,1.364591660976064,1
11496,2,0,1,1,0.6346690911557806,1
11497,1,1,0,0,-inf,1
11498,3,0,0,1,0.671819963770647,1
11499,2,1,0,0,-0.268690416822633,0
11500,2,1,0,0,0.08029983627813893,0
11501,3,0,0,1,-inf,1
11502,1,1,1,0,0.3618434417995944,0
11503,2,1,0,0,0.1326492662736975,1
11504,2,1,1,1,0.2275630686600414,1
11505,3,0,1,1,1.5571170564779924,0
11506,3,1,0,1,1.3151146480556672,1
11507,3,0,0,0,1.277258147414911,0
11508,3,1,0,1,0.969080526332543,0
11509,1,1,1,0,-0.8455330922776574,0
11510,3,0,0,0,1.3765209423175346,1
11511,2,1,0,1,0.7173655978518962,1
11512,3,1,0,1,-inf,1
11513,2,1,0,1,1.2431826704543747,0
11514,2,0,0,1,1.7666931176300202,1
11515,2,0,0,0,-0.702306427279155,0
11516,3,1,0,1,0.33172494200071573,1
11517,3,0,1,1,2.551545899639086,1
11518,3,0,0,0,1.5745361562566282,0
11519,1,1,0,1,-0.7851775779201202,0
11520,3,0,0,1,1.042253547983335,1
11521,3,1,1,0,-inf,0
11522,2,1,1,1,-0.7592272566123459,0
11523,2,0,1,1,1.7954752583442544,1
11524,2,1,1,0,1.0150644058006943,1
11525,1,1,0,0,-0.8748448609063537,1
11526,3,0,0,1,1.3684247354124561,0
11527,2,1,0,1,-0.16724519300284596,0
11528,1,0,0,0,-inf,0
11529,1,1,1,1,1.2975104353395062,0
11530,3,1,0,0,0.5616160487522025,0
11531,2,0,1,1,0.5046758394396065,0
11532,3,0,0,1,0.20966381963167835,0
11533,1,0,1,1,-0.21091448015482916,1
11534,3,0,0,1,1.1974512166630433,1
11535,2,0,0,0,-inf,0
11536,2,0,0,0,0.7786049721448147,0
11537,1,1,1,0,-0.23367883134346007,0
11538,1,1,0,0,0.19213000255114226,0
11539,3,0,0,0,1.1182456286670712,1
11540,2,1,0,0,0.35100240340533984,0
11541,2,1,0,0,-inf,0
11542,3,1,1,1,0.552004321135855,0
11543,2,1,0,1,-0.09690804066484582,1
11544,3,0,0,0,0.26659709831008094,0
11545,1,0,1,1,1.41299454013403,0
11546,3,1,1,1,1.3303579071942628,1
11547,3,0,0,1,1.2264273409559598,1
11548,3,1,0,0,1.1947006283892052,1
11549,3,0,1,1,2.3230306457751855,1
11550,1,1,1,0,-inf,1
11551,1,0,0,0,0.30515746877783,0
11552,3,1,1,0,1.8511679402933383,0
11553,3,0,0,0,1.3783833392889506,0
11554,3,1,1,1,2.0980271945257285,1
11555,2,1,0,0,0.2377175368218972,0
11556,2,1,0,0,-inf,0
11557,3,1,1,1,1.9361473685976105,1
11558,1,1,0,1,-0.156196116066779,0
11559,1,1,1,1,0.5979231501893775,0
11560,2,0,0,0,0.3746041966829054,0
11561,3,0,0,0,0.9150420159031766,1
11562,2,0,0,0,-inf,0
11563,2,0,0,0,-inf,0
11564,3,0,1,1,2.1773199365272284,1
11565,3,1,0,0,0.32507106181919054,0
11566,1,0,0,0,1.425822088443652,0
11567,2,1,0,1,1.308434975280068,0
11568,3,1,0,1,0.5717786298594472,0
11569,3,1,0,0,0.7663801700560834,1
11570,2,0,0,1,1.21208044349912,1
11571,2,0,1,1,0.816269632815811,1
11572,1,0,1,1,1.5205236689370523,1
11573,1,0,1,0,1.0507659585744538,1
11574,2,1,0,0,-inf,0
11575,3,0,0,1,-0.18729612160363507,1
11576,1,1,0,1,-0.45421606919338253,0
11577,1,0,0,1,0.4671488975832171,1
11578,1,0,1,1,1.6704983034224443,1
11579,3,1,0,0,-0.6443459026421336,1
11580,1,0,1,0,-0.7993623249007621,1
11581,2,1,0,0,-0.4074209823779595,0
11582,2,1,0,0,-0.32175794005125685,1
11583,2,1,1,0,1.9623197293300376,1
11584,1,0,0,0,0.9384041708701455,1
11585,1,0,1,0,1.384543587584945,0
11586,2,1,0,0,0.28678444191315083,0
11587,3,1,0,0,-inf,1
11588,1,1,1,0,-inf,0
11589,1,0,0,0,-0.4601356955006128,1
11590,2,0,1,1,1.0105004393999093,0
11591,1,0,0,0,-1.4189918648390871,1
11592,1,0,0,0,-0.3990276838892077,0
11593,3,0,0,0,1.9258513845481429,0
11594,3,1,1,0,-inf,1
11595,3,1,0,1,0.49778257175691354,1
11596,3,0,0,0,2.1911531400137405,0
11597,1,1,1,0,-0.17214715342368897,0
11598,3,1,0,1,-0.49422855273527655,1
11599,2,1,1,1,-0.23558758221655363,1
11600,3,0,0,0,0.8185776281735214,1
11601,3,0,0,1,0.5031411940362885,1
11602,2,1,0,0,0.04928634202950774,0
11603,2,1,0,0,0.012747416380131826,1
11604,2,1,0,0,-0.5240971411736015,0
11605,1,1,1,0,0.8747669964723777,0
11606,3,1,0,0,0.5075409046432555,1
11607,1,1,0,0,-1.6342123612675343,0
11608,1,1,0,0,-inf,1
11609,2,1,1,1,0.6080522114089415,1
11610,1,1,1,0,-0.3086553384695843,0
11611,3,1,1,1,2.7443372312041268,1
11612,3,1,0,1,0.6579971218127562,1
11613,3,1,0,1,-inf,1
11614,3,1,0,1,-0.44701152007402545,1
11615,3,0,1,1,1.6640477939299279,1
11616,3,0,0,0,1.4357180448153404,1
11617,1,1,0,0,-0.954837120530599,1
11618,3,0,0,0,0.44028747893198183,1
11619,1,1,0,1,0.4798678417273475,1
11620,1,0,0,0,-0.1665280917541097,1
11621,2,1,0,0,0.030798989623337575,0
11622,1,1,1,1,-inf,0
11623,2,1,0,0,-0.24675370079560538,0
11624,2,1,0,0,-0.08232343002009135,0
11625,1,1,1,0,0.5752480741290005,0
11626,2,1,1,0,1.6797763944624187,1
11627,2,0,0,0,1.0917107293943444,1
11628,1,1,1,0,0.6799081363543933,0
11629,2,0,0,1,-0.45310133471710556,0
11630,2,0,1,1,2.092931257978654,1
11631,3,0,0,1,-inf,1
11632,2,1,1,1,1.4419498207011823,1
11633,1,1,1,0,-0.13146556339020782,0
11634,2,1,1,0,2.0813580238199503,1
11635,2,1,1,1,-inf,1
11636,2,1,1,1,0.060841479455120306,0
11637,3,0,0,1,1.016306398519466,1
11638,2,0,1,0,1.5542180114453605,0
11639,3,1,0,0,-0.10297009825429193,0
11640,1,0,0,1,-0.5068257733827759,1
11641,1,0,0,0,-0.94187305678189,0
11642,1,0,1,0,0.40859939207581963,1
11643,2,1,1,1,0.3371233116901122,1
11644,1,0,1,0,-inf,1
11645,2,1,1,0,1.4481193544822042,1
11646,1,1,0,0,-0.04297384059915915,0
11647,3,1,0,0,-inf,0
11648,3,0,1,1,1.5422881968019333,1
11649,2,1,0,0,0.11266309398611637,0
11650,2,1,0,1,0.8649496848061049,0
11651,2,1,0,0,0.2643207325595416,0
11652,2,1,1,0,0.6365965379310213,0
11653,1,0,1,1,1.2119485934397876,1
11654,1,1,1,0,0.14410648423198252,0
11655,1,1,0,1,-1.4912628800003596,0
11656,3,1,1,1,1.1659787445290675,1
11657,3,0,1,1,1.8572610525448257,1
11658,2,1,0,1,0.3922807916208,0
11659,3,1,1,1,0.9355566737437658,0
11660,3,1,1,1,1.4049856790395887,1
11661,3,1,0,0,0.42681593306584853,0
11662,2,1,1,1,1.408266758359411,1
11663,2,1,1,1,1.2535426505056324,0
11664,2,0,0,0,0.10509502864046733,0
11665,1,0,0,0,-0.9386977412892252,0
11666,3,0,1,0,2.043908466956051,0
11667,1,0,0,1,-0.5654525358652595,1
11668,2,0,1,1,1.4569932468317954,1
11669,1,0,1,0,0.9060241440924812,1
11670,2,0,1,0,0.5865169750716501,0
11671,1,1,0,1,-1.1918054254831854,0
11672,2,1,1,0,0.8479119955445036,1
11673,2,0,1,0,0.9844167607742953,0
11674,3,1,1,1,1.685542019001873,1
11675,1,0,0,1,0.25859403892081745,0
11676,2,0,0,1,0.8830617305214623,1
11677,1,1,1,1,0.7053411473799029,0
11678,3,0,0,0,1.7545374697477387,0
11679,2,0,0,0,0.901313499411255,0
11680,1,1,1,0,0.6845859977514333,0
11681,2,0,1,0,2.0884157267083414,0
11682,2,0,0,1,-0.9738937455353955,1
11683,1,1,0,0,-1.1594204959920205,0
11684,1,1,1,1,0.7187806657889761,0
11685,3,0,1,0,2.9114028179643805,0
11686,3,0,0,0,0.6557306612042293,1
11687,1,0,1,0,-0.19831631910998593,0
11688,1,1,0,0,-1.431652215470855,0
11689,2,0,0,1,0.8811718239826942,0
11690,2,0,1,1,0.6680037994718827,1
11691,2,1,1,1,1.5750880170399653,1
11692,2,1,0,0,-0.6345063165178226,1
11693,2,0,0,0,-inf,1
11694,2,1,1,1,-0.25392156778634045,1
11695,3,0,1,0,2.0485021908434065,0
11696,2,1,0,0,0.682858083883154,0
11697,1,1,1,0,0.3116887599902729,0
11698,2,1,0,0,-0.13872722867178383,0
11699,2,1,0,1,-0.21046998039227388,0
11700,1,1,0,0,-1.01032212244408,1
11701,1,0,1,1,1.3184376880632007,1
11702,3,0,0,1,1.8486329427280355,0
11703,3,0,1,1,1.253284841857227,1
11704,1,0,1,0,0.17051458317060442,0
11705,2,1,1,0,0.6343784921900923,1
11706,1,1,0,1,-0.854691767832096,1
11707,1,0,1,1,0.812552626097544,1
11708,3,0,1,1,1.8157487754240644,1
11709,1,1,1,0,-inf,0
11710,3,1,0,0,0.8946534683640532,1
11711,1,1,0,1,-1.1905791103822996,0
11712,1,0,0,1,-inf,0
11713,2,1,0,1,-1.136999207688942,0
11714,2,1,0,0,0.355913845352155,1
11715,3,1,0,0,-inf,1
11716,2,0,1,0,-inf,1
11717,1,0,1,1,0.749076853490913,1
11718,2,1,1,0,0.4910960355109344,1
11719,2,1,0,1,1.2579714913549922,1
11720,3,0,0,1,0.32620994334521325,1
11721,3,0,0,0,1.6209639513792746,1
11722,3,0,0,1,1.079502118952636,1
11723,1,0,1,1,1.1697751773434941,1
11724,3,0,1,0,1.4996443980145964,1
11725,2,0,1,0,1.6873638653832308,1
11726,2,0,0,1,1.0486646353678488,0
11727,3,0,1,0,1.796511660599981,0
11728,1,0,0,0,-0.7185605161534908,0
11729,2,1,1,0,2.1358903935214135,0
11730,2,1,0,1,-0.478017214334108,0
11731,3,1,0,1,-inf,0
11732,2,1,1,1,1.1157167314381893,0
11733,3,1,0,0,0.5375210444668701,0
11734,1,0,0,0,-0.7144727611236436,0
11735,3,0,0,0,0.6442356982012157,1
11736,1,1,0,1,-0.08902618337409252,1
11737,1,0,0,0,-0.0695904219606571,1
11738,3,1,1,1,1.5680860318785388,1
11739,3,0,0,1,0.6674574500414203,0
11740,2,1,1,0,2.024244036319933,1
11741,3,0,1,1,2.7986507306687454,0
11742,2,1,0,1,0.1971165645054682,0
11743,2,0,1,1,0.7736300871743832,1
11744,2,0,0,0,0.9100797832700669,1
11745,1,0,1,1,0.2226680930379505,1
11746,1,0,0,0,-1.3891910627011415,0
11747,2,0,0,1,0.9152785422289313,1
11748,2,1,0,1,1.1651821300146081,0
11749,3,1,0,0,1.2816641913890243,1
11750,2,1,0,1,0.874380461988773,1
11751,1,0,0,0,-1.332960274563944,1
11752,1,0,1,0,0.2039625844272453,1
11753,1,1,1,1,0.44943803986955183,0
11754,2,0,1,0,1.6254974439165442,0
11755,1,0,1,1,-inf,1
11756,2,0,0,0,0.7455108591283901,0
11757,3,1,0,0,1.2327644014063865,0
11758,1,1,1,1,0.8098330698250364,1
11759,3,1,0,1,0.3861281822365199,1
11760,3,0,0,0,1.0921297673550614,0
11761,1,1,0,0,-1.4286805302296568,0
11762,3,0,0,0,0.6987834118186853,0
11763,3,1,0,1,0.5970642588131096,1
11764,2,0,0,1,-0.926228420995223,1
11765,3,0,0,0,-0.4809261918879173,1
11766,2,0,1,0,2.3458422420115426,0
11767,3,0,0,1,1.4732975597729032,1
11768,1,1,1,1,0.583239317609747,1
11769,1,0,1,0,0.28317995466927154,1
11770,1,1,1,1,0.3905479982291112,0
11771,3,1,0,1,1.0492775377087298,1
11772,3,0,0,0,0.7925999951372047,0
11773,2,1,0,0,0.44802927228680034,0
11774,3,1,0,0,2.0833642425871117,0
11775,1,0,0,0,-1.8975586465724161,1
11776,3,0,0,1,-inf,1
11777,3,0,1,1,1.877346380897487,1
11778,2,0,0,0,-inf,1
11779,3,1,0,0,-0.08780384555058907,1
11780,2,0,1,1,1.8745727026512953,1
11781,3,1,0,0,-inf,0
11782,2,0,1,0,-inf,0
11783,3,1,0,0,-0.850805976151396,0
11784,2,0,0,0,1.675932293727642,1
11785,3,1,0,0,0.7903041504876126,1
11786,2,1,0,1,-0.779089330324725,0
11787,1,0,0,0,-0.2542637143734895,1
11788,3,1,0,0,1.0082991990159742,1
11789,3,1,1,0,0.24995680381873497,0
11790,2,0,0,1,1.2119043132691445,1
11791,2,0,0,1,1.2426002561050407,0
11792,2,1,0,0,0.8513373729641114,0
11793,2,0,0,0,0.4780233722773295,1
11794,2,1,1,0,0.2549358309567852,0
11795,1,0,0,1,-0.6716715680125934,0
11796,3,1,1,0,-inf,1
11797,2,0,1,0,2.0187058564327978,1
11798,2,0,0,0,1.0068094465739503,1
11799,2,1,0,0,0.38553246529424257,0
11800,1,1,1,0,-0.2149066869592095,0
11801,1,1,0,0,0.6686417712668182,1
11802,2,0,1,1,2.4446677539775514,1
11803,2,1,1,0,2.92124720246281,1
11804,1,0,1,0,0.5868336135609296,1
11805,1,1,0,0,0.2881116860151522,1
11806,1,0,1,0,0.039333550049804766,1
11807,1,0,0,0,0.36146748227024716,0
11808,2,0,0,0,0.5290299984208453,1
11809,3,1,1,0,1.8527197579042403,1
11810,1,1,0,1,0.5172976076286042,0
11811,1,1,1,0,-0.264896612505446,0
11812,2,0,1,1,2.095664589204816,0
11813,3,0,0,0,0.7251838055385722,0
11814,2,0,0,0,-inf,1
11815,3,0,0,1,2.638215985641171,1
11816,3,0,0,0,0.8545759692243329,0
11817,3,0,0,0,0.3077392685127589,0
11818,1,0,1,0,0.9157424970279037,1
11819,2,1,1,1,-inf,0
11820,2,0,0,0,0.582050108152905,1
11821,3,1,1,0,1.3334808140721994,0
11822,1,1,1,1,-0.9093552239558853,0
11823,2,0,1,0,1.433652248349849,1
11824,1,0,1,1,-inf,1
11825,3,1,0,1,2.091539528933574,1
11826,3,1,0,1,0.5036834040001132,1
11827,3,1,0,1,0.6667495131666987,0
11828,1,0,1,1,-0.6715804498417949,1
11829,2,1,1,1,0.4607808672758945,1
11830,2,0,0,0,0.06558016346054252,1
11831,1,0,1,0,1.0261010202614869,1
11832,3,0,0,0,-0.15907358857697362,1
11833,3,0,1,1,1.3828489973535603,1
11834,3,1,0,0,0.5388295130403988,1
11835,2,1,1,1,2.448900175634747,1
11836,3,1,0,1,-0.02399950837838083,1
11837,2,1,1,0,0.7670451226426471,1
11838,2,0,0,0,0.7479227623265451,0
11839,3,1,0,1,0.9397790511887419,1
11840,1,1,0,1,-0.1492641482892189,1
11841,3,1,0,1,0.49650841749479313,0
11842,2,1,1,0,0.784303510444573,1
11843,2,1,1,1,1.4464218179294255,1
11844,1,0,1,1,-0.8369592833601,1
11845,2,1,1,1,1.3687117049510957,1
11846,3,0,0,0,0.838310882711886,0
11847,1,0,1,0,0.6350790992210352,0
11848,3,1,1,0,1.1290600227079015,0
11849,1,0,1,1,1.2097551269724693,1
11850,2,1,0,0,1.1185542155965602,0
11851,1,0,0,0,-0.39077842796843276,1
11852,1,1,1,1,0.7571790878853302,0
11853,3,0,0,0,1.4551370894561895,0
11854,2,0,0,0,-inf,1
11855,1,0,1,0,1.5037788541960249,1
11856,3,0,1,0,2.2241724016048425,0
11857,2,0,0,0,-1.3293505259301135,1
11858,2,0,1,0,1.7592737707214832,1
11859,1,1,0,1,0.5905097063645119,1
11860,2,1,1,0,0.9073895791534276,0
11861,2,1,0,0,-0.9228005673808191,0
11862,2,0,0,1,0.94959812613962,1
11863,3,0,0,1,0.6220714276851789,1
11864,1,0,0,1,0.04193092119074468,0
11865,2,1,1,1,0.37161726106842974,1
11866,3,0,1,1,2.4276274635309836,1
11867,2,1,1,1,-inf,0
11868,1,0,0,0,-0.6738000277028187,0
11869,3,1,0,0,0.03404828263224957,1
11870,3,1,0,0,0.12306944678951304,0
11871,3,0,0,1,0.4142324142193431,1
11872,2,1,1,0,1.453672800435382,0
11873,2,1,0,0,-1.2502956103759129,1
11874,1,1,1,1,1.0244512581059029,1
11875,3,1,1,0,1.7676419596009578,1
11876,2,0,0,0,-0.5422360693900377,0
11877,3,0,0,0,1.240523407337702,1
11878,1,0,1,1,1.1610911931468006,1
11879,2,1,0,1,-0.1811821425840091,0
11880,1,1,0,1,-0.9033924559889712,0
11881,1,1,0,1,0.6025811350900738,1
11882,3,1,1,0,1.014498725447324,1
11883,2,0,0,0,0.3746199991645184,0
11884,2,0,0,1,-0.8682146263146684,1
11885,3,0,0,0,1.580085013072019,0
11886,1,0,1,0,-0.8276779327159641,1
11887,1,1,1,1,0.1804414528839788,1
11888,2,0,0,0,1.253625617886394,1
11889,3,0,0,1,-0.3338766496598544,1
11890,2,1,1,0,1.9352254937509366,0
11891,2,1,1,1,1.1353478894977749,1
11892,1,0,1,1,0.3986435954183018,1
11893,3,0,1,1,2.065719198041414,0
11894,1,1,1,1,1.2559619009066934,0
11895,1,0,0,0,0.10977659804296325,0
11896,3,1,1,1,-inf,1
11897,2,1,1,1,0.8946260939018567,0
11898,2,1,1,0,-inf,1
11899,1,1,0,1,0.24538061193506783,0
11900,2,1,1,0,1.1770122269123293,1
11901,3,1,0,0,-inf,0
11902,2,1,0,0,0.5918032067824724,1
11903,2,1,0,0,0.7329086517378165,0
11904,1,0,0,1,0.2902613854591181,1
11905,3,1,0,0,1.6679881055617312,1
11906,1,1,1,0,-0.3623068310918212,0
11907,2,1,1,1,0.32221194258640906,1
11908,2,1,1,1,-inf,1
11909,1,1,0,0,-0.5655176225043734,0
11910,2,0,1,1,1.7858402191910931,1
11911,2,0,0,1,0.9161122316761926,1
11912,3,1,0,0,-inf,0
11913,1,0,1,0,-0.25206241618770797,1
11914,2,0,1,0,1.3884288757933776,0
11915,2,1,0,0,-0.3276839489778633,0
11916,2,0,0,0,0.5634466047988844,1
11917,1,1,0,0,-0.6366383863962146,0
11918,2,0,1,0,2.0804087432782374,1
11919,3,1,1,0,2.4894775470424104,1
11920,2,0,0,0,0.25068701639991275,1
11921,3,1,0,0,1.473220361890241,0
11922,2,1,1,0,1.2864353675026403,0
11923,1,1,1,0,1.1883138286250912,0
11924,3,1,0,1,-0.44922626015096423,1
11925,1,0,1,0,2.785475408749854,1
11926,3,1,1,0,0.27590465516173857,1
11927,1,0,1,0,1.2827000506724688,1
11928,2,0,1,1,0.5901151110453966,0
11929,1,0,1,1,1.1027816895973588,1
11930,2,1,0,0,-0.06122519901060014,1
11931,1,0,1,0,0.435747131853938,1
11932,3,1,0,0,0.5895848076897884,1
11933,1,0,0,0,-1.289854933032819,0
11934,1,0,0,1,-1.304488534824515,1
11935,2,0,0,0,0.8482739033611075,0
11936,3,1,1,0,-inf,0
11937,2,0,0,0,-0.4611699689723,0
11938,3,0,0,0,1.1510490304813883,0
11939,3,1,0,0,1.474793965085514,1
11940,2,0,0,0,0.25976256424873934,0
11941,2,1,0,0,-1.4562311780108461,1
11942,1,0,0,0,-inf,0
11943,1,0,1,0,0.9370875261707685,0
11944,2,1,1,0,1.3237195819125727,0
11945,2,1,0,0,1.968278104023028,0
11946,2,1,0,0,1.1514735354458132,0
11947,3,0,0,1,1.1747371682671846,1
11948,3,1,0,0,1.7350441307948428,1
11949,1,1,0,0,-0.35254282694827793,0
11950,2,0,1,0,1.9508279382638116,0
11951,1,0,0,0,-0.7053788954212965,1
11952,1,0,0,0,0.9858347489052101,1
11953,3,0,0,0,0.40711847563884995,0
11954,1,0,0,1,0.31457445224453695,1
11955,2,1,0,0,0.3973876720107109,1
11956,2,0,1,0,0.7355932625755007,1
11957,3,0,1,0,2.637364482554341,0
11958,2,1,0,1,-inf,1
11959,3,0,1,0,0.6961986921425349,0
11960,2,1,0,0,-inf,0
11961,2,1,0,1,-0.47551269672454993,0
11962,2,0,1,0,0.7352560787660066,0
11963,2,1,1,0,2.3666201911593454,1
11964,1,0,0,0,-1.112775863500751,1
11965,3,1,1,1,0.660863075923731,1
11966,3,0,0,0,1.428424560819951,1
11967,2,1,1,0,0.8408879493001971,1
11968,2,1,0,1,-inf,0
11969,2,1,1,0,0.9025072389319352,1
11970,2,0,1,0,1.0569459665345,0
11971,3,0,1,0,2.4650826635575034,1
11972,1,1,1,0,-inf,0
11973,2,0,0,1,0.4589924723291072,1
11974,3,1,0,0,1.2073693686005973,0
11975,3,0,1,1,1.3316932465402886,0
11976,3,1,0,1,-0.15272664581557194,1
11977,3,0,0,1,1.481882379267323,0
11978,2,1,0,0,0.2656000939610385,0
11979,1,1,0,1,-0.6754238779492636,1
11980,1,1,0,1,-0.20701976259318144,1
11981,1,0,0,0,-0.2921466221872527,0
11982,1,0,0,0,-1.2727186621363868,0
11983,2,1,0,1,0.9051438770019118,1
11984,3,0,1,0,1.7638919085032363,1
11985,2,0,1,0,1.2401188161856318,0
11986,3,0,0,1,0.23051925701727594,0
11987,2,1,1,0,0.5753634573842847,1
11988,2,1,0,1,0.4274257258565707,0
11989,2,0,0,1,-0.268962632290913,1
11990,3,0,1,1,1.4659191869817807,1
11991,2,0,0,0,0.8657564004476173,1
11992,3,1,0,1,0.8883126035600218,1
11993,1,0,1,1,-0.9127618766795403,1
11994,2,1,0,1,1.5633805125288247,0
11995,2,0,0,0,1.1718576397318188,1
11996,3,1,1,0,1.786441874571854,1
11997,3,1,0,1,0.7787335640997308,1
11998,2,1,1,1,1.3454300730980562,1
11999,1,1,0,1,0.26371743632661243,0
12000,1,1,0,1,-inf,1
12001,2,0,1,1,0.8641691047851807,1
12002,2,0,1,1,1.0647717165243997,1
12003,2,0,1,0,1.1039463867723707,1
12004,2,0,0,0,0.2733991350327672,0
12005,2,0,0,1,0.6867586901274971,1
12006,3,0,0,0,-0.5431214093851848,0
12007,1,1,0,1,-1.1835303541129705,1
12008,3,1,1,1,-inf,0
12009,3,1,0,1,1.7987414820157417,0
12010,1,1,0,1,-0.12607073826442067,0
12011,1,1,1,0,1.1744482861241996,0
12012,2,1,0,1,-0.04608608496702052,1
12013,2,1,0,1,0.4850299592233389,1
12014,3,1,0,1,1.4034460352335565,1
12015,3,0,0,1,-inf,1
12016,2,0,0,0,0.464642463906831,1
12017,2,1,0,0,0.6281696060660592,0
12018,2,1,0,1,-0.21743869493399398,1
12019,3,1,1,0,0.7054532515803346,1
12020,1,1,1,0,-inf,0
12021,2,1,1,1,-0.5789779238356794,0
12022,2,1,1,0,0.9958080995492278,0
12023,3,0,1,0,0.9859108120834305,1
12024,2,0,0,1,0.1730260706152586,1
12025,2,0,0,0,0.867792270814541,1
12026,2,1,1,0,0.4194407840321993,1
12027,3,0,1,0,0.6822775069636127,1
12028,1,0,1,0,1.8107528896646765,0
12029,1,1,1,1,1.3471654759812297,0
12030,3,0,0,0,0.563770751815087,0
12031,2,1,0,0,0.9081122274026407,0
12032,2,1,0,0,-inf,1
12033,3,0,0,0,1.5660337117610696,1
12034,1,1,1,1,-inf,1
12035,1,1,1,1,0.10256448988985956,0
12036,2,0,0,0,-0.07202206712434656,0
12037,1,0,1,1,1.5939056663611448,1
12038,2,1,1,0,-inf,1
12039,3,1,1,0,1.0311177068662292,0
12040,2,0,0,1,0.3526315309543512,1
12041,2,1,1,1,1.74456577030937,1
12042,2,0,1,0,0.24461766566635101,1
12043,2,0,1,0,0.6379789432122157,0
12044,2,0,0,1,0.6445436104848791,1
12045,2,0,1,1,1.1809104540261681,1
12046,1,0,0,1,0.8790357211705337,1
12047,2,0,0,0,0.7973303527438107,0
12048,2,1,1,1,0.7048660196948731,1
12049,1,1,0,1,0.2499446260230655,0
12050,1,0,1,0,0.4001799457164367,1
12051,2,0,1,0,1.6477827909452276,1
12052,2,0,0,1,0.21339090725502569,1
12053,1,1,0,0,-inf,1
12054,2,0,0,0,0.17396311630789618,0
12055,3,1,0,1,1.0963550691616035,0
12056,2,1,1,1,1.8416652090830015,1
12057,2,0,0,1,1.0007950998413373,1
12058,3,1,0,1,0.3094747600812401,0
12059,2,0,0,0,0.6200901998452046,1
12060,2,0,0,0,1.0185930527027733,1
12061,3,1,0,0,1.8378409493978414,0
12062,1,1,0,1,-0.4685946344497197,0
12063,1,1,1,0,-0.301152619413424,0
12064,2,1,0,1,0.15238925143327614,1
12065,2,0,1,1,0.9945273650990065,0
12066,3,1,0,1,0.8867995305992278,1
12067,2,1,0,1,0.7824886584094795,0
12068,2,0,1,1,-inf,1
12069,1,0,0,0,0.27306498949951585,1
12070,1,1,1,0,-0.715338452721163,0
12071,1,0,1,1,0.43135058303325663,1
12072,1,1,0,0,-1.375621727118735,1
12073,2,0,0,0,-0.529268533911841,0
12074,3,0,0,1,-inf,1
12075,1,0,0,0,0.07685720179425001,0
12076,3,0,0,0,-inf,0
12077,2,0,0,0,-0.37640414614637663,1
12078,3,0,0,1,-inf,0
12079,3,0,0,1,0.5253429814473742,0
12080,3,1,1,0,1.7108948244792899,0
12081,3,1,1,0,1.3934347910104339,0
12082,3,1,0,0,0.9710241738058436,0
12083,3,1,1,1,0.7090978508481053,1
12084,1,0,1,1,-0.5064138404872659,0
12085,2,1,0,1,-0.18027654633207157,1
12086,3,1,0,0,-0.22159434928156063,1
12087,1,1,0,0,-0.5809795440079234,1
12088,1,0,0,0,-0.0784295887487642,1
12089,3,1,1,0,1.4438904966685255,0
12090,1,0,1,1,-inf,1
12091,1,1,0,1,-inf,1
12092,3,0,0,0,-inf,0
12093,1,1,0,0,0.9285876238553772,0
12094,3,1,1,1,0.3834030752148403,1
12095,1,1,1,0,0.022785001816953254,0
12096,2,1,0,0,0.3544481086241358,0
12097,1,1,1,1,-0.24898361225478166,0
12098,3,1,0,0,0.4306222886209901,1
12099,1,0,0,0,0.23742703862280695,0
12100,3,1,0,1,0.4689395476824017,1
12101,2,0,0,0,0.3571997889255662,0
12102,2,0,0,0,0.6090155009297477,0
12103,3,0,0,1,0.868924486302734,1
12104,3,1,0,1,0.5353209337472011,1
12105,3,1,0,0,1.127020281499885,0
12106,2,1,1,0,-0.025174480651682263,1
12107,2,1,0,1,0.673161436255368,1
12108,2,1,1,1,1.5995093707373864,1
12109,1,0,0,1,0.7068231809213109,0
12110,1,0,0,0,0.6826589120918337,0
12111,3,0,0,0,1.0339605495365456,1
12112,1,0,1,0,1.3203299642136614,1
12113,2,1,1,0,-inf,1
12114,2,1,0,0,-inf,0
12115,2,1,0,0,-1.2404786332326156,0
12116,1,0,1,0,-inf,0
12117,1,1,1,0,0.7537335754184931,0
12118,2,0,1,0,1.529884442699737,1
12119,1,1,0,0,-1.2296737290734778,1
12120,2,0,0,0,-0.2703432314441939,1
12121,2,1,1,0,2.391666545552921,1
12122,1,0,0,1,-1.0113897427294822,0
12123,3,1,0,1,0.6082379486577016,1
12124,1,1,0,1,-0.6254307649957385,1
12125,1,1,1,0,0.3105944132867514,0
12126,1,1,1,0,0.6919093295165326,0
12127,1,1,1,1,1.438667959816521,0
12128,2,0,1,1,1.6853478609682466,1
12129,2,0,0,0,0.5729513578764238,1
12130,1,0,0,0,-0.14954626979642027,1
12131,3,0,0,0,0.5390256271247665,1
12132,1,0,1,0,0.008702985275453434,0
12133,2,0,0,1,-inf,1
12134,3,1,1,1,2.172406015979634,0
12135,1,0,0,0,-0.36934489830957207,1
12136,1,0,1,0,1.1085399546908163,1
12137,2,0,1,0,1.3313459050378695,0
12138,3,0,0,1,-inf,1
12139,2,1,0,0,-0.4775084379188394,0
12140,3,0,0,0,0.7400882786366685,1
12141,3,0,1,1,3.110865716352202,1
12142,2,0,0,0,1.7139901339066368,0
12143,2,1,0,0,0.07979620609532419,0
12144,2,0,1,1,1.8251923952643008,0
12145,1,0,0,1,0.5684902705385858,1
12146,2,1,0,1,-inf,0
12147,3,0,1,1,1.0505505687538772,0
12148,2,1,1,0,1.1182384223063495,1
12149,3,1,1,0,1.5565246053056798,1
12150,3,1,0,1,-0.15565199642883698,0
12151,1,1,0,1,-0.004557808611281466,1
12152,1,1,1,1,-inf,0
12153,1,0,1,0,0.7753123044402334,1
12154,2,1,0,0,0.9160905202968224,1
12155,3,1,1,1,1.4868892939583649,1
12156,1,1,1,1,-0.5103075001399933,0
12157,3,1,0,1,0.3359855841529843,1
12158,3,0,0,0,-0.016788558473892934,0
12159,2,0,1,0,1.8102680133535687,1
12160,3,0,0,0,1.136505363757513,0
12161,3,1,1,1,1.6457115883347204,1
12162,2,1,1,0,1.23621014787316,0
12163,2,0,1,1,1.8986740538340134,1
12164,1,0,1,1,-0.24081536327308495,1
12165,3,0,0,1,0.011381411188962742,0
12166,3,1,0,0,1.7095298103954901,1
12167,2,0,1,1,0.6697146937444862,0
12168,1,0,1,0,-inf,1
12169,1,0,0,1,0.2542757639035434,1
12170,2,1,0,0,0.5132352130457045,0
12171,2,1,1,0,1.5328292908505998,1
12172,2,0,0,1,0.06416609107666671,1
12173,3,1,1,1,2.1296590721718953,1
12174,2,1,1,0,0.6007143011663045,0
12175,2,0,0,0,-inf,1
12176,2,1,0,1,1.082843502319741,1
12177,3,1,0,0,0.7359472973594587,0
12178,3,0,1,1,1.7262965809595388,0
12179,2,0,0,1,-0.21918548568744678,0
12180,3,1,1,1,2.5602638493766072,1
12181,2,0,1,1,1.0617275677622804,1
12182,1,1,0,1,-1.069972654003646,0
12183,2,0,1,1,0.9407249675000982,1
12184,2,0,1,0,1.1722563563005077,1
12185,2,1,0,0,-0.11745850077298092,0
12186,3,1,1,1,1.6809305905909484,0
12187,3,1,1,0,-inf,0
12188,1,1,1,0,-inf,0
12189,3,0,0,1,-inf,0
12190,1,0,1,1,0.7256330636253393,1
12191,3,0,0,1,1.9982487089301715,1
12192,1,0,1,1,1.0787952353835244,0
12193,1,0,0,0,-0.5457550053785672,1
12194,2,0,0,1,-0.3537845971103091,0
12195,1,1,1,0,0.9305563798475811,0
12196,3,1,0,1,-inf,1
12197,3,1,0,1,0.7980137865757376,1
12198,1,1,0,1,-0.2871282648840092,1
12199,3,1,0,1,0.25765173336102776,0
12200,1,0,1,0,-0.25661865442833576,0
12201,2,0,0,1,1.8406164636177744,1
12202,1,0,1,1,1.9089246648153475,0
12203,2,0,0,0,1.2179125444718353,1
12204,2,0,1,1,1.7440814696918463,1
12205,3,0,0,0,1.152480887259347,1
12206,2,1,0,1,-0.8377009818071295,0
12207,3,0,0,0,0.1279493518888536,1
12208,2,0,1,1,0.9694645270996558,1
12209,3,0,0,0,1.010420608639499,1
12210,1,0,1,1,-inf,1
12211,2,0,1,0,1.5640460585927354,1
12212,1,0,1,0,1.5107323677509763,0
12213,1,0,0,1,0.1987189658564174,1
12214,3,1,0,0,1.5654143183942082,1
12215,2,0,1,1,0.9318679968344235,0
12216,3,0,1,0,2.339812060750845,1
12217,2,1,0,0,-0.11242042012941861,0
12218,2,1,0,1,-0.48988351464784535,1
12219,3,0,1,1,1.8183236285799425,0
12220,2,0,0,0,-0.23217012189638342,1
12221,2,1,0,0,0.027249855214467156,0
12222,1,1,1,1,1.2218615659231646,0
12223,1,0,1,0,0.8427772225073289,0
12224,2,0,1,0,2.322350603493896,1
12225,1,1,1,1,0.5071096136056749,0
12226,2,1,0,0,-inf,0
12227,2,0,1,1,-inf,1
12228,3,1,0,0,0.4877121415013326,1
12229,3,0,1,0,0.5410113915926076,0
12230,2,1,0,1,-0.013182194139963771,1
12231,3,0,0,1,0.8265967212195823,1
12232,3,0,0,0,1.823229417218181,1
12233,3,0,0,1,0.6465959193399998,1
12234,2,0,1,1,1.1036134282041226,1
12235,2,0,1,0,1.3075748764295734,0
12236,1,1,1,1,-0.1353023008802849,0
12237,3,0,0,0,1.2933278811419218,0
12238,3,0,1,0,1.6851486939027618,1
12239,1,0,1,0,0.6561739680818269,0
12240,3,0,1,0,1.1537525105867086,0
12241,2,0,0,1,-0.388557251450276,1
12242,2,1,0,0,-inf,1
12243,3,1,0,0,1.6998331708378451,0
12244,2,1,1,0,0.5963779302038928,1
12245,1,1,0,0,-0.09614669924784175,0
12246,2,0,1,0,1.7482984080736168,1
12247,3,0,0,1,-inf,1
12248,2,0,1,1,1.2330287834797296,1
12249,3,0,0,0,1.0256178129365323,1
12250,3,0,0,1,1.1573441614357554,1
12251,3,1,0,0,0.693279150401395,0
12252,2,0,1,1,-inf,1
12253,2,0,0,0,-0.012655209703910542,1
12254,2,1,0,1,-inf,1
12255,2,0,0,0,0.437133589212638,1
12256,2,1,1,0,1.5458282919427344,1
12257,3,1,1,1,2.188112363372044,1
12258,2,0,1,1,1.925280628243103,0
12259,3,0,0,0,0.902188204649028,1
12260,2,0,0,0,0.13907142684502805,0
12261,2,0,1,1,-inf,1
12262,2,1,1,1,-0.049443433311647356,1
12263,1,1,1,1,0.07126034461982439,0
12264,3,0,0,0,-inf,0
12265,3,1,0,1,0.4172945143991758,1
12266,3,1,0,0,0.06341712412594791,0
12267,2,1,0,0,0.7089848526542575,0
12268,1,0,1,0,0.6355449231354763,1
12269,1,0,1,0,0.9673230325801478,1
12270,1,1,1,1,0.4546046322040771,0
12271,2,0,1,0,-inf,1
12272,2,1,1,1,0.577457515067193,1
12273,2,1,0,1,0.5043645825550462,0
12274,1,1,1,0,-inf,0
12275,2,1,1,1,0.7929040202785812,1
12276,3,1,0,1,0.3932751053080641,1
12277,1,1,1,1,0.505437998649132,0
12278,3,0,0,0,1.2755152345030158,1
12279,2,0,0,1,1.5965509706277388,1
12280,3,0,1,1,1.1543894955096226,1
12281,2,0,1,0,1.8951906902933784,1
12282,2,1,0,0,-inf,0
12283,2,0,1,0,1.0325874473682064,1
12284,3,0,0,1,0.5650057996488885,1
12285,3,0,0,1,-0.29674880935738046,0
12286,3,0,0,0,1.9675043803905838,0
12287,3,1,0,1,0.07697395665321716,1
12288,1,1,0,1,-0.6109029138524242,1
12289,1,0,1,1,1.6206705377509272,1
12290,3,1,0,0,2.4005774383377827,0
12291,1,0,0,0,0.1656015276153861,0
12292,3,0,1,0,2.768346921287276,1
12293,3,1,0,1,0.4546680312846117,0
12294,2,1,0,0,0.16260982438473093,1
12295,3,1,0,1,0.799643366424619,0
12296,2,1,1,1,0.9898271365299786,1
12297,1,0,1,1,-0.31886752554728626,1
12298,3,1,0,0,-0.41790246019647714,0
12299,3,0,0,1,-inf,1
12300,2,1,1,1,1.196346606682415,1
12301,3,1,1,1,1.5761276368871677,1
12302,1,1,1,0,0.9041637353600713,0
12303,1,0,0,0,-0.012947078148461716,1
12304,2,0,0,0,0.7146429144485587,0
12305,2,1,1,1,0.27210033011194124,1
12306,2,0,0,1,0.7681990859864629,1
12307,2,0,0,0,1.3282610922106721,0
12308,3,0,0,1,1.8757519672383225,0
12309,2,0,0,0,0.5180042903135823,1
12310,2,1,0,0,-0.5280265328996239,0
12311,1,1,1,1,0.8803996772991342,0
12312,2,0,1,1,0.5954812730248509,1
12313,3,1,0,0,1.4729994435217892,0
12314,1,1,1,0,0.19214405322366274,0
12315,2,0,1,1,-inf,1
12316,3,1,0,0,2.340774479957809,0
12317,1,0,0,0,-0.06933960340222717,1
12318,2,0,1,1,1.6587243935812332,1
12319,1,1,1,1,0.47098599156782994,0
12320,2,0,1,0,-inf,0
12321,1,0,1,0,0.24613341541348932,1
12322,2,0,1,0,0.6127640162995888,0
12323,2,0,1,0,1.554951353283733,1
12324,2,1,0,0,-1.125437377850546,0
12325,3,0,0,1,1.871161920415397,1
12326,1,1,0,1,-0.3379286072015931,1
12327,1,0,1,0,1.9110812483749458,1
12328,3,0,0,1,1.959276635413957,0
12329,2,0,1,1,2.873199775928473,0
12330,3,0,1,1,2.6030819882811693,0
12331,2,0,0,0,1.0030508377125034,1
12332,1,0,0,1,-inf,1
12333,3,0,0,0,0.6910073447222098,0
12334,3,1,1,1,1.1224266112781336,1
12335,3,1,0,1,0.6974694404315738,1
12336,3,1,1,1,3.080847473017791,1
12337,1,0,1,0,1.1739224030751325,1
12338,2,0,0,1,-inf,1
12339,2,1,0,0,-0.38888721439682555,0
12340,3,0,1,0,1.7005137583585435,0
12341,2,1,0,1,0.503168205505012,1
12342,2,1,1,0,1.93589198520336,0
12343,1,1,1,0,-0.5251181748621183,0
12344,3,1,0,1,1.3186712910254823,0
12345,1,1,1,0,-0.20706253260118873,0
12346,3,0,1,1,-inf,0
12347,1,1,1,1,0.3648688806936663,0
12348,2,0,0,0,-0.6950230278287324,1
12349,2,1,1,0,0.889267914664925,0
12350,2,1,1,1,-0.47000960223969446,0
12351,3,0,0,0,1.3646238116208602,1
12352,1,1,0,1,-0.83008161486505,1
12353,2,1,1,0,1.4469630586729603,1
12354,1,0,0,1,0.8375346020068037,1
12355,1,0,1,0,-0.1615335143768587,1
12356,1,1,0,0,0.3744788823558594,0
12357,2,1,0,0,0.08826095333164038,0
12358,3,1,0,0,-inf,0
12359,2,1,0,0,0.8154440340317266,0
12360,1,1,0,0,0.6006469910828518,0
12361,3,1,0,0,1.3648990649183652,0
12362,3,0,1,0,1.053293524240921,0
12363,1,1,1,1,1.1717356173628464,0
12364,2,0,0,1,0.5720236591641823,1
12365,2,0,0,1,1.389561670128101,1
12366,3,1,0,0,1.0907438805335516,1
12367,3,0,1,1,1.7218817704334888,0
12368,3,0,0,1,1.4278848811948617,0
12369,1,0,0,0,0.5828686239188479,0
12370,3,1,0,1,-inf,0
12371,2,0,1,1,1.7092708901384968,0
12372,3,1,0,0,0.8467899425358599,1
12373,2,1,0,1,-0.11036708778268345,0
12374,1,0,1,0,0.4450078486183655,1
12375,1,0,0,0,-1.5533589919331465,0
12376,1,0,1,1,0.5437038031550814,0
12377,2,1,1,0,-inf,0
12378,3,1,0,0,-0.32314159454753355,1
12379,3,1,0,0,-inf,0
12380,3,0,0,1,1.110759438698899,1
12381,2,1,1,1,0.846227454847932,1
12382,3,0,0,1,-inf,0
12383,1,1,1,0,0.15253533885908277,0
12384,3,0,1,0,1.9398521480090671,1
12385,3,1,0,1,0.6339072457318963,1
12386,2,0,0,0,1.1275913742199772,0
12387,2,1,0,1,-0.35564837645008746,0
12388,3,1,1,1,1.6953489887470226,1
12389,3,0,0,1,0.5690637514067903,1
12390,2,0,1,0,1.977052959625354,0
12391,1,1,1,0,0.5312484568903156,1
12392,2,0,0,0,-0.37785783010249197,0
12393,2,0,1,0,1.8571565165204542,1
12394,2,0,1,0,-inf,1
12395,1,0,1,0,-0.31329307267875184,1
12396,3,1,0,0,0.336844043966398,1
12397,3,1,0,0,-0.46895424323664847,1
12398,2,1,1,1,0.948943881906649,1
12399,3,1,1,1,2.6100428034752836,1
12400,1,0,1,1,1.323600476740369,1
12401,2,1,1,0,0.6524878700604971,0
12402,1,0,1,0,0.7878194721858066,1
12403,2,0,0,1,1.0416296233475513,1
12404,2,1,1,0,1.0790675996730386,0
12405,2,0,1,1,2.7305295234352505,1
12406,2,0,1,0,1.7107104104382564,0
12407,1,0,0,1,0.8960137910786953,1
12408,3,1,0,0,0.7799068313605725,0
12409,3,1,0,1,1.3373693478170376,0
12410,2,1,0,0,-0.01150665277890281,0
12411,3,0,1,0,1.7515636427412404,0
12412,3,1,0,1,0.21383344904587775,1
12413,1,1,0,0,-1.8328350971272889,0
12414,1,0,0,1,-0.05833301139937235,0
12415,2,0,1,0,1.353826281264926,0
12416,1,0,0,0,-inf,0
12417,2,0,1,0,-inf,1
12418,2,1,0,1,-1.7792102046526994,1
12419,2,1,0,1,0.7453886278099906,1
12420,2,1,1,1,2.1315147386912674,1
12421,2,0,1,1,1.27275749117366,1
12422,2,1,0,0,1.0605608469106451,0
12423,1,1,1,0,0.3041433504754739,0
12424,3,1,1,1,1.2005798040154507,1
12425,1,0,0,0,-0.8525660307573567,1
12426,1,1,0,1,-0.9881161691623677,1
12427,3,0,0,1,-0.26243599720457933,1
12428,1,0,0,0,-1.32778712360212,0
12429,3,1,0,0,1.3584046326236998,0
12430,1,0,1,0,-inf,1
12431,3,1,1,0,1.2138476195929844,0
12432,1,1,1,1,1.7753938486507204,1
12433,2,1,1,1,1.877216450537475,1
12434,3,0,1,0,-inf,0
12435,2,1,0,1,0.012928245482108747,1
12436,1,0,0,0,0.3622299579342322,1
12437,2,1,1,0,0.19529374372000763,1
12438,2,0,1,1,1.3288522019086113,1
12439,3,0,0,0,0.42852760758398045,0
12440,2,0,0,0,1.7118290439826236,1
12441,2,0,0,1,-inf,1
12442,2,1,1,0,1.5143748704595685,0
12443,1,1,1,0,1.4621402128454293,0
12444,2,0,0,1,-0.18495958963593906,1
12445,2,0,0,0,0.3499308991003871,1
12446,2,1,0,0,-1.4109524155917443,0
12447,2,1,0,0,0.16371799094619766,1
12448,3,1,1,0,0.9011798586545733,0
12449,2,1,1,0,-0.16379531703828265,1
12450,3,1,0,0,0.6714021196693611,0
12451,3,1,0,1,0.45384943357694046,0
12452,2,1,1,0,0.8340337567624772,1
12453,2,0,1,0,2.2130767248015335,1
12454,3,0,0,1,0.8271060061000588,1
12455,3,1,0,1,-inf,1
12456,2,0,0,0,0.8440687090857837,1
12457,3,1,0,0,2.5543177740524445,0
12458,3,1,0,0,-inf,0
12459,1,0,0,0,-0.6168681003842167,0
12460,3,1,1,1,0.8465729614453463,1
12461,2,0,0,0,1.526605502051455,0
12462,3,1,1,1,1.1423159703589487,1
12463,1,1,0,0,0.31067522491432337,1
12464,1,1,1,1,0.44596524283451444,0
12465,2,0,0,0,1.0500086373836848,1
12466,2,1,0,1,1.2314210793716462,0
12467,3,0,0,1,1.0360853874650813,0
12468,1,1,1,0,0.6427744133235104,0
12469,2,0,0,1,1.2646821708539329,1
12470,3,1,1,0,0.9654797952107117,0
12471,1,0,0,0,-0.198070754292311,0
12472,1,0,0,0,0.40046095705070806,1
12473,3,0,0,1,1.7528048091107067,1
12474,2,0,0,1,1.7527468586471553,1
12475,3,1,0,1,0.3895282739480193,1
12476,2,1,0,1,-0.6161327811107933,1
12477,2,0,0,1,-0.8279114163276855,1
12478,3,1,1,1,1.1423054642467938,1
12479,2,1,1,1,0.6848718118357289,0
12480,2,1,0,0,0.7855266141124577,1
12481,1,0,1,0,-0.6768192920152124,0
12482,3,1,1,1,1.4105736087023064,1
12483,2,0,1,1,2.2067886782534334,1
12484,2,1,1,0,1.7352681057642543,1
12485,1,0,0,1,-1.0309483685912384,1
12486,3,1,0,1,0.543476548988074,0
12487,2,1,0,0,-0.8551412080413399,1
12488,1,0,0,1,0.40038686027521364,1
12489,2,0,0,0,0.14617718593906776,0
12490,1,0,1,1,1.5276803923128925,1
12491,2,1,1,0,2.142059949666635,1
12492,2,1,0,0,-inf,0
12493,2,1,1,1,-inf,0
12494,2,0,0,1,0.5167156342691225,0
12495,3,0,0,1,-inf,0
12496,1,1,0,0,-0.6516874553807501,1
12497,2,0,0,0,0.31955984797084314,1
12498,1,1,1,0,0.42429206266777525,0
12499,3,1,0,0,2.1663475099229856,0
12500,2,1,1,1,0.2627347099518774,1
12501,3,1,0,0,1.8965014104882403,0
12502,1,0,0,1,-inf,1
12503,3,1,0,0,0.3197070202420819,0
12504,2,0,1,0,1.3565857138872774,0
12505,3,1,0,1,-inf,1
12506,2,1,1,1,1.194598733030436,0
12507,2,1,0,0,0.5193570060989825,0
12508,2,0,1,0,-inf,1
12509,2,0,1,1,-inf,0
12510,1,0,1,0,-inf,1
12511,3,0,0,0,0.9207977835124656,0
12512,1,0,1,1,0.579993601720225,0
12513,3,1,1,1,1.661338948989733,1
12514,1,0,1,0,1.1407085432804913,1
12515,1,0,1,1,-inf,0
12516,1,0,1,1,1.3543943849252482,0
12517,3,0,0,1,0.6694697050837048,1
12518,3,1,0,0,1.2595255718041511,1
12519,1,1,1,0,-0.010611258363034115,0
12520,2,0,1,0,1.3466767926673215,0
12521,2,0,1,1,0.7593212967279984,1
12522,2,0,1,0,-inf,0
12523,3,1,0,1,-0.2898474923106149,1
12524,1,0,0,1,-inf,0
12525,2,0,1,1,2.0218017373070354,1
12526,3,1,0,0,1.3800300898237041,0
12527,2,0,0,0,0.6316090941098684,1
12528,3,1,0,0,0.9070020857762482,0
12529,1,1,1,0,1.0032424134885163,1
12530,3,0,0,0,1.1192751606238365,1
12531,3,0,1,0,1.0218040179415242,1
12532,1,1,0,1,0.33522672986924357,1
12533,3,0,0,0,1.1588988551840556,0
12534,3,0,1,0,2.44388092227633,0
12535,3,1,1,0,1.4301618182966314,1
12536,3,0,1,0,1.7181523361964586,1
12537,1,0,0,0,-0.9296922847477764,0
12538,3,0,0,1,1.7621455909419157,0
12539,1,1,0,1,-1.0200493895197609,0
12540,2,0,0,1,0.779199337261471,0
12541,2,0,0,1,-inf,1
12542,1,0,1,1,1.1480845638633805,0
12543,3,1,1,1,1.1081202016570453,0
12544,2,0,0,1,0.8350614469117597,1
12545,1,1,0,1,-0.09049324244495438,0
12546,1,0,0,0,0.3104157718002064,1
12547,3,0,0,0,0.9232324781944936,0
12548,2,0,0,0,1.4526022431194838,0
12549,1,1,1,1,-inf,0
12550,3,1,0,1,0.9124147364156119,1
12551,3,1,0,1,0.0059951038538684776,0
12552,2,0,1,0,1.6896856683226216,1
12553,3,1,1,1,0.9310853541935876,1
12554,1,1,0,1,-0.4378731329301986,1
12555,2,1,0,0,0.741766812273357,1
12556,3,1,0,1,0.0348496117049959,0
12557,3,1,0,0,1.4482678230284334,0
12558,3,1,1,1,2.381417252768947,0
12559,1,1,1,0,0.9791242440065402,0
12560,1,1,1,1,0.04157905374358262,0
12561,1,0,1,0,-0.1342495182889799,0
12562,2,1,1,0,2.206185491287212,0
12563,2,1,0,1,-0.4343800907470983,0
12564,1,1,0,0,-1.1203463963541145,1
12565,2,0,0,1,0.2320891109021631,0
12566,3,1,0,1,-0.028005493654595925,1
12567,2,1,1,1,1.2919260403838417,0
12568,2,1,0,0,-inf,0
12569,2,1,1,1,1.6298553572082681,1
12570,2,1,0,0,-inf,0
12571,2,0,1,1,1.548530652333048,1
12572,2,1,0,1,-inf,1
12573,1,1,0,1,-inf,0
12574,1,1,0,0,-0.020808187625710683,0
12575,3,1,1,0,1.8145353280567724,0
12576,3,1,0,1,0.19273474963361925,0
12577,3,1,1,1,2.054095554405921,1
12578,2,0,1,0,0.6318041244508067,1
12579,3,1,1,1,3.068140419738561,1
12580,1,1,0,1,-0.8178816337836321,1
12581,3,1,1,1,1.4443703639279482,0
12582,2,1,1,0,1.3931780793321356,1
12583,2,0,0,0,0.4825759537661164,1
12584,2,1,1,1,1.393919075252519,1
12585,2,1,0,0,-0.8092742423879498,0
12586,3,0,0,0,2.6266613037199704,0
12587,1,1,0,0,0.8360344499778654,0
12588,2,1,1,1,0.2661251285074494,0
12589,2,0,0,1,-inf,0
12590,2,1,0,1,0.06221328474388274,0
12591,2,0,0,0,-0.2397965315439764,0
12592,3,1,1,1,2.0759304822779003,0
12593,2,0,0,1,-inf,1
12594,3,1,0,1,3.0331129010009636,1
12595,2,1,1,1,2.1844560672456597,1
12596,1,1,0,1,-0.15124138937436496,1
12597,2,1,1,1,2.755526534111702,0
12598,2,1,1,1,0.6867474161139953,0
12599,2,0,1,0,-inf,0
12600,2,0,0,1,0.8208288529116423,1
12601,1,1,0,0,-0.4984198758274434,0
12602,2,0,0,1,1.3092387467846045,1
12603,3,0,0,0,-inf,0
12604,3,0,0,0,-0.19247459218629537,0
12605,1,1,1,0,-0.0962802705940875,0
12606,3,0,1,0,1.889275012605139,1
12607,2,1,1,0,1.2153738368597904,0
12608,1,0,1,1,0.5714015102092252,1
12609,2,0,0,0,1.5235446095819563,0
12610,3,1,1,0,0.9096366274464945,1
12611,3,1,0,0,0.49136119143378976,0
12612,3,1,1,0,2.262514753768049,1
12613,2,1,0,0,0.5265425929849181,1
12614,3,1,0,1,1.153979769886165,0
12615,1,1,0,0,-1.4325643579114238,0
12616,2,1,1,1,1.7286704229385073,0
12617,1,0,0,0,-0.7234545266283506,0
12618,2,0,0,0,1.0790216629008524,0
12619,3,1,1,1,1.6546422842613258,1
12620,1,0,0,1,0.7363696837168601,0
12621,2,1,1,0,0.6158849027725255,1
12622,3,0,0,1,0.5399050547113365,0
12623,3,0,0,0,1.4973090088016976,0
12624,1,1,1,0,-0.6244396692909127,0
12625,2,1,0,1,-inf,0
12626,1,0,0,1,-0.4957707397935971,1
12627,3,0,0,0,-0.055161344568297244,0
12628,2,0,0,1,0.8429183694854784,1
12629,3,0,0,0,0.7581227232623391,0
12630,2,1,1,0,0.8870595894891935,1
12631,2,0,1,0,2.592992780098411,1
12632,1,1,0,0,-inf,1
12633,1,0,1,1,-inf,1
12634,1,0,0,0,-0.9159350992911017,0
12635,3,1,1,1,1.2568606365862935,0
12636,1,0,1,0,0.7061042342708237,1
12637,1,1,0,0,-inf,0
12638,3,1,0,0,0.32455009676357266,0
12639,3,1,0,0,-inf,0
12640,3,0,0,0,0.0180010806477644,1
12641,2,1,1,1,0.5700182498373275,0
12642,3,0,0,0,0.30733397371543114,1
12643,2,0,1,1,0.7400758875662337,1
12644,2,0,0,0,-0.4753811235590506,1
12645,1,0,1,0,0.6208015397933994,1
12646,2,1,1,0,-inf,0
12647,2,1,0,0,-inf,0
12648,2,0,0,0,-0.769624236929664,0
12649,2,1,1,1,0.5593919944962629,1
12650,1,1,0,0,-1.0851671513327055,0
12651,1,1,0,1,-0.4389402790257923,1
12652,3,0,1,1,1.2862696676820393,0
12653,2,1,1,1,2.2774652134241324,1
12654,1,0,0,0,-0.702309421658425,1
12655,2,1,1,0,1.1832871580598794,1
12656,3,1,0,1,1.5234879032359447,1
12657,3,1,1,0,1.4280816954227087,0
12658,1,0,0,1,0.27269401733476767,1
12659,1,0,1,0,1.376696285474908,1
12660,2,0,0,0,-0.3623713510079072,1
12661,2,1,1,0,1.0687960417692424,0
12662,1,0,1,0,0.6779829469907018,0
12663,1,0,0,1,-0.6947983939630351,1
12664,2,1,1,0,0.5642983301436534,1
12665,3,0,0,1,1.8720557864942937,0
12666,2,0,0,0,1.6890799911691072,1
12667,2,1,0,1,0.17139746308988102,1
12668,3,0,0,0,0.9143895634050417,1
12669,2,1,0,0,0.8705333964938708,1
12670,1,0,0,0,-0.12560139792909342,1
12671,2,1,1,1,1.7133969196712182,0
12672,1,1,0,1,-1.3401754738944835,0
12673,3,0,1,0,0.9562805232439103,1
12674,1,1,0,0,0.11045640926470707,0
12675,2,0,1,0,0.1525856727343271,0
12676,2,1,0,0,-inf,0
12677,1,0,0,1,-0.9177870923382063,0
12678,3,0,0,1,1.364570918915143,0
12679,3,0,0,0,1.3035857061995104,0
12680,2,0,1,0,1.4059377340293213,1
12681,1,0,1,0,0.15526136686887548,0
12682,1,1,0,0,-0.5947140641260126,0
12683,3,0,0,1,0.8575966295864708,1
12684,3,1,0,0,1.205998746940026,0
12685,2,1,1,0,0.9752816676528755,0
12686,1,1,0,1,-0.02952600842843134,1
12687,2,1,1,1,1.020290525778322,1
12688,1,1,1,0,0.012425469554049162,0
12689,1,1,1,1,0.09170671173763939,0
12690,2,0,0,1,-0.5607588755879012,1
12691,1,1,0,0,-2.104665724514342,1
12692,2,1,1,1,0.2017979512209872,0
12693,2,1,0,1,0.5182802642889492,1
12694,1,0,1,1,1.6039900790336903,1
12695,3,1,1,0,2.217253013904046,0
12696,2,1,0,1,-0.8289899440743695,1
12697,3,0,1,1,1.0134350655177968,0
12698,3,1,1,1,2.9235694044699843,0
12699,3,0,1,0,2.666303473104267,0
12700,1,0,0,0,-0.07710698254689181,1
12701,1,0,1,0,0.6179846394713231,1
12702,3,0,1,0,1.2532798462821837,1
12703,3,0,0,0,-0.1316594341391537,0
12704,1,1,0,0,-0.38674310319093036,0
12705,1,1,1,0,0.009014365701991045,0
12706,3,0,0,0,1.0212250213426213,1
12707,2,0,0,1,0.08407359707277962,1
12708,1,1,0,0,0.2804361493427226,0
12709,3,0,0,1,2.004698798539816,0
12710,1,1,0,1,-1.016975446369046,0
12711,1,1,1,1,1.301382392818054,0
12712,2,1,1,1,1.072404225169598,1
12713,1,1,1,1,-inf,1
12714,1,0,1,1,1.1085916273835237,1
12715,3,0,1,1,1.6804701677680012,0
12716,2,1,0,0,-0.6436210819485229,0
12717,2,1,1,1,1.0589299603952034,0
12718,2,1,0,0,1.0562656395844248,1
12719,1,0,1,1,0.687625261673176,1
12720,2,0,0,0,2.1476904053058803,0
12721,2,0,0,0,-0.6376305293750479,1
12722,2,0,1,1,0.5712069196779758,1
12723,3,1,0,1,1.0715839009178574,1
12724,3,0,1,1,0.44214657663961,0
12725,3,1,0,0,0.7491522595879283,1
12726,2,0,0,1,0.3834337323565271,0
12727,2,1,0,0,1.6606188568049634,0
12728,2,0,1,1,1.7124448818878704,1
12729,2,0,1,1,-inf,0
12730,2,1,0,0,-1.0628504302930502,0
12731,2,0,0,1,0.836903632426205,1
12732,3,1,0,1,0.6136788317795607,1
12733,2,0,1,1,2.1277389344436592,0
12734,2,0,1,1,1.9737346738179982,1
12735,3,1,0,0,0.50307708121731,0
12736,3,0,0,0,1.1390645998294964,1
12737,3,1,0,0,-inf,1
12738,1,0,0,0,0.3102849554636334,0
12739,3,1,0,1,-0.7193625208622156,1
12740,2,0,0,0,0.13524301728994004,1
12741,3,0,1,1,1.299077802531369,1
12742,2,1,0,1,-0.6884342021442824,0
12743,2,0,0,1,-0.29754142419020246,1
12744,2,0,0,1,-inf,1
12745,2,1,1,0,1.495080990520604,1
12746,3,0,1,0,1.8944693984198082,1
12747,2,1,1,1,-inf,0
12748,1,1,1,0,-inf,0
12749,1,1,0,1,-inf,1
12750,3,1,0,0,1.6643374934101058,0
12751,1,1,1,0,-0.2722619029122933,0
12752,2,0,1,0,2.433970594598086,0
12753,2,1,1,0,2.4151325897320874,1
12754,2,1,0,1,-0.12003775025631563,0
12755,3,1,0,1,1.2914039423241515,0
12756,3,1,0,1,0.4232176795561289,1
12757,2,1,0,1,-0.182524020387965,0
12758,1,1,0,1,-0.855476468882471,1
12759,1,0,0,0,0.07586564418559402,0
12760,2,1,0,0,1.2599931702405374,0
12761,2,0,1,1,1.4537670406289163,1
12762,2,0,0,0,-inf,1
12763,2,0,0,1,-0.28903717005473084,1
12764,3,1,0,0,1.1733693953775124,0
12765,3,0,1,0,1.830307574242591,1
12766,1,0,0,0,0.17523449892349957,0
12767,2,1,1,0,-inf,0
12768,2,1,1,1,1.5618023653458106,0
12769,1,0,0,0,-0.7313653227322755,1
12770,2,1,0,1,0.9049664954501564,0
12771,1,1,0,1,-0.33788414631435626,1
12772,3,0,1,0,3.097899030758381,0
12773,1,1,0,1,-0.5119286904113545,1
12774,2,0,1,0,-0.33030325532547056,0
12775,2,0,0,1,0.2177764709183821,1
12776,2,1,0,0,-0.1017253892782975,0
12777,3,1,1,0,1.630475184928112,0
12778,2,0,0,1,0.38433341979932345,1
12779,3,0,0,1,1.8764675250418428,0
12780,3,1,0,0,0.8285921251301094,1
12781,3,0,0,1,1.9907875443431065,0
12782,2,0,0,0,0.696281102814698,0
12783,2,1,0,1,0.7226255667967967,0
12784,1,0,0,0,-0.5924010020263963,1
12785,2,0,0,0,-0.40498601530721023,1
12786,2,0,0,0,0.2940186912623589,1
12787,1,0,1,1,-inf,1
12788,2,1,1,0,0.5551970984975194,0
12789,1,0,0,0,0.6466038606449774,0
12790,2,1,1,0,1.0938042871914173,1
12791,2,1,0,0,0.8033675024095539,0
12792,3,0,1,1,3.350043059943879,1
12793,2,1,1,1,1.8446491875605093,1
12794,3,0,0,0,1.2338970002745067,1
12795,3,0,1,1,2.3300703318317346,0
12796,3,1,0,0,1.1223315691166662,0
12797,2,1,0,0,0.32487265062279447,0
12798,3,0,0,0,1.7998951613592826,0
12799,2,0,0,0,0.5954486661160713,1
12800,2,1,1,1,0.4371996657249062,1
12801,1,1,0,1,-0.17937216018183663,1
12802,3,1,1,0,1.5755309888734315,0
12803,2,0,0,1,0.619249798036748,0
12804,3,1,0,1,1.1013191637833755,0
12805,1,1,1,0,0.34264371461438986,0
12806,1,0,0,1,0.08021586268579939,1
12807,2,0,0,0,-inf,1
12808,2,0,1,1,0.303168968614248,1
12809,1,1,1,0,0.4594676863754469,0
12810,1,1,1,1,-0.42719727571340055,0
12811,1,1,0,1,-1.2558637420515129,0
12812,1,0,1,0,-inf,1
12813,2,0,0,0,-1.2443128789583147,0
12814,3,0,0,0,1.3370653578564442,0
12815,1,1,1,1,0.9265762105596058,0
12816,3,0,1,0,0.7943591006363988,1
12817,1,0,1,0,0.013568247936978084,1
12818,1,0,0,1,-0.21864510817663485,1
12819,2,0,0,0,0.4235255933515244,0
12820,3,1,1,1,1.8025775646912994,1
12821,2,0,0,0,-0.6616577571263127,1
12822,2,0,0,0,0.23526734031020535,1
12823,1,0,1,0,0.06221297546507365,1
12824,2,0,0,0,0.5986441932768223,0
12825,1,1,1,0,0.03632844858540213,0
12826,3,1,0,0,1.8053235607318867,0
12827,3,0,1,1,2.585273662007007,1
12828,3,0,1,1,1.7202453354072975,1
12829,3,0,0,1,1.5659088854022283,0
12830,1,1,0,0,-0.5828710257859632,0
12831,2,0,0,1,1.9102330640071334,1
12832,2,0,1,0,0.5042351464514973,0
12833,3,0,0,1,2.711645574099579,0
12834,1,1,0,0,-1.6879301378322051,0
12835,1,0,1,0,0.04033412712333062,1
12836,1,1,0,0,-1.145177075715583,0
12837,1,0,0,1,0.5811485254413489,1
12838,3,0,0,0,0.8347348632562559,1
12839,2,1,0,0,0.9140464092315068,0
12840,3,0,1,1,3.3205189314818733,1
12841,1,1,0,0,-inf,1
12842,2,0,1,0,2.0908901720874233,0
12843,3,1,1,0,1.4266932196935134,0
12844,2,0,0,1,0.04895086523958214,1
12845,3,0,0,0,0.6318919862905201,0
12846,3,1,1,0,1.6739809124054812,0
12847,2,0,0,1,1.5990000434927911,1
12848,1,0,1,1,0.41795893820466273,1
12849,1,1,1,1,0.1647225634709326,0
12850,1,0,1,0,0.7423872761599852,0
12851,3,1,1,1,1.494881722033396,1
12852,2,0,0,1,1.4005891569918183,1
12853,2,1,0,0,-0.7143240396301236,0
12854,3,1,0,0,-inf,1
12855,2,1,1,0,-inf,1
12856,1,0,1,1,0.1430607322082419,1
12857,2,0,1,1,2.2330608236657463,0
12858,2,0,1,1,1.774178946882662,1
12859,2,0,0,1,-0.14803792465516197,1
12860,1,1,0,0,0.44679860573002933,0
12861,3,1,1,0,-inf,1
12862,2,1,1,0,0.9779256711209386,1
12863,2,0,1,1,1.177321054115877,0
12864,2,1,0,0,-0.15329719337425984,0
12865,1,0,0,1,-inf,0
12866,1,0,1,0,0.32966519522748594,1
12867,2,1,0,1,-0.15778621098275036,1
12868,1,1,0,0,-inf,1
12869,3,0,1,0,2.0246257177713356,1
12870,2,0,1,1,-inf,1
12871,1,0,1,1,-inf,1
12872,2,0,1,1,0.7473495006251589,0
12873,2,1,1,0,0.11883168218199547,1
12874,2,0,1,0,-inf,1
12875,2,1,0,0,0.09580087070986587,0
12876,2,0,0,1,0.38254838298127586,1
12877,1,0,0,0,-1.5739440687726254,1
12878,2,1,0,0,0.15725251943762733,0
12879,1,1,0,1,-0.40234948847693924,1
12880,2,1,1,0,0.5758852602383282,1
12881,3,0,1,1,1.5889247788236989,1
12882,3,1,1,1,0.7495715433424159,1
12883,1,1,0,0,-0.9581464409618177,1
12884,2,0,0,0,0.022287040830305693,0
12885,2,1,0,0,-inf,0
12886,3,1,0,0,0.5905250357141019,0
12887,2,0,1,0,2.0184709181032807,1
12888,1,0,1,1,0.8408091154342792,0
12889,2,0,0,0,-0.6130042233975737,1
12890,2,0,0,1,1.55754732263371,1
12891,3,0,1,1,3.3275708274093434,1
12892,2,0,1,0,0.8851048871587819,0
12893,1,1,1,1,-inf,1
12894,2,1,0,1,0.32769354306692644,1
12895,3,0,1,1,1.3525073473622327,0
12896,1,1,0,0,-1.3593045562779829,0
12897,2,1,1,1,1.378075534922453,1
12898,3,0,0,0,1.4075355161999616,1
12899,2,0,0,0,-0.4517667602257377,0
12900,3,0,0,0,-0.18093233435272182,0
12901,3,1,1,0,1.405809453509366,0
12902,1,0,1,0,-inf,1
12903,2,1,0,0,-0.3004265702207413,0
12904,1,1,1,1,0.17297764957317177,0
12905,2,0,0,0,-inf,0
12906,2,0,1,1,0.5505116704058346,0
12907,1,1,1,1,0.47856327835771795,0
12908,3,1,0,1,0.35007331083489274,0
12909,3,0,0,1,0.574330545992108,1
12910,3,1,0,0,0.02031270690683984,0
12911,2,1,0,0,-0.7065445353429978,0
12912,2,1,0,0,1.2769501268597734,1
12913,1,1,0,1,-inf,1
12914,1,0,0,0,0.7114252966118576,0
12915,2,0,1,0,1.2585627476043706,0
12916,2,1,1,1,-inf,1
12917,1,1,1,0,0.4054371631822192,0
12918,1,0,0,0,-0.22889553069078447,1
12919,2,0,0,1,0.5807919000643832,1
12920,1,1,1,0,-inf,0
12921,3,0,1,0,2.8764931211471225,1
12922,3,1,0,1,0.3237713975047437,0
12923,2,0,0,0,0.6545580501991085,1
12924,2,0,0,1,-inf,1
12925,3,0,0,1,0.9986877977745434,1
12926,2,0,1,1,0.6723539185019418,1
12927,3,1,0,1,0.7488996305195995,0
12928,3,1,1,1,-inf,0
12929,2,1,0,1,0.4570777489639682,1
12930,2,0,0,0,-inf,1
12931,2,1,1,0,1.3733137618142444,1
12932,1,1,1,0,0.3200701491643575,1
12933,1,1,1,1,-inf,0
12934,3,0,0,1,1.7638353450411999,1
12935,2,0,0,0,0.9107766808669362,1
12936,1,1,1,0,0.9240546542603327,1
12937,1,1,0,0,-0.27435083882272293,0
12938,1,0,0,1,-0.8978565618144803,0
12939,3,1,0,1,1.1280470450903881,1
12940,3,1,0,0,-0.6547946709462069,0
12941,2,0,1,0,2.3498278745872656,1
12942,1,0,0,0,-0.7410966342467524,0
12943,1,1,0,1,-0.009087063352215818,1
12944,3,0,1,1,2.3801723161096993,1
12945,2,0,1,0,1.1793582350798557,0
12946,2,0,1,0,-inf,0
12947,3,1,0,0,0.43610527399838006,0
12948,1,1,0,1,-0.6029273244730756,1
12949,2,1,1,1,1.949249611437338,1
12950,2,1,1,1,2.2487251546861513,1
12951,1,1,1,1,0.29072417840314735,0
12952,1,1,0,0,-0.17570361108313398,0
12953,2,0,0,1,1.2416139842812783,1
12954,1,1,0,0,-1.8594243094545129,0
12955,2,1,0,1,0.2576060810966074,0
12956,3,1,1,1,-0.2035998483557664,1
12957,2,1,0,1,-0.10912254654877018,0
12958,3,0,0,1,0.022667850196005146,1
12959,3,0,0,1,0.34104260663609076,0
12960,2,0,1,1,1.142142941685804,1
12961,2,1,1,1,0.565201847752739,1
12962,1,1,1,1,-0.2491668677118571,0
12963,3,0,1,1,1.3889766671294375,0
12964,1,1,0,1,-1.6376477075043607,1
12965,3,0,1,1,1.9601572829972027,1
12966,3,1,0,1,0.8001792208631316,1
12967,3,1,0,1,1.7323959710905208,0
12968,2,0,1,0,-inf,0
12969,1,0,1,1,1.1601999375061183,1
12970,1,1,1,0,1.5901641695354753,0
12971,3,1,0,0,-0.006541314996803549,0
12972,3,1,1,0,1.3517566894384523,1
12973,2,1,0,0,-inf,1
12974,3,0,1,0,0.15482275858536276,1
12975,1,1,1,1,-0.2378741548225512,1
12976,2,0,1,0,0.9635267284593548,1
12977,3,1,1,1,2.1824568747462827,0
12978,1,0,0,0,0.04285566154149234,0
12979,1,1,1,1,0.12784509194169147,1
12980,3,1,0,1,0.4388795061858167,0
12981,2,0,0,0,1.5192429525291038,0
12982,2,0,0,1,0.6540791285690897,1
12983,2,1,0,0,-0.017444197094188124,0
12984,2,1,0,1,-inf,1
12985,3,1,0,1,0.9182571146714684,0
12986,1,1,1,0,0.687327265840382,0
12987,2,1,1,0,-inf,1
12988,3,0,1,1,1.4526715274172624,1
12989,3,1,1,0,1.6387731094806137,1
12990,3,0,1,0,1.5711038901194316,0
12991,1,1,0,0,0.5827889237620008,1
12992,1,1,0,0,-1.2602473387666173,1
12993,1,1,1,0,-0.4139359771558619,0
12994,2,0,0,1,-1.1261638090582828,1
12995,2,1,1,0,-0.5140752778895807,1
12996,1,0,0,1,-0.8631496450775391,0
12997,2,0,0,1,0.6491159671779405,1
12998,1,1,0,1,-1.5026596027750347,0
12999,1,1,1,1,-inf,0
13000,1,0,0,1,-0.837808563786669,1
13001,2,0,1,1,2.019893031142976,1
13002,1,1,1,1,0.6356782600783797,0
13003,1,0,1,0,0.9872746816006688,0
13004,2,1,0,0,-0.9836716915072963,0
13005,1,1,0,1,-0.8927220460426218,1
13006,1,0,0,0,-0.4960069017470164,0
13007,3,0,0,1,-inf,1
13008,2,1,1,1,0.6500898581112025,1
13009,1,0,0,1,-inf,0
13010,2,1,0,0,-0.442907989602442,1
13011,1,0,0,1,-1.3200939987972444,1
13012,1,0,1,0,0.033575552304655365,1
13013,1,0,1,0,0.9551466502865408,1
13014,1,0,1,1,1.225484499176134,1
13015,1,0,1,1,1.3615587522642287,1
13016,1,1,0,1,-0.36849840911173704,1
13017,3,0,0,0,1.325857940912084,0
13018,3,0,0,0,1.1477528966657633,0
13019,2,0,1,1,0.9442253935572427,1
13020,3,0,0,0,0.4844001236046468,0
13021,2,0,0,1,1.0579435794408791,1
13022,2,1,1,1,1.056905386695899,1
13023,1,1,1,0,-0.28404416240019853,0
13024,2,1,0,0,0.1149263958656517,0
13025,3,0,1,1,0.6189742669836102,0
13026,3,1,0,1,0.9629312824292897,1
13027,1,1,1,1,0.0296557046288905,0
13028,2,1,0,0,0.0478709374900852,0
13029,2,1,1,0,2.1335480494824015,1
13030,3,0,0,1,0.5723366192299367,1
13031,2,1,1,1,0.6923401015366017,1
13032,2,0,0,1,-inf,1
13033,3,1,0,0,-inf,0
13034,1,0,0,0,-0.3607136172823858,0
13035,3,0,1,0,1.3996972657502722,0
13036,3,0,1,1,1.474011003953574,0
13037,2,1,1,1,1.1594000311879031,1
13038,1,0,1,0,0.6532752345168781,0
13039,2,0,1,0,0.7468956949515791,1
13040,2,1,1,1,-inf,1
13041,2,0,1,1,2.26350399303367,0
13042,3,1,1,1,2.203943706056377,1
13043,1,1,1,1,1.3651249493741506,0
13044,3,0,0,0,1.4843166610308396,0
13045,1,0,1,1,0.4039843281189566,1
13046,2,0,1,0,1.1405936471059348,1
13047,1,1,0,1,-1.474506849910136,0
13048,3,1,1,1,-inf,0
13049,1,1,1,0,0.6193220445834908,0
13050,2,0,1,1,-inf,0
13051,2,1,1,1,0.8792104013455542,1
13052,1,1,0,1,0.1312599158085131,1
13053,2,1,0,1,0.4295177679035413,0
13054,2,1,0,0,0.6803031486942311,0
13055,3,0,0,0,0.6506354886082923,1
13056,2,0,0,1,-0.25548201926291236,1
13057,2,1,0,1,0.5190738613897333,1
13058,1,1,0,0,0.8859244151205743,0
13059,2,0,0,0,1.5817668120949107,0
13060,3,0,0,0,1.0839482750857816,0
13061,3,1,0,0,1.4039501475023046,0
13062,1,0,0,1,0.5361938715891393,1
13063,1,0,0,0,-1.4110755529721315,0
13064,2,1,1,1,1.0557647913103478,0
13065,2,1,1,1,0.9545497508727063,1
13066,3,1,0,0,-0.014910238187637703,0
13067,2,1,1,0,0.9111909182240169,0
13068,3,0,1,0,2.5481837737757385,1
13069,2,0,0,1,0.13063228843959246,1
13070,1,1,1,1,0.70867224343503,0
13071,1,1,1,0,0.7970445438557185,0
13072,2,1,0,0,0.4163524365499418,0
13073,3,1,1,1,1.3079453479143763,1
13074,2,0,0,0,-inf,0
13075,3,0,1,1,2.244801223623705,1
13076,2,1,0,1,0.08885633727264822,1
13077,3,0,0,0,0.9480559085685748,1
13078,2,0,0,0,0.4406273764354116,1
13079,1,1,1,0,1.0454443505077697,0
13080,1,0,0,0,-0.2418716127111865,1
13081,2,1,0,0,1.0820580312110901,0
13082,3,1,0,0,1.6254808852520863,1
13083,2,1,1,1,-inf,1
13084,3,1,1,1,2.526032800318238,1
13085,1,1,1,1,1.3782435058561626,1
13086,1,0,0,0,-0.46070328260667975,0
13087,1,0,0,0,-0.48233843889083206,0
13088,2,0,1,0,0.6835176087454179,1
13089,1,1,1,1,1.559689308081764,0
13090,3,1,0,1,1.3767754887691677,0
13091,3,1,0,1,0.56707007669457,0
13092,1,0,1,1,0.5383228268556121,0
13093,1,0,1,1,1.1547518872383258,1
13094,2,1,0,1,-0.6640885658834303,1
13095,2,1,0,0,-0.493782258114761,1
13096,3,1,0,1,-0.44636518568189487,0
13097,2,0,1,0,1.5284174826518622,1
13098,3,0,1,0,1.9523704546495535,1
13099,2,1,0,0,0.736403320234325,1
13100,2,1,1,0,1.5598742197832594,1
13101,2,0,1,0,0.3542188327632605,1
13102,2,0,0,0,-inf,0
13103,3,0,0,1,0.8412833749695368,1
13104,1,1,0,1,-0.1030375312270666,1
13105,3,0,1,0,1.4694642988955986,0
13106,2,1,0,1,0.13168996467605637,1
13107,3,1,0,0,-inf,0
13108,3,0,0,0,0.6885900440431494,1
13109,1,1,1,1,-0.716240986874052,0
13110,2,1,0,0,0.4904535384976568,0
13111,2,1,0,0,-0.30932446457438095,0
13112,3,0,0,0,0.052354753935479614,0
13113,1,1,1,0,0.23591270079120955,0
13114,2,0,0,0,1.5309082427887526,1
13115,2,0,1,0,1.3709015154243134,0
13116,3,0,1,0,1.1161494564322294,1
13117,2,1,1,0,0.5864818574398055,1
13118,1,1,1,0,0.41703045112530934,0
13119,2,1,0,0,0.4476289852531132,0
13120,3,0,1,0,1.719240985651204,0
13121,1,0,0,1,-0.6388691380295052,1
13122,3,0,0,1,0.7069331806197294,0
13123,3,1,0,1,1.2995862926192918,0
13124,2,0,1,0,0.5252951181687514,0
13125,1,0,1,1,0.1288529461175526,0
13126,3,1,1,0,1.5979086455566198,1
13127,2,1,1,0,3.1675284450370187,1
13128,3,0,1,1,3.058128842764768,1
13129,2,0,0,1,-0.002011067639869246,1
13130,1,1,1,1,0.5839537842796644,0
13131,2,1,1,0,0.9130039509110927,1
13132,3,1,1,1,1.6700023919346294,1
13133,2,1,0,0,0.9990351193078186,1
13134,3,1,0,1,-0.0008825634382719771,1
13135,3,0,0,0,0.94840765455898,1
13136,2,1,1,1,-inf,1
13137,2,1,0,0,0.9765544796520658,0
13138,2,0,1,0,0.121392500158777,0
13139,2,1,0,1,0.9414280088716485,1
13140,1,1,1,1,-0.4529339714732669,1
13141,1,0,0,0,-0.2435142190407432,1
13142,2,0,1,1,1.287562765595139,0
13143,3,1,0,0,-inf,0
13144,2,1,0,1,-0.23648698459626222,1
13145,2,0,0,1,0.8425562637805653,1
13146,3,0,0,0,0.6303734863797537,1
13147,3,1,0,1,-inf,1
13148,1,0,0,1,0.6868767984509516,0
13149,2,0,1,1,1.61062565765088,1
13150,1,1,0,0,0.31098911049677896,1
13151,1,0,1,1,1.207507036537456,1
13152,1,1,1,1,0.4834620698279553,0
13153,3,1,0,1,2.381736937192092,1
13154,2,1,0,0,-0.40748882427257777,0
13155,2,0,0,0,-0.5655645244556398,1
13156,2,0,1,0,2.4399360306469964,0
13157,2,0,0,1,-0.6821827235307529,1
13158,3,0,0,1,1.6627842006262363,1
13159,1,0,0,0,-0.7899272402933112,1
13160,3,1,0,1,-0.37523441985801753,1
13161,2,1,0,0,0.865444879279301,0
13162,1,0,0,1,0.006996882992433687,0
13163,1,0,1,0,0.7629333679352726,0
13164,3,0,0,1,0.45770505627842073,0
13165,3,0,0,0,1.1352437297698854,1
13166,3,1,0,0,1.1838051755124817,1
13167,1,0,0,0,0.3850766515682631,1
13168,3,0,0,1,1.4404823728524705,1
13169,1,1,0,1,-1.2272372158120188,0
13170,2,1,0,0,0.1369996926632825,0
13171,2,0,0,0,-0.8642659289830701,1
13172,3,1,0,1,-inf,1
13173,1,1,1,1,0.08862772567480903,0
13174,1,1,1,0,-0.438850470340068,0
13175,2,1,0,0,0.1844820352826706,0
13176,3,0,1,0,1.3702542969460851,0
13177,2,1,1,0,0.8939270701705027,0
13178,1,0,1,1,0.10542615867648542,1
13179,3,1,0,1,1.0647694692184764,0
13180,3,0,1,0,1.6689671101356474,1
13181,2,1,0,1,-1.1890153880388747,0
13182,2,1,0,0,0.9881681227967665,0
13183,2,1,0,0,-inf,0
13184,2,1,1,1,-inf,1
13185,2,0,1,1,1.4666033815392043,1
13186,1,1,0,1,0.02304669782856955,1
13187,3,1,0,0,-1.0102089934747982,0
13188,2,0,1,1,0.586045584233208,1
13189,2,0,1,1,1.7171815081818718,0
13190,1,0,0,0,-0.11326823009750964,0
13191,2,0,1,1,0.37898968434843194,0
13192,3,1,1,0,1.5713881434277668,1
13193,1,1,0,0,-1.416489943306086,0
13194,2,0,1,0,1.882168325980305,1
13195,2,1,0,1,0.6041599175805151,0
13196,3,0,0,0,-inf,0
13197,1,0,1,0,0.5870734713859469,0
13198,1,0,1,0,0.6492615924996311,1
13199,2,0,0,0,0.900762100817819,1
13200,3,0,0,0,0.8761827976508819,0
13201,1,1,1,1,0.9425989574144695,1
13202,3,1,1,1,2.583723602897089,0
13203,2,1,1,1,2.288208794277292,0
13204,2,1,1,1,-inf,1
13205,1,0,0,1,-0.9233026010723195,1
13206,2,0,0,0,-inf,1
13207,1,1,0,0,-inf,1
13208,3,0,0,0,0.42687978555851225,0
13209,1,0,0,0,-0.3958118361049794,0
13210,3,0,1,0,1.0354572482554087,1
13211,2,1,1,1,0.7001660116659241,1
13212,1,0,0,1,-0.25987787395687345,0
13213,2,1,0,0,-0.43917033660453747,0
13214,1,1,1,1,-0.13222391981647047,0
13215,1,0,0,0,-0.5023983012263784,1
13216,3,1,0,1,0.9766273889541344,0
13217,1,1,0,0,-inf,0
13218,2,1,0,1,-0.05131503295837592,0
13219,2,0,0,1,0.8268768316194038,1
13220,3,1,1,0,0.39594450670549564,0
13221,2,1,0,1,0.03977140931867826,0
13222,2,0,1,1,2.248016965035434,1
13223,1,0,0,0,-1.8691348423788123,0
13224,3,1,0,1,1.1966002381817638,1
13225,1,1,0,1,-inf,0
13226,1,0,0,0,-0.13939166166179187,0
13227,1,0,0,0,-0.5722786887693112,0
13228,2,0,0,1,-inf,1
13229,1,0,0,1,0.4790030614695019,1
13230,2,1,1,0,1.2812892905606916,1
13231,2,0,0,0,-inf,1
13232,2,1,0,1,-0.7160477103742984,1
13233,2,1,1,1,1.9504074082514102,1
13234,2,1,1,0,0.9385390177520349,0
13235,1,1,1,0,1.2986303198300957,0
13236,2,1,0,0,1.3187360397100083,1
13237,1,1,1,0,0.7880851621155353,0
13238,2,0,1,0,1.4189236719849017,0
13239,1,1,0,1,-0.751803445873245,1
13240,3,1,1,0,1.4127015837740367,0
13241,3,1,0,1,-0.20859262272123114,1
13242,2,0,1,1,2.086021865796173,1
13243,1,0,1,0,1.0345623108719866,1
13244,1,0,1,0,-inf,0
13245,2,0,0,0,0.6574365904732943,0
13246,1,0,1,0,0.989977613822649,1
13247,3,1,0,1,2.1635988408372375,1
13248,2,0,0,1,0.8019100605519633,0
13249,1,0,1,0,0.5096879814551853,0
13250,2,0,1,1,1.734231283396253,0
13251,3,0,0,0,0.738406782338995,0
13252,3,0,0,1,1.170437041495701,0
13253,2,0,0,1,0.6738239792766764,0
13254,2,0,1,0,1.9269810750251706,0
13255,2,1,1,1,-inf,1
13256,1,0,0,1,0.4210900425772506,1
13257,1,1,1,1,-inf,0
13258,2,1,0,0,-0.5620528151007964,0
13259,2,0,1,1,0.9072295650183078,1
13260,2,1,1,1,1.0963680733224215,1
13261,2,0,1,0,2.754916808560908,1
13262,3,1,0,1,0.7821042992296294,1
13263,2,0,1,1,1.3341884825349557,1
13264,1,0,1,0,0.7366086952591742,1
13265,2,1,1,0,-0.2630689069739429,0
13266,1,1,1,1,-0.7320917507266025,0
13267,3,0,0,1,1.0900866952179407,1
13268,3,1,1,0,1.6451497103397514,0
13269,2,1,1,1,0.6384864539926336,1
13270,3,0,0,0,1.4452253058579492,0
13271,2,1,0,0,-0.06139632670633177,0
13272,3,0,1,0,-inf,0
13273,2,0,1,1,-inf,1
13274,2,0,0,0,0.9419509836608322,1
13275,2,0,0,1,1.5249405090663426,0
13276,2,1,0,1,0.20886936360348743,0
13277,1,1,1,1,-inf,1
13278,3,0,0,0,0.8961450769003786,0
13279,1,1,1,0,-1.4403089231132171,0
13280,2,1,0,1,0.9803555142176863,1
13281,2,1,1,1,0.6518236867006517,0
13282,1,1,1,0,1.132604609197887,0
13283,3,1,1,1,0.6069087965241435,1
13284,3,1,0,0,0.6784758964852594,0
13285,3,1,0,0,0.510641214572138,0
13286,2,1,1,1,1.3443286240068597,1
13287,2,1,1,1,2.070928247036493,1
13288,1,1,1,1,0.4845227724848959,0
13289,2,0,0,0,0.28237627583318536,1
13290,2,0,1,1,0.6491183513485387,0
13291,2,0,0,0,0.6903381710616691,1
13292,1,1,1,1,0.8215377325009396,0
13293,2,1,1,1,0.6329108178146416,1
13294,2,1,0,1,0.3840313049465532,1
13295,2,1,0,0,0.5124794154000794,1
13296,2,0,0,1,0.6393577976178586,0
13297,1,0,0,0,-0.08878788920458765,1
13298,1,0,0,0,-0.07593182011399797,0
13299,1,0,0,0,1.5243677598614234,0
13300,3,1,0,1,1.5584149143430452,1
13301,2,1,1,1,1.5105479408049074,1
13302,2,0,0,1,0.6240385172737212,1
13303,2,1,0,1,0.07084850573259377,0
13304,3,1,1,0,-inf,0
13305,2,1,1,1,1.0561053571337138,1
13306,3,0,1,1,0.5165126915986,1
13307,2,0,0,0,0.30200765617342296,0
13308,3,1,0,1,0.6796667407342686,1
13309,3,0,1,0,0.9825420439631268,0
13310,3,1,0,0,0.9869700952403265,1
13311,2,0,0,1,0.16174721186222002,1
13312,3,0,1,1,1.8904412130246453,1
13313,1,1,1,1,1.6895745871576815,0
13314,1,0,0,0,-0.4134983419968722,1
13315,1,1,1,1,1.5583530251219222,0
13316,3,0,0,1,0.4269818124968987,0
13317,2,1,0,0,0.5295993856186676,0
13318,1,0,0,0,0.42311212769675344,1
13319,3,0,0,0,-inf,0
13320,2,0,0,1,0.47923685309099784,1
13321,1,1,0,0,-0.7923137394780151,1
13322,2,0,0,0,-0.3099854527424377,0
13323,3,1,0,1,0.27081356763393893,1
13324,1,0,0,0,-1.2275585864482812,1
13325,2,1,1,0,0.9683387931268945,0
13326,3,0,1,1,3.3017660119597556,1
13327,3,1,0,1,-inf,0
13328,2,0,0,0,0.2915654744586321,1
13329,3,0,0,0,-inf,1
13330,2,0,0,0,1.4393896212807427,1
13331,2,0,0,1,0.4730022762503648,1
13332,2,1,1,0,-inf,0
13333,1,0,1,0,-0.26552216345621626,1
13334,3,1,0,1,-0.710307662585715,0
13335,2,1,1,1,1.2454322127156354,0
13336,2,1,0,0,0.6436184299650771,0
13337,1,1,0,0,0.006221191031366258,1
13338,1,0,1,1,-0.12576305855250736,0
13339,3,0,1,0,0.7044262375975434,1
13340,1,1,0,1,-0.5969992285492699,0
13341,2,1,1,0,-inf,0
13342,2,1,0,0,-0.807298243955638,1
13343,3,0,1,1,2.3015968626576715,1
13344,2,0,1,1,-inf,1
13345,1,0,1,1,-0.5558071036907927,1
13346,3,1,0,1,0.9279806066515697,1
13347,2,0,0,1,-0.446411716006765,0
13348,2,1,1,0,1.5771788536098537,0
13349,3,1,1,0,1.3508795110029572,1
13350,2,1,0,1,1.6573998195770927,0
13351,3,1,1,1,1.4866444222691817,0
13352,2,0,0,1,-0.16231379908781407,1
13353,3,0,1,1,1.7663313347592544,0
13354,2,1,0,1,-0.473281742857734,1
13355,2,0,1,0,-inf,1
13356,1,1,0,0,0.03620043436019116,0
13357,2,1,1,1,1.5758736835507285,0
13358,1,1,0,0,1.0182053626959768,0
13359,2,1,0,1,-0.1350357186606595,1
13360,3,0,1,1,1.3455870122008173,0
13361,3,0,1,0,-inf,1
13362,2,0,1,0,2.9623897638591243,0
13363,1,0,0,0,-0.8448239695540575,1
13364,2,0,1,1,0.46697967803825424,1
13365,1,1,1,0,-0.06516763280488191,0
13366,3,1,0,1,1.9127662502534415,1
13367,1,1,0,1,-0.28147405814804993,1
13368,2,0,1,1,1.5454188762087855,1
13369,3,0,0,0,0.3623368045164649,1
13370,1,1,1,1,0.8997294099148712,0
13371,2,1,0,0,0.7062055693279856,0
13372,2,0,0,0,0.3907653843243315,1
13373,2,0,0,0,0.44972827032155505,1
13374,2,1,0,1,0.12249719453126688,0
13375,3,1,0,0,-0.3018033604726018,0
13376,1,1,0,1,0.12807976704973106,1
13377,2,0,1,0,1.7589197434297685,0
13378,2,1,0,1,0.2278070414769977,1
13379,1,0,0,0,-1.206834048620765,0
13380,1,0,0,0,-0.49460330556143106,1
13381,3,1,0,1,0.8334666823867537,0
13382,2,1,0,1,-0.5768536048345541,1
13383,2,0,1,0,-0.1530147959533985,0
13384,2,1,1,1,0.8999862463980719,1
13385,1,0,0,0,-0.6828458783163639,1
13386,1,0,0,1,-0.6632767074925612,0
13387,2,0,0,1,0.01946021098774242,1
13388,3,1,1,1,1.7355822283643394,0
13389,2,1,1,0,1.1361059240879683,1
13390,3,1,1,0,1.8939582082729913,1
13391,2,1,0,0,-inf,0
13392,3,1,0,0,0.5821594451047228,0
13393,1,0,1,0,0.9003468707993509,1
13394,1,0,1,1,1.304025627487949,1
13395,2,0,0,0,1.553019025710873,1
13396,1,1,1,1,-0.2986254633791256,0
13397,2,0,0,0,0.6693608980878425,0
13398,2,0,0,0,0.38480861564722496,1
13399,3,1,1,0,2.016179231659515,0
13400,3,0,1,1,-inf,1
13401,1,0,1,1,0.6136489203667972,0
13402,2,1,0,0,-0.97008916771927,1
13403,3,1,1,1,3.000700534712364,1
13404,1,1,1,0,1.7839817908505673,0
13405,2,1,1,0,-inf,1
13406,2,0,0,0,1.7474543789883286,1
13407,3,1,1,1,2.0528635065211036,1
13408,2,0,1,0,1.5264877824528305,1
13409,2,0,1,0,0.9898612004167324,1
13410,2,0,1,0,1.1607878768900206,0
13411,2,1,0,1,-0.4058992719569042,1
13412,2,0,1,1,2.5267586888366407,1
13413,2,0,0,1,1.0141602216412138,1
13414,2,0,0,1,-0.06775211513388923,0
13415,3,0,0,0,1.3100526350315,1
13416,2,0,0,0,0.6789280819865169,1
13417,2,0,1,1,1.9880140004162117,0
13418,2,0,0,1,0.3868007486166403,1
13419,2,1,0,1,-0.016630296267726552,0
13420,1,0,1,1,1.4532182933953015,1
13421,2,0,1,1,1.1388729847595953,1
13422,1,0,0,0,0.8703693755667309,0
13423,2,0,0,0,0.932731501292363,0
13424,3,1,1,1,0.8887183278764509,1
13425,1,1,0,1,-0.2644495903021506,1
13426,3,1,0,1,0.36464295328025986,1
13427,2,0,0,1,1.429927234912578,0
13428,2,1,1,1,0.820658328367551,0
13429,3,1,0,1,-0.30387238223913493,0
13430,3,1,0,0,1.0566406422149812,0
13431,3,1,0,0,1.7498815135774097,0
13432,3,1,0,0,0.7675184142474507,0
13433,2,0,0,0,1.179643053412342,1
13434,2,0,0,1,-inf,1
13435,2,1,0,1,-0.1164345562403199,0
13436,2,1,0,1,-0.4997950937220736,0
13437,3,1,0,1,0.20308121060685858,1
13438,2,1,1,0,0.8056871200494176,0
13439,2,0,0,0,0.4049210241935261,1
13440,3,1,1,1,1.2601549450892673,1
13441,2,0,0,1,1.1248711753801859,0
13442,3,0,0,0,-0.6863402749114038,1
13443,3,1,1,1,2.1394216672512143,0
13444,2,0,0,1,0.8069058046992773,1
13445,3,1,1,0,1.53026122213109,1
13446,3,1,1,1,2.130371954061672,0
13447,3,0,0,0,0.7107940288582668,1
13448,1,1,1,1,0.6765619402122308,0
13449,1,1,0,1,-0.3847372391491592,1
13450,2,0,1,1,-inf,1
13451,2,1,1,1,-0.25797960985014035,1
13452,3,0,1,1,-inf,1
13453,3,1,0,0,0.45885857464950275,1
13454,1,0,1,0,-inf,0
13455,2,0,1,0,-inf,0
13456,2,1,1,1,1.5187390238084124,1
13457,2,1,1,1,1.0019552105383311,1
13458,2,1,1,0,0.724576037640273,1
13459,1,0,1,0,0.8919283716827915,1
13460,1,1,1,1,0.08061255531346062,0
13461,1,0,1,0,1.8545707758462013,1
13462,2,1,1,0,-0.20190289838605402,1
13463,3,0,0,1,1.887694269459493,1
13464,3,0,0,1,1.300291231193722,1
13465,1,0,1,1,0.7382968047252467,1
13466,2,1,0,0,0.19324251119108574,1
13467,2,0,1,0,1.1252154444205233,0
13468,2,0,0,1,0.44531728916858443,1
13469,2,1,0,0,1.0695187121636707,0
13470,3,1,1,1,2.927961055905072,0
13471,1,0,0,0,-0.33260853863064477,0
13472,1,1,1,1,0.5380061766673352,0
13473,1,0,1,1,0.5206997135850968,1
13474,2,1,1,1,0.7885516268851128,1
13475,1,1,0,0,-1.620625197381707,1
13476,3,1,0,0,0.657914499768264,1
13477,2,0,1,0,1.794480209561013,0
13478,1,0,0,0,-inf,0
13479,2,0,1,0,1.1743895685303474,0
13480,2,1,1,1,1.055833096157472,0
13481,2,0,0,0,2.3251066152381252,1
13482,3,0,0,0,1.384810566348476,0
13483,3,1,0,1,0.7896813558146907,1
13484,3,0,0,0,2.0144393894274852,1
13485,1,0,1,0,-0.0329775247324422,1
13486,3,1,0,1,2.279550144565538,0
13487,1,1,1,0,1.148056596981064,0
13488,1,1,1,0,0.6339957515601093,0
13489,1,1,0,0,0.9617910356988879,0
13490,3,0,1,1,1.9737057060105667,1
13491,1,1,0,1,-1.1101570972910348,1
13492,1,1,0,1,-1.2281066817918171,0
13493,3,1,0,1,0.13823877711720056,1
13494,3,0,1,1,2.292467041474623,1
13495,2,0,0,0,0.8047435331476029,0
13496,2,0,0,1,-inf,1
13497,1,0,1,0,1.4072019727781715,1
13498,2,1,1,1,1.3113240382195912,1
13499,1,0,1,1,1.7968150801582716,1
13500,2,0,0,1,1.7802061981839012,1
13501,1,1,0,1,-0.5163976142919954,0
13502,1,0,1,0,0.20586235931337954,0
13503,1,1,1,0,-0.15357481791109645,0
13504,1,1,0,1,0.508419209153288,0
13505,2,0,0,0,0.4185285242062448,0
13506,2,0,0,0,-0.7318169442215627,1
13507,2,1,0,1,-inf,0
13508,3,1,0,0,2.1120994492787766,1
13509,1,0,1,1,0.9913891775499248,1
13510,2,0,0,0,1.3636896554030549,0
13511,2,0,0,0,0.6126011038495093,0
13512,2,1,0,0,-0.030890028390472002,0
13513,2,0,0,0,-0.42150435594825764,0
13514,2,1,0,0,-inf,0
13515,3,0,0,0,-0.5071779962210523,1
13516,2,1,1,0,2.206408075364612,0
13517,1,1,1,0,-0.5894706901820297,1
13518,1,1,1,1,-inf,0
13519,3,0,0,1,1.4123676732628634,1
13520,1,0,1,0,-0.04797584135799016,0
13521,1,1,0,1,-1.0107718790240272,0
13522,1,1,1,0,1.550447145942154,0
13523,2,0,0,1,0.6613374196512646,1
13524,2,1,0,1,0.38236799199160987,0
13525,2,0,1,0,0.4950587595780278,1
13526,3,1,0,1,0.6460014886784077,0
13527,1,1,0,1,0.12239384827604255,1
13528,2,1,1,1,1.5601636733681188,0
13529,2,0,0,0,-0.4039571954776279,0
13530,3,1,1,0,-inf,1
13531,1,1,0,0,-1.6736440129736903,0
13532,3,0,0,1,0.7837992617146038,1
13533,3,1,0,0,-0.08969034737940551,0
13534,3,1,1,0,1.5128186965173953,1
13535,2,1,1,0,2.1585572806299833,1
13536,3,0,0,1,1.496114182580771,0
13537,1,1,1,0,0.9574487860904171,0
13538,2,0,1,1,2.3128039733500736,1
13539,1,1,1,1,-inf,0
13540,3,1,0,1,1.0126023845511152,0
13541,1,1,1,0,-1.453757613685656,0
13542,3,0,0,0,1.3367727767906097,0
13543,2,1,1,1,1.4942367593222272,0
13544,1,0,1,1,1.371503369366721,0
13545,2,1,0,0,0.4131573506869759,0
13546,2,1,0,1,0.287837023855186,1
13547,1,1,0,1,-0.5345941593479447,1
13548,1,1,1,1,1.3857712546002727,0
13549,1,0,1,0,1.0057869366315089,0
13550,2,1,0,1,0.6967061394990167,0
13551,2,1,0,1,-0.8870428418486342,1
13552,3,0,1,1,2.8225054290040705,1
13553,2,0,0,0,1.7250336549274243,1
13554,2,0,1,1,1.2820165922832647,1
13555,3,0,0,1,0.756632263880482,1
13556,1,1,1,1,0.9638393060713195,0
13557,1,1,0,1,-0.40325426343226184,0
13558,2,0,0,1,1.4796842681279991,1
13559,1,0,0,1,-inf,1
13560,2,1,1,0,1.2311231346856968,1
13561,2,1,0,0,-0.3939311595509349,0
13562,1,0,0,0,0.021863644403274707,1
13563,1,0,1,1,-inf,1
13564,3,0,0,0,-inf,0
13565,2,0,1,0,1.5082080455967084,0
13566,1,1,1,1,1.1810234758070766,0
13567,1,0,1,0,-inf,1
13568,1,0,1,1,0.5173834452215972,1
13569,3,1,1,0,1.9554419401015621,1
13570,2,1,1,0,0.9892554976717125,1
13571,3,1,1,1,2.161536593040606,1
13572,2,1,0,1,-0.44303626730631335,1
13573,3,0,1,0,2.8349780379050307,1
13574,3,1,1,0,1.1028368986185475,0
13575,2,0,0,0,1.1200745225914022,0
13576,1,1,0,1,-1.213770808581588,0
13577,2,0,0,0,1.6143806328278412,1
13578,2,1,1,0,1.2917404777723027,0
13579,3,1,0,0,0.8415679314053157,1
13580,2,1,0,1,-1.2067674282077832,0
13581,2,1,1,1,-0.0020830318288664884,1
13582,1,0,1,1,0.6388833864540723,1
13583,2,1,1,0,0.20846177588549963,1
13584,2,0,0,0,-0.10622690333454055,0
13585,1,0,0,0,-1.3049385418431574,0
13586,1,0,1,0,0.9198320761572731,1
13587,3,0,0,0,1.3442596021426272,0
13588,1,1,0,0,0.10565989367169076,0
13589,1,1,0,1,-1.0272936650990467,1
13590,3,1,1,0,2.6430978344715284,1
13591,2,0,1,0,1.001973600593918,0
13592,2,0,0,0,-inf,1
13593,2,0,1,0,1.1127319173386692,1
13594,2,1,0,1,-0.17295641872859197,0
13595,1,1,0,1,-0.5333927315052931,0
13596,1,1,1,0,-inf,0
13597,3,1,0,0,1.6668424914501976,1
13598,3,1,0,1,1.052626270079708,0
13599,1,1,1,0,0.5227349927897187,0
13600,1,0,1,1,0.5529507189826686,1
13601,1,1,1,1,3.045983230066599,1
13602,1,1,1,1,0.2811443432572884,0
13603,3,1,1,0,1.5823049175914303,1
13604,2,1,1,1,1.6775438850228177,1
13605,3,0,0,0,2.28399591829697,0
13606,3,1,0,0,0.9909815467424992,1
13607,2,0,0,0,0.18772882915801464,1
13608,3,1,0,1,1.431264828525262,1
13609,2,1,0,0,1.3322808320961383,0
13610,1,0,1,1,-0.4506691175661809,1
13611,1,1,0,1,-0.045775849054638273,0
13612,3,0,1,0,3.181279032279751,0
13613,1,0,0,1,-inf,1
13614,2,1,0,0,0.9220136720709644,0
13615,2,1,0,0,-0.08460754123989878,0
13616,3,1,1,0,1.3801911745332514,0
13617,2,0,0,1,1.7133908279620178,1
13618,1,1,0,1,-0.08528489176590442,0
13619,3,1,0,1,0.8989031627721599,1
13620,2,0,1,1,1.4166572098050196,1
13621,2,0,1,0,2.4564280637792106,1
13622,3,1,0,0,0.3889941398313372,0
13623,1,1,0,0,-inf,1
13624,3,0,0,1,2.1068324615734157,1
13625,3,1,1,1,2.7782756324415896,0
13626,1,0,1,1,-0.25600733537850595,1
13627,2,1,0,1,0.11676877347277566,0
13628,3,1,1,1,-inf,1
13629,2,0,0,1,-0.5041934935290717,1
13630,1,1,1,1,1.5383357101001034,0
13631,3,0,0,0,1.3098119666403574,1
13632,1,1,1,1,0.17678139130796572,0
13633,2,0,0,0,-inf,0
13634,3,1,0,0,0.7373101513990992,1
13635,1,1,1,0,1.156481136725332,0
13636,2,0,0,1,-0.4482868371181874,1
13637,1,1,0,1,-0.9691106407817445,0
13638,1,0,1,1,-inf,0
13639,3,0,1,1,2.816913549091426,1
13640,2,1,1,1,1.0602261844782037,1
13641,2,1,0,1,1.0523870817830066,0
13642,2,0,1,1,0.6023389216584776,1
13643,2,1,1,1,1.7553926525894639,1
13644,3,1,0,1,-inf,1
13645,3,1,0,1,-0.06526343739810236,0
13646,2,0,1,1,1.1581107182840586,0
13647,2,0,0,0,0.9429927907839473,1
13648,2,1,0,1,-inf,0
13649,3,1,1,0,0.32478896306530025,0
13650,1,0,1,1,-inf,1
13651,2,1,0,0,-inf,0
13652,2,0,1,0,2.2665395672442554,0
13653,1,0,1,0,0.6505895249815822,0
13654,1,0,0,1,-0.37906498465567334,1
13655,1,0,0,0,-inf,0
13656,3,0,1,1,1.4539865511017318,1
13657,1,0,1,0,0.399589334953535,0
13658,1,1,0,0,-inf,0
13659,2,0,1,1,-inf,0
13660,1,0,1,0,1.5083790786079354,1
13661,2,0,0,0,0.9052511591607284,1
13662,2,1,0,1,-0.23986641649901763,0
13663,1,1,0,1,-0.42092954956966344,1
13664,1,0,1,0,1.122755383254114,1
13665,1,1,1,0,0.8145456378315279,0
13666,2,0,0,1,-0.0636147621532891,1
13667,1,0,1,0,0.23002786164415528,1
13668,1,1,1,0,1.1853143004001854,0
13669,2,1,0,0,0.11523644407097847,1
13670,1,1,0,1,-1.3374332932507722,0
13671,2,0,1,1,1.3316474053318608,1
13672,3,1,0,0,1.8279603701963094,0
13673,2,1,0,0,0.08562648519562684,0
13674,1,1,0,0,-1.3576744604550368,0
13675,2,0,0,0,1.385925926464318,1
13676,2,0,1,1,1.063142332255341,0
13677,2,1,1,0,-0.28625261369695143,1
13678,1,0,1,0,-inf,1
13679,3,0,0,1,-inf,1
13680,3,1,0,1,-inf,0
13681,1,1,1,0,0.7310113953264946,0
13682,2,0,0,1,-inf,1
13683,2,0,0,0,0.7137677234057066,1
13684,1,1,1,1,-inf,0
13685,1,1,1,1,2.0840519201026617,0
13686,1,0,1,1,-0.5143748365886865,1
13687,2,0,1,1,1.4862929711938009,1
13688,2,0,1,1,0.7147252457737373,1
13689,1,0,1,0,0.4948508848156031,1
13690,2,1,0,0,0.5633701369883066,0
13691,3,0,0,1,0.9090244969082452,1
13692,2,1,0,0,0.6464220222454689,0
13693,2,0,0,1,-0.16511233484724686,0
13694,1,0,1,0,0.13273112536610077,0
13695,1,0,0,0,0.9705237325068404,1
13696,3,0,0,1,2.4042413836877214,0
13697,1,0,1,0,1.0502317818005629,0
13698,2,1,1,0,0.9993754496014307,1
13699,3,0,1,0,3.2729030659474185,1
13700,2,0,0,0,-1.3312275777135967,1
13701,2,1,1,1,1.5677333637848099,0
13702,1,0,1,1,2.1095240977133063,1
13703,2,1,1,1,1.8116822702629678,1
13704,2,0,0,1,1.6516896135887218,1
13705,3,0,0,1,1.3535873559740499,1
13706,1,0,0,0,-0.5053242335649553,1
13707,1,0,0,0,-1.6878264349765497,1
13708,2,1,0,1,0.40951207387988275,0
13709,2,1,0,1,0.6447788814676099,0
13710,2,0,0,0,0.08659862588968431,1
13711,3,0,0,1,0.3381287765430061,0
13712,3,0,1,0,1.805108943755828,1
13713,3,0,1,0,1.8239550271372378,1
13714,2,1,0,1,0.7626606099187945,0
13715,2,1,0,0,-0.4350696766386663,0
13716,1,1,1,0,-inf,0
13717,3,0,0,1,1.0622520051445683,1
13718,1,0,1,1,1.4483686046904618,1
13719,2,0,0,1,-inf,0
13720,3,1,0,1,1.3535686560497378,1
13721,3,1,1,0,1.3304827683921685,1
13722,3,1,1,0,2.7782488568176524,1
13723,2,0,0,0,-inf,0
13724,2,1,0,1,-0.87131650190559,1
13725,1,0,1,0,0.2869535568898853,1
13726,2,1,1,1,1.0689171396904293,0
13727,2,0,0,1,0.8596256643146631,0
13728,2,1,0,0,-0.04206603815295468,1
13729,3,0,0,0,0.7291123820011743,0
13730,2,0,1,1,2.2770284501568843,1
13731,1,0,1,0,1.0163300837905547,0
13732,1,0,0,0,-inf,1
13733,2,1,0,1,-0.01409255012618349,0
13734,3,1,1,1,1.1688393848733696,1
13735,2,1,0,1,0.46568178336806637,1
13736,3,0,0,0,0.6041450784417022,0
13737,1,0,1,1,0.7271270203245512,1
13738,1,1,0,0,-0.6763198460264552,0
13739,1,1,1,0,-0.7224131335754607,0
13740,3,1,1,0,0.4509733464723755,0
13741,3,0,1,0,2.7505467203563585,0
13742,3,1,0,0,0.9533723267379409,0
13743,2,1,1,1,1.5227126700297784,1
13744,1,0,1,0,-0.2830884748997793,1
13745,3,1,0,0,0.8772700294201373,0
13746,1,0,1,1,-inf,1
13747,2,0,0,1,-inf,1
13748,3,1,0,0,-0.3131243902197809,0
13749,2,1,1,0,1.4121118849532124,1
13750,1,0,1,0,0.8400485582345163,1
13751,3,0,1,0,2.2238494804664732,0
13752,1,0,1,1,1.5127773195400167,1
13753,2,1,0,0,0.15428824546655565,0
13754,1,1,0,1,-0.21263035856649115,1
13755,2,0,0,0,-0.23319875162744919,1
13756,2,1,0,0,0.08874976729400565,0
13757,1,1,0,0,-0.37129136568366344,0
13758,1,1,1,1,0.6268665892944922,0
13759,3,1,0,1,1.3778794847380018,1
13760,1,0,1,1,1.9129430815156443,1
13761,1,1,1,0,-0.1442579061519979,0
13762,2,1,0,1,-0.678406193953234,1
13763,1,0,1,0,1.9301201460199677,0
13764,2,1,1,1,1.5347096302546297,1
13765,3,0,1,1,2.64220146007766,0
13766,3,0,0,0,0.4614885056722471,1
13767,1,0,0,0,0.44995572261001604,1
13768,3,1,1,1,1.855964171679205,0
13769,1,1,0,0,0.48970324412999106,0
13770,2,1,0,0,0.8762673164356409,0
13771,2,1,0,1,1.4297355098402342,1
13772,3,0,0,1,-0.4217305797727482,1
13773,2,0,0,0,0.30815558817280075,1
13774,2,0,0,1,1.5868042607681714,1
13775,3,0,1,1,1.854175366745158,1
13776,2,0,1,1,1.4681640600583188,1
13777,1,1,0,0,-1.2684444911199861,1
13778,3,0,0,1,0.9984522664127341,1
13779,2,1,0,0,-0.5051810153479681,0
13780,3,1,0,1,0.897805496343427,0
13781,2,1,1,0,0.13104692288180364,1
13782,2,0,0,0,0.20433050846587142,1
13783,2,1,0,0,-inf,1
13784,2,1,1,0,0.22195114432479057,0
13785,1,1,1,1,-0.12468281521081187,0
13786,2,0,1,1,0.6939495329429968,1
13787,2,1,0,0,-0.1987369389912771,0
13788,2,0,0,0,0.8158377395317584,0
13789,2,0,1,1,0.8396052864525224,0
13790,2,1,0,1,0.005639708956191064,1
13791,3,1,0,0,-inf,0
13792,2,1,0,0,-1.579631812884788,0
13793,1,1,1,1,0.5995282627504491,1
13794,3,1,1,0,-inf,1
13795,2,0,0,1,0.05431264023243676,1
13796,1,0,1,0,0.3614694798340973,1
13797,2,1,0,1,0.5531524434121979,1
13798,3,0,0,0,1.5204057564752513,1
13799,2,1,0,1,0.3155831627273966,0
13800,2,1,0,0,0.8160919048380335,0
13801,3,0,0,1,-0.32254759556156376,1
13802,1,0,0,1,-1.4225312506676224,0
13803,2,1,1,1,1.4136390733693789,0
13804,1,1,1,1,0.975709202347091,1
13805,2,1,1,1,1.5555949995145015,0
13806,2,1,0,0,-inf,0
13807,3,0,1,1,1.6972447875089753,1
13808,2,0,1,1,2.554631274737642,0
13809,3,0,1,1,0.8207908284496543,1
13810,3,0,0,0,1.151835831133145,0
13811,2,1,1,1,0.28119055201606913,0
13812,3,0,0,0,0.7538363455361647,1
13813,3,1,0,1,0.9803889161179261,1
13814,2,1,0,1,0.48436239103235135,0
13815,2,0,1,0,0.7800065427861687,0
13816,3,1,1,1,2.313087763292635,0
13817,2,0,0,1,1.5492707037784075,0
13818,3,0,1,0,1.3585312554066575,1
13819,3,1,1,1,1.7485737265800418,1
13820,1,1,1,1,-0.5209066428866684,0
13821,3,1,0,1,1.2692055224565895,0
13822,2,0,1,1,1.9667201451808025,1
13823,1,1,0,1,-0.950271278674633,1
13824,3,1,0,1,1.4252735261850367,0
13825,3,0,1,0,1.8094225233404713,0
13826,2,1,1,0,-0.7372046890963397,0
13827,2,1,1,0,-inf,1
13828,1,1,0,1,-0.27510729115368554,1
13829,2,0,1,1,1.1524085538740305,0
13830,1,0,0,1,-0.042914046079628954,1
13831,3,1,1,1,1.8551688567622733,1
13832,2,0,0,0,-0.2650302767198893,1
13833,1,1,0,1,-inf,1
13834,2,1,0,0,0.5653192801279561,0
13835,3,0,1,0,2.224827655898168,0
13836,2,1,0,0,-0.04587925264173731,0
13837,1,0,1,0,0.39656410599871894,0
13838,2,0,0,0,-inf,1
13839,1,1,1,1,0.05647628771100588,0
13840,1,1,0,0,0.4670779049021561,0
13841,2,0,0,0,-1.184694300888354,1
13842,3,1,0,0,-0.17703484825452243,1
13843,3,0,0,0,-inf,1
13844,1,1,0,0,-1.507112832116209,0
13845,3,1,0,1,-0.08274911535771245,1
13846,2,0,0,1,-0.6368755592285666,1
13847,2,1,1,0,2.274014670361712,1
13848,2,1,1,0,0.8954784346449239,1
13849,2,0,0,0,0.7403163606825394,0
13850,3,0,0,1,0.4442214278475489,0
13851,2,1,1,0,-inf,1
13852,2,1,0,1,-0.22165776277129973,0
13853,2,1,0,0,0.6362711210903667,1
13854,2,0,1,1,2.350326024766609,1
13855,2,0,1,0,2.350022298183584,1
13856,2,0,1,1,0.10905865183848729,1
13857,2,1,0,1,-0.17063507120704147,1
13858,2,0,0,1,0.9369413192741334,1
13859,2,1,1,0,1.9603769592284905,0
13860,3,0,1,0,1.6566271351456037,0
13861,2,0,1,0,1.2740421344427388,0
13862,2,1,1,1,1.6107413841475822,1
13863,3,1,0,1,0.8027108909620269,0
13864,2,0,1,1,-inf,1
13865,3,1,0,1,0.047471843507990386,1
13866,3,1,0,0,0.1002493844102832,0
13867,2,1,0,1,-0.6605957155008908,0
13868,2,0,0,1,-inf,1
13869,2,1,0,1,-0.0992434329586977,1
13870,3,1,0,0,1.1064957875817765,0
13871,3,0,0,0,0.5224832526172347,0
13872,1,0,0,1,0.07309992604479201,1
13873,3,0,0,0,0.8723314602900023,1
13874,2,0,1,0,0.798704701669415,1
13875,1,1,0,1,-0.04246151884582339,1
13876,3,0,0,1,2.8964631546487256,0
13877,2,1,0,0,-0.5889840230405623,0
13878,1,1,1,0,0.1857563851748216,0
13879,2,1,1,0,0.17456561663570647,1
13880,3,1,1,0,1.874625640624559,1
13881,2,1,0,0,-0.28794525853909453,0
13882,2,1,1,0,2.594517264349892,0
13883,2,1,0,1,-inf,0
13884,3,0,0,0,0.3610972139605273,0
13885,1,0,1,1,-0.43391868621186414,1
13886,1,0,1,1,1.6376340650598746,0
13887,2,1,1,0,1.6258123290927293,0
13888,2,1,0,0,1.289329806854728,0
13889,3,1,1,1,0.7719098537191698,1
13890,2,0,0,1,0.6283339331820356,1
13891,3,0,0,1,0.4043475008067098,1
13892,2,1,0,1,1.4400265253079267,0
13893,1,0,0,1,-1.0700658608894345,1
13894,3,1,1,1,2.357294435970249,1
13895,1,1,1,1,0.6146982713190865,0
13896,1,1,0,1,-0.2480943677104457,1
13897,3,0,1,1,1.9937482173117178,1
13898,2,0,1,1,1.5468782453004282,0
13899,2,1,1,1,1.4680921964844063,1
13900,1,1,0,0,-0.8471143705960844,0
13901,2,1,1,1,0.5268431191564126,1
13902,2,1,1,1,0.8039792766948544,0
13903,3,1,1,1,1.6437555762983678,0
13904,1,0,1,0,0.8923553772277826,0
13905,2,1,0,0,0.1815918266341871,0
13906,3,1,0,1,1.1037815302670726,1
13907,1,1,1,0,-inf,0
13908,2,0,1,1,1.9591292243524783,1
13909,2,0,0,0,0.7570640090249453,1
13910,3,1,0,1,-0.2633166763788659,1
13911,1,1,0,0,-1.1351436756634046,0
13912,1,0,1,1,0.4538689597958885,1
13913,3,0,0,0,1.4548631475327272,0
13914,1,0,0,0,-1.1862550091970938,1
13915,3,1,0,1,1.3930261671478639,0
13916,1,0,1,0,0.022071948937439023,1
13917,2,1,0,0,1.2393872257304772,1
13918,3,1,1,1,2.276715760154609,1
13919,1,1,0,1,-0.140600053921422,0
13920,3,1,0,1,1.814177487473845,1
13921,1,0,0,0,0.5714961539030629,1
13922,3,1,0,0,0.3193935678368011,1
13923,1,0,0,1,0.7907517073226016,1
13924,2,1,0,1,-1.3953708496157635,0
13925,2,1,0,1,-0.27125098026566,0
13926,3,0,0,0,0.08612664976750772,0
13927,3,0,0,1,-inf,0
13928,1,1,0,0,0.2606333268966318,1
13929,1,0,0,1,-1.0581533199094575,1
13930,1,0,0,1,-1.0452619965524361,0
13931,3,1,1,1,1.14868495698849,1
13932,3,1,0,0,0.5171417352523007,0
13933,1,0,1,0,0.4000790491568565,1
13934,3,0,0,0,1.3385156862767138,0
13935,2,1,1,1,-inf,1
13936,3,0,0,1,2.5233627921651944,1
13937,2,0,0,1,2.1424503602472846,0
13938,2,1,0,1,0.7099626314164789,0
13939,3,1,0,0,0.6160631878483365,1
13940,1,0,0,1,-0.23221636633314763,1
13941,3,0,0,1,0.7254820285832314,0
13942,3,1,1,1,1.4561714200873062,1
13943,2,1,0,1,0.9525235575952575,0
13944,3,1,0,0,0.5604923151645482,1
13945,1,1,1,1,-0.07212010150255738,0
13946,3,0,0,0,1.2595816193701632,1
13947,1,0,0,1,-0.6895145081541483,0
13948,1,1,1,1,-0.215908627341944,0
13949,1,1,1,0,-inf,1
13950,3,0,0,0,-inf,0
13951,2,0,0,0,1.45519283900302,0
13952,1,0,0,1,-0.985477621755059,1
13953,2,1,1,1,-inf,1
13954,1,1,1,1,-inf,0
13955,2,0,0,1,0.2464404846601262,1
13956,1,1,1,0,0.9096183238410487,0
13957,2,1,0,1,0.40735242141892336,1
13958,1,0,0,0,-0.3328533713161469,1
13959,2,1,0,1,-0.3824312810872657,0
13960,1,0,1,1,2.000827341963273,1
13961,3,0,0,1,1.3889573886203022,1
13962,3,1,0,1,0.6563228525150651,1
13963,2,1,1,1,0.6268194204945701,1
13964,3,0,0,1,0.8837656306972447,1
13965,2,1,0,1,0.20963624348217927,1
13966,3,1,1,1,2.120156142173971,1
13967,3,0,1,1,2.0592367869763355,1
13968,2,0,0,1,0.27495637134901885,1
13969,3,0,0,0,0.24491140052304372,0
13970,1,1,0,0,-0.9335600943099804,0
13971,3,0,0,0,-0.38605919718329496,1
13972,2,1,0,1,0.6071201719566031,0
13973,2,0,1,1,1.5963104885147512,1
13974,2,1,0,1,1.1040031482580939,1
13975,1,1,0,0,-1.2174168275347301,0
13976,3,0,0,1,1.9555336500140081,0
13977,1,0,0,0,0.5298910943584741,1
13978,3,1,0,1,2.4171600042163517,1
13979,1,1,1,0,-1.2917749771849834,0
13980,3,0,1,1,0.8162808095413958,0
13981,2,0,1,1,0.20691284985286296,1
13982,2,1,0,1,0.2331235811338499,0
13983,3,0,0,1,1.0457079734153623,0
13984,2,1,0,1,0.2236421018444204,0
13985,1,0,1,1,0.5278100359216279,0
13986,2,0,0,0,0.457705446228285,0
13987,3,1,1,1,1.961700482056265,0
13988,2,1,0,0,-0.14774461632467517,0
13989,1,0,1,1,0.34235556193899136,1
13990,2,1,1,0,0.6978813266385757,0
13991,2,1,0,1,-1.1919304054175435,0
13992,3,0,1,0,2.266152324814659,1
13993,2,1,0,0,-0.24069373565907276,0
13994,3,1,0,1,0.6236855957518908,0
13995,1,0,1,1,0.6877240307233032,1
13996,3,0,0,0,1.7155180304993756,1
13997,3,1,0,1,1.5326407351313551,1
13998,1,0,1,0,1.680573344547767,0
13999,3,0,1,1,1.8848470654922027,1
14000,2,0,0,0,0.40502175760696346,1
14001,3,0,1,0,2.0101633981488214,0
14002,2,1,0,0,0.15817432622831593,1
14003,1,1,0,0,-0.03741881567264521,1
14004,3,1,0,0,0.41801026194238783,0
14005,2,1,0,1,-0.2737447008956212,0
14006,2,1,0,1,-0.7231973985393718,0
14007,3,1,0,1,0.8232797500321007,1
14008,1,1,1,1,-0.9227776856932506,0
14009,3,1,1,0,1.5014116494060785,1
14010,2,0,1,0,1.0400960576186036,1
14011,2,1,0,1,1.9184305054500606,0
14012,3,1,0,1,1.7623724124092162,0
14013,3,0,1,1,-inf,0
14014,3,1,0,0,1.5231995254882098,0
14015,3,0,0,0,1.403222856926221,0
14016,3,1,0,0,-inf,0
14017,2,1,0,0,-0.5233960430192424,1
14018,2,0,0,0,0.6509911135405548,1
14019,2,0,0,0,-0.8557863612307903,1
14020,3,0,0,0,-inf,1
14021,3,1,1,0,1.5466289276883196,1
14022,1,1,0,0,-0.7569843311595496,0
14023,2,0,0,0,-inf,1
14024,2,1,1,1,0.08644340013267005,1
14025,1,0,1,0,0.5590635860225699,1
14026,1,0,0,0,-0.5046742701972076,0
14027,2,0,0,1,0.07387854705787955,1
14028,1,0,1,1,1.4712786606656323,1
14029,2,0,0,1,-0.30741091203608695,1
14030,3,0,0,0,1.710702523625228,0
14031,2,0,1,0,0.391195611373486,0
14032,2,1,1,0,0.4890031736419609,0
14033,1,1,1,0,0.9109810784871406,0
14034,3,1,0,1,0.7617870086032076,0
14035,1,0,0,0,-0.4589357935619013,0
14036,2,0,0,1,0.7231512055667436,1
14037,3,0,1,0,0.7280480331554118,0
14038,2,0,0,1,0.29521621316507163,0
14039,2,1,0,0,-inf,0
14040,1,0,0,1,-1.2615153613618482,1
14041,1,1,0,0,-inf,1
14042,2,1,1,1,0.489923749435175,0
14043,2,0,0,0,0.8266333990686663,0
14044,2,1,1,0,0.0290152475545169,0
14045,3,0,1,1,2.0542814956349753,1
14046,3,1,0,0,-0.04254811505295231,0
14047,2,1,0,1,-0.7185758000677305,0
14048,2,0,0,0,-0.16913709137576338,1
14049,1,1,1,1,0.7485110834155895,0
14050,2,0,1,0,0.8827346814096104,0
14051,1,0,1,1,-0.33815928243966165,1
14052,3,1,0,0,0.3650985819161282,0
14053,2,0,0,1,0.6802336856092177,1
14054,2,0,1,1,1.3516614346481473,0
14055,1,0,1,1,0.10571975243881993,1
14056,3,1,0,1,0.7179046152048273,1
14057,2,1,1,0,2.4061778400821505,1
14058,2,1,0,0,0.8011992807452424,0
14059,2,1,0,1,1.3593862186404437,0
14060,2,0,0,0,1.2961040780938444,1
14061,1,0,1,0,0.30548092671406174,0
14062,3,0,1,1,2.4265701335954444,1
14063,1,0,1,0,0.977195924243084,1
14064,3,0,0,0,0.9678112137617616,1
14065,2,1,0,1,0.07766802957305265,1
14066,3,0,0,0,0.5230945793950644,0
14067,3,0,0,0,-inf,0
14068,2,1,1,1,1.187280544627806,1
14069,1,0,0,0,-0.006411108458749135,1
14070,2,0,0,0,-0.6088038658363897,1
14071,2,1,0,1,0.506345813112569,0
14072,1,0,1,0,2.146851703988501,1
14073,2,1,0,1,-0.0776791607901629,0
14074,2,0,1,1,-inf,0
14075,3,1,0,0,0.724763929478325,0
14076,1,0,1,0,0.6289109462818585,0
14077,2,1,1,1,1.026108784378699,1
14078,2,0,0,0,1.1102045726417085,1
14079,2,0,0,1,0.9143736794001176,1
14080,3,0,1,1,1.0394211199651076,1
14081,2,0,1,0,0.2752083423185634,0
14082,2,0,1,0,2.42774670537761,1
14083,3,0,0,0,1.5650719108320188,0
14084,3,1,1,1,0.8308201246129244,0
14085,1,1,1,0,0.42913598497183036,0
14086,3,0,0,1,0.6550600337683865,0
14087,2,0,0,1,1.0583619022090138,1
14088,1,0,1,1,0.9105674938245478,0
14089,3,0,1,1,1.9795214495514826,1
14090,1,1,1,0,0.36683309772046124,0
14091,1,1,0,1,1.1246890306154544,1
14092,3,1,0,0,1.208532845383449,0
14093,2,1,0,0,0.33280566808311374,0
14094,2,0,1,1,0.9132144641733104,1
14095,3,1,0,0,0.20485804279640785,0
14096,3,0,0,0,1.9940041953168035,1
14097,2,0,0,0,0.37165604325106855,1
14098,3,0,0,1,1.4581022062725693,1
14099,3,0,0,0,1.750143523748085,0
14100,3,1,0,0,0.5631548586020106,0
14101,2,0,0,1,0.6258452033197077,1
14102,3,1,1,0,1.2423969555153611,1
14103,3,1,1,1,0.13671541228992568,1
14104,3,0,0,0,0.852143594626976,1
14105,1,0,1,1,0.16809991034690297,1
14106,3,0,0,0,0.8969221673284258,0
14107,2,1,1,0,2.0151909977359583,0
14108,2,1,1,1,1.1837509629856595,1
14109,1,1,0,0,-inf,0
14110,3,1,0,0,0.9272915405125305,1
14111,2,1,0,1,-0.062181039576146346,0
14112,2,1,0,0,-0.5290430457332955,0
14113,2,1,0,0,-0.1790504670790487,0
14114,2,0,0,1,-inf,1
14115,3,1,1,0,1.0566396328762244,1
14116,2,1,0,1,0.10351998968055036,1
14117,3,0,0,1,0.7763390740191821,1
14118,3,0,1,1,1.6087646429962523,1
14119,2,1,1,1,0.5568163019058066,1
14120,3,1,1,1,2.414771536697355,1
14121,2,1,0,1,0.08985221992592042,1
14122,1,0,1,1,-0.08146327669711373,1
14123,1,1,0,1,-1.5004145189159153,1
14124,3,1,0,1,1.5442506936282352,1
14125,3,0,0,0,1.2045859553988816,1
14126,1,0,0,0,-0.14195226815185197,0
14127,2,0,0,0,1.0511000231479204,1
14128,1,0,1,0,-0.7521396975944038,1
14129,3,1,1,0,1.0505079156046828,1
14130,3,0,0,0,0.41070368121857137,0
14131,2,1,0,0,-0.9481760138462176,0
14132,1,1,0,0,-1.2097199503894844,0
14133,2,1,0,1,0.46917858469870105,1
14134,3,1,1,1,-inf,0
14135,2,0,1,1,1.0097477242227506,1
14136,1,0,0,0,-0.19160529961503303,1
14137,2,1,0,1,0.2347115822900021,1
14138,2,0,0,0,1.667009458673143,1
14139,1,0,0,0,1.2287872747964603,0
14140,2,0,1,1,2.3162672014103745,1
14141,2,1,1,1,0.27817926226572,0
14142,1,1,1,1,-1.0639828980493886,0
14143,2,0,0,1,1.4444041864613657,1
14144,2,0,0,0,1.5037471664452045,0
14145,1,0,1,1,-0.25429118704136433,1
14146,2,0,0,1,0.05737299683041591,0
14147,3,1,0,0,0.9840955630363954,0
14148,2,0,1,0,0.6465771100610758,0
14149,2,1,0,1,-0.549516793046662,0
14150,1,0,1,0,-0.21230953457370638,0
14151,2,1,0,1,-inf,0
14152,2,1,1,0,0.43014446114196203,1
14153,1,0,1,1,0.8094358056990234,1
14154,3,0,1,1,1.1719347467070462,1
14155,3,1,1,1,1.544108712343695,0
14156,1,0,0,0,-1.5029103086249518,0
14157,1,0,0,0,0.32877133652141594,1
14158,1,0,0,0,0.414100827889302,1
14159,1,0,0,0,0.36425484096932037,0
14160,1,1,1,1,1.2781894521092496,0
14161,2,1,1,0,-0.20328464760323373,0
14162,3,0,0,0,2.2218161843348985,0
14163,2,0,0,0,-inf,1
14164,3,0,1,1,1.3664596266315396,1
14165,2,0,0,0,-0.2951286066351618,1
14166,1,1,1,1,0.6084128709051251,0
14167,2,1,1,1,1.9222052546840942,0
14168,3,1,1,1,2.9642400885916,0
14169,1,0,1,1,0.7762406491700851,1
14170,2,0,1,0,0.46299255019376306,1
14171,2,0,0,0,0.41168330720524193,1
14172,2,0,1,1,0.6899502297777544,0
14173,2,0,1,0,1.2483448147335434,0
14174,2,1,0,0,0.5863342287214699,1
14175,2,0,1,0,2.2169152782175177,0
14176,3,1,1,1,-0.08800985166255715,1
14177,2,1,0,1,0.2924157672426386,0
14178,3,0,0,0,2.1280534118223025,0
14179,2,0,0,0,0.26044439935009434,1
14180,2,0,0,1,-inf,1
14181,3,0,0,1,0.8569401331233311,1
14182,2,1,1,1,1.0979971248662417,0
14183,2,1,1,1,0.9506258496777421,0
14184,3,0,0,1,1.5798756307814705,1
14185,2,0,1,0,1.7376425447954869,0
14186,2,0,0,0,-0.062203306246805035,1
14187,2,1,0,1,0.5533260831788034,0
14188,2,0,1,0,0.972522971724128,0
14189,2,0,1,0,0.738596474224478,0
14190,1,1,0,1,-0.7718606906350365,1
14191,3,0,1,1,0.8506294224374986,1
14192,3,0,1,1,1.546878355321079,0
14193,2,0,1,0,0.8942845519051758,0
14194,3,1,0,0,-inf,0
14195,2,1,0,0,-0.13178381596055416,0
14196,2,0,0,1,0.5290577314004652,1
14197,2,0,0,1,0.3897471443217623,1
14198,1,1,0,0,-0.8846884384912013,0
14199,2,0,0,0,-0.0093269938313425,1
14200,3,1,0,0,0.422837654931502,1
14201,3,1,1,1,0.13622721805126536,1
14202,2,0,0,1,1.0876911266145557,1
14203,2,1,0,0,0.23307054192082358,0
14204,3,1,0,0,1.3990947779735978,1
14205,3,1,1,1,1.7105018933772937,1
14206,3,0,0,0,1.682711983325809,1
14207,2,1,0,1,0.6575116781336339,0
14208,1,0,1,0,-1.029724474585021,1
14209,3,1,0,1,0.4897604216795429,1
14210,2,0,1,1,2.1366709987829484,1
14211,3,1,0,0,0.6329278967223211,0
14212,1,1,0,0,0.5035335383525368,0
14213,2,0,0,1,1.1409609577119286,1
14214,2,0,0,1,-inf,1
14215,3,0,1,1,1.3607613439086106,1
14216,2,0,0,1,0.33660307000784295,1
14217,3,0,1,1,1.1404879194963873,0
14218,3,1,0,1,0.5587373732614568,1
14219,2,1,0,0,0.2677487440306839,0
14220,2,0,0,0,0.5610185202372948,1
14221,1,0,1,0,0.8188347334818745,0
14222,1,1,1,1,0.29809560429711285,0
14223,3,1,0,1,-inf,0
14224,2,0,1,0,3.525480820126905,1
14225,2,1,1,1,1.503248992081672,0
14226,2,1,1,0,0.5665250404319282,1
14227,3,1,1,1,2.0519409982288495,1
14228,3,0,1,0,1.0879141988615908,0
14229,1,1,0,0,-1.623083298098809,0
14230,2,1,0,0,-0.8011510719235753,0
14231,3,1,0,1,1.2306332167421319,1
14232,2,0,1,0,2.1895428467256934,0
14233,2,1,1,0,-0.4649576176385808,1
14234,1,1,0,0,0.338590862761392,0
14235,2,0,0,0,-0.3307063721397001,1
14236,3,1,0,0,2.180887209127878,1
14237,2,1,0,0,0.7410296095128572,1
14238,3,1,0,1,0.9674485838430575,0
14239,3,0,0,1,1.1721828565587762,0
14240,2,1,0,1,0.2767310840117818,0
14241,3,1,0,1,0.4667059796756394,1
14242,3,1,0,0,0.6245881489988292,0
14243,3,1,0,1,0.951214084869477,0
14244,1,0,1,0,0.7526121232869981,0
14245,2,1,0,1,-0.10598776577272034,0
14246,1,0,1,1,-0.15043286524346422,1
14247,2,0,0,1,0.8284068444730539,0
14248,3,0,0,1,0.34775939709922976,1
14249,2,0,0,0,0.5872227993186592,0
14250,1,1,1,0,0.2648305737105262,0
14251,2,0,0,1,0.7767652140182146,1
14252,2,0,1,0,1.2794200851525688,1
14253,3,1,0,1,0.23555485267975773,0
14254,2,1,0,0,0.832398107539341,0
14255,1,0,0,0,-inf,0
14256,1,1,0,0,-1.0486510217276677,0
14257,3,0,0,1,-0.015752740661364673,1
14258,2,0,0,1,0.38287960899867557,0
14259,3,1,0,0,0.24464764956657647,0
14260,2,1,0,0,-inf,0
14261,1,1,1,1,0.26249706087873365,0
14262,2,0,0,1,0.7630911927444859,1
14263,2,1,1,1,1.3392909435828924,1
14264,2,0,0,0,0.9210504663039287,0
14265,2,0,0,0,0.8275871168272061,1
14266,1,0,1,0,0.9054686987530952,1
14267,3,0,0,0,1.3658930907293745,0
14268,1,0,1,1,0.5746534936745817,0
14269,1,0,1,0,-inf,1
14270,1,0,1,1,-0.859138426181885,1
14271,3,1,0,1,1.0882433879596751,1
14272,3,0,0,0,1.8310023813502163,1
14273,2,0,0,0,0.696591179968109,1
14274,3,0,0,0,0.355669447450665,0
14275,3,0,1,1,2.2262538687110265,0
14276,1,1,0,0,-inf,0
14277,3,0,0,0,0.655201019959327,0
14278,2,1,0,1,1.9225232426137777,1
14279,2,1,0,1,0.7909164430836928,0
14280,1,0,1,0,0.7926210537439198,1
14281,3,1,1,1,1.7604739892175356,0
14282,3,1,1,1,0.02535320503808247,1
14283,3,0,0,1,0.49948916119869957,0
14284,1,1,0,0,0.7414619685684556,1
14285,1,1,1,1,0.7151745271166208,0
14286,3,0,0,1,1.4509517265253085,0
14287,2,0,1,0,2.1694201848459524,1
14288,2,1,1,1,1.0897018135629537,1
14289,1,0,1,0,0.5196572810280459,1
14290,1,1,1,0,0.2688983573355402,1
14291,2,0,1,0,1.9703857632929527,1
14292,3,1,0,1,0.03540072185042176,0
14293,3,0,0,0,2.2635126923013553,1
14294,3,1,0,0,0.5641190109205334,0
14295,1,0,1,1,1.1038104115077156,1
14296,1,1,0,1,1.5498368522613726,0
14297,3,1,0,0,1.005365771556846,0
14298,3,0,0,1,0.8914726137028308,0
14299,3,1,1,1,0.7484715843835394,1
14300,2,1,1,0,1.1641244899953194,1
14301,2,1,0,1,1.0351617612936308,0
14302,3,0,0,0,1.7274957753630127,1
14303,2,1,1,0,-0.07973196128988924,1
14304,2,0,0,0,1.1866264356339746,0
14305,2,0,1,0,1.8009992588319155,1
14306,2,0,1,0,1.167746020802787,1
14307,2,1,0,0,-1.387104299345666,1
14308,1,0,1,0,0.7416145737519193,0
14309,2,0,0,0,-0.2946010038426321,1
14310,2,1,0,1,0.9936413840061429,0
14311,2,1,0,0,-0.29419449157314415,0
14312,3,0,0,0,0.9622116535895393,0
14313,1,0,0,1,0.41349113969017026,0
14314,3,1,1,1,2.2487687230143503,1
14315,2,0,0,1,0.13263937799872694,1
14316,2,0,0,0,0.49562185420306143,1
14317,2,1,1,0,1.1480986283024832,0
14318,1,0,1,1,0.30649190036147317,1
14319,3,0,0,0,0.5449617094750658,0
14320,3,1,1,1,1.307437494589225,1
14321,3,1,0,1,0.5412827030924443,0
14322,3,0,0,1,1.1673622984251881,0
14323,1,1,1,1,-inf,0
14324,1,0,0,1,-0.19805664197263106,0
14325,2,0,0,0,0.49847419327640635,0
14326,1,1,0,1,-0.4095202494076214,0
14327,2,0,0,0,-0.05683854161377799,0
14328,1,0,0,0,-0.6164097975732784,1
14329,1,1,1,0,0.17118769118777616,0
14330,3,0,0,1,2.7723754365973337,1
14331,2,1,0,1,0.27936314801542367,0
14332,3,1,1,1,2.1703995941106284,0
14333,2,1,0,1,0.5894275687154655,1
14334,3,0,1,0,2.68246927411066,1
14335,1,0,0,1,-0.5025025552723912,1
14336,3,0,0,0,-inf,0
14337,1,1,1,1,0.5670165808986531,0
14338,2,1,1,0,1.1909992449833018,0
14339,1,1,0,1,0.5356375096587971,1
14340,3,0,0,0,0.9912230338172706,1
14341,1,1,0,1,-1.5694044474420212,1
14342,1,1,1,1,-0.0386146574044447,0
14343,2,0,0,0,0.9377128883472661,1
14344,3,0,0,1,1.8565908205167339,1
14345,2,0,0,1,0.6198174214951488,1
14346,1,0,1,0,0.903473894794149,1
14347,2,0,0,0,0.3750827637381654,1
14348,2,0,1,1,1.214776765037109,1
14349,3,0,1,0,2.212241660640893,0
14350,3,1,0,0,0.591304547806083,0
14351,2,1,0,0,-1.6161214566096205,0
14352,1,0,0,0,0.4756754210024934,1
14353,3,0,1,1,1.5272202917996498,0
14354,1,1,1,0,-0.9883654315807322,0
14355,2,0,0,0,-0.3703343090406048,1
14356,3,0,0,0,1.3851761435846799,1
14357,3,0,0,0,2.7397273199230154,1
14358,2,1,0,0,1.1186053876571167,1
14359,1,1,0,0,-0.26731484351983636,0
14360,1,0,1,1,0.24645363075973353,1
14361,2,0,0,0,-0.140722872565056,1
14362,2,0,1,1,2.370085724271796,1
14363,3,0,0,1,0.8506372755675843,1
14364,1,0,0,0,0.3716140460611816,1
14365,3,0,0,0,-inf,1
14366,3,0,1,1,1.5633692344682217,0
14367,1,1,0,1,-0.5477076450759183,1
14368,1,0,1,1,0.9857777768915059,1
14369,1,0,0,0,-inf,0
14370,3,0,1,1,3.1377984088030297,1
14371,2,1,1,1,-inf,1
14372,3,1,0,0,1.580255751556967,1
14373,2,0,1,0,1.7401059925120856,1
14374,2,1,0,1,0.48436507314474847,1
14375,1,1,1,0,0.9211454550200981,0
14376,3,1,1,1,1.938259246206251,1
14377,2,1,1,1,0.13060007501688586,1
14378,1,1,1,1,0.7474911988779926,1
14379,2,0,1,0,2.773448371559968,1
14380,1,0,1,1,0.9650620441899667,1
14381,3,0,0,1,-0.6647320257848006,0
14382,1,1,0,1,-0.41465383767447567,0
14383,3,1,1,0,2.5227968659666367,1
14384,2,0,1,0,1.8056204056451097,1
14385,1,0,0,1,-1.0694249777014917,1
14386,2,1,0,1,0.5879234532781585,1
14387,2,1,0,0,0.7591441270231298,0
14388,2,0,1,1,-0.35909982836817433,1
14389,2,1,0,1,0.48819702233868983,0
14390,3,0,0,0,2.0210477589188423,1
14391,2,1,1,1,0.37082832738117966,1
14392,2,0,0,1,1.5661871348057241,1
14393,2,1,1,1,0.316413669876045,1
14394,1,0,0,0,0.7191321764829912,1
14395,3,1,0,0,0.6825635214931456,0
14396,2,1,0,1,0.4617518272103951,0
14397,3,0,0,0,1.285954613445946,1
14398,2,1,0,0,1.1287552521200694,0
14399,3,1,1,1,1.667258284377297,1
14400,2,0,0,1,-0.03798590671733759,0
14401,1,0,0,0,-0.26183168920263117,0
14402,1,0,0,0,-0.3206640807807742,0
14403,3,0,1,1,3.2818771660801893,1
14404,2,0,0,0,-0.39260033434892183,0
14405,3,0,1,1,-inf,0
14406,2,0,0,1,0.9928712929756034,1
14407,2,0,1,1,1.1124041753804899,1
14408,2,0,0,1,-inf,1
14409,3,0,1,1,2.5945140620912794,1
14410,1,0,0,0,0.0598782470647857,0
14411,2,0,1,0,1.283885851893249,1
14412,3,1,1,1,2.365648124434193,1
14413,3,1,0,1,1.3408401539183603,0
14414,1,0,0,1,0.18947590807923298,1
14415,1,1,1,1,0.019809230128063182,0
14416,1,1,0,1,-0.13196530123318034,1
14417,2,0,1,1,0.35673537542819145,1
14418,2,0,1,0,1.2716782835612919,0
14419,3,1,0,0,2.064421556832757,0
14420,3,1,1,1,2.423762723728575,0
14421,1,1,0,1,0.030566730020036126,1
14422,2,0,1,1,1.016923567407415,1
14423,2,0,0,0,1.0503472175189255,1
14424,2,0,0,1,0.9229245566344659,1
14425,3,1,0,0,0.9234554350583531,1
14426,2,1,0,1,1.2004359282670694,1
14427,3,1,0,0,1.198656769990715,1
14428,3,0,0,1,1.5866650103872293,1
14429,2,0,1,0,0.7636699182727342,1
14430,2,0,0,0,1.281875963583062,0
14431,2,0,1,1,0.8322487848055311,0
14432,1,1,0,0,-inf,1
14433,2,1,0,1,0.7265161254461459,0
14434,3,0,0,1,1.3746611575837486,1
14435,3,0,1,0,1.4623863081206516,1
14436,2,1,0,0,-0.6734730487167895,1
14437,3,0,0,1,2.291749511024612,0
14438,1,0,1,1,-0.07801720842464555,0
14439,3,1,1,1,-inf,1
14440,3,1,0,1,-0.12508934743626676,0
14441,3,1,0,0,1.2968544987063235,1
14442,1,0,1,1,0.9130142505657597,1
14443,2,1,1,0,-inf,0
14444,1,0,0,0,-0.05491310854734797,1
14445,3,1,0,0,-0.8746389573209175,0
14446,2,0,0,0,-inf,1
14447,2,0,0,1,0.7733261422639675,1
14448,3,0,0,0,2.3276956318713267,0
14449,1,0,0,1,-0.3780543111248348,1
14450,2,1,0,1,-0.14977191628560815,1
14451,3,1,0,0,0.37529304270328034,0
14452,2,0,0,0,0.26163832269695575,1
14453,3,0,0,0,1.0512104532055144,1
14454,1,0,0,0,0.27763609650742715,1
14455,2,1,1,0,1.3790285890305374,1
14456,1,1,1,1,-inf,0
14457,1,1,0,1,-0.8469376834697349,0
14458,3,1,0,1,-inf,1
14459,1,1,1,0,0.6303616667035745,0
14460,1,0,1,1,0.6997243545439259,0
14461,2,0,1,1,-inf,1
14462,2,1,0,0,-inf,0
14463,2,1,1,0,0.4266233129081065,1
14464,3,0,1,0,2.270691080364053,1
14465,3,0,1,1,1.417274830051455,1
14466,2,0,0,1,0.4695770680399266,0
14467,3,1,0,0,-0.34242574126676484,1
14468,1,1,1,0,0.5860958547674701,0
14469,2,1,0,0,-0.7256221370187583,0
14470,1,0,1,0,0.310715440645681,1
14471,2,0,1,1,0.7416814671133657,1
14472,2,1,1,1,0.9890959956629297,1
14473,1,1,0,0,-inf,1
14474,2,0,0,1,-inf,1
14475,2,0,1,0,1.090518361370382,0
14476,3,0,0,1,1.7215662660620972,1
14477,1,1,0,0,-1.0191079071379892,1
14478,1,1,0,0,-0.5502700990456544,0
14479,2,1,1,0,1.0529618937122087,1
14480,3,1,0,1,0.7304869915459878,1
14481,3,0,0,0,0.35568731397535025,1
14482,2,1,0,0,0.8087252079149356,0
14483,2,0,1,0,0.7625329224011781,0
14484,2,1,0,0,0.9261501853755629,0
14485,3,1,0,0,0.48947543512053043,0
14486,2,1,0,1,1.0509552719894175,0
14487,2,0,1,0,1.5727380533652724,1
14488,3,0,1,0,2.3089776550572085,1
14489,1,1,1,1,0.24757688026769814,0
14490,3,1,0,0,-0.8683667524957721,0
14491,1,0,0,0,-inf,1
14492,2,0,1,0,1.6571612938507674,1
14493,1,1,0,1,-1.355838130017942,0
14494,1,0,0,0,-0.5393069799307084,1
14495,2,1,1,0,-inf,1
14496,3,1,0,0,-0.1157507473665913,0
14497,1,0,0,0,-0.2571055429298892,1
14498,2,1,0,0,-0.9713470636659551,0
14499,2,1,1,1,0.5142330478024717,1
14500,3,1,1,0,-inf,0
14501,2,0,0,1,0.8248564067630568,1
14502,1,1,1,1,1.0390609146917769,0
14503,2,0,0,0,-0.41692382783789317,1
14504,2,0,1,1,2.1740611264924588,1
14505,3,1,1,0,1.5356536251188404,0
14506,2,0,1,0,0.13727010260836559,1
14507,1,1,1,0,0.1415787887504215,0
14508,1,1,0,0,0.5815363683542956,0
14509,3,0,0,1,0.7860329979419527,0
14510,1,1,0,1,-1.263925260767362,1
14511,1,0,0,0,-0.8559842105005466,0
14512,3,0,1,1,2.2407511870611927,0
14513,3,0,0,0,1.486943634326931,1
14514,1,0,1,0,0.6284526367459182,1
14515,3,1,0,1,1.0919419038277132,0
14516,3,0,0,0,1.295272015520784,1
14517,2,0,0,0,0.3005119258761546,1
14518,1,1,0,1,-0.8580693698065512,1
14519,3,1,0,0,0.889717595640177,0
14520,3,1,0,0,2.1570633070939023,0
14521,3,0,0,1,0.0721993005541739,1
14522,2,1,0,1,-0.5323044220364104,0
14523,1,1,1,0,0.2874637934692823,0
14524,3,0,0,0,1.3486948689731453,1
14525,2,0,1,1,3.564034315942557,1
14526,3,0,1,1,3.296064503225357,0
14527,1,1,1,0,0.9505022799359086,0
14528,3,1,0,1,0.6224150512766397,1
14529,1,1,0,1,-0.8649917890601857,1
14530,3,1,1,0,1.2432053183752227,1
14531,2,1,0,0,-0.35432076405916496,1
14532,1,1,0,1,-0.6633085900704679,0
14533,1,0,1,0,0.7869149369266608,1
14534,1,0,0,0,1.4460209665377048,1
14535,2,0,1,0,0.5315290457063209,0
14536,2,1,0,0,0.47497494001151347,0
14537,2,0,1,1,1.210589623792128,1
14538,3,1,0,0,1.6668779986442064,0
14539,2,1,1,0,0.3141842102816471,1
14540,2,0,0,1,0.04391450726019308,0
14541,3,1,0,0,0.430395846828856,0
14542,3,0,0,1,0.9827139623430102,1
14543,2,0,1,1,1.0197449603861202,1
14544,2,0,0,1,-inf,1
14545,2,0,0,0,-0.04582174239456205,1
14546,2,1,0,0,0.9669421538252161,0
14547,1,0,1,1,0.40368761550124677,1
14548,3,0,0,0,0.24083579951790224,0
14549,1,1,1,0,1.2046793458593805,0
14550,1,0,0,0,-0.4599305344786448,1
14551,3,0,0,1,0.20369650783338966,1
14552,2,0,0,0,0.19844478626181483,1
14553,1,1,0,1,-0.3948992155687378,0
14554,3,1,1,1,0.33167199201346276,1
14555,3,1,1,0,2.4514418730298333,0
14556,2,1,1,1,1.6231402919880533,1
14557,3,1,0,0,1.0405066663470692,0
14558,3,1,0,1,1.4652823636134769,1
14559,3,1,0,0,0.27728824608597147,1
14560,2,0,1,1,1.4800155722017956,1
14561,2,1,0,0,0.016654974546751078,0
14562,3,0,0,1,1.6198025725184158,1
14563,1,1,1,0,0.564342537084897,0
14564,2,1,0,0,0.6234943964779858,0
14565,2,0,0,1,0.4200971763533934,0
14566,3,0,1,1,0.9705313217504017,0
14567,2,1,0,1,0.38274445883582153,0
14568,2,0,1,0,1.279175276153991,0
14569,2,0,0,0,0.19791315949480937,0
14570,2,1,0,1,-0.03581802542382123,0
14571,1,0,1,1,1.367935802034522,1
14572,2,0,0,1,-inf,1
14573,2,0,0,0,0.5032484749402918,0
14574,2,1,1,0,1.1605194044098481,0
14575,2,0,1,1,0.7396745867166279,0
14576,3,1,0,1,1.9214429789222622,1
14577,2,0,1,1,2.50575101398462,1
14578,3,1,1,1,1.2609734222140878,0
14579,3,0,0,1,0.6134594406146503,1
14580,2,1,0,0,-1.041345972288116,0
14581,1,0,1,1,-0.5765262054159924,0
14582,3,1,0,0,-0.43103089330787125,0
14583,2,0,1,1,0.7747204810808621,1
14584,2,0,0,0,-0.20956942688818125,1
14585,3,0,0,1,2.08386691258546,0
14586,2,1,1,1,0.2284361828402477,1
14587,2,1,0,0,0.6918091008216645,0
14588,3,1,1,0,-inf,0
14589,2,0,0,1,0.9289691683951643,1
14590,1,0,1,0,1.5375946199985717,0
14591,3,0,1,1,1.515614965736114,1
14592,2,1,0,0,-0.4747782200061134,0
14593,2,0,0,1,-0.2915288343457626,1
14594,3,1,0,0,-0.26192447872151337,0
14595,1,0,0,0,-1.248614862492123,1
14596,1,0,0,1,-1.9615162639291306,1
14597,2,0,0,0,1.2608934812584511,0
14598,1,0,0,0,-2.0092324346897046,0
14599,2,1,1,1,1.2492488094342298,1
14600,1,1,1,0,0.21721862106563194,0
14601,3,0,0,0,-inf,0
14602,1,1,1,0,0.9741631949959901,0
14603,2,1,0,1,0.4917277085540398,0
14604,2,1,0,0,-0.5117713334126757,0
14605,1,0,0,1,-0.7053672075333779,0
14606,1,0,1,0,0.5367040619193341,1
14607,2,0,1,1,1.7687620245469517,1
14608,2,0,1,1,1.3465152410680719,0
14609,1,1,1,0,-0.29255951360250637,0
14610,2,1,0,1,0.1716480932187598,0
14611,3,1,0,1,3.0761306131877877,1
14612,3,1,0,1,-0.3917330267610968,0
14613,3,0,0,0,0.0027223812187959773,1
14614,1,1,0,1,-0.6855458770165563,1
14615,2,1,1,1,2.0569919796155487,1
14616,2,1,1,0,1.1046543225642955,1
14617,2,0,0,0,1.4787518549240362,1
14618,2,1,0,1,-0.11657394672041177,1
14619,2,1,0,0,-0.022712211922327336,0
14620,1,1,1,1,0.29155124294990187,0
14621,3,1,1,1,2.560796512678948,1
14622,2,1,1,1,0.45269555222295066,1
14623,3,0,0,1,-inf,0
14624,1,0,1,1,0.6771018522014667,1
14625,3,1,1,0,0.9870477295443599,1
14626,1,0,0,0,-0.10440459165656292,0
14627,2,1,0,0,-0.3743505161708324,0
14628,3,0,0,0,1.5360015340602033,1
14629,3,0,0,0,1.2365347453159516,1
14630,2,0,1,0,0.4911535096847208,0
14631,1,1,1,1,0.8510615437423545,0
14632,2,1,1,1,-inf,0
14633,1,1,0,0,0.6701203791002601,1
14634,2,1,1,1,-0.3542480819122811,1
14635,2,0,1,1,0.9002888875837656,1
14636,2,1,0,0,0.5187350785436904,0
14637,1,1,1,0,0.7373662254032911,0
14638,3,0,1,1,3.4950382215379103,1
14639,2,1,1,1,0.3187223378508821,0
14640,3,1,1,1,0.7717899981064259,0
14641,3,0,1,0,2.7160428566292176,1
14642,2,0,0,1,-1.1317820833859018,0
14643,3,1,0,1,0.7009576426605915,1
14644,3,1,1,1,1.7856927370317994,1
14645,1,0,1,1,2.7131964537185733,0
14646,3,0,0,1,0.9037045027569629,1
14647,2,1,1,1,2.2860144563992497,1
14648,2,0,0,0,1.3485702923313503,1
14649,3,1,0,1,1.3896988761098203,0
14650,3,1,0,1,-inf,0
14651,2,1,0,1,1.9341845661660915,0
14652,2,0,1,1,0.6315184346070636,1
14653,2,1,1,0,1.6099318661150899,0
14654,2,1,1,0,1.0710598116089944,1
14655,1,0,0,1,0.8655370907574663,1
14656,2,0,0,0,0.14086063247383823,1
14657,2,0,0,1,0.9247921328051156,1
14658,2,0,0,1,0.9813698137014806,0
14659,1,1,0,1,0.9420307844170888,1
14660,3,1,1,1,1.4808613978723175,0
14661,3,1,1,0,-0.12221630392636174,0
14662,2,1,1,0,0.915864414536827,1
14663,1,1,1,1,-0.4055679892322826,0
14664,2,0,1,1,0.7903924334575646,1
14665,2,1,0,1,-inf,0
14666,2,0,0,0,-0.6439429844257447,1
14667,1,1,0,1,-0.3704009716200673,1
14668,2,1,1,1,-inf,1
14669,1,1,1,0,-0.2648076156242582,0
14670,2,1,1,1,1.0071997968039441,0
14671,2,0,1,0,0.9901270053852544,0
14672,1,0,1,0,0.6110308936737536,1
14673,3,0,0,0,0.5598222536140526,0
14674,2,1,0,0,0.4855097452541973,0
14675,1,1,0,1,-0.5507649112555177,0
14676,3,1,0,0,1.0875738844833494,1
14677,1,0,0,1,-1.2511796436378133,0
14678,3,0,0,0,0.7971605466484977,1
14679,1,1,0,1,0.014878776101372337,0
14680,1,1,0,0,0.2178340000414179,0
14681,1,1,0,0,-1.2092536065722124,0
14682,3,0,0,0,1.4069261411287755,0
14683,3,1,0,1,0.7121979566861927,1
14684,2,1,1,0,0.45915309184264985,1
14685,3,0,1,1,-inf,1
14686,1,1,1,1,0.03324946780266008,1
14687,3,1,0,0,1.1292651265991722,0
14688,2,1,0,1,0.36705835647118995,1
14689,3,1,0,0,-0.1832576213033995,0
14690,3,0,1,1,2.035882541647191,1
14691,2,1,0,0,-inf,0
14692,2,0,1,0,-inf,0
14693,3,0,0,0,0.28214962293191814,1
14694,1,1,0,0,-0.5311987309014929,0
14695,1,1,1,1,-0.29196204609373416,0
14696,2,1,1,0,-inf,0
14697,1,1,0,1,0.3114157533661444,1
14698,3,1,1,0,1.8433037776932857,1
14699,2,0,1,1,0.7381072646101712,1
14700,1,0,0,0,-0.40602254678834077,0
14701,1,0,0,0,1.223354082149101,1
14702,1,1,0,0,0.0761673838061297,1
14703,3,0,0,1,2.467640991847679,1
14704,2,0,1,1,0.5594030403540827,1
14705,2,0,0,0,-inf,1
14706,1,1,1,1,-0.4693502077416411,0
14707,1,0,0,0,-inf,1
14708,3,0,0,0,2.3934879470591204,1
14709,3,1,1,1,1.7749657029910955,1
14710,3,0,1,0,1.6914005965154968,0
14711,2,0,0,1,-inf,1
14712,1,1,1,1,0.19322020105327548,0
14713,2,1,0,1,0.9037766068344713,1
14714,1,0,0,1,0.3701242425959288,0
14715,1,0,0,1,-0.1301561832999067,0
14716,3,0,1,0,2.1346963261367464,0
14717,3,0,0,1,0.0863187175676996,1
14718,2,1,1,1,0.7872776779277354,1
14719,3,0,1,1,2.6454858658525957,0
14720,3,0,1,0,1.0145466521613478,0
14721,2,1,1,0,0.919641270313093,0
14722,2,0,0,1,-0.07335487975918864,1
14723,2,0,0,1,-0.05589083691562635,1
14724,2,0,0,0,0.692183199083722,0
14725,2,1,1,1,1.9041591702252525,1
14726,3,0,0,1,1.3650982602677877,1
14727,1,0,1,1,1.3345138258904239,1
14728,3,0,0,1,1.749100888405429,0
14729,1,1,1,0,-inf,0
14730,3,0,1,0,0.5896829170246338,0
14731,3,0,1,0,1.0309879218848734,1
14732,2,0,0,1,1.5829326731257118,1
14733,3,0,1,0,3.515686175935195,0
14734,3,1,0,1,1.2640930602055358,0
14735,3,0,1,0,1.5775875183851265,0
14736,2,0,1,0,1.3737296124021807,1
14737,2,1,1,1,-0.2862649531957233,1
14738,2,1,1,1,0.3740278345294168,0
14739,2,0,0,1,0.7911150411583552,1
14740,1,0,1,1,0.27763805236948486,0
14741,3,1,0,0,0.24417766031393895,0
14742,2,0,0,0,-inf,1
14743,3,1,0,1,-inf,1
14744,2,1,0,0,0.13294686158341368,0
14745,3,0,1,0,2.1077692213164423,1
14746,2,1,1,1,1.0565394513062905,0
14747,2,1,0,0,1.0925236742240247,1
14748,1,0,1,1,-inf,1
14749,2,0,0,1,-0.2534783605319847,1
14750,3,1,0,1,1.1192030746906585,0
14751,2,0,1,1,1.8813803491263956,0
14752,2,0,0,1,0.2719005979020084,1
14753,3,1,0,1,-inf,1
14754,2,0,0,1,0.16480365525780116,1
14755,2,1,1,1,0.2271731750367899,0
14756,2,0,0,1,-0.5460157192172794,1
14757,2,0,1,1,0.9323765813858667,1
14758,3,0,0,0,2.3689002193871183,1
14759,3,1,1,1,1.2205878492221214,1
14760,2,0,1,0,-inf,1
14761,2,1,0,1,0.2091391571983367,0
14762,2,0,1,1,1.0329073893028635,1
14763,1,0,1,0,0.9299420765350049,1
14764,3,0,0,0,1.0259859002131815,0
14765,1,0,1,1,0.4906965764329249,1
14766,2,0,1,1,1.7323775396466905,1
14767,3,1,0,0,-0.4401321691363178,1
14768,1,0,1,0,0.16969285606321072,0
14769,1,0,1,1,0.8139073794921318,0
14770,1,1,0,0,-0.27067035764034975,1
14771,3,1,0,0,0.7784360081521523,0
14772,3,0,0,1,1.5866405112638327,1
14773,3,0,0,1,0.8571554209113533,0
14774,3,1,0,0,1.503582950819951,0
14775,2,1,0,0,0.27678182163441156,0
14776,3,1,0,1,-0.06719761750954678,0
14777,1,0,1,0,0.5753439141925362,0
14778,3,0,1,1,2.1704270189542094,1
14779,2,1,0,1,0.6748744837383203,0
14780,1,1,0,1,-0.7637098866510331,0
14781,1,0,1,1,-0.8207491621772872,1
14782,2,0,1,0,0.7329638099860019,1
14783,2,0,0,1,0.7477480210002484,1
14784,3,1,0,0,1.7359650265331243,0
14785,1,1,1,0,0.3816203832037595,0
14786,1,1,0,1,-0.5485658429448325,0
14787,2,1,1,0,0.5598813058871986,1
14788,3,1,1,0,0.34215865729665174,1
14789,3,0,1,1,2.3624166898221004,1
14790,2,0,0,0,2.4065937861288162,0
14791,1,0,1,0,0.884717176298021,1
14792,3,1,0,1,-inf,0
14793,2,1,0,1,0.2931150863364496,0
14794,1,0,0,1,-inf,1
14795,2,1,0,1,-inf,0
14796,1,0,0,0,-0.16371244288988424,0
14797,1,0,1,0,0.17985537462961387,1
14798,2,1,0,0,0.42228030870070066,1
14799,1,1,1,1,-0.27518321853194444,0
14800,1,1,0,1,-inf,1
14801,1,1,1,1,0.3030902710221382,0
14802,3,1,1,1,0.8476705502885579,1
14803,2,1,1,1,0.3426539055936846,1
14804,2,0,0,0,0.7364135358566183,1
14805,2,0,0,0,0.5640719661506389,1
14806,3,0,0,0,2.3156044920373544,1
14807,2,0,0,0,1.3151789366792,1
14808,3,0,0,0,0.8259289159345948,0
14809,2,0,1,1,0.46421679967836993,1
14810,1,0,0,1,0.11936712118644488,0
14811,2,1,0,0,0.18773356123125848,0
14812,2,0,0,1,0.5324659064535404,1
14813,2,1,1,1,0.5339883146666871,0
14814,2,1,1,0,0.06967419745643688,0
14815,2,0,0,0,0.4914895687023222,1
14816,1,1,1,0,-1.034688058637219,0
14817,1,1,1,1,0.09904795428144036,0
14818,1,1,1,1,-inf,0
14819,2,0,1,1,0.5931397739796059,1
14820,1,0,0,1,-inf,1
14821,3,0,0,0,0.20547965017501113,1
14822,2,1,1,0,0.5528801540353898,1
14823,2,1,1,1,2.0424184515968222,1
14824,2,1,0,0,0.7011434810637616,0
14825,3,1,0,1,0.20853974534011133,0
14826,1,0,1,0,0.991681225359633,1
14827,1,1,0,0,-0.48286094360642035,0
14828,3,1,0,0,0.6011031349845704,1
14829,2,0,1,1,1.6042894065290527,1
14830,2,1,0,0,-inf,0
14831,1,1,1,1,0.2890766116171061,0
14832,2,0,1,1,2.1003510607212386,1
14833,1,0,0,0,0.2881063653669279,0
14834,1,1,1,1,0.7999575902724392,0
14835,2,1,0,0,-1.013028256539962,0
14836,3,1,1,1,2.3582593723741185,1
14837,2,1,0,0,0.3524679886245631,0
14838,2,1,0,0,-1.0676451364155244,0
14839,3,0,0,0,0.6973278371711451,0
14840,2,1,1,0,1.206210773202084,0
14841,2,0,0,1,1.192995288406621,1
14842,2,1,0,0,-0.1936942022436824,1
14843,2,1,0,1,-1.2951184761803876,1
14844,2,1,1,0,1.0974564525862596,0
14845,2,1,1,1,0.5387114318363566,1
14846,2,1,0,0,-0.4921951237587276,0
14847,3,1,0,1,0.35554961503780713,1
14848,2,1,0,1,0.5428070685778201,0
14849,2,1,0,1,0.8649109299398308,1
14850,1,1,1,1,-inf,0
14851,3,0,1,1,2.0334389164631297,0
14852,3,0,0,0,-0.01931036078544257,0
14853,3,0,1,0,1.7951343090507212,1
14854,2,0,0,1,0.8997114429797606,1
14855,2,0,0,0,0.7616767441015708,1
14856,2,0,0,1,1.1178231872808129,0
14857,2,1,1,1,-0.11545832716777626,1
14858,3,0,1,0,1.8550650219689575,0
14859,2,0,0,0,-inf,0
14860,3,0,0,0,1.156343968156301,1
14861,2,1,1,1,-0.13543564092378424,0
14862,2,1,0,0,0.29841525547954784,0
14863,1,1,0,1,-0.974756714130868,1
14864,3,1,0,0,0.036339117885442196,0
14865,3,0,0,1,1.2358076410494792,0
14866,2,0,0,0,1.0649592509045234,1
14867,1,0,0,1,-1.9131210831289973,0
14868,1,0,0,1,1.1534792541683467,0
14869,1,1,0,1,-0.822438395511641,0
14870,2,0,0,0,1.4171365961628477,1
14871,1,0,0,0,-inf,0
14872,3,0,0,0,0.981828431425047,0
14873,2,0,0,0,-0.07205348786154975,1
14874,2,0,0,1,0.7598546084965845,1
14875,3,0,0,0,1.711629825926099,0
14876,2,0,0,0,-0.09829445588071406,1
14877,1,1,0,1,0.6898569499560916,1
14878,2,1,1,1,1.046752850229357,1
14879,2,0,1,0,1.7254374793267382,0
14880,3,0,1,0,1.5361833687541142,1
14881,2,0,0,0,0.018724932947275674,1
14882,2,1,1,0,1.8075780793006366,1
14883,3,0,1,1,2.174246068381977,0
14884,1,0,1,1,0.6015486390625142,1
14885,2,0,1,0,1.520352662641486,1
14886,3,0,0,1,1.5665858255260428,1
14887,3,1,1,1,1.8374254776657248,1
14888,2,0,0,1,0.056049126125445436,1
14889,2,1,1,1,1.158852263471191,1
14890,3,1,0,0,1.5953101200957236,0
14891,1,0,1,0,1.0903881765730843,1
14892,2,1,1,1,1.344972604449853,1
14893,2,1,0,0,0.2540144187349959,1
14894,2,0,0,1,0.05999714712427601,1
14895,2,1,0,1,-inf,1
14896,1,1,0,0,-0.9385304555289655,0
14897,1,1,0,0,-1.3567810610240174,1
14898,2,1,1,1,-0.397435803072691,1
14899,3,1,0,0,-inf,0
14900,2,0,0,1,-inf,1
14901,2,1,0,0,1.4586151116916866,0
14902,1,0,0,0,1.1700025752530028,1
14903,2,0,0,0,0.07627259415053478,1
14904,3,0,0,0,-0.11284355403054902,1
14905,3,1,0,0,1.2138341256357281,1
14906,3,1,0,1,1.37378753514272,0
14907,3,1,0,0,1.5863738990946212,0
14908,2,0,0,1,0.8755312556275316,0
14909,3,1,1,1,1.1390157968398005,1
14910,3,0,1,0,1.3200432236978012,0
14911,2,0,1,0,-0.8944714097604354,1
14912,2,0,1,0,-0.5835324211524742,1
14913,3,0,1,0,1.2747592405377282,0
14914,2,0,0,1,0.24331834514021394,1
14915,2,0,1,0,1.0567819915409105,1
14916,3,1,0,1,-0.2615298753437827,0
14917,2,1,1,1,1.9007090660890027,1
14918,3,1,1,0,2.688834485420329,1
14919,1,1,0,1,0.12411185839555589,0
14920,1,0,1,1,0.6872827979011631,1
14921,3,0,1,0,1.4096463637688692,1
14922,1,0,1,0,1.1966807627594465,1
14923,1,0,0,1,0.08352190917833496,1
14924,2,1,0,0,-0.09587406759672096,0
14925,3,0,0,1,0.9090783933624124,0
14926,3,1,1,0,2.948649647127933,0
14927,1,0,0,0,-1.4895299606970576,0
14928,2,1,0,1,0.28118293479672196,0
14929,1,0,1,0,1.0592119285968784,1
14930,2,0,0,1,0.6144973885715539,1
14931,1,0,0,0,-0.2265055695055606,0
14932,3,0,0,1,0.8877798483655385,1
14933,2,1,1,0,1.1978877374015904,1
14934,3,0,1,1,1.8117145148659952,1
14935,2,1,0,0,-0.1976395685713379,0
14936,1,1,1,1,-inf,0
14937,2,0,1,1,1.5969357490601699,1
14938,3,0,0,1,0.561049320411907,1
14939,1,0,1,1,-0.9086400006096557,1
14940,2,1,1,1,1.5786908271868838,1
14941,1,1,1,0,2.0827363052604952,0
14942,1,1,1,1,1.2362688898855636,0
14943,3,1,1,1,1.6268647663669853,0
14944,3,1,1,0,1.314599368174836,0
14945,1,0,1,0,-1.3364113685857149,1
14946,2,1,1,1,0.4728074586677731,0
14947,1,0,0,1,0.9214393509703539,1
14948,2,0,0,0,-1.0046288303482298,1
14949,1,0,1,1,1.893283791944524,0
14950,3,1,0,1,-0.14598448190028313,1
14951,2,0,1,0,1.4589199593294873,1
14952,2,0,1,1,1.6047572611478158,1
14953,3,0,0,0,1.2263088666570878,0
14954,1,0,0,1,0.031687138347410826,1
14955,1,0,0,0,-0.28126908556612873,1
14956,2,0,1,0,0.6263996766076773,0
14957,2,0,0,1,1.6073962552525725,1
14958,2,0,0,0,0.6857277096238877,1
14959,1,0,1,0,1.1116320354263018,0
14960,1,0,1,1,0.6081270847162097,1
14961,3,1,1,1,1.6275355200652364,1
14962,1,1,0,0,-1.8060806248078307,1
14963,2,1,1,1,0.5658202086226287,1
14964,1,1,0,0,0.4240333429501361,1
14965,3,1,0,1,-inf,0
14966,2,0,1,1,1.3886845841059248,0
14967,1,1,1,1,-0.8395979874537367,0
14968,2,0,0,0,-0.37550581247231973,1
14969,2,1,1,0,0.719467587521516,1
14970,2,1,0,0,-0.8318595832189319,0
14971,1,1,1,1,-0.16167129101882222,0
14972,3,0,0,1,1.098012383712013,1
14973,2,1,1,1,0.6609583670183641,1
14974,1,1,1,0,1.5571235403460635,0
14975,2,1,0,0,-inf,0
14976,3,1,0,1,0.8792817888658637,1
14977,2,1,0,1,0.5197621053574322,0
14978,3,1,1,0,1.7475837236738778,1
14979,2,1,0,0,0.8841517325857766,0
14980,2,1,0,0,1.2951886003750706,0
14981,3,0,0,1,-inf,0
14982,2,0,0,1,-0.5987383360143372,1
14983,1,1,1,0,-0.7700739913506867,0
14984,3,0,0,0,-inf,0
14985,3,1,1,0,2.4479736640489094,0
14986,3,1,0,1,-inf,1
14987,2,0,1,0,0.2527486711373772,1
14988,2,0,0,0,0.7132423114534647,1
14989,1,0,0,0,-1.5075671433835116,1
14990,3,1,0,1,1.2945801018402152,1
14991,2,1,0,0,-inf,1
14992,1,1,1,1,-inf,0
14993,1,1,1,1,0.6345608752918694,0
14994,3,1,1,1,2.65894090845192,0
14995,1,1,0,1,-1.2234306993257666,0
14996,2,1,0,0,1.9139195800306423,0
14997,1,1,1,0,0.23937764736370193,0
14998,2,1,0,1,0.6236141026138851,0
14999,1,0,0,1,-0.3228861648734662,1
15000,1,1,1,0,0.6535372890283522,0
15001,1,1,1,1,-inf,0
15002,1,0,1,1,0.2074567865328547,1
15003,3,0,1,1,1.184381520980945,1
15004,2,0,1,1,1.449766521199638,1
15005,1,0,1,1,0.002897546935881179,1
15006,3,0,1,0,2.6541639880131345,0
15007,3,1,0,0,-inf,1
15008,2,1,1,1,0.5720134099853786,1
15009,1,0,0,0,0.26970050008633456,0
15010,2,0,0,0,0.08227351850144293,1
15011,3,1,0,0,-0.8970111262732958,0
15012,1,1,0,0,-0.7597610832018238,1
15013,3,1,0,1,0.9424542658811017,1
15014,2,0,1,1,1.238747802610236,1
15015,3,0,1,0,-inf,0
15016,3,1,0,0,-inf,0
15017,3,0,1,0,2.210030327807137,0
15018,3,0,0,0,-inf,0
15019,2,1,1,1,-1.0011043849110095,1
15020,2,0,1,1,2.1412023669859495,1
15021,1,0,0,0,0.5997160467808713,1
15022,2,1,1,0,1.4177465816903785,0
15023,3,1,0,0,0.7371387828348642,0
15024,1,1,1,1,0.6708830963305579,1
15025,3,1,0,0,0.4294805226714894,0
15026,2,0,0,1,-inf,0
15027,3,1,0,1,0.39816921654792786,0
15028,2,1,0,0,0.17906612029004448,1
15029,1,0,1,0,0.7869934907292155,0
15030,2,0,1,0,1.536305673674603,0
15031,2,0,0,0,0.7968422467974173,1
15032,2,0,0,1,0.11116395336289348,1
15033,2,1,0,0,0.46051606105568615,0
15034,2,1,1,1,1.031866320301158,1
15035,2,1,0,0,0.03177001246854075,0
15036,2,0,0,1,1.072478657221973,1
15037,3,1,1,1,-inf,1
15038,3,0,1,0,2.3470282054620464,1
15039,2,1,1,1,0.8682732720430568,1
15040,1,1,1,1,0.7511397006200391,0
15041,2,0,1,0,1.2458413909598711,1
15042,3,0,1,0,1.78296965449553,0
15043,3,1,1,0,1.6102273949569197,0
15044,2,0,1,0,-inf,0
15045,2,0,1,0,0.054113816286621264,1
15046,2,0,0,1,0.5172004360224398,1
15047,1,1,1,0,-0.4757405549522922,0
15048,3,0,1,1,-inf,1
15049,2,1,1,0,1.2431845200570775,0
15050,1,0,1,1,0.05502607529380599,0
15051,2,0,0,0,0.1826212905131549,0
15052,2,0,1,1,1.032583602858417,1
15053,1,1,1,1,0.7992602543952475,1
15054,3,1,0,0,0.6790605125918386,1
15055,3,0,0,1,0.6838133224394516,0
15056,3,0,0,1,1.637596870047521,1
15057,3,1,1,1,1.431129262288994,1
15058,3,1,0,0,-inf,0
15059,1,0,0,0,-0.20968992907579065,0
15060,1,0,1,0,0.01109052725731663,0
15061,2,1,1,0,-0.21337433391905924,1
15062,2,1,0,1,0.803124027505101,0
15063,1,0,1,0,-0.16932411658910007,0
15064,3,0,0,0,-inf,0
15065,3,1,0,0,0.36574135401606217,0
15066,2,0,1,0,1.5836644083673344,1
15067,2,1,1,1,0.5312005335965923,1
15068,2,1,1,1,0.17285542417746558,1
15069,1,0,1,1,0.698202107693608,1
15070,2,0,1,0,2.244132407939987,1
15071,2,1,1,1,0.8060982395483721,1
15072,3,0,0,0,-0.2564351522948354,0
15073,2,1,1,1,0.5087628636410758,1
15074,1,1,1,1,1.4008898333141149,0
15075,1,1,1,0,-0.41673669262574103,0
15076,3,0,0,1,-0.08353075749263406,1
15077,2,0,1,0,-inf,1
15078,1,0,0,1,-1.0638672549237624,0
15079,3,1,1,1,1.9893345878157458,0
15080,1,0,1,1,0.8375725941694591,1
15081,1,0,1,0,-inf,0
15082,3,1,1,0,1.9480171944273132,1
15083,2,0,0,1,0.054518258544181464,1
15084,2,1,0,1,0.7420382556432634,0
15085,1,1,1,1,0.30411065711830343,1
15086,1,0,0,0,0.7128316388682064,0
15087,2,0,0,1,-0.3347898512428391,1
15088,1,1,0,0,-inf,0
15089,1,0,1,1,0.0517125300042619,1
15090,2,0,0,1,-0.09869431813140495,1
15091,1,1,1,0,-0.7921411192297871,0
15092,1,1,1,1,0.5425676660546861,0
15093,2,1,1,0,-inf,1
15094,2,0,1,1,2.2397241418831784,0
15095,2,1,0,0,0.9537425595908819,0
15096,2,0,1,0,0.3929393185936345,1
15097,3,0,0,0,0.07259523301826865,1
15098,1,1,1,1,0.9013225835699594,0
15099,3,0,1,1,-inf,0
15100,1,0,0,0,-0.97494265610582,0
15101,2,0,0,1,0.3872950069005979,1
15102,3,1,0,1,0.1746700070249625,0
15103,2,0,0,0,2.1003116200498644,1
15104,3,0,1,1,1.7270618949871663,1
15105,3,1,1,1,1.7174731907660215,0
15106,1,1,0,0,-0.26475673894528384,1
15107,1,0,0,0,0.08997788043972738,0
15108,3,0,0,1,1.8689354481300207,1
15109,3,0,0,1,1.907843371719688,1
15110,1,1,0,1,-1.0224700736951557,0
15111,2,1,0,1,-0.7233508050867106,0
15112,2,0,0,0,1.6112223531141125,1
15113,3,1,0,1,0.982907367407243,0
15114,2,1,1,0,-0.8048969335184144,0
15115,1,1,0,1,-0.753478740250014,1
15116,1,0,0,1,-0.012469126979608114,1
15117,1,0,1,0,-0.8555844147323713,1
15118,3,0,0,0,1.8438289199967814,1
15119,3,0,0,0,0.5108742933782989,1
15120,2,0,1,1,0.4315815049432047,1
15121,3,1,0,1,0.331550835188236,1
15122,2,1,1,1,0.12465372697684596,1
15123,3,1,0,1,1.2412814538846693,1
15124,2,1,0,0,-0.6923426816711504,0
15125,2,0,0,0,1.0250456069095912,1
15126,1,1,0,0,-inf,1
15127,2,1,1,1,0.3390169205434054,0
15128,3,1,0,1,0.7865928381167693,0
15129,2,1,0,1,1.2138020376929635,1
15130,2,0,0,0,0.32492885810869854,0
15131,2,0,0,0,-0.09914210722828165,1
15132,2,1,0,1,0.5781664548289178,0
15133,3,1,0,1,1.7172506261917726,0
15134,3,1,0,0,1.6548536140200176,0
15135,2,1,1,1,1.2971342655134883,1
15136,2,0,1,1,1.3494468331001717,1
15137,3,1,1,1,1.8701138127407637,0
15138,2,0,0,0,0.6454622222995836,1
15139,1,1,1,0,-0.18607063060202228,0
15140,3,0,0,1,0.8597336612823239,1
15141,2,1,0,0,-inf,0
15142,1,1,0,1,-0.34309025802053433,1
15143,3,0,0,0,1.1072414243796722,0
15144,3,1,0,0,-0.20553951399599835,1
15145,2,1,0,1,0.11754949343232358,0
15146,1,1,0,1,-0.3386487952560827,1
15147,2,1,0,0,0.08107098266174438,0
15148,3,0,1,0,1.068866705439,1
15149,3,1,0,0,0.5966941903069733,1
15150,2,1,0,1,-inf,0
15151,2,1,0,0,0.0825935548145409,0
15152,2,1,0,1,0.14478495927147925,0
15153,2,1,1,0,-inf,1
15154,3,1,0,1,0.6250217687040753,1
15155,1,1,1,0,1.282605340085326,0
15156,2,1,1,1,0.7593313198577312,1
15157,2,0,0,0,0.7051611608924337,0
15158,1,1,1,1,-0.030738342677347708,0
15159,2,0,1,0,2.0657418661912086,0
15160,2,1,1,1,0.6405720443474576,1
15161,1,1,0,1,0.7626223704458004,0
15162,1,0,1,1,0.9656187409956212,1
15163,3,0,0,0,1.8365110973598684,1
15164,2,0,1,0,1.732707607804805,1
15165,1,0,0,0,-0.7466688748793795,0
15166,1,0,1,0,0.22099666918151029,1
15167,2,1,1,0,1.0239723026718102,1
15168,1,0,0,0,-1.354743493984142,1
15169,1,0,1,1,-inf,1
15170,3,0,0,0,-0.11735488557896723,0
15171,2,1,0,1,0.6812638452470103,0
15172,1,1,0,1,-0.8947284002150324,1
15173,2,1,0,0,-inf,0
15174,1,1,1,1,0.8584622654697747,0
15175,1,0,0,0,0.1920937666928363,0
15176,1,1,1,1,2.1695263408193233,1
15177,3,0,0,0,0.3924982355965876,0
15178,2,0,0,0,-0.24733322846921102,1
15179,2,1,0,1,-0.08136448267450236,0
15180,2,0,1,1,0.6778759218963258,1
15181,2,0,0,0,0.5339608410891798,0
15182,3,1,0,0,1.592084142100913,0
15183,3,1,1,1,1.7047441672452666,0
15184,1,1,0,0,0.6407682844777176,1
15185,1,1,0,0,-0.6415176767339188,1
15186,2,0,0,1,0.7021909476990574,1
15187,2,0,1,1,-inf,1
15188,2,0,1,1,0.48282842490375466,1
15189,3,0,0,1,1.5584223315438555,1
15190,1,0,1,0,1.7046650147736924,1
15191,2,1,1,0,1.238409219234298,0
15192,3,0,1,1,1.5479398705373302,1
15193,1,1,1,1,-inf,1
15194,2,1,0,0,-0.3097217352402348,0
15195,2,0,0,1,1.0184907560455763,0
15196,1,0,0,1,0.972796724930265,1
15197,2,1,0,0,-0.7719715106409601,0
15198,3,0,1,0,2.411899236150724,1
15199,2,1,1,1,1.5359964776287032,1
15200,1,1,1,1,-0.7802556912719814,0
15201,2,1,1,1,0.2772433733772488,1
15202,3,1,0,1,1.2373751282111505,1
15203,2,0,0,1,0.5607588007411721,1
15204,1,1,0,1,-0.23636772043220475,1
15205,1,0,1,0,1.031076609237913,1
15206,1,0,1,1,0.2920139978247494,0
15207,3,0,0,0,-inf,1
15208,2,0,0,0,0.12087820001400479,1
15209,1,1,0,0,-1.3502381370262104,0
15210,2,0,0,0,0.2563248624652654,1
15211,1,1,1,0,1.249723355514997,0
15212,1,0,0,1,0.23310665220479881,1
15213,3,1,0,1,1.1350050498839606,1
15214,1,0,0,1,1.2644110180405272,1
15215,2,0,1,0,-0.9023408421698627,0
15216,2,1,1,0,2.1848953459070364,0
15217,3,1,0,0,0.2067198879796347,0
15218,2,1,0,0,-1.0972518288295448,0
15219,2,0,0,1,1.2989413136447459,1
15220,3,1,0,0,0.564026121819364,0
15221,3,0,0,0,0.8032904313399569,0
15222,1,0,1,1,1.0518992606656523,1
15223,2,1,0,1,-inf,0
15224,3,1,0,0,1.570801285402391,1
15225,1,1,1,1,-0.444430217744663,0
15226,3,1,1,1,0.3830175392677799,1
15227,2,1,1,1,0.07423065707560539,1
15228,1,0,0,0,-0.5096308388483446,1
15229,2,1,1,1,2.178668278258803,1
15230,3,0,1,1,1.3592599577032443,1
15231,2,0,0,1,0.5810589546413909,1
15232,3,0,1,0,-inf,1
15233,3,1,0,1,0.42822033297450723,0
15234,3,0,1,1,1.4864905454943964,1
15235,1,1,1,1,0.10740424859779152,1
15236,3,0,1,0,2.009283207563236,0
15237,3,0,0,1,-inf,0
15238,3,1,0,1,1.6602671030467242,0
15239,1,0,0,1,-2.0769652853880927,1
15240,3,0,0,0,1.2020303783403516,0
15241,3,0,0,1,-inf,1
15242,1,0,1,0,0.21561180117406947,0
15243,3,1,0,0,-0.3835216800818815,0
15244,3,1,0,0,0.10680737479790914,0
15245,1,0,0,0,0.956566911424276,1
15246,2,0,1,0,2.7690198775685784,1
15247,3,1,0,1,-0.002480115915886927,1
15248,1,0,0,0,0.1840153033001506,1
15249,2,0,0,1,-0.2922923214634683,1
15250,1,1,0,0,0.30570223558542525,1
15251,2,0,0,0,0.5135930023332084,1
15252,1,0,1,1,0.5710140740647105,1
15253,3,1,0,1,1.726070776650686,0
15254,2,0,0,0,0.05372626040934542,0
15255,3,1,0,0,0.906683509188403,0
15256,2,1,1,1,0.8278696635270946,1
15257,2,0,0,1,0.7021002499530732,1
15258,1,0,1,0,0.7844822294458988,1
15259,2,0,1,1,1.146697837154994,0
15260,2,1,0,1,0.03375913342111561,0
15261,3,1,1,1,1.4441248567321907,1
15262,2,1,0,0,-0.5948240554411086,0
15263,2,0,1,1,1.2037431563235546,0
15264,1,0,0,1,0.1862139179117338,0
15265,2,1,1,1,1.4291476251104387,1
15266,2,1,1,0,1.6913191865147983,1
15267,1,0,0,1,0.32170990342686195,0
15268,2,0,0,1,0.8278440347147238,1
15269,3,1,1,1,1.1597748112622477,1
15270,3,0,1,1,-inf,0
15271,1,1,1,1,-0.9380793234362097,0
15272,1,1,0,0,-inf,1
15273,1,1,0,0,0.9682412266327189,1
15274,2,1,1,1,-0.03336009018097297,1
15275,1,1,0,0,-0.12473866486210605,0
15276,3,1,0,1,0.9171470772928405,1
15277,3,1,0,1,-0.13110506406373645,1
15278,2,0,1,0,-0.020055799437421307,1
15279,2,0,0,0,1.2494772978710356,1
15280,1,1,0,0,-0.09916676040501465,1
15281,2,0,0,1,0.8557911044372926,1
15282,3,1,0,1,0.7723184192782294,1
15283,2,0,1,1,0.13494877527028848,0
15284,1,1,1,1,-inf,0
15285,2,0,0,0,1.1130776280184493,0
15286,1,0,1,1,0.8468398283382494,1
15287,2,0,1,1,2.4386616849738667,1
15288,3,1,0,1,0.6809884270135105,0
15289,3,1,0,0,1.2354790417307921,1
15290,1,1,0,1,-0.9117646449191199,1
15291,3,1,0,1,0.4907866746056697,1
15292,1,0,1,1,1.9109915388700007,0
15293,2,1,1,1,2.3417558388983277,1
15294,1,1,0,0,-0.27049767372270483,1
15295,2,0,0,0,1.07155314461682,1
15296,1,0,0,0,0.9963629979962344,0
15297,3,0,0,0,1.1171718907600923,1
15298,2,0,0,1,0.6182702099657593,1
15299,3,0,1,1,-inf,1
15300,3,1,0,0,2.219985222972954,1
15301,2,1,0,0,0.140784078348818,0
15302,3,0,1,0,-inf,1
15303,3,0,0,0,0.38130501341307976,0
15304,2,1,0,0,-0.42835924997059144,0
15305,2,1,0,1,-inf,1
15306,2,0,0,1,1.02543446329404,1
15307,1,0,1,0,-inf,1
15308,2,0,1,0,1.0438049203660742,0
15309,1,1,0,1,-0.4996682692976163,1
15310,3,0,1,1,2.5362849734717585,1
15311,2,1,0,1,0.3081515504484179,0
15312,1,1,0,0,-inf,1
15313,2,1,1,0,1.375538902049377,0
15314,2,1,0,1,0.12322335509515994,0
15315,3,1,0,0,-inf,0
15316,1,0,1,0,0.978506430092789,0
15317,2,1,1,0,0.13795614169110182,1
15318,1,1,1,0,0.2269581007664131,0
15319,1,1,0,0,-1.0802512073372872,0
15320,3,0,1,0,1.8236031327729119,1
15321,1,1,0,1,-0.8552416106525447,0
15322,2,1,0,1,-inf,1
15323,2,0,0,1,0.024203744902255464,1
15324,1,0,0,1,0.1917529957981295,1
15325,1,1,1,0,0.1687621884064728,0
15326,2,1,0,1,-inf,0
15327,1,1,0,0,-inf,0
15328,2,1,1,0,0.8740125232278375,0
15329,1,0,1,1,0.06917540622171303,1
15330,2,0,1,1,2.395763813858582,1
15331,1,1,1,0,0.5573552593627217,0
15332,1,0,0,1,0.5435894986826124,0
15333,1,1,1,1,1.0722508537048745,0
15334,1,1,1,1,0.047146264244146585,1
15335,3,1,0,1,1.1585985333587645,0
15336,2,0,0,0,1.9527159419008595,0
15337,1,0,0,0,1.1189184404375148,0
15338,2,1,1,0,1.1396690606447084,0
15339,3,1,0,0,0.15977275404783897,0
15340,3,1,0,0,0.7320330739256966,1
15341,2,1,0,1,0.09326881470390565,0
15342,2,0,1,1,2.6431398514381774,0
15343,3,1,1,0,1.1275074662545228,0
15344,3,0,1,1,2.2640944556687175,0
15345,2,0,0,0,1.0534657937722172,1
15346,2,1,1,1,0.5442361781256227,1
15347,1,0,1,1,0.06166424738067622,1
15348,2,1,0,0,-0.8202891047013849,0
15349,3,1,0,0,-inf,1
15350,3,0,1,1,2.1175913661671153,1
15351,2,0,0,0,-inf,1
15352,2,0,0,0,1.3510047784198917,0
15353,1,1,0,1,-0.12052114873710729,1
15354,1,0,1,1,0.5856006125123157,1
15355,2,0,1,1,0.6187118021156235,0
15356,1,1,1,1,-0.19310434847300845,0
15357,2,1,0,0,-0.13136155633127183,0
15358,1,1,0,0,-0.5302186212258964,1
15359,2,0,1,0,0.7451325792391528,1
15360,2,1,0,1,-0.12927168376158849,0
15361,2,1,0,0,-0.15037097105144187,0
15362,2,1,1,1,1.63961833225183,1
15363,2,1,0,0,0.12176079394600903,0
15364,3,0,1,1,2.3715648705606145,1
15365,2,0,0,0,-inf,1
15366,1,1,1,0,0.2430547478826731,0
15367,1,0,0,1,0.05125656185963645,1
15368,3,1,0,0,1.540972273587884,1
15369,1,0,1,0,0.25034349927741506,1
15370,3,0,1,0,2.0817827971834375,0
15371,1,1,0,1,0.10659993364411241,1
15372,3,1,1,1,-inf,1
15373,2,0,0,1,-inf,0
15374,3,0,0,1,0.9600877483626438,1
15375,1,1,1,1,1.2228671273002147,1
15376,3,1,0,0,1.1438914591745988,0
15377,3,0,0,0,1.1751906245693005,1
15378,3,0,0,0,1.21271228008949,0
15379,2,0,1,0,1.361029912047606,1
15380,2,0,0,0,0.8549982051802871,1
15381,3,1,0,0,-inf,1
15382,1,0,1,1,0.02912243937883341,1
15383,1,1,1,0,-inf,0
15384,2,1,1,1,1.1563383261292388,1
15385,2,1,1,1,2.0275192316561523,1
15386,1,0,1,1,0.6590252362394949,1
15387,2,0,0,1,0.9983707819926964,1
15388,2,1,0,0,-0.9739266664771096,0
15389,1,0,1,0,0.259861445991224,1
15390,3,0,1,1,-inf,1
15391,3,0,0,0,-inf,1
15392,1,1,0,0,-1.4883265171416429,0
15393,1,1,1,0,1.1208366669796994,0
15394,3,1,1,0,0.9958722614387788,1
15395,2,0,1,1,2.109267766573759,1
15396,2,0,1,1,2.1456527127499676,1
15397,1,1,0,0,-0.6780449513704463,0
15398,2,0,0,0,0.505779553907855,0
15399,1,1,1,1,-0.2726713880985568,0
15400,3,0,0,0,1.9222900790146094,0
15401,3,0,0,0,1.2514240301468202,1
15402,3,0,1,0,2.3977038900713983,1
15403,3,0,1,0,2.1363779770734586,1
15404,1,1,0,0,0.199241097477789,1
15405,2,1,1,0,1.3626754751443226,0
15406,2,1,1,0,-0.2663702866414903,1
15407,3,1,1,1,-inf,1
15408,3,1,1,0,1.851725156047968,1
15409,3,1,0,1,0.4430386974870571,0
15410,2,1,0,1,-0.19263513639881752,0
15411,2,0,0,1,0.7485654201684124,1
15412,1,0,1,0,0.7730917693359577,0
15413,3,1,0,1,1.023010437137915,1
15414,2,0,1,1,1.3286495826569533,1
15415,2,1,1,1,1.463230094895692,0
15416,1,0,1,1,0.5736146151705411,1
15417,3,0,0,1,0.3164678732502707,1
15418,2,0,1,1,1.237080708603817,1
15419,1,1,1,1,0.8272973876354703,1
15420,3,1,1,1,-inf,1
15421,2,1,0,0,-0.47111671499137947,0
15422,1,1,1,0,-inf,0
15423,2,0,1,0,1.3152593977417817,1
15424,1,1,0,1,-0.4660093962302875,1
15425,3,1,0,0,0.6012352014512863,0
15426,2,1,1,1,-0.6602686458790494,1
15427,2,0,1,1,0.83370895987197,0
15428,3,1,1,0,0.9168720412670985,1
15429,1,0,0,1,0.6692227539227977,1
15430,3,0,1,0,2.0618468181200895,1
15431,3,1,0,1,-inf,0
15432,2,1,1,1,2.7399588137880952,1
15433,2,1,0,0,-0.2531673406933904,0
15434,2,1,0,0,0.5649464202852809,0
15435,1,0,0,0,1.8866667865520617,1
15436,3,0,1,0,2.911622986238073,0
15437,2,0,1,0,1.053453628143163,1
15438,3,1,0,1,1.5909026841004972,1
15439,3,1,0,0,-0.40303634045976766,0
15440,2,0,0,1,1.0327001687559327,1
15441,3,0,0,0,-0.8107570411953806,1
15442,2,1,0,0,-inf,0
15443,2,0,0,0,1.61585664083859,0
15444,3,0,0,1,0.32068928721991263,1
15445,2,1,0,0,-0.9948889453885228,0
15446,2,0,0,0,-inf,0
15447,1,1,0,0,-0.19763395722690047,0
15448,3,0,1,1,3.0945512948081166,1
15449,3,1,0,0,0.40305254830221227,0
15450,2,0,1,0,0.9382417027668407,1
15451,3,1,1,0,1.5257117412855568,0
15452,3,1,0,0,-0.322850035823127,1
15453,2,1,0,0,0.9591973804510152,0
15454,2,0,0,0,-0.5270081366708814,0
15455,1,1,0,1,-0.7447469679240519,0
15456,2,1,1,1,1.9721229498579,1
15457,3,0,0,1,1.6722906688296,1
15458,1,0,1,1,0.2889865859671135,1
15459,2,0,0,0,-0.12746957938317605,0
15460,2,0,1,0,-0.0627353743080632,0
15461,1,0,1,1,0.09818513785706062,1
15462,3,0,0,0,1.83919057138156,0
15463,3,1,0,0,1.452458220751611,0
15464,1,1,1,0,0.005753837843748,0
15465,2,1,0,0,0.20819211335245724,0
15466,1,1,1,0,-inf,0
15467,2,0,1,1,1.8674154340809492,1
15468,2,0,0,1,-inf,1
15469,3,0,1,1,2.389510057296569,1
15470,3,1,1,0,0.8279067094846472,1
15471,2,1,0,0,-1.0605491999319658,1
15472,2,0,0,0,0.7630398395765313,1
15473,1,1,1,0,0.13859506196740223,0
15474,2,0,0,1,1.7709925292506892,1
15475,1,0,0,0,-0.4358079786023208,1
15476,2,0,1,0,1.0951352997539843,0
15477,1,0,1,0,0.6027720073287446,0
15478,2,0,1,1,1.1016389811221214,1
15479,2,0,0,1,0.6863928771703436,1
15480,2,1,0,1,0.11210485489807914,0
15481,2,1,1,1,0.5059433355079098,0
15482,2,0,0,0,0.2979836789892465,0
15483,3,0,1,0,2.0350458443225574,1
15484,3,1,0,0,1.8011946874507574,0
15485,2,1,1,1,-inf,1
15486,3,0,0,1,1.0278996732753736,0
15487,1,0,1,0,0.5159933443904647,1
15488,2,0,0,0,-inf,1
15489,2,0,0,0,-0.7067140972746904,1
15490,2,1,0,0,-0.03452388862625186,0
15491,3,0,0,0,2.0118948769800107,0
15492,3,1,1,0,0.8661815066082142,1
15493,2,1,0,0,-0.44641943599253914,1
15494,3,0,0,1,-0.26949158334775225,0
15495,2,1,0,0,0.5246730605795025,0
15496,3,0,0,1,0.5681244170790164,1
15497,2,1,1,1,-0.06773202196769978,0
15498,2,0,1,1,1.2861389461990207,1
15499,2,1,0,1,0.7564986785257699,1
15500,1,0,1,1,0.5380136887377269,1
15501,3,0,1,0,2.582197993126332,1
15502,1,0,0,1,-0.1168645591722593,0
15503,3,0,0,1,1.694526575654963,1
15504,2,1,1,0,0.7834559893235311,0
15505,3,1,0,1,1.0386418860413424,0
15506,2,1,1,0,0.5745416514584095,0
15507,2,1,0,1,0.14771113476719128,1
15508,3,0,0,1,0.9137093762632142,1
15509,3,0,0,1,1.9272295693062669,1
15510,3,0,0,0,1.449443826625047,0
15511,3,1,1,1,2.782988519087237,0
15512,3,0,0,1,1.3705795414160553,1
15513,1,0,1,0,0.4952077256164864,0
15514,3,1,0,0,0.7955198643433335,0
15515,3,0,1,1,1.9640298162275147,1
15516,3,1,1,1,1.2916370244046866,0
15517,3,0,1,0,1.4927527109321417,0
15518,3,1,0,1,-0.24041362772171104,0
15519,2,0,0,1,1.3984954479759735,0
15520,3,0,0,0,0.9086534137951772,0
15521,2,0,1,1,2.0579424413864578,1
15522,2,0,0,0,0.6214491968059724,1
15523,2,0,1,1,1.7786141866633023,0
15524,3,0,1,0,2.24648629453717,0
15525,2,0,1,0,0.9656955031655993,0
15526,2,1,0,1,-inf,1
15527,2,1,0,1,-0.040260930998116784,0
15528,3,0,0,0,-0.19707487710972726,0
15529,1,1,0,1,-0.6154854747740459,1
15530,2,0,1,0,1.0692011785560827,0
15531,1,1,1,1,1.3751520052762323,0
15532,3,0,1,1,0.4219681892015912,1
15533,1,1,1,0,1.0650549110149388,0
15534,1,1,0,1,-1.6884073199843492,1
15535,1,0,0,1,0.7990350189048103,0
15536,3,1,0,0,0.39453489966125177,1
15537,1,0,0,0,-0.21192229176660982,0
15538,1,1,0,0,-inf,0
15539,3,0,0,1,1.0316409216534737,1
15540,1,1,1,0,1.6368458417483542,1
15541,1,0,1,1,0.625131392904406,1
15542,2,1,1,1,1.222258546283965,1
15543,3,0,0,0,1.046558019947018,1
15544,2,0,0,1,0.33857245955172605,0
15545,1,1,1,1,1.0060850898881135,0
15546,2,1,0,1,0.6022555150916928,0
15547,2,1,0,1,-0.03427605926634489,1
15548,3,0,0,0,-0.07201037064225257,1
15549,2,1,1,0,1.342230529186981,0
15550,1,0,1,1,0.13599987232266986,1
15551,1,0,0,0,1.497397228083316,1
15552,2,0,0,1,0.598044133131535,1
15553,1,1,0,1,-inf,1
15554,1,1,0,1,-0.6499993024470074,0
15555,2,0,0,0,0.7338565324873367,0
15556,2,0,0,0,0.3537454008151406,1
15557,2,1,0,1,0.7245814721914656,0
15558,2,0,0,1,1.1178630590826946,1
15559,1,1,0,0,-1.3038633409293727,1
15560,2,1,1,1,1.7188792663196029,1
15561,2,0,1,0,1.8157987451444164,1
15562,2,1,0,0,-0.17438035532196494,0
15563,2,1,1,1,0.838918268880961,1
15564,2,1,1,1,1.6248901815197128,1
15565,1,0,1,0,0.34593019427728877,1
15566,2,0,0,0,-0.9317124627749693,1
15567,3,1,0,1,0.7522301291325353,1
15568,3,0,0,1,1.3472409798195752,1
15569,2,1,0,1,0.1704386362120192,0
15570,1,1,1,1,-inf,1
15571,1,0,1,0,0.3168183712181616,1
15572,3,0,1,0,1.5425479673342992,0
15573,3,1,0,1,2.0327965659503784,0
15574,1,0,0,1,0.09554265141827475,0
15575,2,0,1,0,0.7299008481182977,0
15576,2,1,0,1,0.10733448322134694,0
15577,2,1,0,1,-0.3586769026005821,0
15578,3,0,1,1,2.7599802158340205,1
15579,3,0,1,0,2.4358678078147378,0
15580,1,0,1,0,0.08480163865513779,1
15581,2,0,1,1,1.597273776837101,1
15582,1,0,0,1,0.13698980851331982,1
15583,2,1,0,0,-0.7820534569133208,1
15584,2,1,1,1,0.7148438293774146,0
15585,1,1,1,0,0.27082265112413695,0
15586,1,1,0,0,-0.7909908753498431,1
15587,2,1,0,1,-inf,1
15588,2,0,0,0,-1.3253998208652455,0
15589,2,1,0,0,-0.27764339891830847,0
15590,2,0,1,1,0.5041016750682195,0
15591,1,1,1,0,1.5207851586590553,0
15592,2,0,0,1,0.191748859506575,1
15593,3,0,1,0,2.032862494451516,1
15594,1,1,0,0,0.4944625887121619,0
15595,1,1,0,0,-0.8541723233186571,1
15596,1,0,0,0,0.18148213374255118,0
15597,3,0,0,0,-inf,0
15598,1,1,1,1,0.46199534247669033,0
15599,2,0,0,0,0.006251089424487988,1
15600,3,0,0,1,0.6344556720078434,0
15601,1,0,1,0,0.8009205785619697,1
15602,2,1,0,0,0.04248747226324526,1
15603,1,1,0,0,-inf,0
15604,3,1,1,0,2.0998278075662014,1
15605,1,0,1,1,1.0953217453553392,1
15606,2,0,1,0,1.1016354830560124,1
15607,2,1,1,0,0.6446547552467764,0
15608,3,0,1,0,2.167647727851284,0
15609,1,1,0,0,-1.2310297405756885,0
15610,2,1,0,1,-0.17322115495348772,0
15611,2,1,0,1,0.5538903316509382,0
15612,3,1,0,0,-0.32199213009169614,0
15613,1,1,1,1,1.4406237716851087,0
15614,1,1,0,1,-0.39187731753066796,0
15615,2,1,1,0,0.2502561812316886,1
15616,3,0,1,1,-inf,1
15617,2,0,0,1,-1.0669322862803765,1
15618,1,0,1,1,0.02326225165205731,1
15619,2,0,1,0,0.5506859443111466,1
15620,1,0,1,0,0.7789467594443594,1
15621,1,1,1,0,0.6643111772462238,0
15622,2,0,1,1,1.6716982423530649,1
15623,2,0,1,1,0.6361098155335662,1
15624,3,0,0,0,1.196342395835771,0
15625,2,0,1,0,1.8222530834120465,1
15626,2,1,0,0,0.2572300063701595,0
15627,3,1,1,0,0.2842048371187693,1
15628,1,1,0,0,-1.0336823080137927,1
15629,2,0,0,0,0.992687751451921,1
15630,3,1,0,1,0.1519021500082367,1
15631,2,0,1,1,2.2034290684246907,1
15632,1,1,0,0,-0.7306396310157899,0
15633,1,1,1,0,0.6660048975487456,0
15634,3,1,0,0,-0.2767683579383309,1
15635,2,1,0,1,-0.9018746343418262,0
15636,2,0,1,1,1.4855173646164226,0
15637,1,1,1,1,0.46446684164091456,0
15638,1,0,1,1,-inf,0
15639,2,0,1,0,1.2250940501453609,1
15640,2,0,1,1,1.5485967070523783,1
15641,1,0,1,0,1.4599466715389053,0
15642,2,1,1,1,-0.1365668924380341,0
15643,1,1,0,1,-0.7720804573716895,0
15644,3,1,0,0,-inf,0
15645,2,0,0,0,0.40960814645575067,1
15646,2,0,0,0,1.3669940072415208,1
15647,1,0,0,0,0.3200541236037251,0
15648,3,0,0,1,1.967020828512164,1
15649,1,1,0,0,-0.8061418767738806,1
15650,2,1,1,0,1.5619327671108525,1
15651,3,0,0,1,2.320723030322543,1
15652,2,0,0,0,1.4116984042117968,1
15653,1,0,1,1,0.26932413341520367,1
15654,1,0,1,0,0.6767503346108422,1
15655,3,0,1,1,1.254230542482894,0
15656,1,1,1,1,-inf,0
15657,3,0,0,1,1.1396936077201125,0
15658,1,0,0,0,0.13609779264093383,1
15659,1,1,1,1,-0.2989617453857107,0
15660,3,1,1,1,1.2386012186097157,1
15661,2,0,0,0,1.1863290192952358,0
15662,2,0,1,1,2.9765785405799576,0
15663,3,0,0,1,2.469272060686179,0
15664,1,1,1,1,0.23897610255121446,0
15665,1,0,1,0,-1.0709155449387677,1
15666,2,0,1,1,0.853202329917736,0
15667,3,1,1,1,-inf,0
15668,1,1,1,1,2.0573009982387913,0
15669,1,0,0,1,0.7869744487038188,1
15670,2,0,1,1,0.4371473627371748,1
15671,3,1,0,1,-0.24522413301712542,1
15672,3,1,1,1,2.812210440855251,0
15673,3,0,0,0,-inf,0
15674,3,0,0,1,1.2280302475753233,1
15675,2,0,0,1,1.1778810094879866,1
15676,1,0,1,1,-0.41294047700090786,1
15677,2,1,1,1,1.2425654764293055,1
15678,2,1,0,1,0.666655913734969,0
15679,1,0,0,0,-0.4481091221921806,0
15680,2,0,0,0,0.7833723494652207,1
15681,1,1,0,0,0.18662756832149502,0
15682,1,0,1,0,0.4300862523924755,0
15683,3,1,1,1,2.019249470024281,1
15684,1,0,1,0,0.21635097483763205,1
15685,3,1,0,0,1.048677445136434,1
15686,2,0,0,1,0.3143501739760373,0
15687,2,1,1,0,0.3456973101998766,0
15688,2,1,0,1,0.8740700543658388,1
15689,3,1,0,0,0.9825076594112987,0
15690,1,0,0,1,0.4548008122190821,1
15691,2,0,0,1,0.5785665833187147,1
15692,2,0,1,1,1.3664481526839518,0
15693,3,0,0,1,0.8046860670259217,0
15694,2,0,1,1,-inf,0
15695,2,0,0,0,0.9497372757607887,0
15696,1,0,0,1,-1.4631294136029327,1
15697,1,0,0,1,-1.1544367818326777,0
15698,3,1,0,1,1.111232121296628,0
15699,2,1,0,1,-inf,0
15700,1,1,0,0,-1.0454862423147933,0
15701,3,1,1,0,1.5633930026109548,1
15702,1,0,0,0,-0.3828858908189457,1
15703,2,1,0,0,-0.28164977708907385,1
15704,1,1,0,0,-1.064795204982685,1
15705,1,1,0,0,0.6576144275680171,1
15706,2,0,0,0,-0.7009617380065274,0
15707,3,1,0,0,1.3191741001307382,0
15708,3,1,0,0,1.295518953464748,0
15709,3,1,0,1,-0.16496611777719672,1
15710,2,1,1,0,-inf,1
15711,1,1,1,0,1.147308681138012,1
15712,3,0,1,0,-inf,1
15713,3,0,0,1,0.6559624221267255,1
15714,2,1,1,1,0.6261807161881048,1
15715,1,1,1,1,-0.07561893409233167,1
15716,2,1,0,0,2.4646270453969508,0
15717,1,0,1,0,1.5003424651561912,1
15718,1,1,1,1,-0.6446264264118922,1
15719,2,0,1,1,1.0209113135828438,1
15720,3,1,0,0,0.04866020440552454,0
15721,2,0,0,0,1.1863487053857122,0
15722,2,0,1,1,-0.42554563316546967,0
15723,3,1,1,1,0.7597359160326366,1
15724,2,1,0,0,-inf,0
15725,3,0,0,1,1.6785879320075145,0
15726,3,1,1,1,0.6188077311208889,1
15727,3,0,0,0,-0.188532845749094,0
15728,2,1,0,1,-inf,1
15729,2,0,0,0,-inf,1
15730,1,0,1,0,1.983829622682272,1
15731,3,0,1,0,1.542495225390513,0
15732,1,0,1,0,0.23003871679351295,0
15733,3,0,0,0,1.240884267554178,1
15734,3,1,0,0,1.1952020051105297,0
15735,2,0,0,1,-0.19630505917217855,0
15736,1,0,1,0,-0.3429816371006632,0
15737,3,0,0,0,1.75427960189806,0
15738,3,1,0,1,0.5298910422153095,1
15739,2,1,0,1,1.2625275675294203,0
15740,1,1,0,0,-0.3533262492669209,1
15741,2,1,0,1,-0.32983156184540824,0
15742,1,1,1,0,0.6452588021660315,0
15743,3,1,0,1,2.3788115754325996,0
15744,1,0,1,0,3.0620645610470434,1
15745,2,0,1,1,0.9970534951520602,1
15746,2,0,1,1,1.6471119210819027,1
15747,3,0,0,1,1.1492552643071978,1
15748,3,1,1,1,1.5665984325813875,0
15749,3,0,1,0,1.5013073461588575,0
15750,2,0,0,0,-0.27437630794604406,1
15751,2,0,0,0,0.7374583166409922,1
15752,3,1,1,1,2.334764764260955,0
15753,3,0,1,1,3.1874994077128997,0
15754,2,0,0,1,0.21869580199495653,1
15755,2,1,1,0,0.3236495029629588,1
15756,1,0,1,1,1.780992045934159,0
15757,2,1,1,1,-inf,0
15758,1,0,0,1,0.5873526932827822,1
15759,2,1,1,1,0.6815928303549297,1
15760,2,0,1,1,1.6802290376284923,1
15761,3,1,1,0,1.1902501391641802,0
15762,2,1,0,0,-0.47755206976994174,0
15763,1,1,0,1,-1.321819319444232,0
15764,1,0,0,0,1.2562221330000471,0
15765,1,0,0,0,0.5421689000946526,0
15766,2,1,1,1,-0.2686018112261761,1
15767,2,1,1,1,0.6554269658570194,1
15768,1,0,1,1,0.4044686544203957,1
15769,2,0,0,1,-0.010546005544583403,1
15770,2,0,1,1,0.09812028733378786,0
15771,2,0,0,0,0.5089544588827098,0
15772,2,1,0,1,-0.016565910282550778,1
15773,3,0,1,0,1.7402455394919556,0
15774,3,0,0,1,0.6216836092205454,1
15775,2,0,0,0,0.5994362617874304,0
15776,1,0,0,0,-0.016303998940519634,0
15777,1,1,0,0,0.20562225287549513,1
15778,3,1,1,1,-inf,1
15779,3,1,0,1,0.5724378149535004,1
15780,3,1,1,1,1.6283036632361823,0
15781,1,0,0,1,0.6399422542607275,0
15782,2,1,1,0,0.7540260346686269,1
15783,3,0,0,0,0.4213761238753003,0
15784,3,1,1,0,-0.0647863704012801,0
15785,1,0,1,1,-0.4008890773272068,1
15786,3,0,0,0,-inf,1
15787,1,1,1,1,0.5107922198327023,1
15788,3,0,0,1,0.667591579826647,0
15789,3,1,1,1,1.9855370420553768,0
15790,3,0,0,1,-inf,0
15791,3,0,1,1,0.5558217233565148,0
15792,2,0,0,0,-0.0055024340509777225,1
15793,2,1,0,1,0.8818274989863952,0
15794,2,0,0,0,0.11033546564204633,0
15795,2,0,1,0,2.3650208727486293,1
15796,3,1,1,1,-0.6841844458411108,1
15797,2,1,1,0,0.8411646609440808,0
15798,2,1,0,1,-inf,1
15799,1,0,1,0,0.9823489157316493,1
15800,2,0,0,1,-0.5476280255896904,1
15801,3,0,0,1,-0.4186389694411887,1
15802,2,1,1,0,1.617836353157343,0
15803,2,1,0,0,0.5466614964562496,0
15804,2,0,0,0,0.8289428514796299,1
15805,3,1,0,1,-inf,1
15806,1,1,0,1,-1.8920171156165584,1
15807,1,1,1,1,-0.3187953246282211,0
15808,1,1,1,1,0.2271941378347387,0
15809,2,0,0,0,1.2300301295879141,0
15810,3,1,0,1,0.060557021799548805,0
15811,2,1,1,0,2.241129561983794,1
15812,1,1,1,0,1.3379751794999106,0
15813,1,1,1,0,0.5976326498779689,0
15814,1,0,1,1,0.24710524354336194,1
15815,2,1,0,0,0.10370035391119135,1
15816,2,1,0,1,0.9963611279230189,1
15817,1,0,0,1,-0.687615747624712,0
15818,1,1,0,0,-0.39196699383632,1
15819,2,1,0,0,-0.3295516983006575,0
15820,1,1,1,1,0.7449623677805299,0
15821,1,0,0,0,-0.8223970984231613,0
15822,1,0,1,1,-inf,1
15823,2,0,1,1,-inf,1
15824,2,1,0,1,0.37110725939210115,0
15825,2,0,0,1,1.0416994233676231,0
15826,1,0,1,1,0.975341810944473,0
15827,3,1,0,1,0.2561631707753256,1
15828,2,1,0,1,0.747884463942498,0
15829,2,1,0,0,0.04002003018668551,0
15830,1,0,1,1,0.06257876952743535,1
15831,3,0,0,0,0.6587430549470363,1
15832,1,0,0,0,-0.29049987159416235,0
15833,2,0,1,1,1.0020824719044235,1
15834,1,0,1,1,0.04562079658391305,1
15835,3,1,0,0,-inf,0
15836,2,0,0,0,0.8815714521638913,1
15837,2,0,0,0,0.6015994045171361,0
15838,3,0,0,1,1.125533371055331,1
15839,2,0,1,0,1.661277656867207,0
15840,2,0,0,0,0.7010327517894998,1
15841,2,1,0,1,-inf,1
15842,3,1,0,1,0.1800219203168394,0
15843,3,0,1,1,1.5094652476330723,1
15844,2,1,1,1,1.8361773302515374,1
15845,3,0,1,1,1.0390424620877785,1
15846,2,1,0,1,-0.17956374703192174,0
15847,2,0,0,1,-inf,1
15848,2,1,0,0,-inf,0
15849,3,0,0,0,1.8700600037112478,1
15850,1,0,1,1,1.3540531753314524,1
15851,2,1,0,1,1.1509243000004368,1
15852,2,0,0,0,-inf,1
15853,3,0,0,0,1.778044758214731,0
15854,3,1,1,0,2.104188975079757,0
15855,2,1,1,1,0.20613299759797488,0
15856,1,0,0,1,0.11821553364075207,1
15857,2,1,0,1,-0.3288838405846665,0
15858,1,0,1,1,1.2774611892138406,1
15859,2,1,0,0,0.7718218242752606,1
15860,1,1,0,0,-0.9514285777879479,0
15861,2,1,0,1,0.3775184555262695,0
15862,2,1,1,0,0.011484897156923468,0
15863,1,1,1,1,0.004631281757520256,0
15864,2,0,1,1,1.6991038041625783,1
15865,3,1,1,0,0.9765476486345906,1
15866,2,1,0,0,0.12347390141092285,1
15867,3,1,0,0,-0.06443491235646737,0
15868,3,1,1,1,1.5928603540987667,1
15869,2,1,0,1,0.7009619489645473,0
15870,1,1,1,1,-0.28203514952226544,0
15871,3,1,0,0,0.6909396392776634,0
15872,2,1,1,1,2.033795016715176,1
15873,3,0,0,1,0.9315736138972166,1
15874,1,0,0,1,-inf,1
15875,3,0,0,0,1.2939104116749132,1
15876,2,0,0,0,0.662533612317147,1
15877,1,1,0,0,-0.33962103639879226,1
15878,3,1,0,0,0.6457330964852281,0
15879,2,1,1,1,2.0788252879325473,0
15880,3,0,1,0,1.8434748949624176,1
15881,1,0,0,0,-0.05015263888051815,1
15882,3,0,0,0,2.4300860628058123,0
15883,3,0,0,1,1.2768920895173816,0
15884,3,0,0,1,0.938431528544981,1
15885,2,1,0,1,1.1033864244324998,0
15886,2,0,0,1,1.162853520339803,1
15887,2,0,1,0,2.006178509819264,1
15888,1,0,0,0,-0.14414918183003894,0
15889,3,1,1,0,2.1296496619413743,0
15890,3,0,0,0,1.7792512870014514,1
15891,1,0,0,0,0.39506237938689126,1
15892,1,1,1,1,0.82830020016803,0
15893,2,1,1,0,1.384981087850186,0
15894,1,1,1,0,0.36502016182530944,0
15895,3,1,0,1,0.43473933445266366,1
15896,1,0,0,1,0.5777514397746587,1
15897,3,1,0,1,1.3997880871248682,1
15898,3,0,0,0,1.0930125976418081,1
15899,2,1,0,1,-0.7478336034609638,0
15900,2,0,1,1,1.8213687727533419,1
15901,2,0,0,0,-0.8215412890168292,1
15902,3,0,0,0,1.0585533759458694,0
15903,1,0,0,0,-1.8843848424982501,1
15904,1,0,1,0,1.0555787810562856,1
15905,1,1,0,0,-0.6648057974080075,1
15906,2,0,0,0,0.3016630442500359,0
15907,2,0,1,1,1.6582317182016373,1
15908,3,1,1,1,1.2934111669344066,1
15909,3,1,0,0,0.7876636698493535,1
15910,3,0,0,1,0.5620099049490658,0
15911,2,0,1,1,2.2573845808849526,1
15912,2,0,1,1,0.9741049814765171,0
15913,3,0,1,1,2.699288063840686,1
15914,3,1,0,1,-inf,1
15915,2,1,0,0,-0.32362622843746874,0
15916,3,1,0,0,1.4598060649535596,1
15917,1,1,1,1,-0.2216338024262276,0
15918,3,0,0,1,1.3081753123176245,1
15919,3,0,0,0,1.4392196249221705,1
15920,1,0,1,0,1.2818372341999797,1
15921,2,1,1,1,2.000185081851207,1
15922,3,1,1,1,1.7054393539305264,0
15923,2,1,0,1,-0.3940940629324183,0
15924,1,0,1,1,-0.16723007917025223,1
15925,3,0,1,1,1.756149048407068,0
15926,2,1,0,0,-inf,0
15927,2,1,0,1,0.5986821872769925,0
15928,1,1,1,1,0.8319529947645432,0
15929,1,1,0,0,-1.454860817975129,0
15930,3,1,1,1,-inf,0
15931,3,0,0,0,0.15615426941439847,0
15932,3,1,1,1,2.273301478295948,1
15933,2,0,0,1,0.6643103301452157,1
15934,3,0,1,0,2.2244499990183466,1
15935,1,1,0,0,-1.3456847169180501,0
15936,1,1,1,1,0.23220436805873804,0
15937,3,1,0,1,1.6552661188688673,1
15938,1,0,1,1,0.43364628677026057,1
15939,2,0,0,0,0.5270545324297311,0
15940,3,1,0,0,0.167803535553247,0
15941,1,0,1,0,0.060803843643759015,0
15942,2,0,1,0,1.1947583586064927,0
15943,1,0,0,1,-0.7501446587181567,1
15944,2,1,0,1,0.17748864148592214,0
15945,1,1,1,0,0.02120934568882954,0
15946,2,1,0,0,0.1778473526369859,0
15947,3,0,1,0,2.4393552679644497,0
15948,3,1,0,1,-inf,1
15949,2,0,1,0,1.6226231639958182,1
15950,1,1,1,0,1.1980961220513895,0
15951,3,0,0,0,2.1578959905569697,1
15952,1,0,1,0,0.39641215963431603,1
15953,2,0,1,1,1.1439462758844579,1
15954,3,1,1,0,1.6383264310593393,1
15955,2,0,0,0,-inf,1
15956,3,0,1,1,1.905422449480838,1
15957,1,1,0,0,0.26134324995904984,1
15958,2,1,1,0,0.67527321774317,1
15959,1,0,1,0,0.9311158663046732,1
15960,1,1,1,0,1.2196522089449033,0
15961,3,1,0,0,-inf,1
15962,2,1,1,1,1.6727832628783448,0
15963,3,0,0,0,0.665078600015631,0
15964,2,1,0,0,1.2316539703864944,0
15965,2,1,0,1,1.1113689248252066,1
15966,1,0,1,1,-0.0818195995479607,1
15967,1,0,1,0,1.2213228348469403,1
15968,1,0,1,1,-inf,1
15969,1,1,0,0,-inf,0
15970,3,0,1,0,1.6116168640732145,0
15971,2,1,0,1,-0.6188925361947359,1
15972,2,0,0,1,1.5451714702793096,1
15973,3,1,1,0,0.44955303782583855,1
15974,2,1,0,1,0.896966582691779,0
15975,1,1,1,0,0.29129292964224884,0
15976,3,1,0,0,0.2849695758913665,0
15977,2,1,1,0,-0.9779552571448704,1
15978,3,1,0,0,1.6035852524322034,0
15979,2,0,0,1,0.35929056736858267,1
15980,2,0,1,0,0.35562668939963193,0
15981,3,1,1,1,0.5938057253328568,1
15982,3,1,0,0,0.2707343087080061,0
15983,3,1,1,1,3.485771734165923,1
15984,1,0,0,0,-0.09624084807615008,0
15985,2,0,0,0,0.35284752334657654,0
15986,3,1,0,1,-0.27263099079993336,0
15987,2,0,1,1,1.4689673434454145,1
15988,1,0,0,0,-0.009500072492937467,0
15989,1,1,1,0,-inf,0
15990,2,0,1,1,1.4988720134328477,1
15991,3,1,1,0,2.603149845196726,0
15992,2,1,0,0,0.9529431621238746,0
15993,1,1,0,1,-1.2876387652040937,0
15994,2,1,0,1,-0.2383564511657459,0
15995,1,1,1,1,0.40025709897387635,1
15996,1,0,0,0,-0.15995850237184422,0
15997,3,0,0,0,1.0158843759508707,1
15998,2,0,1,1,2.970152346396574,1
15999,1,0,0,0,-0.7870984451901872,0
16000,2,0,1,1,-0.4673165374697017,1
16001,1,1,1,1,0.7310773310373115,0
16002,1,1,0,0,0.01963470240665438,0
16003,2,0,0,0,-0.5485170550765304,0
16004,3,1,0,0,1.4578585184360167,0
16005,3,0,1,1,1.3410025923798548,1
16006,3,1,1,1,1.4557303956558107,1
16007,1,0,0,0,-0.9680112029373973,1
16008,1,1,0,0,-0.7841835170032405,0
16009,1,1,0,0,-1.2274134674799673,1
16010,1,0,1,0,0.03909988665539166,1
16011,3,1,0,1,-0.3701713836764178,1
16012,1,1,0,1,-0.8127665492055111,1
16013,2,1,0,1,-inf,0
16014,2,1,1,0,1.4806809918396118,1
16015,2,0,0,0,-0.17965033365224925,1
16016,1,1,1,0,0.5478454836566189,1
16017,1,1,1,1,-0.11399387212102191,1
16018,3,0,0,1,-0.11195257591595587,0
16019,2,0,0,0,0.3276738744529458,1
16020,2,1,0,0,-0.26330674726133013,0
16021,2,1,1,0,1.0902658785845216,0
16022,2,1,0,0,-0.7426476120203622,0
16023,2,0,1,1,1.725860407873634,0
16024,3,1,0,0,0.8974872206082217,0
16025,2,0,1,1,1.7172550093143553,1
16026,1,1,1,1,-inf,0
16027,1,1,0,0,-1.2004080726178386,1
16028,3,0,1,1,0.6564584089646996,1
16029,2,0,0,0,1.3081696797413391,1
16030,1,0,1,0,1.148453050006674,0
16031,2,1,1,0,0.6770695658493991,1
16032,3,0,0,0,-inf,1
16033,2,0,1,1,0.8818199433302685,1
16034,3,1,0,0,0.6689269703597926,0
16035,3,0,0,0,1.2673340792223187,0
16036,2,0,0,0,0.7783341981101797,0
16037,1,1,0,1,-0.6897912489668654,1
16038,3,0,0,0,0.5804960311591267,1
16039,3,0,0,1,1.3398730357184794,1
16040,1,0,1,1,1.3703099224828512,0
16041,2,0,1,0,1.719713831849012,0
16042,1,0,0,0,-0.19182532122069912,1
16043,2,0,0,1,1.0548905113097597,1
16044,2,1,1,0,0.32782394545906357,0
16045,3,0,0,0,1.3445708349150507,1
16046,2,1,0,1,0.9042065059217879,0
16047,3,0,0,1,1.9063195068508967,1
16048,1,0,0,0,-0.490252007721064,1
16049,3,1,0,1,1.8474927795467602,0
16050,2,0,0,0,-0.024453211329923286,0
16051,1,0,1,0,0.4582143066106191,1
16052,3,0,0,0,1.3759000913601227,1
16053,1,0,1,0,0.28467051585903536,0
16054,2,0,1,0,1.375703107197006,0
16055,3,0,1,0,1.9570055127602892,0
16056,1,1,0,0,1.194192540995506,0
16057,1,0,1,0,1.6243746617937,0
16058,1,0,0,1,-0.024289917366831892,1
16059,2,1,1,0,-0.12256449742012454,1
16060,1,1,1,0,1.1043491220596715,0
16061,1,1,0,1,-0.19921413144079658,1
16062,3,0,0,0,1.0281565456955273,1
16063,3,1,1,0,2.3424086178968544,0
16064,2,0,1,0,0.553052962243148,1
16065,2,1,0,1,0.08647253809585383,0
16066,3,1,1,1,2.749645198486382,1
16067,3,1,0,1,1.4537166035202391,0
16068,2,1,1,1,-0.11542852153311389,1
16069,3,0,1,0,2.570098414362734,1
16070,3,0,1,1,-inf,1
16071,3,0,0,0,0.5682958358033892,0
16072,1,0,1,1,1.18295336422149,1
16073,2,1,0,0,0.5339925332529125,0
16074,2,0,1,1,0.5429363589517806,1
16075,1,1,0,1,-inf,1
16076,1,1,1,0,0.6391293235891199,0
16077,1,0,0,0,0.6540057587849989,0
16078,1,1,0,1,-0.17274835133242442,1
16079,3,1,1,0,1.816316864915942,0
16080,2,1,1,0,2.5189726816385454,0
16081,2,0,0,0,0.902096202797662,1
16082,2,1,0,0,-inf,1
16083,1,0,0,1,-0.14670192480602248,1
16084,2,1,0,1,1.1721537465329934,0
16085,1,0,1,1,-0.256421128656682,0
16086,3,0,0,0,-0.4234313164172292,0
16087,2,1,1,0,1.3688254271798599,0
16088,1,0,1,1,-inf,0
16089,2,0,0,1,-0.41947392831022134,0
16090,3,0,1,1,2.0903920458606553,1
16091,3,1,0,0,1.3445180270169745,0
16092,3,0,0,0,1.4724490113193092,0
16093,1,1,0,1,0.28072863038503676,0
16094,3,0,1,0,1.7185088507741255,1
16095,3,1,0,0,1.2365627143563986,0
16096,3,0,0,0,-inf,0
16097,2,0,1,0,1.0555540433470432,0
16098,1,0,1,1,0.855031642150048,1
16099,3,0,1,1,1.6716217079077775,1
16100,2,0,1,0,1.99467039845891,0
16101,2,0,0,0,-inf,1
16102,1,1,0,0,-1.485369294875559,1
16103,1,0,1,0,0.3955030008564008,0
16104,3,0,1,1,2.7462000280565424,1
16105,2,1,0,1,-0.19866727361990316,1
16106,2,1,1,0,0.6392439303021153,0
16107,2,1,0,1,2.371245807608103,0
16108,2,0,1,0,1.7474098439842953,1
16109,3,0,0,0,1.2881735760143418,0
16110,3,1,0,0,1.1580047029178528,1
16111,2,0,0,0,0.7217043464119863,0
16112,2,0,1,0,0.2195653542072844,0
16113,1,0,1,0,0.7375153726224791,0
16114,3,0,0,1,-inf,1
16115,1,0,1,1,0.9384354923563325,1
16116,2,1,1,1,0.6452168392379052,0
16117,1,1,1,1,-inf,0
16118,2,0,1,1,1.6610247502206166,1
16119,3,1,0,1,0.24631893309331188,1
16120,3,0,0,1,-inf,1
16121,2,0,1,0,1.8367071524375822,0
16122,2,0,0,1,-0.23994595906283145,1
16123,2,1,1,0,0.023480948925426737,1
16124,1,0,0,1,-1.4416838016505968,1
16125,3,0,1,1,1.765351662058444,1
16126,3,0,0,0,0.44611634127405164,0
16127,2,1,0,0,-0.24485822555661546,0
16128,1,0,0,1,0.7504804219326159,1
16129,1,0,0,0,-1.1175604813794915,1
16130,3,1,1,0,0.5439102797850548,1
16131,1,0,1,0,0.3477923598693483,0
16132,2,1,1,1,0.6917881888728603,1
16133,3,0,0,0,1.5033849557033467,0
16134,2,1,0,1,1.078982201397758,0
16135,2,0,1,1,2.2700610766755744,1
16136,2,1,0,1,0.6399418704373109,1
16137,2,0,1,1,1.694603246806541,1
16138,2,1,0,1,0.6401760340623257,0
16139,1,1,1,0,0.6611732371781669,0
16140,2,0,0,0,0.5569950811545754,1
16141,2,0,0,0,-inf,1
16142,3,0,0,0,1.0846767906802153,0
16143,2,1,1,0,-0.38741082168609275,1
16144,3,0,0,0,0.414093313373015,1
16145,1,0,0,0,-0.8896817992297421,1
16146,2,1,0,0,-0.6494094584033885,1
16147,2,0,0,0,0.5339719572298985,0
16148,3,0,0,1,1.4770284077862796,1
16149,1,0,1,0,1.520446199500297,1
16150,2,1,1,1,0.01420971920896641,1
16151,3,0,1,0,-inf,0
16152,1,0,0,0,-0.24260131669728632,1
16153,1,1,1,1,0.6484751684926939,0
16154,2,0,0,0,0.9000072297898924,1
16155,2,1,1,0,-inf,0
16156,3,0,1,0,2.520382676102936,1
16157,2,1,0,0,0.42612138184185155,0
16158,2,1,0,1,-0.27766567708036966,1
16159,2,1,0,0,-0.2484860371752976,0
16160,3,0,1,1,2.6746803266718855,1
16161,2,0,0,0,0.3703443827397733,1
16162,3,0,0,1,2.384300323377265,1
16163,1,1,1,1,-0.45674193971092575,0
16164,2,1,0,0,0.2778150226118537,0
16165,2,0,1,0,0.6319457277889218,0
16166,2,0,1,0,0.8815386546379625,1
16167,2,1,0,0,0.13970397090815975,0
16168,1,1,0,0,-1.3594713976704977,0
16169,2,0,1,0,0.9172046710042685,1
16170,1,0,0,1,0.9245301567213461,1
16171,2,1,1,0,1.323738283281227,1
16172,2,1,1,1,-inf,1
16173,1,0,1,1,2.2003247269766146,1
16174,1,1,1,0,1.0082328507670513,0
16175,2,0,0,0,0.4929078023960036,1
16176,3,0,0,0,1.693912448029133,1
16177,2,0,1,0,-inf,0
16178,2,0,0,1,0.05145366285642983,1
16179,3,0,0,0,1.412196119452143,0
16180,1,0,0,0,-0.11928553739523284,0
16181,1,1,1,1,0.09771883704773288,1
16182,2,1,1,1,0.9859300232082093,1
16183,1,0,0,1,-0.4139400640785429,0
16184,1,0,1,0,-0.5079710365462878,1
16185,1,0,1,0,0.28542883620256876,1
16186,1,0,1,0,-inf,1
16187,1,1,1,0,-0.3039737049360219,0
16188,1,0,0,0,-0.5175959329126392,1
16189,2,0,0,0,-inf,1
16190,1,0,1,1,-inf,1
16191,2,1,1,0,0.6832800850148806,1
16192,2,1,1,1,1.3983053878057603,1
16193,2,1,1,1,0.5122086251961775,1
16194,2,1,0,1,-0.02262757781321814,1
16195,3,1,0,1,0.7253836050180497,0
16196,2,0,1,0,2.459318001924685,1
16197,2,0,1,0,1.4685158456103626,1
16198,2,1,1,0,0.2620402069621921,0
16199,2,1,1,1,-0.15462719875315578,1
16200,1,0,1,0,-inf,1
16201,1,0,0,1,1.3557005800650619,0
16202,3,1,0,1,2.1034738182180757,0
16203,2,1,0,0,-0.09956679083335401,1
16204,1,0,0,1,-0.7814981100451515,1
16205,1,1,0,0,-0.3924142742611054,0
16206,2,0,0,0,-0.2856348308754556,1
16207,1,0,1,0,1.6725747708676793,1
16208,2,1,0,0,0.3079740202726998,1
16209,1,1,0,0,0.4182281232843837,0
16210,1,1,1,0,-0.06250708312878994,0
16211,1,1,0,1,0.618841820119812,1
16212,2,1,1,0,2.0858627852854807,0
16213,2,0,1,0,1.0841787956651348,0
16214,3,1,1,0,1.7933498332796227,0
16215,2,1,1,0,2.504715461458077,1
16216,1,0,1,1,0.3580531541516491,1
16217,3,1,0,0,0.5630297413729953,0
16218,3,0,0,0,1.36486655648728,0
16219,3,0,1,1,1.3300951366103977,1
16220,3,1,0,0,0.3173394929715462,0
16221,2,0,0,0,-0.6714135476506995,1
16222,1,0,0,0,0.7772685076968577,1
16223,3,1,0,0,1.3962829234453353,1
16224,1,0,1,1,0.9031173644245188,1
16225,1,0,0,0,0.5272966269156328,1
16226,2,1,0,1,0.06685982853921446,1
16227,3,0,0,0,0.16867963278393117,0
16228,1,1,0,1,-1.575352190337111,1
16229,2,1,0,1,-0.19742554110666433,0
16230,1,1,0,0,-inf,1
16231,3,1,1,1,0.47814408260416963,0
16232,2,0,1,0,1.3922152080254298,1
16233,2,1,1,1,0.8815082953170252,1
16234,2,1,0,1,-0.7005986082527023,0
16235,2,1,0,0,0.5730579358717922,0
16236,3,1,0,1,0.46281498352734485,1
16237,2,0,0,1,1.0768627612996087,1
16238,3,0,1,0,-inf,0
16239,2,1,1,1,0.6873084418544045,0
16240,2,1,1,0,-0.03897889479744232,1
16241,3,1,0,1,1.10198649919812,0
16242,2,1,0,0,1.0910877615699395,1
16243,2,0,0,0,-0.7978917980195144,0
16244,2,0,1,1,1.5290672932101634,1
16245,3,0,1,1,2.9249733833027944,1
16246,3,1,0,0,1.1323465926667395,0
16247,1,1,0,0,0.057660897596535476,0
16248,1,0,0,0,-0.11134549011586586,1
16249,2,1,0,0,0.35140692741817026,0
16250,2,0,1,0,1.2083145628956182,1
16251,3,1,1,1,-inf,1
16252,3,0,0,1,0.5248482180108076,1
16253,3,0,1,1,2.535694550413788,0
16254,3,1,1,1,1.1382960127870905,1
16255,2,0,0,0,0.9348454085784155,1
16256,3,1,0,1,-0.7491991199418473,0
16257,2,0,0,1,1.6866467348299736,1
16258,3,1,0,0,2.3826956175238876,0
16259,2,0,0,0,0.0266965558094166,1
16260,2,1,0,1,0.9408143870282888,1
16261,3,0,0,0,1.625626925626635,0
16262,2,1,1,0,1.427801411737835,1
16263,3,1,0,1,1.0876757178239007,1
16264,2,1,0,0,0.7010068939775749,0
16265,2,1,0,1,1.3888548185760308,0
16266,1,1,1,0,0.27478773306640425,0
16267,2,1,1,1,0.9348696640181798,1
16268,2,1,0,0,-0.03737904288087107,1
16269,3,1,0,0,1.1203679520692662,1
16270,1,1,1,0,-0.6975650224426482,0
16271,1,0,1,1,-inf,1
16272,3,0,1,1,1.3868559097045223,0
16273,3,1,1,1,-inf,0
16274,2,1,0,0,0.755904736435312,0
16275,3,1,0,0,-inf,0
16276,1,1,1,0,-inf,0
16277,3,1,1,0,1.480948012595892,1
16278,2,1,0,1,0.04056535809825845,0
16279,2,1,1,0,1.3353683542586685,1
16280,1,0,0,0,0.34127599246761636,0
16281,2,1,1,0,1.9681063186449632,1
16282,2,1,0,1,-0.5676677423583953,1
16283,2,0,0,0,0.682335185398736,0
16284,3,1,1,1,1.3488464699240124,0
16285,1,0,0,1,-0.93889710039752,1
16286,2,0,1,0,-inf,1
16287,1,1,0,1,-0.1167829518360034,1
16288,2,0,0,0,1.3284433499100725,1
16289,2,1,0,0,-0.7852629267739328,0
16290,1,1,1,0,0.07943277156511513,0
16291,3,0,0,0,1.1612714235524597,0
16292,1,0,0,0,-1.423963932472644,1
16293,3,1,0,1,1.1319335891889588,0
16294,1,1,1,0,2.24456427667568,0
16295,2,0,0,0,1.6838500046718514,1
16296,1,0,1,1,1.129434776250108,1
16297,2,1,0,0,-0.4444514819839472,0
16298,2,0,1,1,1.971455530917574,0
16299,2,1,1,1,-0.4319358221784122,1
16300,2,1,0,0,0.5114479113706141,0
16301,3,0,0,0,0.4198690466447327,0
16302,3,1,0,1,-0.04492918831458892,1
16303,2,0,1,1,0.808595391180005,1
16304,3,0,1,0,2.021383301165356,1
16305,1,0,0,1,-inf,1
16306,1,0,1,1,0.2761981762148125,1
16307,2,0,0,1,-0.7912414767129468,1
16308,1,0,1,1,1.3414946494328548,1
16309,3,1,1,0,2.383924601227032,0
16310,3,0,1,0,0.8909508380725457,0
16311,1,1,0,1,-1.3086935397707373,1
16312,3,1,1,0,0.947357622934869,1
16313,2,1,0,0,-0.1022350691273674,1
16314,2,0,1,0,1.5224267242051746,1
16315,1,0,1,0,-0.022985883462767087,1
16316,3,1,0,0,0.2779492554279941,1
16317,2,0,1,0,1.618025044073028,1
16318,1,0,0,0,-1.272071821790933,1
16319,3,0,0,1,1.0613294656299583,0
16320,2,0,0,1,-0.45365146039935,0
16321,1,0,1,1,0.40342249626675486,1
16322,1,0,1,1,0.5416076624265701,1
16323,2,1,1,1,1.8730835781647244,1
16324,2,1,1,1,0.10224916895781588,1
16325,1,1,1,1,0.1440297013222453,1
16326,2,0,1,1,1.8281478613643536,1
16327,2,0,0,1,0.5907617075966117,1
16328,3,0,1,1,2.8953944648986676,0
16329,3,1,1,1,2.0175519432245372,1
16330,1,1,1,1,1.14242572876578,0
16331,2,0,0,0,1.6290349162905908,1
16332,1,1,0,1,0.25064438279690343,1
16333,2,1,0,0,-0.2648186174669168,1
16334,3,1,1,1,2.6465842164419326,1
16335,1,1,1,1,-0.4956494444712433,0
16336,2,1,1,1,0.3907877518378212,1
16337,2,0,0,0,0.36421911300530485,1
16338,1,1,0,0,-0.8778264362380093,0
16339,2,1,1,0,1.2112885049020985,1
16340,3,0,1,1,0.8857707267851018,0
16341,3,0,0,0,0.8244706083083608,1
16342,2,0,0,1,0.37806201929129857,1
16343,1,1,1,1,0.7626950437994973,0
16344,3,0,0,0,0.07516387907646704,0
16345,3,1,0,1,0.3338851045929506,0
16346,2,0,0,0,0.6924429264436469,0
16347,3,0,0,0,0.4553639540906025,1
16348,1,0,1,1,-1.0724754155452842,0
16349,2,0,1,1,1.6898673719611008,1
16350,2,1,0,0,-inf,1
16351,2,1,1,0,1.3813557667883092,1
16352,3,1,0,0,0.36906000873073386,0
16353,3,0,0,0,2.455042120207856,1
16354,2,0,0,1,0.05798070686123041,1
16355,1,1,0,0,0.2198500130738063,1
16356,2,1,1,0,-inf,1
16357,1,0,0,1,-0.19919191185713025,0
16358,3,0,0,0,1.3596193334663944,1
16359,1,1,1,1,0.60273267444118,1
16360,1,0,0,1,-0.222869619692865,0
16361,1,1,0,1,-0.8019691360343495,0
16362,2,0,0,1,0.5007465737393448,1
16363,3,0,1,0,2.279636695776885,1
16364,3,0,1,0,1.5062405717145564,1
16365,1,1,1,1,0.9166729616842451,1
16366,2,0,0,1,-inf,1
16367,1,0,0,1,0.19236144451180504,1
16368,1,0,0,1,-0.3947854772949167,1
16369,2,1,1,1,1.621439189800412,1
16370,1,0,1,1,0.5442531928447981,1
16371,2,0,0,1,1.431473583666019,1
16372,2,1,0,0,0.667561103813364,0
16373,2,1,0,0,-0.004344532568933468,0
16374,3,1,1,0,1.2616000398362157,0
16375,2,0,1,1,0.800484852904765,0
16376,2,1,0,1,0.4181119274222533,1
16377,1,1,0,1,-0.1991924716910847,1
16378,2,1,0,1,0.019796135312940888,1
16379,2,1,0,1,0.4180771851899935,0
16380,3,0,1,1,1.4123973263574294,1
16381,1,0,0,0,-0.4733161031118239,1
16382,1,0,1,0,1.5979691740486452,0
16383,2,1,0,0,-0.5791321363424926,0
16384,2,0,0,1,0.9023079889468093,0
16385,3,0,1,0,1.5779302749173225,1
16386,2,0,1,1,1.401290496634873,0
16387,2,1,0,1,0.4120030330760258,0
16388,1,1,0,0,-0.17568235501301496,1
16389,1,0,1,1,1.3164122796054682,1
16390,2,1,1,1,-inf,1
16391,2,0,0,0,-0.13620941562272548,0
16392,3,0,0,1,1.961657393503772,0
16393,3,1,0,0,1.0598709031597424,1
16394,3,0,0,0,1.254151691882707,1
16395,3,0,0,0,2.143701514395583,0
16396,3,0,1,1,2.0372368152164846,1
16397,3,0,0,0,1.1346133390447357,1
16398,3,1,0,1,1.0543717346442543,1
16399,1,0,0,0,-0.5262115292887679,1
16400,1,0,0,1,0.17991957551049587,1
16401,1,1,0,0,-0.23691047166178822,0
16402,3,0,0,1,-inf,1
16403,2,0,0,0,-0.30833191952199024,1
16404,2,1,0,0,0.05464639727691967,1
16405,2,1,0,0,-1.534318488999001,0
16406,1,0,1,1,0.6449395230117888,0
16407,2,1,1,1,1.2024960204932196,0
16408,1,0,1,1,0.7443315546312196,1
16409,2,0,0,0,-0.2725206630913257,0
16410,2,0,1,1,2.351387345505908,1
16411,1,1,1,1,0.7799319777644046,0
16412,3,0,0,1,1.2292056440429464,0
16413,2,1,0,0,0.2513657168993538,0
16414,3,1,0,1,1.5034048643439297,0
16415,1,1,1,0,0.6472646911577381,0
16416,1,1,0,1,-0.28034886681961413,1
16417,2,1,1,1,0.7145261922342341,1
16418,2,1,0,1,-0.3247858162655605,1
16419,3,1,1,1,1.7518379452960666,1
16420,2,0,0,1,1.2371671330761047,1
16421,3,0,1,0,0.7849265062715622,0
16422,3,1,0,0,2.2210404874359972,0
16423,1,1,0,0,-1.1186967125069462,1
16424,2,1,1,1,0.8714652582862217,1
16425,2,1,0,0,-0.28629187320033345,0
16426,2,0,1,1,0.8914202709566215,1
16427,1,0,1,0,0.3220073954869558,1
16428,3,1,0,1,0.912903475869351,0
16429,3,1,1,1,1.941946074406211,1
16430,3,1,0,0,1.38074537498062,1
16431,3,1,0,0,-0.11649108498385774,0
16432,1,0,1,1,1.148546573258359,1
16433,1,0,1,1,-0.4252923069839113,1
16434,2,1,0,0,0.740702943637539,0
16435,3,1,1,0,0.8831829623300232,0
16436,3,0,1,0,1.3406976295516988,0
16437,2,0,0,1,0.4255190503642865,1
16438,3,0,1,0,1.499269300518422,1
16439,2,1,0,0,-1.0269805361839226,0
16440,2,1,1,1,-inf,1
16441,1,1,0,1,-0.35575692717627333,1
16442,3,1,0,1,1.19352311747448,0
16443,3,1,0,0,0.4280321194142828,0
16444,3,1,0,0,0.24466259702504733,1
16445,3,1,1,0,2.081720712573385,1
16446,3,1,0,1,0.373030200962051,0
16447,2,0,0,1,0.9802747652144281,0
16448,3,0,1,0,1.6046957580173156,1
16449,1,1,0,0,-inf,0
16450,3,0,1,1,2.6644987442521058,1
16451,3,1,0,1,0.6194955533548616,1
16452,2,0,0,0,-0.2124306543012905,1
16453,1,0,0,0,0.30091232291100617,1
16454,3,0,1,0,2.3662934916024487,0
16455,2,1,0,1,-0.10031632010774522,0
16456,3,0,0,1,0.9614485849728985,0
16457,1,1,0,0,-0.6234815632571352,0
16458,2,0,0,0,0.42273044578708696,1
16459,3,0,0,1,1.7213272376367845,1
16460,2,1,1,1,-0.2910713750235976,1
16461,3,0,0,0,0.2098222477706313,0
16462,3,1,0,0,-inf,0
16463,3,0,0,1,1.0993885790739228,1
16464,2,1,1,1,1.3146443379803134,1
16465,3,1,0,0,0.06632573510354589,0
16466,1,1,1,0,-0.37074216497671925,1
16467,1,1,1,0,-0.400515811715431,0
16468,2,1,0,1,0.3093668109383257,0
16469,3,0,1,1,3.206807842738791,1
16470,3,1,1,1,2.5008552176692924,1
16471,3,1,1,0,2.2771945227809742,1
16472,1,1,0,0,1.142628724715213,0
16473,3,1,0,1,0.30401626037314455,0
16474,3,1,0,1,-0.2236155029381841,1
16475,1,1,0,1,-0.9755835505277375,1
16476,3,1,0,1,0.796140593050616,1
16477,1,1,1,1,1.5406337957431246,0
16478,1,1,1,1,0.7811767046098458,0
16479,2,0,0,0,0.8477412094618659,1
16480,1,0,1,0,1.727606433379968,1
16481,3,0,1,0,1.7895156568544675,0
16482,2,0,0,0,-0.13016939557081475,0
16483,1,1,1,1,-0.402634418338537,0
16484,3,1,1,0,1.629464425064496,0
16485,2,1,1,0,0.31434888305850206,1
16486,3,1,0,1,-inf,0
16487,2,1,0,0,0.2639852410706056,0
16488,2,1,1,1,1.8112416510669576,1
16489,3,1,0,0,0.8238099710961235,0
16490,2,1,1,0,1.1172790744965087,0
16491,3,1,0,0,1.5254386677786393,0
16492,3,0,1,1,1.9790162063131251,0
16493,1,0,1,0,1.2094482109901663,0
16494,2,0,1,1,1.6590943568356642,1
16495,1,1,0,1,0.40912609006222395,1
16496,3,1,0,1,1.7866872100809368,1
16497,2,0,0,0,-0.2634876430702723,1
16498,3,0,0,0,-inf,0
16499,3,1,0,0,0.9580557513536341,0
16500,3,0,1,1,1.5030170093617596,1
16501,3,0,0,0,0.8195547988572587,1
16502,3,1,0,0,1.273733642090467,0
16503,3,0,0,0,1.0231395560833083,1
16504,2,0,1,1,0.7259190339232663,1
16505,1,1,1,0,0.393355961314181,0
16506,3,0,0,0,2.681134278094607,1
16507,3,0,0,1,2.3548146159991017,1
16508,2,1,0,0,0.24424185612886018,0
16509,2,0,1,1,1.6783191325851865,1
16510,3,1,0,0,1.4404457872446992,1
16511,2,0,0,1,0.3147652167477095,1
16512,3,1,0,1,1.2561563619032468,1
16513,1,0,1,1,1.0868490190504736,1
16514,2,1,1,1,1.0880087430571983,0
16515,1,1,1,1,0.40477485735361957,0
16516,2,1,1,1,0.7516308387718451,0
16517,3,0,1,1,0.6428381635216338,1
16518,3,1,0,0,1.2524581553307947,0
16519,3,1,0,1,0.852057331631215,1
16520,3,1,1,0,1.4747694198720427,0
16521,1,1,0,1,0.30459453088767335,1
16522,2,1,0,1,0.45858095510254915,0
16523,2,1,1,1,1.272142453441063,1
16524,3,0,1,1,2.04242137430338,0
16525,2,1,1,1,1.3760839047824605,1
16526,3,0,1,1,1.624420827755308,1
16527,1,1,1,0,0.5139217971491571,0
16528,2,0,1,1,2.4998052475342005,0
16529,1,0,0,1,-1.5515404667326878,1
16530,1,0,1,1,-0.5549333230018033,0
16531,3,1,0,1,0.4856641552183583,1
16532,2,1,1,0,1.4136798632657201,0
16533,2,0,1,0,1.2705233881724345,0
16534,3,0,0,1,0.9982135806350663,1
16535,1,0,1,0,0.23908091677042892,0
16536,3,1,0,0,-inf,0
16537,2,0,1,1,0.619521394260012,1
16538,3,0,1,1,0.8091669162181183,0
16539,2,1,1,0,1.6057550501483873,1
16540,3,0,1,1,0.7274213433817285,1
16541,1,1,1,0,0.6402727178909575,0
16542,3,1,1,1,1.588198600786231,1
16543,3,0,0,0,1.3498127816820558,0
16544,3,1,0,0,0.9181554731419695,1
16545,2,1,1,0,0.7457948771042939,1
16546,2,0,0,0,0.7528911369308999,1
16547,2,1,1,0,1.853004623800626,1
16548,3,1,1,1,2.2104206451914887,0
16549,1,0,0,1,-inf,0
16550,2,0,0,1,0.7650012356068849,1
16551,1,1,1,1,1.1829399140589338,0
16552,2,1,1,0,-inf,1
16553,2,0,0,1,1.257643540680003,0
16554,2,0,0,0,-inf,1
16555,3,1,0,0,0.348037337338549,0
16556,1,1,1,1,-inf,1
16557,3,0,1,0,-inf,1
16558,1,0,0,0,-0.022016284770137215,0
16559,1,0,0,0,1.0660124771312018,1
16560,3,0,1,1,1.2047441067171567,0
16561,2,1,1,1,0.7601505349563004,0
16562,2,1,1,1,0.9803296018737648,1
16563,2,1,0,1,1.1700357180898144,1
16564,3,0,0,1,1.6916925956365478,1
16565,2,1,1,0,-0.5276084677884378,0
16566,1,1,1,0,1.5083411953696342,1
16567,2,1,0,1,-0.05359014688997682,0
16568,2,0,1,0,1.903603337283406,0
16569,2,0,0,1,-inf,1
16570,1,0,1,0,0.9877293379700729,1
16571,3,0,1,1,1.8292228995394624,0
16572,1,0,0,1,0.8427510263445498,0
16573,3,0,1,1,1.6800783022698964,1
16574,3,1,0,0,-0.19443623727925918,0
16575,2,1,0,1,0.6997480812870651,1
16576,1,0,0,0,-0.2847249636384296,0
16577,3,1,0,0,1.5340968201949954,0
16578,2,0,0,1,1.9329590507072862,1
16579,3,1,0,0,2.0928647462327503,0
16580,1,1,1,1,-0.19921956543952463,0
16581,1,0,1,1,0.4061816247128851,1
16582,2,0,1,0,1.1713103637979836,1
16583,3,0,0,1,-inf,0
16584,3,1,1,0,-inf,0
16585,2,1,0,0,-0.5979558292258105,0
16586,2,0,0,0,1.2811630104463883,0
16587,3,0,1,0,1.700654241953778,0
16588,2,0,1,1,1.554908480547431,1
16589,2,0,0,1,0.35922829382951826,0
16590,2,0,1,0,0.4336726566740272,1
16591,2,0,0,1,0.9178279387200488,0
16592,2,0,0,0,-0.22640946831914877,1
16593,1,0,0,0,-0.5165195212052272,1
16594,1,0,1,0,0.20315852320817995,0
16595,2,0,0,1,0.8229902497050344,1
16596,3,0,0,0,0.15588777917380914,0
16597,3,0,1,1,2.2201040095590026,1
16598,2,0,0,1,0.8181058188784256,1
16599,2,0,1,1,0.5715964910510013,1
16600,2,1,0,1,-0.3208763399836651,1
16601,2,0,1,0,1.5327146206727331,1
16602,2,0,0,1,0.20725180782635716,1
16603,2,0,0,0,1.0448909584896824,1
16604,2,1,1,1,1.8828624729064911,1
16605,1,1,0,0,-0.5104565141609605,0
16606,2,1,0,0,0.2002342190826226,1
16607,3,1,0,1,0.2870665304834017,0
16608,2,0,0,0,-0.014477491211728033,1
16609,3,0,0,1,1.2091259071224663,1
16610,3,0,0,0,1.589146008766792,0
16611,1,1,1,1,0.02430654344522043,0
16612,3,0,0,0,-inf,1
16613,2,1,0,1,-0.1959793242081938,1
16614,1,0,1,0,1.4178794882691639,1
16615,3,0,0,0,1.6852036504541998,1
16616,3,0,0,1,0.4249853115305714,1
16617,1,1,0,0,-0.6625481349388453,1
16618,1,0,1,0,0.3197721052285696,1
16619,1,1,0,0,0.5891336649385002,1
16620,3,1,0,1,0.25464735148278217,1
16621,2,0,0,1,-0.08169478608504033,0
16622,1,0,0,0,-0.814741690144198,0
16623,2,0,1,0,0.9235582177321711,0
16624,1,0,1,1,0.6463536275332419,1
16625,2,0,1,1,1.133269668553356,0
16626,2,1,1,1,1.0460066063706148,0
16627,1,1,1,0,0.3279583565133537,0
16628,1,1,0,1,-0.33353374113892387,0
16629,2,0,0,0,0.5307938421927388,1
16630,3,0,0,0,1.1941226049887104,1
16631,1,0,1,0,1.3976862777294523,1
16632,2,1,0,1,0.68911920558499,0
16633,3,0,0,0,0.42316735696189256,0
16634,1,1,1,0,-0.2973913105751677,0
16635,1,1,0,1,-1.6203926399160165,1
16636,1,0,0,1,-0.8996612246003864,1
16637,2,0,1,1,1.6319819433828937,1
16638,2,0,1,1,1.5464541971822432,0
16639,1,0,1,0,1.658718884980624,0
16640,2,0,0,1,0.780828187630463,0
16641,2,0,1,0,2.892305790160826,0
16642,2,1,0,1,0.28710876103133093,0
16643,1,0,1,1,1.25242844952478,1
16644,2,1,0,1,0.5748446076806993,0
16645,3,1,0,0,-0.34607336297900226,0
16646,2,1,0,1,1.1413348657623337,0
16647,2,0,1,0,1.9906395624928386,0
16648,1,1,0,1,-0.9487800923089593,0
16649,3,1,1,1,0.9481156043474251,1
16650,2,0,0,0,-0.14468530435057114,0
16651,1,0,1,0,1.3468088863345735,1
16652,1,1,1,1,0.3248399078799422,0
16653,2,0,0,1,1.1531178929129606,1
16654,2,1,1,0,1.5295834063000382,1
16655,2,0,0,0,-inf,1
16656,3,1,1,1,1.8405009391936984,1
16657,3,1,0,0,-0.2981130314833558,0
16658,3,0,0,0,1.7182512336183455,1
16659,2,1,0,0,0.8652844433694091,0
16660,2,0,1,0,1.681481967262454,1
16661,3,1,1,1,1.24700984906037,1
16662,1,1,1,1,0.8144893343286537,0
16663,1,0,1,0,0.14202142300471,0
16664,2,1,1,1,1.2258870843738643,1
16665,3,1,0,0,-0.43594759014545703,1
16666,2,1,1,0,1.0114290505840209,0
16667,1,1,1,1,0.5983092674453139,0
16668,2,0,0,1,-0.09600520738499796,0
16669,1,0,0,1,-1.2882505136234705,1
16670,2,0,0,1,0.3557200341297425,1
16671,2,1,0,1,0.1697243535588943,1
16672,3,0,1,1,2.6864657184039324,1
16673,2,0,1,0,1.4644570301704976,0
16674,2,0,1,0,0.517466109905164,0
16675,2,1,1,0,0.019782571166810925,1
16676,3,1,0,0,-0.060775558978430566,1
16677,2,1,1,1,0.7857822405977504,1
16678,3,0,1,1,2.2982276134555932,0
16679,2,0,1,1,2.003800905063025,1
16680,3,0,0,1,0.8941858458918678,1
16681,2,1,0,0,1.0653464808812207,0
16682,2,1,0,0,-0.6540238459938554,0
16683,2,1,1,0,-0.01780875426472628,1
16684,1,0,0,0,-0.5960392483013557,0
16685,3,0,0,1,1.9272947522595474,0
16686,2,1,0,1,-0.7341429044145711,0
16687,2,1,0,1,0.8763857241207131,0
16688,1,1,1,0,-0.15839132577562148,1
16689,1,1,1,0,0.5052111804283093,0
16690,1,1,1,1,0.4625052940768572,0
16691,1,1,1,0,1.3650679189560606,0
16692,2,1,0,1,-0.030540415401065946,0
16693,2,1,1,0,0.7183936511037634,0
16694,2,0,1,0,2.2996717450538107,0
16695,2,1,1,1,1.0352090419658186,0
16696,1,0,0,1,-0.8541604366743982,1
16697,3,0,0,1,0.41399013587615874,1
16698,1,0,1,0,0.06308524691836082,1
16699,2,1,1,1,1.3714909290831678,0
16700,2,1,1,1,1.1085999170732388,1
16701,3,0,0,0,0.1270523681161193,0
16702,1,1,0,1,-1.127328704824692,1
16703,1,0,0,1,0.29462677605940135,1
16704,3,0,0,0,1.1807826434711706,0
16705,1,1,1,0,0.0793112074636993,1
16706,3,0,0,0,2.3425549022785943,0
16707,2,1,1,1,1.4981391448713144,1
16708,2,1,1,1,-inf,1
16709,2,0,0,1,1.0698302933855106,0
16710,3,0,1,1,2.0394292750874574,1
16711,2,0,0,1,0.5135793554190414,0
16712,1,1,1,1,0.13017618600686814,0
16713,2,0,0,0,1.289647010334148,1
16714,2,0,0,0,0.7332289886847823,1
16715,3,1,0,1,-0.13498783957602078,0
16716,1,0,0,0,0.7085926718379558,1
16717,1,0,0,0,1.174127146132859,1
16718,2,0,1,0,1.4534414164213898,0
16719,2,0,0,1,0.8663386724984798,0
16720,2,0,1,0,0.8038296761824669,1
16721,3,1,0,0,1.1278033553915692,0
16722,2,1,1,1,0.18607230355461535,1
16723,2,0,1,1,2.1586691564084584,1
16724,2,0,0,1,1.4621351394410023,1
16725,3,1,0,0,0.33957645083446586,0
16726,1,0,0,1,-0.2987514958695274,1
16727,3,1,1,1,2.3796708570107143,1
16728,1,0,0,0,-0.1418374583309717,1
16729,1,1,0,1,0.0994275840343179,1
16730,1,0,0,1,0.9515978504150221,0
16731,3,0,1,1,1.0967887584206357,0
16732,1,0,1,0,0.4919882700994149,1
16733,2,1,1,0,-inf,0
16734,3,0,0,0,0.874148518219916,1
16735,2,1,1,0,1.0698865431258402,1
16736,3,1,0,1,1.0484385505266702,0
16737,1,1,0,0,-1.620255047400121,0
16738,2,0,0,1,0.19618100918900494,1
16739,3,0,0,1,2.925824523277944,1
16740,3,0,1,0,1.8131296136588455,1
16741,3,0,0,0,0.13755164429697542,1
16742,1,0,0,0,0.5557930128682644,1
16743,3,0,0,1,0.6768751223304839,1
16744,1,0,0,1,-inf,1
16745,2,1,1,0,1.7266522057403555,0
16746,1,0,0,0,0.02181834734661088,0
16747,3,1,0,0,1.7026465696790665,0
16748,3,1,0,1,0.7492771218613459,1
16749,1,0,1,1,0.7572028000539004,1
16750,2,0,0,0,0.12395829736678343,1
16751,2,1,0,0,0.592915746978352,0
16752,2,0,1,1,-inf,1
16753,1,1,1,0,0.2923030668090697,0
16754,1,1,0,1,-0.8677406695639094,1
16755,1,0,0,0,-inf,0
16756,3,0,1,1,2.2925774198296174,1
16757,1,1,0,0,-1.0180638523203023,0
16758,1,0,1,0,1.030622267323424,1
16759,1,0,1,0,2.4955045280110646,1
16760,1,0,0,0,-1.0825571452394,0
16761,1,0,0,1,-1.164509952464643,1
16762,2,1,0,1,0.42164738953690006,0
16763,1,0,0,1,-0.05529448461068046,0
16764,3,1,0,1,0.9472037052171576,1
16765,3,0,0,0,1.3384123562215884,1
16766,2,1,0,1,-inf,0
16767,1,1,0,1,-0.37387260406225803,1
16768,1,0,0,0,0.05545214113226182,0
16769,2,0,0,0,1.4713464523725202,1
16770,2,1,1,0,1.6005417722808406,1
16771,3,1,0,1,-0.20838755968288036,1
16772,3,0,0,0,0.7290092216652452,1
16773,2,1,0,0,-0.18593043070243048,1
16774,3,0,0,0,2.3147399213573028,0
16775,2,0,0,0,0.665498898384467,0
16776,2,1,0,0,-0.0665529984689654,1
16777,2,1,0,0,1.7383603396185556,0
16778,2,1,1,1,0.5130813731870496,0
16779,1,0,1,1,0.8315174707296914,1
16780,3,1,0,1,0.9085005894615307,1
16781,2,0,0,1,1.272514680853559,1
16782,3,0,0,0,-inf,0
16783,2,1,1,0,2.530551194614529,1
16784,2,1,0,0,0.685423612096296,0
16785,3,1,0,0,-0.3076398255486885,0
16786,1,0,1,1,-inf,1
16787,3,0,0,1,1.2981967978993902,1
16788,1,0,1,0,0.34595947446049113,0
16789,2,1,0,0,0.16713521450924998,0
16790,1,1,1,0,1.7174272214695907,0
16791,3,1,0,0,1.236164272870355,0
16792,3,1,1,1,1.7624163145889893,0
16793,2,0,1,0,1.7357433910144753,1
16794,3,1,1,0,-inf,1
16795,2,1,0,0,0.6425850653680572,0
16796,3,1,0,1,-inf,1
16797,1,0,0,0,-inf,0
16798,3,0,1,0,2.359780775982486,1
16799,3,0,0,0,1.3072983055678857,0
16800,3,0,1,0,-0.03107278935190627,0
16801,1,1,1,0,-1.0414731528740553,0
16802,2,0,0,0,0.6228473736676635,0
16803,2,0,0,0,0.8214092069142159,1
16804,3,0,0,0,-inf,1
16805,3,0,0,0,1.9414465038599733,0
16806,3,0,0,1,2.085780341943396,1
16807,1,1,1,0,1.6192803619027742,0
16808,2,0,0,1,0.47365089532434007,1
16809,2,0,1,1,0.43106002597184534,1
16810,2,1,0,0,1.0730165540674055,1
16811,1,1,1,1,-1.0171654657368514,0
16812,2,1,1,1,0.6134577171125637,0
16813,2,0,0,1,-1.1895551061347682,1
16814,2,1,0,1,0.08217023378759607,1
16815,3,1,1,0,1.9628413233847892,0
16816,2,0,0,0,0.322435423010055,0
16817,2,1,0,0,-0.7713566163727776,0
16818,1,1,0,0,-0.7623697152116671,0
16819,2,1,0,0,0.8767651771251941,0
16820,3,1,1,0,-inf,1
16821,1,0,1,1,1.1581707970351989,0
16822,2,1,1,0,-0.3525282853756817,1
16823,3,0,0,0,0.3685876093887752,1
16824,1,1,1,0,0.07960715142253899,0
16825,3,0,1,0,-inf,1
16826,2,0,0,1,-inf,1
16827,3,1,1,1,0.6757636025178797,1
16828,3,1,1,1,2.3479282494836258,0
16829,3,1,1,1,2.5848932365012565,1
16830,2,0,0,1,-0.5745996436382705,1
16831,2,1,0,0,-0.19255526883367924,0
16832,3,1,0,0,1.3026258204164076,0
16833,3,0,0,0,0.9114207836970671,1
16834,1,1,1,0,-0.1862398429288768,0
16835,3,1,1,1,2.3935115460379617,0
16836,3,1,0,0,0.37531076851083783,1
16837,2,0,1,0,2.941202386204817,1
16838,2,1,1,1,1.8566193732229008,0
16839,1,0,1,0,0.8688794554607003,0
16840,2,1,1,0,1.0708223995762836,0
16841,2,0,1,1,1.0058140919057064,0
16842,2,0,0,1,1.1913949706938283,1
16843,3,0,0,1,1.2876617513663047,1
16844,1,1,1,0,1.5107379646918337,0
16845,3,1,0,1,0.8402558500824509,0
16846,1,0,1,1,0.6666667469186868,0
16847,3,1,0,1,-0.4653444088145744,1
16848,3,1,0,0,1.2744763226196167,1
16849,1,0,1,1,0.8590950057810647,1
16850,2,0,1,0,0.6709929292046473,0
16851,1,1,1,0,0.6587902990915211,1
16852,2,0,0,0,-0.13354366549988128,0
16853,3,0,1,0,2.5373624014651694,0
16854,2,1,0,1,2.5555843475646003,1
16855,3,1,0,1,0.442050768649214,1
16856,2,0,1,0,2.6783963864264146,1
16857,3,1,1,1,1.848818535289582,0
16858,1,1,1,0,-0.4216215209871413,1
16859,2,0,1,1,0.7322567402486172,0
16860,2,0,0,0,0.19962694738838543,0
16861,3,0,0,0,1.6085512255931804,0
16862,3,0,0,1,0.8644824805259602,1
16863,3,1,0,1,1.664492796990372,0
16864,2,0,1,0,-inf,0
16865,3,1,0,1,0.12596152696775786,1
16866,1,0,1,0,-inf,0
16867,2,1,0,0,-inf,0
16868,2,0,1,0,1.8348081459404262,1
16869,3,1,0,1,0.5698611781660791,1
16870,1,0,1,0,0.5243843149369477,1
16871,1,1,0,0,-0.1411041126144879,0
16872,2,0,1,1,-inf,1
16873,3,1,1,1,1.9508220979212134,1
16874,2,0,0,0,1.0213565517593979,1
16875,1,1,1,1,1.3741200448573148,0
16876,2,1,0,1,0.5384121582344246,0
16877,3,1,0,1,1.4626886464349296,1
16878,2,1,1,0,1.3010089191707188,1
16879,2,0,0,1,-inf,1
16880,1,1,1,0,0.05268499182571362,0
16881,1,0,1,1,0.040149309813927725,1
16882,1,0,1,0,0.3564625738644825,1
16883,2,0,0,1,0.7757051545206467,1
16884,1,1,0,0,-0.28274036613445486,0
16885,1,1,1,1,0.3008377365099934,0
16886,3,1,1,0,-inf,0
16887,2,0,1,0,2.0450273378623005,1
16888,1,0,0,1,0.9022289312963937,1
16889,1,0,1,1,1.5660677053529246,1
16890,2,1,1,1,0.4604581806348078,0
16891,2,1,0,0,-0.785874482549832,1
16892,1,1,1,0,0.9072939158261089,0
16893,1,1,1,0,-inf,0
16894,2,0,1,1,2.179666060011914,1
16895,1,1,0,0,-0.997710938407232,1
16896,2,1,1,0,-inf,1
16897,2,0,1,1,1.1577565807054224,1
16898,2,0,1,1,1.4535039029132366,1
16899,3,1,1,0,1.5295175011490074,0
16900,2,1,1,1,0.7013518909960408,1
16901,3,1,0,1,0.9266220179713361,1
16902,1,0,0,1,0.7192105680136792,1
16903,2,0,1,1,0.615200701166352,0
16904,3,0,0,0,-0.1112310745477969,0
16905,1,1,0,1,-0.4622084823236806,1
16906,1,0,1,0,2.428836896759602,0
16907,1,0,0,0,0.22587428912317847,0
16908,2,0,0,0,-0.25919162101235893,1
16909,2,1,1,0,-0.09229828561916964,1
16910,2,1,1,1,0.7917310413287704,1
16911,1,1,0,0,0.456093239021579,1
16912,2,0,1,1,0.6993312993025851,1
16913,1,1,0,1,-1.4601581261505567,0
16914,3,1,0,0,0.27327583854329895,1
16915,3,1,0,0,0.4639998224321201,1
16916,2,0,1,1,0.5351781699645182,1
16917,1,0,0,1,0.24449010543434757,1
16918,2,0,1,0,1.8390377393903519,1
16919,1,0,0,1,-1.7593921629767508,0
16920,2,0,1,1,1.7269402403691692,1
16921,1,0,0,1,-0.6367815536120354,0
16922,2,0,1,0,-inf,0
16923,2,1,0,1,-0.4306603544215099,0
16924,2,1,1,0,2.0422766974392172,1
16925,3,0,0,1,0.7785924629926119,0
16926,2,1,0,0,0.3696193831162731,0
16927,2,1,1,0,0.8081456040797695,0
16928,1,0,0,0,0.28611024242778776,1
16929,2,1,0,0,1.0039539107933209,0
16930,2,0,0,0,0.8975682939457967,0
16931,1,1,1,0,0.6872099314571013,0
16932,2,0,1,0,1.6416952894516308,0
16933,1,1,0,0,-inf,1
16934,2,1,1,1,2.1856042581610162,1
16935,1,0,1,1,0.45707261453239295,1
16936,1,0,1,0,-inf,1
16937,2,1,1,0,0.624897243666786,0
16938,2,0,1,0,1.0485812052878272,1
16939,2,1,0,0,0.37669237091000224,1
16940,2,1,0,0,1.1241058046748253,0
16941,2,0,0,1,0.4006088240027589,1
16942,2,0,1,0,-inf,0
16943,1,1,1,0,0.6345063409606391,0
16944,1,0,0,0,0.17786240956758514,0
16945,2,1,0,1,-inf,1
16946,3,1,0,0,1.4364596775449996,0
16947,1,1,1,1,0.7555303060462385,0
16948,1,0,0,0,-inf,0
16949,1,0,1,0,0.04358363697875234,1
16950,2,0,0,0,-inf,1
16951,1,1,0,0,-0.693678409198182,0
16952,1,1,1,1,0.9565194149908947,0
16953,1,0,1,0,-0.45326250887993147,0
16954,1,0,1,1,-0.0026307053930816338,1
16955,3,0,0,1,1.050779474161737,1
16956,1,1,0,0,0.37984240943857744,0
16957,3,0,1,1,2.194463788307369,1
16958,2,0,0,1,0.46674747947906825,0
16959,1,1,1,1,0.33649904297497096,0
16960,2,0,1,0,1.6954514899726172,1
16961,2,1,0,1,-0.4786267055718226,0
16962,2,1,0,1,1.2012367422959338,0
16963,1,0,0,0,-0.07869986606032535,0
16964,3,1,1,1,2.028952741120961,1
16965,3,0,1,0,1.8866088998374246,1
16966,3,0,0,1,0.5897921495575564,0
16967,2,1,0,1,-inf,0
16968,2,0,1,1,1.6803226886387708,1
16969,3,1,0,1,-0.30213465634625347,0
16970,2,1,0,1,-0.4744516170961625,0
16971,2,0,0,0,0.1714592374723385,1
16972,2,0,0,0,0.29206291975939946,0
16973,3,1,0,1,0.9477175739037338,0
16974,1,0,1,1,0.969437154230715,1
16975,2,1,0,0,-inf,1
16976,1,0,0,0,0.15793054239458965,0
16977,1,1,0,0,-0.12238660460810658,1
16978,3,1,1,1,1.9790303821573358,0
16979,3,1,0,1,0.4378735547772182,1
16980,2,1,0,1,0.06637720912291326,1
16981,2,0,1,0,1.3587951500489155,1
16982,1,0,1,0,1.1664284213209286,1
16983,2,1,0,1,-inf,0
16984,1,0,0,0,-0.7927064193846853,0
16985,2,1,1,0,1.93321800923006,0
16986,2,0,1,1,1.418477386883495,1
16987,1,1,0,0,0.5117897874797246,0
16988,1,1,1,1,-1.0296021182689956,0
16989,2,0,0,0,0.38926986540044517,1
16990,1,0,0,0,0.2376144375341212,0
16991,3,1,1,1,1.485035782948126,1
16992,3,0,1,1,1.9064886468229185,1
16993,3,1,0,1,1.3150019194561526,1
16994,3,0,1,0,1.8260748952941477,0
16995,2,1,0,1,-0.5020067306063358,1
16996,1,1,0,0,-0.776416070590156,1
16997,1,1,0,1,-0.4092226904382367,1
16998,2,1,0,0,0.6697665413274612,0
16999,1,0,0,0,-0.5731753114404337,0
17000,2,1,1,0,0.491926871125531,0
17001,1,1,0,1,0.5509805156963345,1
17002,2,1,0,0,1.1498285836436946,0
17003,2,0,1,0,0.12097722021903867,1
17004,3,0,0,0,0.8385567532175804,0
17005,3,0,0,1,0.5342400836346328,1
17006,2,0,1,0,1.1540572587295066,0
17007,2,1,1,0,1.0981795333224498,1
17008,3,1,1,1,1.781927731800276,1
17009,2,1,0,1,0.7174705525960887,0
17010,3,1,0,0,0.525119493949696,1
17011,3,1,0,1,1.2530031500425132,0
17012,2,1,1,1,-inf,1
17013,1,0,1,0,1.3199734299004486,0
17014,2,0,1,0,1.014068068978637,0
17015,1,0,1,0,0.1827634954331414,0
17016,2,0,1,1,-inf,1
17017,1,1,0,0,-0.8788704316294343,1
17018,3,1,0,1,1.1676825870381597,1
17019,3,0,0,0,1.81605279150408,1
17020,1,1,1,0,-1.581545711521073,0
17021,2,0,0,1,1.1775733982526608,0
17022,1,1,1,0,1.1526595803167017,0
17023,1,0,0,1,-inf,1
17024,3,1,1,1,1.6747834073924222,1
17025,2,1,1,0,0.7638616717342951,1
17026,2,0,0,1,2.433713829354889,1
17027,2,1,0,1,-inf,0
17028,1,0,1,1,1.2838388034799832,1
17029,2,1,0,0,-inf,0
17030,1,0,0,1,0.3397143118872247,0
17031,2,0,0,0,0.24856047968017325,1
17032,2,1,1,0,1.0597332204359313,0
17033,3,1,0,0,1.8099772487405925,1
17034,2,1,1,0,3.1028731342362508,0
17035,3,0,1,0,1.5908407992969984,1
17036,2,1,1,0,-0.548872072119347,1
17037,1,1,1,1,0.5272725480931922,0
17038,1,0,1,1,-0.5404554587606442,0
17039,1,1,0,0,-0.2882708834864473,0
17040,2,0,1,0,-inf,1
17041,1,0,1,0,-0.5461314617295837,1
17042,2,0,0,0,2.4339703697782245,1
17043,3,1,0,0,0.8957191482204077,0
17044,3,1,0,1,0.16324018429759934,1
17045,3,1,0,0,-inf,0
17046,2,0,1,0,0.7256830661315617,1
17047,2,1,1,1,0.5898609621907256,0
17048,3,0,1,1,3.048898451587635,1
17049,1,0,0,1,-0.3574013367020163,1
17050,2,1,0,1,-inf,0
17051,2,0,1,0,1.0206887506078917,1
17052,2,1,1,0,0.18137485415675136,1
17053,3,0,0,1,0.9476931548514007,1
17054,3,0,0,1,1.4701657409287074,1
17055,1,0,0,1,-0.7003445836709351,1
17056,3,1,0,0,0.5437862303046029,1
17057,3,1,1,1,1.9271993937773289,0
17058,2,0,0,1,0.6378138670717239,1
17059,1,0,1,1,0.3914617616225545,1
17060,1,1,0,0,-inf,0
17061,2,1,0,1,1.1662393592583162,0
17062,2,1,0,1,1.8753537284202,0
17063,1,1,0,1,1.0569286150189627,0
17064,1,0,1,0,0.6444904969129812,1
17065,2,1,1,0,2.1512098537303173,1
17066,2,0,1,0,2.121991783185721,1
17067,1,0,0,1,0.5018249891649024,1
17068,3,0,0,0,0.7672409221868892,1
17069,2,0,0,1,0.36239124594809635,1
17070,3,1,0,1,-0.04383513973198694,1
17071,1,1,0,0,0.6639935227069982,1
17072,2,1,0,0,-0.03812417920507555,0
17073,2,0,0,1,1.8694875273035765,1
17074,2,1,0,1,1.3667409537834783,0
17075,1,0,1,1,0.09477280297655333,1
17076,3,1,0,1,0.20921200292859343,0
17077,2,1,0,0,0.21779743329232415,0
17078,1,0,0,0,-inf,1
17079,2,0,1,0,1.7414472341201517,1
17080,2,1,0,0,0.2734453022045887,1
17081,3,0,0,0,-inf,1
17082,1,0,0,0,-inf,0
17083,2,0,0,1,1.302084865234821,0
17084,1,1,0,1,-0.34902879591377384,1
17085,2,0,1,0,1.8317951835591013,0
17086,1,0,1,0,0.18731299132725432,1
17087,1,0,0,1,-0.5382716130210827,0
17088,1,0,1,1,1.8417379216244516,1
17089,3,0,0,0,2.3239137233613105,1
17090,2,0,0,1,-0.42489837193480307,0
17091,1,0,0,1,-0.3951414316166653,0
17092,1,1,1,1,0.12339278585437291,1
17093,3,0,1,0,-inf,0
17094,2,1,0,0,0.37674210367913225,0
17095,2,0,0,1,0.07678660380713265,1
17096,1,0,1,0,0.8752820996149188,1
17097,2,0,1,0,0.792969219848759,1
17098,3,0,0,0,1.9131227638253065,1
17099,3,1,0,1,1.054251555101553,1
17100,2,0,1,1,1.563297952225729,1
17101,1,1,1,0,-inf,0
17102,1,1,1,0,-0.6018479474709366,0
17103,3,0,1,1,2.69030800016634,0
17104,2,0,1,0,1.6282029234168,0
17105,1,0,0,1,-1.6089429236053459,1
17106,3,1,1,0,2.1152035111201237,1
17107,2,1,0,0,0.13654877890599273,1
17108,2,0,1,0,1.8255496570329914,0
17109,2,0,0,1,0.41807939970523483,0
17110,2,1,1,1,1.5140692370146032,1
17111,3,0,0,1,0.6467779163900126,1
17112,3,0,1,1,2.334928548550752,1
17113,1,1,1,1,0.9600504912673034,0
17114,2,0,0,1,0.7494787317787365,1
17115,3,1,1,1,-inf,1
17116,3,1,1,0,-inf,1
17117,2,1,1,0,1.4527223055645855,1
17118,1,0,0,1,0.22278227239124804,0
17119,3,0,1,1,1.9333779821814898,1
17120,3,1,0,0,-inf,1
17121,1,1,0,1,-inf,1
17122,3,1,0,0,0.5781828697118692,0
17123,1,1,1,0,1.8614120630494249,0
17124,2,1,0,1,-0.1784356382330815,0
17125,2,0,1,1,1.872945661932965,0
17126,2,1,1,0,0.3898478952069606,1
17127,3,0,0,1,1.0556112533584734,1
17128,2,0,0,0,-inf,0
17129,3,1,0,0,0.7337876765241826,0
17130,2,0,1,1,0.6938263574510889,1
17131,1,0,0,1,-inf,1
17132,2,1,0,1,-0.1450668970089556,0
17133,3,0,0,0,2.4011283215751944,0
17134,2,1,1,1,-0.038210508879369165,0
17135,3,0,0,1,2.1583154180347495,1
17136,1,0,1,1,-0.1472485494866136,0
17137,1,1,0,0,-0.6501423681904878,0
17138,2,1,0,0,-inf,1
17139,1,1,1,0,0.4103734459661528,0
17140,3,1,0,0,0.6422070677546053,0
17141,1,0,1,1,0.42841637940200156,0
17142,1,0,0,1,-0.4984451882755191,1
17143,3,1,0,1,0.8967321338737277,0
17144,1,0,1,0,-inf,0
17145,3,0,0,1,1.089260962983401,0
17146,2,1,0,0,-0.8050521811926032,0
17147,3,1,0,1,0.5715325006530132,1
17148,1,1,1,0,1.1948457746912533,0
17149,1,1,1,0,1.1345122939854146,0
17150,1,0,1,0,-0.20085155128793253,1
17151,3,0,0,1,0.4797003035084869,1
17152,1,1,0,0,0.3794296179530951,0
17153,1,0,0,0,-1.0867358831825613,0
17154,1,1,1,1,0.766372121112544,0
17155,2,0,0,0,0.2172933499950196,0
17156,1,0,1,0,0.5781084134611895,1
17157,3,1,0,0,0.7540315174837231,0
17158,1,0,1,0,1.6215978729151783,0
17159,2,1,0,1,-0.3520717262728153,0
17160,2,1,0,1,-0.2812153690631739,1
17161,2,1,0,1,0.9330985412186645,0
17162,2,1,1,0,0.5224888316909397,1
17163,2,1,0,1,-inf,1
17164,1,0,0,0,0.9070567864947131,1
17165,3,1,1,1,1.1629408197148965,0
17166,3,1,1,0,2.954589481041433,1
17167,3,1,1,1,0.6607738671625295,0
17168,2,0,0,0,1.1011780288352724,1
17169,2,0,0,0,-0.309540184157298,0
17170,3,0,1,0,1.9684481939750718,0
17171,3,1,0,1,1.8037100735190028,0
17172,3,1,0,1,0.2748044356241105,1
17173,2,0,0,0,1.6290429024648851,1
17174,3,0,1,0,2.0252499483290056,1
17175,1,1,1,1,0.4102080969978766,0
17176,2,1,0,0,0.554432660905672,0
17177,2,1,1,0,0.27385255206918824,1
17178,3,1,0,0,0.7019930723405148,0
17179,2,0,0,1,-0.709821433867601,1
17180,2,1,1,1,1.3963842576071879,1
17181,2,1,1,1,-0.2729987105999374,1
17182,1,1,1,1,0.00032472271933192687,0
17183,1,0,1,0,2.0099991200082727,1
17184,1,0,0,0,-0.5568584024383869,1
17185,3,1,0,0,-inf,0
17186,2,0,1,1,2.0469380951150487,1
17187,3,1,0,1,0.2683469886139892,0
17188,1,0,1,1,1.2698298736589542,0
17189,1,0,1,0,0.5124779023856303,0
17190,1,1,0,0,-0.931634730900539,0
17191,2,0,0,1,1.1078732119385757,1
17192,3,1,0,0,1.636920201232979,0
17193,1,0,0,0,0.748039759131561,1
17194,1,0,1,1,0.5690084191032155,1
17195,3,0,0,0,0.8037513734024444,0
17196,1,0,1,0,1.8337798874039186,0
17197,2,1,1,0,-inf,1
17198,1,0,0,1,0.7282735896585305,0
17199,2,1,1,1,0.8075526457145576,0
17200,3,0,0,1,-0.012144605262527142,1
17201,1,1,0,0,-0.3914606186891796,0
17202,3,0,0,0,2.1817877648752555,1
17203,2,1,0,1,-0.08195879399758121,0
17204,3,0,1,1,-inf,0
17205,3,0,1,1,1.8966732942576248,0
17206,2,1,0,1,-inf,0
17207,1,0,1,0,0.5376928991543798,0
17208,2,0,0,0,-0.07838963588876979,1
17209,3,1,1,0,1.4511631807350467,1
17210,2,0,0,0,0.16413158602965483,1
17211,2,0,0,0,-inf,0
17212,2,1,0,0,-inf,1
17213,1,1,0,1,-1.1180859063036452,1
17214,3,1,0,0,1.1484938841790455,1
17215,1,1,1,0,0.7866718683545049,0
17216,3,1,1,0,1.5008062080528544,0
17217,1,1,0,1,-1.9017980844165698,0
17218,1,0,0,1,-0.031858518981916495,1
17219,3,1,0,1,1.6477633359412165,0
17220,2,1,0,0,0.5469597726115808,0
17221,2,1,0,0,0.5610912477258982,1
17222,2,0,0,1,-0.547027189018807,1
17223,2,1,0,0,-1.5043817649536388,0
17224,2,1,1,0,0.37650719042017766,0
17225,3,1,0,0,-0.4636264679005784,0
17226,1,0,0,1,-1.0782722409570797,1
17227,1,1,1,1,1.7243397055804301,0
17228,2,1,1,0,0.8800271478853448,1
17229,2,0,0,1,1.0125627616724648,1
17230,2,1,1,1,0.2011827433648966,1
17231,2,0,1,0,0.9880360008280313,1
17232,2,0,0,0,0.23631924771064844,1
17233,3,1,1,1,2.2110465098787855,1
17234,2,0,1,0,0.927860931622625,0
17235,3,0,0,1,0.6447201006684562,1
17236,1,0,1,0,0.7206737721994402,0
17237,2,0,0,1,-0.29183254888265564,1
17238,2,0,1,1,0.42831669157824803,1
17239,1,1,0,0,0.7934192550383643,1
17240,2,1,0,1,-0.07544692256859259,0
17241,3,1,1,1,3.011158435078703,1
17242,2,0,0,0,0.4169956397248776,1
17243,2,1,0,0,0.701970871840432,0
17244,2,1,1,1,-0.05563359488222375,0
17245,2,0,0,1,0.4553369466380608,1
17246,1,1,1,1,0.020056906730798685,0
17247,2,1,0,1,0.31823582925903865,1
17248,2,0,0,0,-1.013403035399977,0
17249,3,0,0,0,2.0223225109318252,1
17250,2,0,1,0,2.522044729165417,0
17251,2,0,1,1,-inf,1
17252,3,1,0,0,0.23730101523628044,0
17253,2,0,0,1,1.0412384246281858,1
17254,3,0,0,1,0.4535615832734622,1
17255,1,0,1,0,0.2366233667812036,1
17256,1,0,1,1,0.8540378717489219,1
17257,3,1,0,0,0.34664234591750104,0
17258,1,0,0,0,-0.4882036397121716,0
17259,3,1,1,1,1.3265550032885087,0
17260,3,0,0,0,1.3727305800606393,0
17261,3,1,0,0,0.6115403460147469,0
17262,2,1,1,0,0.9049427118505231,0
17263,2,1,1,0,0.8731827459705024,1
17264,3,1,1,1,-0.19009325817836942,1
17265,1,0,1,1,1.324345713661216,1
17266,3,1,0,1,0.12812246866460175,1
17267,3,1,0,1,-inf,1
17268,2,0,0,1,1.1389066493473696,0
17269,3,0,0,1,1.2973658219714865,1
17270,1,1,0,1,-0.7696052421441784,0
17271,1,1,1,0,1.6664179797828864,0
17272,1,0,1,1,2.0942451333412664,1
17273,3,0,0,1,0.687217493666636,0
17274,1,1,1,0,0.1520607266358326,0
17275,2,0,0,1,-0.22627535037601487,1
17276,1,0,1,0,0.3508272124948226,1
17277,2,0,0,0,-0.3168049814016036,1
17278,3,1,1,0,2.6042123287501653,0
17279,2,1,1,0,1.3343262325095084,0
17280,1,1,1,1,1.1923323703493,0
17281,2,0,0,0,0.41670653624744847,0
17282,3,1,0,1,0.3852984563202576,1
17283,3,1,0,1,0.15209849746814275,1
17284,1,0,1,1,1.1188386290886532,1
17285,3,0,0,1,1.6183614621599447,1
17286,2,0,1,1,1.6877661406941906,1
17287,3,1,1,0,-inf,1
17288,1,1,0,1,-inf,0
17289,2,1,0,0,1.0339069518417157,0
17290,3,0,0,1,1.900218935200693,1
17291,2,1,1,0,1.9955501588815183,1
17292,1,1,0,1,-0.9121771140175796,0
17293,1,0,0,1,-inf,0
17294,2,0,0,0,0.7886088812969663,0
17295,2,0,1,0,0.8857623683639859,1
17296,3,0,0,0,2.181547710770168,0
17297,3,1,0,1,2.2452233393132044,0
17298,3,1,0,1,1.3574677468451324,1
17299,2,0,0,1,0.5395435092895362,1
17300,2,1,1,0,0.09315320268633587,1
17301,3,1,0,0,1.3156812486651157,1
17302,2,0,1,1,2.2134142017973386,1
17303,1,0,1,0,-0.8791746952420744,1
17304,2,1,0,0,-1.017957847101948,0
17305,2,1,1,0,1.953792998918471,0
17306,2,0,1,0,-inf,0
17307,2,0,1,1,1.4722836536850106,1
17308,2,0,0,0,0.5168050362145109,0
17309,3,0,1,1,1.239089176534316,1
17310,1,0,1,0,-inf,1
17311,3,1,0,1,0.7884238735740298,0
17312,1,0,1,0,0.04538722384387217,1
17313,2,1,1,1,0.6540713269908713,1
17314,2,1,0,0,-1.4250909593717824,0
17315,2,0,0,0,0.6878520552200073,1
17316,2,1,0,0,-1.174169907837269,0
17317,3,0,0,1,1.5715534057519536,1
17318,1,1,0,0,-1.1132124511831198,0
17319,2,0,0,1,-0.48252625504544977,1
17320,3,1,0,0,-0.08511659144812811,0
17321,3,1,0,1,0.599059318616927,1
17322,3,0,1,0,1.296806391380867,1
17323,2,1,0,1,0.8603092595639572,1
17324,1,1,0,0,-1.1870682318404273,0
17325,1,0,1,0,1.6351475236980624,0
17326,3,0,0,0,0.1521538276814992,1
17327,2,0,0,1,0.552730843151776,1
17328,2,1,1,0,1.2977580133476991,1
17329,1,0,0,1,-0.6689200876889388,1
17330,3,1,0,0,0.6841108623920829,1
17331,1,0,0,1,-0.48723757606685375,0
17332,1,0,1,0,-0.1312980140030633,0
17333,3,1,0,1,1.7497710393253914,1
17334,2,1,0,0,-0.9272897249148147,0
17335,1,1,1,1,-inf,0
17336,3,0,1,0,1.855304278631609,1
17337,3,1,1,0,2.3573349214082295,0
17338,2,0,1,1,1.1642921525144019,1
17339,1,0,1,1,0.01866368596815482,1
17340,3,1,0,1,0.45240575953806683,1
17341,2,1,1,0,-inf,1
17342,3,1,1,0,1.2555779324646403,0
17343,2,0,0,1,0.45509750212798217,1
17344,2,0,0,0,-inf,1
17345,2,1,0,1,-0.6095676970113613,1
17346,2,1,0,1,0.35172037268191436,0
17347,2,0,1,1,-inf,1
17348,2,0,1,1,1.2516168685254196,1
17349,3,0,0,1,0.9225777000136209,0
17350,1,0,0,1,-1.425932330319478,0
17351,2,0,0,1,0.08460237972234708,0
17352,2,0,0,1,0.2949584232731586,1
17353,1,1,1,1,0.25333442875535134,1
17354,2,1,0,1,-0.2435114146019136,0
17355,3,0,0,1,1.062143457833955,1
17356,3,1,0,1,0.8500087191295504,0
17357,1,0,1,0,0.6720479458308517,1
17358,2,0,0,0,-0.23560100500791947,1
17359,2,1,0,0,1.518269798857228,1
17360,2,0,0,0,-inf,0
17361,2,0,1,1,1.6558438050701754,1
17362,1,1,1,0,0.02343556553999887,0
17363,2,0,0,0,-0.231302615342048,1
17364,2,0,1,1,1.039727603121003,0
17365,2,1,0,0,-1.1662086566196936,0
17366,1,0,1,1,1.1601591817417212,1
17367,1,1,1,1,0.6564317389507515,0
17368,1,1,1,0,0.29995249339432317,0
17369,3,0,0,1,0.20506485132511265,1
17370,1,0,0,1,-inf,1
17371,2,1,0,1,-1.2546697481920617,0
17372,1,0,1,0,-inf,0
17373,2,1,0,1,0.6038390491834467,0
17374,1,1,1,1,0.7747472096458206,1
17375,3,0,0,0,0.780874651363884,0
17376,2,1,0,0,1.055049675206779,0
17377,1,1,1,0,-0.5312000193508026,0
17378,2,0,0,1,-inf,1
17379,1,0,1,1,-0.5971256121226894,1
17380,1,0,1,1,1.3052483855535622,1
17381,2,1,0,0,0.2089491497994481,0
17382,3,0,0,1,0.7519825801602744,1
17383,1,1,1,1,0.1482324492840169,0
17384,1,1,0,0,-inf,0
17385,3,0,1,0,1.7426582743150294,1
17386,3,1,1,1,-inf,1
17387,1,1,1,0,-inf,0
17388,3,1,0,1,0.5927735502620243,0
17389,3,1,1,0,1.4880225637225026,1
17390,3,1,0,1,-inf,0
17391,1,1,1,1,0.24102179996148185,1
17392,1,1,1,0,0.055884387817559555,0
17393,2,1,1,1,0.05438291009906271,1
17394,2,0,1,0,0.6262969873105966,0
17395,2,1,1,1,-inf,1
17396,1,0,1,1,-0.08296262502916263,1
17397,1,1,1,1,-0.0641568934325144,0
17398,2,0,1,0,2.4001823882313884,1
17399,3,1,0,0,0.4200704699326844,0
17400,3,1,0,1,-0.7501688830484865,0
17401,3,0,0,1,0.532490788132735,0
17402,1,1,0,1,-0.6487673689025304,1
17403,3,1,0,0,1.2079645812728617,1
17404,3,1,0,0,-inf,1
17405,1,0,0,0,-0.34924467534168113,0
17406,1,1,1,0,-0.15339727593254843,0
17407,1,0,1,0,0.5914241078476759,0
17408,3,0,0,0,0.3127173939477119,0
17409,1,0,0,0,-0.7306167136302085,0
17410,2,0,1,0,1.1185933561658261,1
17411,1,0,0,1,-inf,0
17412,2,0,0,1,0.16987294336084724,1
17413,2,0,0,1,-0.3718722471293944,1
17414,3,0,0,1,2.2171773182698375,0
17415,2,1,0,0,0.35191904175996125,0
17416,1,0,0,1,-0.7513926818933488,1
17417,3,0,1,0,1.7466223078888352,0
17418,1,1,1,1,1.1112624302981082,0
17419,1,1,1,1,1.3693745027113522,0
17420,3,1,0,1,0.8647264381317615,1
17421,1,1,1,1,0.9544242162201055,1
17422,2,0,1,1,0.8922488535378388,1
17423,3,1,0,0,0.7783237963654862,0
17424,2,0,0,0,1.0149897410797388,1
17425,1,1,0,1,0.07804654650499676,1
17426,3,0,0,0,0.7930365152522603,1
17427,2,0,1,1,1.2632431528411752,0
17428,2,1,1,0,1.3650780963752664,1
17429,1,0,0,1,-inf,1
17430,1,1,0,1,-0.30237743065933315,1
17431,2,1,0,0,0.642743228658705,0
17432,3,0,1,1,2.897269206252761,1
17433,3,1,0,0,1.6185971488282997,0
17434,3,0,0,1,1.2220455080075796,1
17435,1,0,1,1,0.2907566235214788,1
17436,2,0,0,1,-0.17790986335003722,1
17437,2,1,0,1,0.35999834481775694,1
17438,2,1,0,1,0.12717842324803946,0
17439,3,0,0,0,0.04580639819761623,1
17440,2,1,0,0,0.487142937625604,0
17441,1,0,1,0,0.026027721096422818,0
17442,1,0,1,0,0.9486409770489705,1
17443,1,1,0,0,-1.3880249531319075,0
17444,3,1,1,1,1.2821728313223697,0
17445,2,1,1,1,0.6943433264787502,1
17446,1,1,1,0,-0.15898082116937878,0
17447,2,1,0,0,0.021118165087036705,1
17448,3,0,0,1,1.4900171453345639,1
17449,2,1,1,0,1.7136738623813528,0
17450,2,0,0,1,1.1248581553941803,1
17451,1,0,1,0,0.9069567370303308,1
17452,2,0,1,0,1.07632243578271,1
17453,3,0,0,0,0.33849621322180723,0
17454,2,1,1,1,0.9446115044825407,0
17455,2,1,1,0,0.11882098194392376,0
17456,1,1,0,0,-0.0487990568174993,1
17457,3,1,0,0,1.5990360308871647,1
17458,1,1,0,1,-0.22089690389315397,0
17459,3,1,1,1,1.0810974259594648,1
17460,3,1,0,0,-inf,1
17461,3,1,0,1,0.7175505781204777,1
17462,1,0,1,0,0.2569093022792226,1
17463,3,0,0,0,1.0520553509249086,0
17464,3,0,1,0,0.9522887231469687,0
17465,1,0,0,0,0.9421157397093772,0
17466,2,0,0,0,1.0079020990904066,0
17467,1,1,0,1,-1.4084824331020636,0
17468,2,1,0,0,-inf,0
17469,2,0,0,1,1.3059178730637433,1
17470,2,0,0,1,-inf,1
17471,3,0,0,0,1.6216721570466937,0
17472,3,1,1,1,-0.9814833416745077,1
17473,2,0,1,0,0.14977076087677244,0
17474,3,0,1,0,1.3328935624246796,0
17475,1,1,0,0,-1.4539094013943188,0
17476,1,1,1,1,1.4485481908779327,0
17477,2,0,0,0,0.18882989385107107,1
17478,3,0,0,1,0.8724075461683841,1
17479,1,1,0,1,-0.2401819034012897,0
17480,3,1,0,1,1.2769497981388822,0
17481,3,0,1,1,1.0327810817405032,0
17482,3,1,0,1,3.1970545781343436,1
17483,1,1,1,0,-0.21627207737344695,1
17484,1,1,1,1,-0.1479831000516067,0
17485,2,0,0,1,0.6681192743978617,1
17486,3,1,0,0,1.7795783735046125,0
17487,1,0,0,1,-0.260554920688565,0
17488,2,0,1,1,-inf,1
17489,1,0,1,0,1.5942787316561602,0
17490,1,1,1,0,0.7365528198960751,0
17491,2,0,0,1,-0.05004721570159032,0
17492,3,0,0,1,0.6389587261798402,0
17493,1,1,0,0,-0.05016006695070169,0
17494,1,0,0,1,-1.042538081038209,1
17495,1,0,1,0,0.560527929517642,1
17496,2,1,0,0,0.9183626476933258,0
17497,1,0,1,1,-0.2934317840234244,0
17498,2,0,1,0,0.585517933478873,0
17499,2,0,0,1,1.294430095024166,1
17500,1,0,0,0,-0.41140637360643617,0
17501,3,0,0,1,1.9149695750822646,1
17502,2,0,0,0,0.6401038291045211,1
17503,2,0,1,0,2.36144689902299,0
17504,2,1,1,0,-inf,0
17505,3,0,1,0,2.329658238889783,0
17506,1,0,1,0,1.0719710407785503,0
17507,3,1,0,1,0.6708445905904188,0
17508,1,1,0,0,-inf,0
17509,2,0,1,0,1.5590673860499042,1
17510,2,0,0,0,0.509257611131042,0
17511,1,0,0,1,-inf,1
17512,3,0,1,0,1.8563410582725466,0
17513,1,1,1,0,0.41909814785848726,0
17514,2,1,1,1,0.7082604063994791,1
17515,2,0,0,0,0.5589279994926739,1
17516,1,0,0,1,-1.560650508202173,1
17517,2,1,1,0,0.856905102583936,1
17518,3,1,1,1,2.710771412350155,1
17519,3,0,0,1,2.2683196215656825,0
17520,2,0,1,1,0.7978938077799771,1
17521,3,0,0,1,-inf,1
17522,1,1,0,0,-1.2416450367985223,1
17523,2,1,0,1,0.22066467145735327,0
17524,2,0,1,1,1.3620576429349398,1
17525,1,0,0,0,-0.11057475080355751,1
17526,1,1,1,0,-0.17168748169089804,0
17527,2,0,1,0,1.6445836162355858,0
17528,3,1,0,0,1.2431153724600859,1
17529,2,0,1,1,1.5877087387104645,1
17530,1,1,1,0,-inf,0
17531,3,1,0,0,-inf,0
17532,1,0,1,1,2.2483505523290317,1
17533,1,1,0,1,0.46413681130794365,1
17534,2,0,0,0,0.17980419494236105,0
17535,2,1,0,0,0.763070882551373,0
17536,2,0,0,1,-0.2608860090771533,1
17537,1,0,1,0,0.6275960457967591,1
17538,2,0,0,1,0.7169894461667248,0
17539,2,1,0,1,0.935457462772562,1
17540,2,1,0,0,0.15930973549662802,1
17541,2,1,0,1,-0.008277400056469653,0
17542,2,0,1,1,0.17007457989959418,0
17543,2,1,0,1,-0.35547199101800137,1
17544,2,1,0,1,0.08766945860593171,0
17545,2,1,0,1,-0.07759845348697592,0
17546,3,1,1,0,1.164005603969139,1
17547,1,0,0,0,-0.6211815733799918,0
17548,3,1,0,1,1.9090925198955035,1
17549,3,1,0,1,0.2584097027945804,1
17550,3,1,1,0,0.6303392025166955,1
17551,1,1,1,1,1.4566195113716662,1
17552,2,1,1,0,1.4138784852673547,0
17553,1,1,0,1,-inf,1
17554,2,1,1,0,0.2265552428023,0
17555,2,0,0,1,-0.4650420395668563,1
17556,2,0,0,0,0.7585232191170399,0
17557,2,1,0,1,-0.6695652736837219,0
17558,1,1,1,1,-0.27410920453437654,0
17559,1,0,1,0,1.7988858348338117,0
17560,3,0,0,1,1.535637681198867,1
17561,1,1,1,1,-inf,1
17562,3,0,1,1,2.7414510921731017,1
17563,3,0,1,0,3.256394215555634,1
17564,1,0,0,1,-inf,0
17565,3,1,1,0,0.7632053943225028,0
17566,1,1,0,0,-0.3983717842507046,0
17567,1,1,0,1,-0.5483913815941956,1
17568,3,1,0,1,0.670750128795089,1
17569,1,1,1,1,0.3187698562003766,0
17570,3,1,0,1,1.181953374412351,0
17571,3,0,1,1,0.6694548503009916,1
17572,1,1,1,0,0.7441660173068698,0
17573,1,1,1,0,1.4449385239251715,0
17574,2,0,0,1,-inf,1
17575,2,1,0,1,-0.8597514578577721,0
17576,1,0,0,1,-inf,0
17577,3,1,0,0,0.09366941521738947,0
17578,2,0,1,0,0.9112480889260655,0
17579,1,0,1,1,0.7911822922486431,0
17580,1,0,0,0,1.3248561110933768,1
17581,2,0,0,0,-0.8209819307131436,0
17582,3,0,0,0,1.7729509494408386,1
17583,3,0,0,0,1.2747973234741516,1
17584,1,0,0,0,0.26871335712311595,0
17585,2,1,1,0,-0.6013209893368907,0
17586,3,0,0,1,-inf,1
17587,2,0,0,0,1.5315243891620267,0
17588,2,0,0,0,0.4096165208132618,0
17589,1,1,1,0,1.0012200330089616,0
17590,1,0,0,1,0.18879314988615586,1
17591,2,1,0,0,-0.003911181568013955,0
17592,2,0,1,1,1.801488361283672,1
17593,2,1,1,1,-inf,1
17594,2,1,1,0,0.01603725326589478,0
17595,2,1,0,0,-0.10076555122651848,0
17596,2,0,1,0,1.508565049481752,0
17597,1,0,1,0,1.612124678379033,0
17598,1,1,1,1,0.7874737012291364,0
17599,3,1,0,0,-inf,0
17600,3,1,0,1,-inf,0
17601,3,1,0,0,-0.0643641352347023,0
17602,2,1,1,0,0.1471314504734642,0
17603,1,0,0,1,-0.5990989600302616,1
17604,2,0,0,0,-0.35753434483589996,1
17605,2,1,0,1,-0.13410527184832294,1
17606,1,1,0,0,-0.41137444304393694,0
17607,2,0,0,0,0.7108151199616077,0
17608,3,1,1,0,1.073662512343671,1
17609,1,0,1,0,1.9378703815811797,0
17610,1,1,0,1,-1.5719815013044982,0
17611,3,1,0,1,0.8874925027661164,1
17612,1,0,1,1,1.338128933413234,1
17613,3,0,0,0,1.2404340584630815,0
17614,1,1,1,0,0.9293088802874769,0
17615,2,1,1,1,1.2180232303898186,1
17616,1,1,0,0,0.30188034417960935,1
17617,3,0,0,1,0.8079570884626923,0
17618,1,1,0,1,-inf,1
17619,3,0,0,0,1.4736191976011852,0
17620,3,0,0,0,0.8794056291731722,0
17621,1,1,0,1,1.230625428001226,0
17622,2,0,1,0,-inf,0
17623,2,1,0,0,0.45354435069722343,1
17624,3,1,1,1,-inf,1
17625,2,1,1,1,0.1296062588825463,0
17626,2,1,1,1,0.6177616614682818,1
17627,1,0,1,0,0.03392981066131495,1
17628,1,0,1,1,0.5775788858727352,1
17629,3,1,0,0,-0.14147976132360607,0
17630,1,1,1,0,-0.3470788617616218,0
17631,3,0,1,1,2.041810263174496,0
17632,3,0,0,1,0.5798653993059357,0
17633,2,0,0,1,0.6383322863351251,0
17634,1,0,1,0,2.4136287177019295,1
17635,1,1,1,1,0.18345608198586727,1
17636,2,1,0,0,-0.32846916691182887,0
17637,3,0,0,1,2.2889637838795496,1
17638,1,0,0,1,-0.7660225087815005,1
17639,2,0,0,0,0.9121296860144219,1
17640,1,1,1,0,0.5793258769159338,0
17641,3,0,0,0,0.4119850228895312,1
17642,1,1,1,1,-0.9535829365109663,0
17643,3,1,0,1,0.8707561163528753,1
17644,1,1,0,1,0.32531843855129333,1
17645,3,1,0,0,1.00970584547356,0
17646,2,0,1,1,1.2361936787663965,1
17647,1,1,1,1,0.6494408169651353,0
17648,1,0,1,1,2.136283161640189,1
17649,3,0,0,1,0.731103152151739,1
17650,1,0,0,0,-0.35786236125997317,1
17651,2,1,1,0,0.11987515352409395,0
17652,3,0,0,0,2.177524312061588,1
17653,1,0,1,0,1.1238343836546856,0
17654,2,0,0,1,0.9438219318109415,1
17655,1,1,1,1,1.0167312136067472,0
17656,3,0,0,0,0.5330364169976093,1
17657,3,1,0,0,-0.173922732340564,0
17658,2,0,0,1,0.8152474087210866,1
17659,3,1,1,1,1.36715524852112,1
17660,3,1,0,0,1.0524081505787686,0
17661,1,0,0,1,-1.5382128722418407,1
17662,2,1,0,0,0.7709450402117719,0
17663,3,0,0,1,0.8400347296337268,1
17664,2,1,0,0,-inf,0
17665,3,0,0,1,1.2228071781495784,0
17666,2,0,1,1,0.7946173917000681,1
17667,2,1,1,1,0.04065766935090909,0
17668,3,1,0,0,1.9759488197851502,0
17669,3,0,0,0,0.4294862128988378,1
17670,1,1,1,1,0.8166323647769231,0
17671,2,0,1,0,-inf,0
17672,2,1,0,0,0.5742214271866372,0
17673,3,1,0,1,0.8674067314796529,1
17674,3,1,1,1,1.4486824375540586,1
17675,1,1,0,1,-inf,1
17676,1,0,0,0,-0.07629518798560574,0
17677,2,0,1,1,-inf,1
17678,2,1,0,0,0.8273535558290408,0
17679,1,1,0,0,0.2770413187696598,0
17680,3,0,0,0,1.192786852958048,1
17681,1,1,0,0,-0.6952639031016015,0
17682,2,1,1,0,1.9490761606165101,1
17683,3,1,1,1,1.5392585617259225,0
17684,1,0,0,0,-0.8815933957666817,1
17685,2,0,1,0,-inf,0
17686,3,1,0,0,1.1734237908424783,0
17687,1,1,0,0,0.34038126747933356,1
17688,2,0,0,0,1.1062025294841418,0
17689,2,1,0,0,-0.004926214633424492,1
17690,2,1,0,0,-0.36843205410234486,1
17691,2,0,0,0,1.3925959265246304,1
17692,2,0,0,0,1.733058809566457,0
17693,1,0,0,1,0.30731769642843126,1
17694,3,1,0,0,1.0891699613514516,0
17695,2,0,0,1,0.47325148662992683,0
17696,2,1,1,1,0.28410960266693497,1
17697,2,0,1,0,1.5965073700869779,1
17698,3,0,0,1,0.6003761660192999,1
17699,2,0,0,0,-0.35665106984241146,0
17700,3,0,1,0,2.269449743776211,0
17701,3,0,1,1,2.841454654758896,1
17702,1,0,0,1,-0.8956840242813461,1
17703,2,1,1,1,1.7546009429428824,1
17704,3,1,0,0,1.3330135700923016,1
17705,2,0,0,0,-1.0361019792849355,1
17706,2,0,0,0,0.11849956016688046,1
17707,3,1,1,0,0.8401183444465333,0
17708,1,1,0,1,-0.5204337888808812,1
17709,3,0,0,0,1.4208958390773028,0
17710,2,1,0,1,0.7846217242527629,0
17711,2,0,0,0,1.6440253919697265,1
17712,1,0,1,0,-inf,0
17713,1,0,0,0,-1.5081133737519505,1
17714,1,1,0,1,0.34011361926462885,1
17715,2,1,0,0,0.5152185024813982,0
17716,3,1,0,0,0.0677850514450895,0
17717,3,0,0,1,1.9639927753107767,1
17718,2,1,0,1,0.15056124469035284,0
17719,1,0,0,0,-1.190484333228159,0
17720,2,0,0,0,-0.4393174000482757,0
17721,1,0,1,0,0.9548513522707827,1
17722,1,1,1,1,-0.4621168008628758,0
17723,1,0,0,0,-0.01960010420917753,1
17724,1,1,1,0,-0.04983601773229401,0
17725,2,1,1,1,1.714371849299356,1
17726,1,0,1,1,2.1983613104998208,0
17727,2,1,1,0,-inf,0
17728,2,1,0,0,0.04901599440879009,1
17729,1,1,1,0,0.9380542852746101,0
17730,2,0,0,1,-1.2922295171254308,0
17731,3,1,0,0,0.7935429897740901,1
17732,3,1,0,1,0.03958087499470808,1
17733,3,0,1,1,2.2100042655383043,1
17734,2,1,0,0,0.6926231882329335,1
17735,2,0,1,0,2.3913005468529334,0
17736,3,0,0,0,1.563366345340024,1
17737,3,0,0,1,0.6298293940164272,1
17738,3,0,0,0,0.37356451496581466,0
17739,2,1,1,1,1.3362023473019287,1
17740,2,0,0,1,0.9442587636222365,0
17741,1,0,1,1,0.9345728916860616,1
17742,2,1,1,0,-inf,1
17743,1,1,0,0,-1.5888499243129104,1
17744,2,0,0,1,0.07632882834769289,1
17745,1,1,0,0,-inf,0
17746,2,0,1,0,-0.2050361640420446,1
17747,3,0,1,0,1.476221396783822,1
17748,1,1,0,0,0.10478037533868217,0
17749,1,1,0,1,-1.0506976970636006,1
17750,3,0,0,1,1.478138789911953,0
17751,2,1,1,1,0.09738026630037533,1
17752,3,0,0,1,2.498765189489804,1
17753,3,0,1,1,1.8254552975351677,0
17754,1,0,1,1,-inf,0
17755,2,0,1,1,0.4281478797692906,1
17756,3,0,0,0,0.3979529013360136,1
17757,2,1,0,0,0.43516309501151007,0
17758,2,0,0,0,1.1516639161501743,0
17759,3,1,0,1,-inf,0
17760,1,0,0,0,-1.0432414998405513,1
17761,2,1,1,0,-inf,1
17762,1,1,0,1,0.2551789977293351,0
17763,2,1,0,0,-0.4979415868565457,1
17764,1,1,1,1,-inf,0
17765,1,0,1,0,2.833269786428376,0
17766,1,0,0,1,-0.43697232688072046,1
17767,3,1,1,1,1.3648914567201176,0
17768,3,0,1,1,2.2915567458245234,1
17769,2,1,0,0,-inf,0
17770,3,0,0,1,1.7269441404130206,1
17771,2,1,1,0,0.02080870091508702,1
17772,2,1,1,1,1.186282528284585,1
17773,2,1,1,1,1.6562372027360568,0
17774,1,1,0,1,-0.4433216872260373,1
17775,2,0,0,0,-1.2588228295785633,1
17776,3,0,1,0,0.9615663668225245,0
17777,3,1,0,1,0.26322942743700906,1
17778,2,0,1,0,0.3719624940205758,1
17779,1,1,1,0,0.26569738619391914,0
17780,1,1,1,0,2.027596838656487,0
17781,3,0,0,0,0.8120329582357682,1
17782,3,1,1,0,1.8037091292904108,1
17783,2,1,1,0,2.051108225747623,1
17784,1,0,0,1,0.2130675909826385,0
17785,2,0,1,0,2.3115085181284263,0
17786,3,0,0,1,1.011319616767337,0
17787,2,1,0,1,-inf,0
17788,2,0,1,0,1.1543417120407515,0
17789,3,0,0,1,1.0004219154582645,1
17790,2,1,0,1,1.1760588795032054,0
17791,2,1,0,1,0.21433104659439667,1
17792,2,1,0,0,-inf,0
17793,2,0,0,0,0.6626862641881297,0
17794,2,0,1,0,0.08009647619217208,0
17795,2,0,0,1,-0.5070436479389557,0
17796,1,0,0,1,-0.4825713468151088,1
17797,2,0,0,1,-0.4823578576159313,1
17798,2,0,0,1,0.01808897597549336,1
17799,2,0,0,0,0.8813607159091963,1
17800,2,1,0,1,-0.038014559877233095,0
17801,2,0,1,0,1.2430726961150893,0
17802,1,1,0,0,-0.6925610426067218,0
17803,2,0,1,1,-inf,0
17804,3,0,0,0,0.973652438352826,1
17805,2,0,1,1,1.2436472680446844,1
17806,2,1,1,0,0.49292893698900353,0
17807,3,0,0,1,-1.0323870150859222,1
17808,1,0,0,0,0.058830099236204636,0
17809,1,0,0,1,-0.9657384124634922,0
17810,3,1,0,1,0.3442571907382605,0
17811,1,0,1,1,1.728121105646924,1
17812,3,1,0,1,0.19551899106562243,0
17813,2,0,1,0,0.9762038481897551,1
17814,3,0,0,0,1.172505803627076,0
17815,3,1,0,1,1.9303278206584502,0
17816,3,0,0,0,1.8453293064559122,1
17817,1,0,0,0,0.7980866904684076,1
17818,2,0,1,0,0.2522738580272723,0
17819,1,0,1,0,-inf,1
17820,2,0,1,1,1.4417461545305674,0
17821,1,1,0,1,1.4069420887061275,1
17822,2,0,0,1,0.9621595759233437,1
17823,2,0,1,1,-0.3184148837041654,1
17824,2,0,0,0,0.8715115565576786,1
17825,2,0,1,0,1.2405755827000018,0
17826,2,0,0,0,0.26937885704714365,1
17827,3,0,0,1,1.2556144823220812,0
17828,1,0,0,1,0.8685539405919963,0
17829,2,1,1,0,1.5639360347011064,1
17830,1,0,1,1,-0.4061558000786104,1
17831,2,1,1,1,0.6985847480166221,1
17832,2,1,1,0,0.9133479989500938,1
17833,3,0,0,0,1.3807735954147224,0
17834,3,0,1,1,1.865864851707347,1
17835,2,1,0,1,-0.6698607448141989,1
17836,3,0,0,0,1.785355807935224,0
17837,3,1,0,1,0.4043687473144902,1
17838,1,1,0,0,0.6329642352059806,0
17839,1,1,1,0,0.4428567782125426,0
17840,2,1,0,1,-inf,1
17841,3,1,1,1,2.1936748819115026,0
17842,2,1,1,0,1.4028741428497837,1
17843,2,0,1,0,2.9501880302053443,0
17844,2,0,0,1,1.2964122372766638,1
17845,2,1,0,1,-0.44867062922266937,0
17846,2,1,0,1,0.2032220751786416,1
17847,2,0,0,0,0.5513571123809307,0
17848,2,1,1,0,0.32066328246585296,1
17849,2,1,0,1,-0.6218736290285316,0
17850,3,1,0,1,1.493969491889261,0
17851,2,0,1,0,1.3985409947283003,1
17852,3,0,0,0,0.433501515057642,1
17853,2,0,1,0,1.7614005863096247,1
17854,2,0,0,0,-0.02630472863162503,1
17855,3,0,0,1,2.5410401833509884,0
17856,1,1,1,0,0.8017752079841103,0
17857,1,1,1,0,-0.16175037725670932,0
17858,2,0,0,1,0.7025480480446215,0
17859,2,0,0,1,1.382278648877128,1
17860,1,0,0,0,-0.7039990642527993,1
17861,2,1,1,1,-inf,1
17862,3,0,0,1,2.1201600695912504,1
17863,2,1,1,1,2.212952238706056,1
17864,2,1,0,0,-0.11393986756888741,0
17865,1,1,1,0,0.1482744105435399,1
17866,2,1,0,0,-0.08612181482140968,1
17867,2,0,0,0,-0.210784598458704,1
17868,2,1,0,1,0.21961426836701,1
17869,1,1,1,0,0.7249123583776461,0
17870,3,1,0,1,1.4563411722898822,1
17871,2,1,0,0,-0.024545112153215115,0
17872,1,1,1,0,0.6260468664149526,0
17873,3,0,0,1,0.8827374783887162,1
17874,3,1,0,1,2.3241556247123576,0
17875,1,1,0,0,-0.9680794009879183,1
17876,2,1,0,1,1.4333857123701186,1
17877,2,1,1,1,0.9148702453425475,0
17878,2,0,0,0,-inf,1
17879,1,1,1,0,-0.4658211706945283,0
17880,2,0,0,1,0.0866281862214971,1
17881,3,1,0,0,1.7812491833904143,0
17882,3,1,1,0,2.4975014614742186,1
17883,2,0,1,0,0.2796096853870369,0
17884,1,0,1,0,1.0601551525134347,1
17885,1,0,1,0,1.2085080945819233,0
17886,3,0,1,1,-inf,1
17887,1,0,1,1,0.2864052786300135,1
17888,2,0,1,0,0.07592249066464984,1
17889,3,0,0,0,0.7330860901175831,1
17890,3,0,0,0,2.5768722494307017,1
17891,3,0,0,0,-inf,0
17892,1,1,1,0,-0.5281624960587687,0
17893,2,0,0,0,0.7221933698635953,1
17894,1,0,1,0,0.3911271055509204,1
17895,3,0,0,0,0.8083101662335939,1
17896,2,1,1,1,0.6752362210794927,0
17897,1,1,0,0,-1.2517171824438027,0
17898,3,0,1,1,-inf,0
17899,1,0,1,0,0.22202662263302253,1
17900,3,1,1,1,2.9757637824536998,0
17901,2,1,1,1,0.449925013642289,1
17902,2,1,1,0,-1.5048372353702208,0
17903,1,0,0,1,-0.524499607171489,1
17904,3,1,0,1,-inf,1
17905,3,0,0,1,0.9159237649817258,1
17906,2,1,0,1,-inf,0
17907,2,0,1,1,1.1398079518339328,1
17908,2,1,1,1,1.7069478179978255,1
17909,1,1,1,0,-0.5424303751694537,1
17910,3,1,1,0,1.6483503716066492,1
17911,1,1,1,1,0.655486124699076,0
17912,2,0,1,1,1.2747266465857445,1
17913,3,1,0,1,1.1623931534796346,0
17914,2,1,0,1,1.6815466514974509,0
17915,3,0,1,1,0.5328355894297852,1
17916,3,0,1,0,0.8673005047128439,0
17917,2,1,0,1,-0.6090361531428699,1
17918,2,1,0,0,-0.11413414858341042,0
17919,2,1,1,0,1.898046434849804,0
17920,2,1,1,1,1.0180293472548994,0
17921,2,1,0,1,0.39515561751686024,0
17922,1,0,1,0,-0.12495431025480597,1
17923,3,0,0,1,0.9510163423347227,1
17924,2,0,0,1,0.6176874459453375,1
17925,1,0,0,1,0.22749348790960644,1
17926,2,0,0,0,0.5372070996809004,0
17927,2,1,1,1,0.27796166488887786,1
17928,3,1,0,0,-0.0412899435889823,0
17929,2,1,0,0,-0.11155569781653168,0
17930,3,0,1,0,1.1469986462372037,0
17931,2,0,1,0,0.615762383643333,0
17932,1,0,1,0,-0.4352824545756554,0
17933,2,0,1,0,1.332111321421517,0
17934,2,1,1,1,0.2342271558108433,1
17935,2,1,0,1,0.30740005021941386,1
17936,1,0,1,0,0.9358343667266278,0
17937,1,0,0,1,-0.2599946606749577,1
17938,2,1,1,1,-inf,1
17939,2,0,0,0,1.3223532773754072,0
17940,1,1,0,1,-0.39896714859673754,1
17941,1,0,0,0,-1.4668720539068745,1
17942,2,1,1,0,2.148005188389793,0
17943,1,1,1,0,-inf,0
17944,1,1,0,1,1.2178660875719385,0
17945,2,1,0,1,0.0049809062907482105,0
17946,3,1,1,1,1.7880597604476527,1
17947,2,0,1,0,2.580386437221631,1
17948,2,0,1,0,-inf,1
17949,3,1,0,0,0.7408127702945655,1
17950,3,1,0,1,0.9023093187933724,0
17951,3,1,1,0,0.5961595109982187,1
17952,2,0,1,0,0.959821486910989,1
17953,2,0,0,0,0.6978584118604116,1
17954,2,1,0,0,0.7616750725080257,0
17955,3,1,0,0,0.05517716053288424,0
17956,1,1,0,1,-0.7036097052895722,0
17957,3,1,0,1,0.21371320718516018,1
17958,2,1,1,0,2.4429672009393473,1
17959,2,1,0,1,1.0846973865453855,1
17960,2,0,1,0,0.3666939105854893,0
17961,2,0,0,0,1.0219741034923489,1
17962,3,1,0,1,0.7288491219602465,1
17963,3,0,1,1,2.057756232795077,1
17964,3,0,1,1,1.6843521891742415,1
17965,2,0,0,0,0.44633459879913956,0
17966,3,1,0,1,1.270561157934991,0
17967,1,0,0,0,-1.148097451393907,0
17968,3,1,0,1,0.5942533236385683,1
17969,3,1,1,0,2.321451506087228,0
17970,2,0,1,0,0.6744741889421176,1
17971,3,1,0,1,1.157579268013933,1
17972,2,1,0,1,-inf,1
17973,1,1,1,1,0.4899676774334907,0
17974,2,0,0,0,0.07488791682063478,1
17975,2,0,0,0,-0.5947206885763079,0
17976,3,1,1,0,2.547616332653472,1
17977,3,0,0,0,0.8447979275698845,0
17978,3,1,1,1,2.4043403080378973,0
17979,2,0,0,0,0.466182161548509,1
17980,1,0,0,1,-0.0834564033607949,1
17981,1,1,1,0,1.61594343500711,0
17982,3,0,0,0,0.3085278029715368,0
17983,2,0,1,1,-inf,1
17984,1,1,0,0,-0.37529452704355193,0
17985,2,0,0,1,0.4404612868116743,0
17986,1,1,0,0,0.08861253355007298,0
17987,3,0,1,0,1.6815883261358986,1
17988,2,1,1,0,1.457536604491951,1
17989,2,1,0,1,-inf,0
17990,3,0,1,0,2.0168630447075846,0
17991,3,0,1,0,0.35866972496207516,0
17992,2,1,0,1,-0.3836311174564782,0
17993,1,1,1,0,-0.7169169296897508,1
17994,2,0,0,1,0.6987551722045879,0
17995,3,0,0,0,0.5759568310789522,1
17996,3,0,0,1,1.459566707865519,1
17997,3,1,0,1,-inf,1
17998,1,1,1,1,1.5123806135569122,0
17999,2,1,0,1,-0.13174629688900225,1
18000,2,1,1,1,1.1146225532155212,0
18001,2,0,1,1,2.6636574388475776,1
18002,3,1,0,0,1.07294856738524,1
18003,3,0,0,0,2.144138584089937,0
18004,1,0,1,0,0.7748964537238705,1
18005,3,1,1,0,2.8794717969461803,1
18006,1,1,1,0,-0.15267890345051577,1
18007,3,0,0,0,2.14487527962189,0
18008,2,1,1,0,1.352648926645984,1
18009,3,0,0,0,-inf,0
18010,2,1,0,1,0.015951714826509145,0
18011,2,1,0,1,0.4856327442569141,0
18012,1,0,0,1,0.10187399493367857,1
18013,2,0,0,1,0.3394461499134622,1
18014,2,0,1,1,1.8066042765938557,0
18015,1,0,1,1,-0.10698844204296132,1
18016,1,1,0,1,-0.19541412608765413,1
18017,1,0,1,0,-inf,1
18018,2,0,0,0,0.13203312455172345,1
18019,1,1,1,0,0.7631459732688255,0
18020,2,0,1,1,1.1423015158530179,1
18021,2,0,0,1,0.09874906401042127,1
18022,1,1,1,0,-0.25098927422105616,0
18023,2,1,1,1,1.7894295194266987,1
18024,3,1,1,1,1.3659857532894266,1
18025,3,1,0,0,-0.07877468503845098,0
18026,3,0,0,1,1.2366180162999665,1
18027,1,0,1,0,-0.6413178746142706,0
18028,1,1,0,0,-1.1958520662002714,0
18029,1,1,1,0,-inf,0
18030,1,0,0,1,-inf,0
18031,3,1,0,1,1.5463186807244127,1
18032,1,1,0,1,0.1555509875383579,0
18033,2,1,1,1,1.3694879348886357,0
18034,3,0,0,1,1.4403572481945355,1
18035,2,0,0,1,1.1053340101661857,1
18036,2,1,1,1,0.9225126377046662,1
18037,1,1,0,0,-0.6798073287741422,0
18038,2,1,0,0,-0.03937986830300119,0
18039,3,0,0,1,1.0097836415239956,1
18040,1,0,0,1,0.11340438690500279,0
18041,1,1,1,0,0.6009728868532784,0
18042,3,0,1,0,2.70766905616627,1
18043,2,1,1,0,2.994285108986868,1
18044,1,0,0,1,-1.3910346358992043,1
18045,3,0,0,1,1.424584858832449,1
18046,2,0,1,0,2.0990800737898767,0
18047,2,1,0,0,-inf,0
18048,3,1,0,1,1.3282228113478172,0
18049,1,1,0,1,0.22942244651037452,0
18050,2,0,1,0,2.010089839592263,1
18051,1,0,0,1,-0.5854809464526265,1
18052,2,1,1,0,-0.19238670499508537,1
18053,1,1,1,1,0.26750027739181825,0
18054,1,0,0,1,0.05320875683968465,1
18055,2,1,1,1,1.0259963793684177,1
18056,2,1,1,1,1.9959469552439053,1
18057,1,1,1,0,-inf,0
18058,2,0,1,0,0.26210098033368956,1
18059,3,0,1,0,1.9725554533464267,0
18060,3,0,1,1,2.7195176041144085,1
18061,1,1,0,1,-0.4101418121410053,0
18062,2,0,0,0,-0.6764357480225416,1
18063,1,1,1,0,0.7309637260642556,0
18064,3,0,0,1,0.625667172921746,1
18065,3,1,0,0,1.6367626423217794,1
18066,2,0,0,1,-0.8705495431062922,1
18067,2,0,0,0,1.1787982311548841,1
18068,2,0,1,0,1.7121748505461485,0
18069,3,0,1,0,3.7932979223521492,0
18070,1,1,1,0,0.017851581706306907,0
18071,1,0,0,0,0.10995688981056731,1
18072,3,1,0,1,0.17608696946115743,1
18073,3,1,1,1,-inf,0
18074,2,1,1,1,-inf,1
18075,2,1,0,1,-0.21651188738361765,0
18076,1,0,0,0,-0.3355022446205168,0
18077,3,0,1,0,1.970315006486701,0
18078,3,0,0,0,0.7442444249466106,0
18079,2,0,0,0,0.7289418902073043,0
18080,3,1,0,0,1.147889203376156,0
18081,1,0,0,1,0.11973717538402898,0
18082,1,0,1,0,0.9205236947083734,0
18083,2,1,0,0,-0.3314701992745945,0
18084,2,0,1,1,1.3418038488140203,0
18085,2,0,1,0,0.5941958035620102,1
18086,3,1,1,1,1.3417887188663422,0
18087,1,0,1,0,0.38167216788815916,1
18088,2,0,0,0,-0.19932167593129257,1
18089,2,1,1,1,1.2971045511338835,1
18090,2,0,0,1,0.8810871365870225,1
18091,1,1,1,0,1.0101682988556966,0
18092,3,1,0,0,0.6463195389923038,0
18093,3,1,1,0,1.797151697397749,1
18094,1,0,1,1,0.7904157886495564,1
18095,1,1,1,0,0.16042001030651115,0
18096,1,0,0,0,0.0162648771218388,0
18097,3,0,0,0,0.5053461465232139,0
18098,2,0,0,1,1.6591392067546282,1
18099,3,0,1,1,1.341207997826695,0
18100,1,1,0,1,-1.6596632018162885,0
18101,2,0,1,1,2.0719516976256815,0
18102,1,0,1,1,-inf,1
18103,1,0,1,1,-inf,1
18104,3,0,0,1,0.3723210340496603,1
18105,2,1,0,1,0.35085877132049065,1
18106,1,1,1,1,0.5626696529456612,0
18107,1,0,0,1,-inf,0
18108,2,1,1,1,1.1685624021001126,1
18109,2,1,0,1,-0.517513962877701,1
18110,2,0,0,0,-0.2558476589086086,1
18111,2,1,0,0,0.034581241794496426,0
18112,3,1,0,0,-0.1724980226238274,0
18113,1,0,1,0,1.9017282310263104,0
18114,1,1,1,1,1.8544638981555004,0
18115,2,1,1,1,-inf,1
18116,3,1,0,1,0.9210312019675906,0
18117,3,0,1,1,1.4836155164712772,1
18118,2,1,1,1,-0.4410224268141707,0
18119,3,0,0,0,2.1104436846072767,1
18120,2,1,1,1,-inf,1
18121,2,1,1,1,1.2877471286899753,1
18122,2,1,0,0,0.11926996525732426,0
18123,1,0,1,1,0.9058016383035803,1
18124,3,0,0,0,1.0304943582875075,0
18125,3,1,1,1,1.3825019232797198,0
18126,2,0,1,1,0.5844111811171594,1
18127,2,0,1,1,1.804530664078961,1
18128,3,0,0,0,1.7904648558844647,1
18129,3,1,0,0,1.9345598801117714,0
18130,3,1,1,1,1.7255334666802598,1
18131,3,1,0,0,0.9178592718905834,0
18132,2,0,1,1,1.324620967033236,0
18133,1,1,1,1,0.5266735103522768,1
18134,2,0,0,1,0.5956235845583848,0
18135,2,0,0,0,0.7950146854056834,1
18136,2,1,1,0,0.3827595046324094,1
18137,2,0,0,1,0.90354970335583,1
18138,3,1,0,1,1.343897210546415,0
18139,1,0,1,0,0.6292387951081058,0
18140,2,1,0,0,-0.9880097808473385,0
18141,1,1,0,1,-0.5592362365295068,1
18142,3,0,0,1,0.11850448720886997,1
18143,2,0,0,0,-0.17660974875134183,0
18144,3,0,0,0,2.290569999369202,1
18145,3,1,0,1,-0.24307680064783388,0
18146,1,0,0,1,-1.0430983799170512,1
18147,1,0,0,1,-0.38025471995326204,0
18148,1,0,0,0,-0.523063026664961,0
18149,1,0,1,0,1.1622782098479358,1
18150,2,1,0,1,0.3439821139343393,0
18151,1,0,0,0,-0.5051046310790004,0
18152,2,0,0,0,-0.009672266231938731,1
18153,2,0,1,1,0.8138347758649229,1
18154,2,1,0,1,0.015809926072532593,0
18155,3,0,0,0,2.404370240523009,0
18156,2,0,0,1,-0.060243767049897756,1
18157,3,1,0,1,1.4133811273875445,0
18158,2,1,0,0,0.6765830817275222,0
18159,1,1,1,0,2.1986812353292238,0
18160,3,1,0,0,0.49669704345905863,0
18161,2,0,1,0,0.6678124071630159,0
18162,1,0,1,1,0.6772886897525744,0
18163,1,1,0,0,-0.8551137815093827,1
18164,2,0,0,0,0.49886376430829193,1
18165,3,1,0,0,0.5028698437829422,1
18166,1,1,1,0,-0.22587327018479791,1
18167,3,0,0,0,0.295941656777851,0
18168,2,0,0,0,0.30628443521327586,0
18169,2,0,0,0,1.3555480218522604,0
18170,1,0,1,0,1.6365996224633625,1
18171,3,1,1,1,2.0631805344891103,1
18172,3,0,0,0,1.444417528237286,0
18173,2,1,0,0,0.688837535383201,1
18174,2,1,1,1,1.3146233209946452,1
18175,1,0,0,1,0.474559979072401,0
18176,1,0,1,0,0.7128396874056832,1
18177,2,1,0,1,-0.34023411611857773,0
18178,2,1,1,1,0.8030079295704068,1
18179,3,1,1,1,1.9310767330191507,1
18180,1,1,1,0,-0.3255355607650717,0
18181,3,0,0,0,1.0556168321089634,0
18182,2,0,0,0,-0.44424217572080504,1
18183,2,1,0,1,0.27036691872156926,0
18184,1,1,1,1,0.770518234803896,0
18185,3,0,0,0,2.092321375853337,0
18186,1,1,0,1,0.413799001170376,0
18187,3,0,0,0,1.2352310320116422,0
18188,2,0,0,1,0.777940367474035,1
18189,3,1,0,0,2.2110961944977645,0
18190,3,0,0,0,2.5593380439202416,0
18191,1,0,1,1,1.6565034463042645,0
18192,1,1,0,0,-0.6786802770610415,0
18193,3,0,1,1,1.644409099559483,0
18194,3,0,0,0,0.8759735409611399,1
18195,1,0,1,0,0.372396852757096,1
18196,2,1,0,0,0.8233556979284957,0
18197,2,0,0,1,1.040001334136979,0
18198,2,0,0,1,1.4926271962587578,1
18199,1,0,1,0,1.6609405239459827,0
18200,2,0,0,1,0.9398198581830826,1
18201,1,0,1,1,1.519360712011515,0
18202,2,0,1,0,0.19463671915948821,0
18203,2,0,1,0,1.3589997275055008,1
18204,3,1,1,1,1.8237097216678209,1
18205,2,0,0,0,0.4998652462295228,1
18206,2,1,0,1,-inf,0
18207,2,0,0,1,-0.208862916513621,1
18208,1,0,1,0,1.0385238622569934,0
18209,1,0,1,1,0.014628036755172658,1
18210,1,0,1,0,1.1589304557769327,1
18211,2,1,1,0,1.3312685841546226,1
18212,3,1,1,1,-inf,0
18213,3,1,0,0,1.5985727856144385,0
18214,2,0,1,0,0.06982583949499155,0
18215,2,0,0,1,-inf,1
18216,3,0,0,0,1.9195758545399395,1
18217,1,0,0,1,-0.3393105429186077,0
18218,1,1,1,1,-inf,0
18219,1,1,0,0,-0.2583209461740069,1
18220,2,0,1,1,0.8103014112788556,0
18221,3,0,0,0,0.9768522750467683,0
18222,2,1,0,1,0.7704555314232517,1
18223,3,1,0,0,0.39586712197892077,1
18224,1,0,1,1,0.4814427949520972,0
18225,2,1,0,1,0.09448577409969686,0
18226,1,1,1,0,0.3674094813768218,0
18227,1,1,1,1,0.062146633027225895,0
18228,2,0,0,1,0.1221379164115804,1
18229,2,1,0,0,0.3142107509232439,0
18230,3,1,0,0,1.535383775950507,0
18231,2,0,1,1,0.9688147848342908,0
18232,1,1,1,1,-0.21930374523582025,0
18233,2,0,1,0,1.8973201407996032,0
18234,2,1,0,0,-0.25825520722892764,0
18235,1,1,0,1,-2.3996653485770274,0
18236,2,0,0,0,2.16938046917942,1
18237,1,1,0,1,-0.7290220244907126,0
18238,2,0,1,0,0.4486997169193462,0
18239,2,0,1,1,1.4116316618239713,0
18240,2,0,1,0,0.6991726925953676,0
18241,3,1,1,1,0.511401315116147,1
18242,1,0,0,0,-inf,1
18243,1,1,1,0,1.220612040876711,0
18244,2,1,1,1,0.09124980140970274,1
18245,2,1,1,1,1.1189435656651612,1
18246,1,0,1,1,0.04346189972621228,1
18247,2,0,0,1,0.6186127099619823,1
18248,3,1,1,0,1.3904715742844889,1
18249,1,0,1,1,0.4161636069034922,1
18250,1,0,0,1,0.49652069566661694,1
18251,3,1,0,1,0.2293396301370132,1
18252,1,1,0,0,-0.45381603705950474,0
18253,2,1,1,1,1.8494958763639695,0
18254,3,0,1,0,2.2782177001341406,0
18255,3,0,1,0,2.31667906140989,0
18256,2,1,1,0,0.4815451992163303,1
18257,1,1,1,1,-0.42189117213144794,0
18258,1,0,0,0,0.06860913676388578,1
18259,1,1,1,1,-0.09602663941839257,0
18260,2,0,1,0,1.451313174144854,0
18261,3,0,1,0,1.7958535204474309,0
18262,2,0,1,1,2.381699520894352,0
18263,2,1,0,0,1.2321939680403373,0
18264,2,0,0,0,0.787368230886283,1
18265,2,0,0,1,-0.011923444726291588,0
18266,2,0,0,0,1.6806407125461003,1
18267,3,1,0,1,-0.9779972294092165,0
18268,1,1,1,1,-0.17117386277369678,0
18269,1,0,0,0,0.1342443235874705,1
18270,1,0,0,0,-0.16865931946090415,1
18271,3,0,1,1,0.8574278485393676,0
18272,2,1,0,0,-inf,1
18273,2,1,1,0,2.5859517059070383,0
18274,2,1,1,1,1.0837828755473837,1
18275,1,1,1,1,1.4877352280039593,1
18276,1,1,1,0,0.8808109238191819,0
18277,1,1,1,0,-inf,0
18278,2,0,0,1,-0.20670970063491356,1
18279,2,1,0,1,-0.5837629387989469,1
18280,1,0,0,1,-0.1936661521189501,0
18281,1,0,0,1,-0.6784263423221392,0
18282,1,0,0,0,0.3642395341129735,1
18283,1,0,0,1,-0.8870701439728038,0
18284,2,1,1,0,1.6092623334113947,0
18285,1,1,0,0,0.41759572270544704,0
18286,2,0,0,0,-inf,1
18287,2,0,0,0,0.8889635802582389,0
18288,1,1,0,1,0.04155513298653818,1
18289,3,1,0,0,0.8799951715773067,0
18290,3,0,1,0,2.335180681888155,1
18291,3,0,0,0,1.1673269527740784,0
18292,1,1,1,0,-0.09561279949694379,0
18293,2,1,0,0,1.4542416291198736,0
18294,2,0,0,0,1.0622031476072233,0
18295,3,1,0,0,0.8874011951988394,0
18296,3,1,0,0,-0.038277406591744834,0
18297,1,1,0,1,-inf,0
18298,3,1,1,1,1.8275904302248889,1
18299,2,1,0,0,-inf,1
18300,2,1,1,0,-inf,0
18301,2,1,0,1,-0.11475601652140494,1
18302,2,1,0,0,0.4301165074383099,0
18303,1,1,1,1,-0.013224512820725953,0
18304,2,1,1,0,1.7141913948346954,0
18305,2,0,1,0,1.1809692407953265,1
18306,2,0,1,1,1.3733631307470349,0
18307,3,1,0,1,-0.15397310880306325,1
18308,1,1,0,0,-1.5251770425386402,1
18309,3,0,1,0,0.8930496574520785,0
18310,1,0,1,1,1.8815140811666033,1
18311,2,1,0,0,-0.1295648097439211,0
18312,2,0,1,1,2.376198194464502,0
18313,3,0,1,0,2.772626160877744,0
18314,3,0,1,0,1.2694674464958071,0
18315,3,1,1,1,0.6943399339836279,1
18316,1,0,1,1,0.0070472759764703685,1
18317,1,1,1,0,-inf,0
18318,1,1,1,1,0.2884297180974557,1
18319,2,0,0,0,0.556551583835699,1
18320,2,1,0,1,-0.32437394239609846,1
18321,1,1,0,0,-0.9627163600992499,0
18322,2,1,1,0,1.325401369174488,1
18323,2,0,1,0,2.2983546487552724,1
18324,1,1,0,1,-0.8312194595759059,0
18325,2,0,0,0,-0.23887422511358236,1
18326,3,1,0,1,-inf,0
18327,3,1,1,0,1.7104443765474857,1
18328,3,1,0,0,2.433236742207787,1
18329,1,0,0,0,-0.4036686077546671,1
18330,2,0,0,1,0.4510458144149023,1
18331,1,0,1,0,0.20726000954942736,1
18332,3,0,0,0,1.590303654475721,1
18333,3,0,1,1,2.393515483555846,1
18334,2,0,1,0,-inf,1
18335,2,1,1,0,1.7310916358229376,0
18336,2,1,0,1,0.32345430250265716,0
18337,1,0,1,0,1.447904382641076,1
18338,2,1,0,0,-inf,0
18339,2,0,1,1,-0.45362136401010344,1
18340,2,1,1,1,0.3199920048239636,1
18341,3,1,0,0,0.9749866722414735,0
18342,3,0,1,1,2.397902530695494,1
18343,3,0,0,0,1.4996108763574527,1
18344,1,1,0,0,-1.1771793832491828,0
18345,3,0,1,1,2.701107333418761,0
18346,2,1,0,1,0.9004080495894271,1
18347,3,0,0,0,0.9338169937572833,1
18348,2,1,1,0,1.1817035038474089,0
18349,3,1,0,1,1.079915373145405,1
18350,3,1,0,0,-0.23092803014534047,1
18351,3,1,1,1,1.104408510026537,1
18352,1,0,0,1,0.7312578370806246,1
18353,2,1,1,1,1.6182027782326671,1
18354,3,1,0,0,-0.4676414982261843,1
18355,3,0,0,1,0.2845199275558087,1
18356,3,1,0,0,1.133977909413516,0
18357,3,0,0,1,2.4269933914734576,1
18358,1,1,0,1,-0.19407831291476987,1
18359,3,0,0,0,1.2895687295878187,1
18360,2,1,0,0,-0.6670540973144639,0
18361,1,1,0,1,0.09806654452625024,1
18362,3,0,1,1,2.832011737477025,0
18363,3,1,0,0,1.689576156744317,1
18364,1,0,1,1,0.8656138424593776,1
18365,2,0,1,0,-inf,1
18366,1,0,1,1,0.6057953079239963,1
18367,3,1,0,0,-1.1204397346837867,0
18368,2,1,1,0,0.981106097841836,1
18369,2,1,0,0,-0.5673171650705855,0
18370,3,0,0,1,0.9358707001236245,0
18371,2,0,0,1,0.8363711696829073,1
18372,3,0,1,1,2.0062400364778767,0
18373,2,0,1,1,1.7413828712667347,0
18374,3,0,0,0,1.7742775274870681,1
18375,1,0,0,1,0.7255995429302445,1
18376,3,1,1,0,1.2665954659890306,0
18377,2,1,0,0,-0.4821727443258133,0
18378,2,0,0,0,0.9498874634113859,1
18379,1,0,1,1,0.18077882599143102,0
18380,1,1,1,1,0.8810748883525361,1
18381,2,0,0,1,-0.2626468026583576,1
18382,3,1,1,0,1.8769656168280449,0
18383,3,1,0,1,-0.10973718039912927,0
18384,2,0,0,0,-0.0932998182137107,1
18385,3,0,1,0,0.34374618338603224,1
18386,3,1,0,0,1.764516021523125,0
18387,3,1,0,0,1.583048631845068,0
18388,2,0,0,0,0.6852117206122964,0
18389,1,0,0,0,-inf,0
18390,2,0,0,1,0.7037484396135054,1
18391,1,1,1,0,0.842031679696509,0
18392,1,1,0,0,-1.5649363227991513,1
18393,3,1,0,0,0.9692849172094631,1
18394,1,1,0,1,0.2661130339985372,1
18395,3,1,0,0,0.8188531083558342,0
18396,1,0,0,0,0.04481117504189355,1
18397,2,1,0,0,0.005651774513419361,0
18398,3,1,0,0,0.7594653048353641,0
18399,3,0,1,0,2.4502587241946925,0
18400,3,0,0,0,0.9617530312044775,1
18401,3,0,0,1,0.7777173243218232,0
18402,3,1,1,0,1.1263348795312158,1
18403,2,1,0,1,-1.2254214984474863,1
18404,1,0,0,1,-0.5764758349893937,0
18405,3,0,0,1,1.6049545354192276,1
18406,3,0,0,0,1.0470197810148139,0
18407,3,0,0,1,0.2848453801358265,1
18408,2,0,1,1,1.7114285641336338,1
18409,2,1,0,1,0.10515697245500029,0
18410,3,1,0,1,-0.028036014074022675,0
18411,2,1,0,0,0.5872112368182865,0
18412,3,1,1,1,2.033591171149604,0
18413,3,1,0,1,0.953835783847826,1
18414,3,0,1,1,2.29445320065728,1
18415,2,1,1,1,1.2636592771325499,1
18416,2,0,1,0,2.1695767513180186,1
18417,2,1,1,1,1.4328574074003662,1
18418,1,1,1,1,-inf,0
18419,3,0,1,0,1.8490483453698887,0
18420,2,0,0,0,-inf,0
18421,3,1,0,1,0.09596955748113856,1
18422,3,0,1,1,1.8654404647488445,1
18423,2,0,0,1,-0.14655240344970566,1
18424,2,1,1,0,0.9692485899086105,1
18425,2,1,0,1,0.4715091017756988,0
18426,1,0,1,0,1.1293234348572758,1
18427,3,0,1,0,1.75082082413065,1
18428,1,1,0,1,-1.701581273065363,1
18429,2,0,1,1,0.8761992365322744,1
18430,3,1,0,1,1.0103400131155422,1
18431,3,0,0,0,1.1768673294639753,0
18432,3,0,0,1,1.328235142300689,0
18433,1,1,1,0,-0.4636979618065092,0
18434,1,0,1,1,0.48451382119829,1
18435,1,0,1,0,0.8179899030669077,0
18436,1,1,0,0,-inf,1
18437,1,1,0,0,0.3656413852424601,0
18438,1,1,1,0,0.4721845024458368,0
18439,1,1,0,0,0.6040096672509803,0
18440,2,1,1,1,1.1550040917992936,1
18441,1,0,1,1,0.5300115730537667,1
18442,3,1,0,1,0.17396790049120303,0
18443,1,0,0,1,-0.5894874964702684,0
18444,2,0,0,0,-0.24448148512575052,1
18445,2,1,0,0,-0.6535495677805157,0
18446,2,0,1,1,1.3360132112086547,1
18447,2,1,0,1,-inf,0
18448,2,0,0,1,0.6300012622429646,1
18449,3,1,0,0,0.450446855887815,0
18450,2,0,0,0,1.3963819580949572,1
18451,1,1,0,0,-inf,0
18452,2,1,0,1,0.7627000037190084,0
18453,3,1,0,0,0.07944152992604891,1
18454,2,1,1,1,-inf,1
18455,3,0,0,0,1.3173158899532251,0
18456,2,0,1,0,3.5865915798916843,1
18457,2,0,0,1,0.9019221499976813,1
18458,2,1,0,0,-1.2498098369795683,0
18459,3,0,0,0,0.7483684599599012,1
18460,1,1,1,0,0.24062508933782378,0
18461,3,0,0,1,1.9297353791613248,0
18462,1,0,1,1,0.14104913310016043,1
18463,2,0,0,0,1.0443505111819125,0
18464,2,1,0,1,0.09044866748659983,0
18465,2,1,1,0,0.025509544045092203,0
18466,2,1,1,0,2.642117124943913,1
18467,3,0,1,1,1.1338478882559724,1
18468,3,0,0,1,0.7399416177528877,1
18469,3,0,0,1,1.7946534263377865,1
18470,2,1,0,0,-0.5137824920293836,0
18471,3,1,0,1,1.0171257232152855,1
18472,1,1,1,0,1.5091566494128104,0
18473,3,0,0,0,-0.2709738685084879,0
18474,2,0,0,1,0.5536028244842046,1
18475,2,0,0,0,0.802691273281052,1
18476,1,1,0,1,-1.0692824779879622,1
18477,2,1,1,0,2.5657563061624273,1
18478,3,0,1,1,3.070948728884682,0
18479,1,0,1,0,0.7586723378777628,0
18480,1,0,0,1,0.4131224198809421,0
18481,1,1,1,0,-0.18725375804310856,0
18482,3,0,0,0,1.0958261608925306,0
18483,3,0,1,0,2.392280795312463,1
18484,2,0,0,0,0.2899340177727436,1
18485,1,0,1,1,-0.3479914230421842,1
18486,2,0,1,0,1.0423107238671088,1
18487,1,0,1,1,0.3801354954866387,1
18488,2,1,1,1,-inf,1
18489,2,1,0,1,0.3141833808765606,1
18490,1,0,0,1,0.24641330303765363,1
18491,2,1,0,1,-inf,1
18492,1,1,0,1,-1.1626700378582289,1
18493,2,1,0,0,0.9326587140412455,0
18494,2,0,1,0,2.1841069355992273,0
18495,1,0,0,0,-inf,1
18496,1,0,1,0,0.6381374740172217,1
18497,3,0,1,1,1.6489740575612921,0
18498,2,1,0,1,0.4824892747157301,0
18499,3,1,0,0,0.3232971527712941,0
18500,3,0,0,1,-inf,1
18501,2,1,1,1,1.0668546028036414,1
18502,2,1,0,0,-inf,0
18503,3,0,0,0,1.2165956762900056,1
18504,3,0,1,1,1.108092509226465,1
18505,2,0,1,1,-inf,0
18506,2,1,0,0,0.009413879160013156,0
18507,2,0,0,0,0.7351837297071548,1
18508,1,0,1,0,1.3703547880895213,0
18509,3,1,0,0,0.85143266294691,1
18510,2,0,0,0,-0.3677691750169414,0
18511,2,0,0,0,0.6781564863352338,0
18512,2,1,1,1,1.8670722430018878,1
18513,3,1,0,0,1.448976441971707,0
18514,3,0,1,1,2.3723000975812933,1
18515,3,1,0,1,0.01768212270574343,0
18516,1,1,1,1,0.376716498369151,1
18517,3,1,0,0,0.32529992354383525,0
18518,1,1,0,1,-0.9248011365039721,1
18519,2,1,0,0,0.13035303043724927,0
18520,3,0,1,0,2.488067712112238,1
18521,1,0,1,0,0.7875459760058625,1
18522,2,1,0,0,1.6714511389883442,0
18523,3,0,1,0,1.3691292699776794,0
18524,3,0,0,1,1.540585483905855,1
18525,1,0,1,0,1.8188531276836115,1
18526,2,0,1,1,3.0232648891578693,0
18527,2,1,0,1,0.11643895472197006,0
18528,2,1,0,1,0.5017383937847579,1
18529,2,0,1,0,0.4530371235442435,0
18530,1,0,0,0,0.635800371514784,0
18531,3,0,1,1,2.7011851718235507,0
18532,3,0,1,0,2.2730720924395422,0
18533,2,1,1,1,1.3460189193802463,1
18534,2,1,0,0,0.16365487786899247,0
18535,2,1,0,0,0.579133152572726,0
18536,3,1,0,1,1.0021727096147344,0
18537,3,0,0,0,1.2890624469947458,1
18538,2,1,0,1,-0.24862459518459634,1
18539,3,1,0,1,0.9961128704856422,0
18540,1,0,0,0,0.6100959111631585,0
18541,3,1,0,1,1.1651108209441976,0
18542,2,0,0,1,1.2000594056142737,1
18543,2,1,0,0,-0.8526551848504205,1
18544,1,0,0,1,-0.7049435061157773,1
18545,2,1,0,0,0.6076054416989756,1
18546,2,1,1,0,0.39303288307418227,0
18547,1,1,0,0,-0.10893421589797331,0
18548,1,1,1,1,-inf,0
18549,2,0,1,1,0.6478150538771285,1
18550,3,1,0,0,0.48702812346889873,0
18551,1,1,1,1,-0.4761942898052666,0
18552,1,1,0,1,-inf,0
18553,1,0,0,1,0.012334681467059752,0
18554,2,0,1,0,1.0472571143839364,0
18555,2,0,1,0,1.9376341918439175,0
18556,1,0,1,0,1.1812988590929037,0
18557,2,0,1,1,1.0400266810794614,1
18558,3,0,0,1,1.2796194629808078,1
18559,2,1,0,1,1.7681024853288405,0
18560,2,0,1,1,0.488122522474967,1
18561,3,1,0,1,0.10653353950860489,0
18562,2,1,1,1,1.4365854443860817,1
18563,2,0,0,1,-inf,1
18564,2,0,0,0,1.8100979927163674,0
18565,3,1,1,0,1.7977975183571202,0
18566,3,1,1,1,1.922243960330909,1
18567,2,0,0,0,-0.281784326540102,1
18568,1,0,1,1,0.4309474304727812,1
18569,1,1,0,1,-inf,0
18570,3,1,1,1,2.4226640160777717,1
18571,1,0,0,1,-inf,0
18572,2,1,0,0,1.4233430683678148,1
18573,2,1,1,0,1.3325320392793039,0
18574,2,1,1,0,-inf,0
18575,3,0,1,0,1.6023923199911914,1
18576,2,1,1,1,0.25945398202033954,1
18577,1,1,0,0,-0.14456593453010363,0
18578,3,1,1,1,1.087063016778559,1
18579,2,0,0,0,0.34689867666460406,0
18580,1,0,0,1,-0.5617338156610131,1
18581,3,1,0,0,1.0942860645057448,0
18582,3,1,0,0,-0.5600596804674807,1
18583,2,0,0,0,0.5561769492743542,1
18584,2,0,1,0,-0.5073281718438873,0
18585,3,0,0,1,1.3175608725425858,0
18586,3,1,0,0,1.5021575472627426,0
18587,2,0,0,1,0.427604510140159,1
18588,3,0,1,1,2.4568594752527866,1
18589,1,1,0,0,-1.153707003983279,1
18590,1,0,1,1,1.3244699281355135,0
18591,3,0,0,1,1.4672075728739453,1
18592,2,0,0,0,0.44202877184685047,0
18593,2,0,0,1,0.9019533680250491,1
18594,3,0,0,0,1.9206271234855885,1
18595,1,1,1,0,1.5059811381241146,0
18596,1,1,0,0,-0.5837875169827129,1
18597,2,1,0,1,0.17912766214679912,0
18598,2,1,0,1,-inf,0
18599,2,0,1,0,0.36289727165593433,1
18600,2,1,1,0,1.3737197484008634,1
18601,2,0,0,1,-0.13807918616636305,1
18602,3,1,0,1,-0.4155041847184331,0
18603,3,1,0,0,0.17014429177130885,0
18604,2,1,0,0,-0.9839404557278706,0
18605,2,0,0,0,2.0462009342177403,0
18606,2,1,0,1,-0.14964698794671843,0
18607,2,1,0,1,1.2354485280327587,0
18608,2,1,0,0,1.281123370381943,0
18609,2,0,0,0,0.4647882835657487,0
18610,1,0,0,0,0.5241287879364535,0
18611,1,0,1,1,0.05588963924234225,1
18612,1,0,1,0,1.302602438314374,0
18613,3,1,0,0,0.7046048560690032,1
18614,2,1,0,1,0.9188510060523412,0
18615,3,1,1,1,2.191866407015487,0
18616,2,1,1,1,1.8218147341593993,0
18617,2,1,0,1,0.4999117101477115,0
18618,3,0,1,0,2.102898044541746,0
18619,3,1,0,1,0.7253798961055555,1
18620,2,0,1,0,2.281131121814954,1
18621,1,0,1,0,0.779501476310649,1
18622,2,1,1,0,0.3653321078153722,1
18623,2,1,0,1,0.04194349599163061,0
18624,3,1,0,0,-0.32000291818858706,0
18625,2,0,0,0,0.7971526857990896,0
18626,2,0,1,0,1.6543255011693692,0
18627,3,1,0,0,0.642551146142881,1
18628,2,1,1,1,-inf,1
18629,3,1,1,1,-inf,1
18630,1,0,0,0,-inf,1
18631,2,0,0,1,0.5916229041904034,0
18632,3,0,1,1,2.9544986508865287,1
18633,1,1,1,1,-inf,0
18634,2,0,1,0,0.7472263807379086,1
18635,1,0,1,0,1.9980505355278302,1
18636,3,1,0,1,-0.3279306984419077,0
18637,3,1,1,1,-inf,1
18638,1,1,1,1,0.316169877224998,0
18639,2,1,1,1,1.0904225851817833,1
18640,3,0,1,0,1.8540308377924397,1
18641,2,1,1,0,1.7515956651554783,0
18642,1,1,0,1,0.5069396473851122,0
18643,3,1,1,1,1.4682923724224466,1
18644,1,0,1,1,-1.3727404176565092,1
18645,3,1,0,0,0.04387726893170818,1
18646,3,0,0,1,0.31909324455882027,0
18647,3,0,1,1,1.4244799960917736,0
18648,2,1,0,0,-0.2293590960137334,0
18649,2,0,0,0,0.6897028629205308,1
18650,1,0,1,1,1.2317305780781578,1
18651,3,0,0,1,1.1523777151927,1
18652,2,1,1,0,0.9856344802461632,1
18653,1,0,0,0,-1.4988123353624005,0
18654,3,0,0,1,-inf,0
18655,2,0,0,0,-inf,0
18656,1,1,0,1,-1.1050499382314365,1
18657,3,0,0,0,1.195425228183264,1
18658,3,0,1,1,2.440304505518559,1
18659,3,1,0,0,0.556321293295824,0
18660,2,0,0,0,0.24945532867861564,1
18661,3,0,1,1,1.9069346862344596,1
18662,2,1,1,1,0.9073865550078362,0
18663,2,1,1,0,1.809383664015265,1
18664,1,0,1,1,0.9275107446737976,1
18665,2,1,1,1,1.0550872520888075,1
18666,2,1,1,1,1.0855077131337685,1
18667,3,0,1,1,2.7391749190937915,1
18668,3,1,1,1,1.6396187198374745,1
18669,2,0,0,1,0.3889744097904699,1
18670,2,0,1,0,0.2017596383527711,1
18671,2,1,0,0,0.8221129783176802,0
18672,3,0,1,1,3.0135484382090816,1
18673,2,1,0,1,-0.12589587389619145,0
18674,3,0,0,1,0.15729310627767235,0
18675,1,1,0,1,-0.746801521630178,1
18676,1,0,1,1,1.6581594346747375,1
18677,2,1,1,1,0.41395643972649887,1
18678,2,1,0,0,1.1014038617577653,0
18679,3,0,0,0,0.5729286779175441,1
18680,1,1,1,0,0.47646944622545717,0
18681,2,1,0,1,-0.30167299724378543,1
18682,2,1,0,1,-0.5110329767005797,0
18683,3,1,0,1,0.725853233949761,0
18684,2,0,1,0,1.3149689838341705,0
18685,3,0,0,0,1.0038655159381442,1
18686,2,1,1,0,1.9468726644736387,1
18687,2,1,0,1,-0.9906003880016876,1
18688,2,1,0,1,0.11192504139354553,0
18689,2,1,1,1,1.7417647607092903,1
18690,2,1,0,0,0.17710884233731372,1
18691,3,1,0,0,2.073824015309633,0
18692,3,0,0,0,-inf,0
18693,1,1,1,1,0.04258318574350167,0
18694,1,0,0,0,0.8653161610921324,0
18695,1,0,1,0,1.4801755247225548,0
18696,3,0,1,1,1.3153189898638344,0
18697,3,1,1,0,0.03742135576806205,1
18698,2,0,1,1,1.8100910812553361,1
18699,2,1,1,1,-0.1002763179848003,1
18700,1,0,1,1,-inf,1
18701,2,1,0,1,1.0581486859248312,0
18702,1,1,0,0,0.018615585492403053,1
18703,2,0,0,1,0.5263674771510051,0
18704,3,0,0,0,0.8028505985903127,0
18705,2,1,0,1,0.6993933070384883,0
18706,2,1,0,0,0.6211367744557138,0
18707,3,1,0,0,1.123055119136352,0
18708,2,1,0,1,1.3700689962710457,0
18709,2,1,0,1,-0.3325978026250241,0
18710,3,1,1,1,1.1899884893645498,0
18711,2,0,1,1,-inf,1
18712,2,0,0,1,0.23159488615138607,1
18713,2,0,0,0,1.2744350049634412,1
18714,2,1,0,1,0.4644480487395379,0
18715,1,1,1,1,0.20941951178748439,0
18716,3,1,1,1,-0.08199943184961334,1
18717,3,1,0,1,1.271137701724446,1
18718,1,0,1,0,-0.14178351996509175,1
18719,3,0,0,0,1.7204553536250216,0
18720,3,0,0,0,1.0800401642546935,0
18721,1,0,1,1,1.2524649116622346,1
18722,1,0,1,1,-inf,1
18723,2,1,1,1,0.38182788698016534,1
18724,2,0,0,1,1.721029697397803,0
18725,2,1,1,0,1.1272010772643755,0
18726,1,1,1,0,0.3830736359622667,0
18727,3,1,0,0,-inf,0
18728,2,1,0,1,-1.2051457398408105,1
18729,2,0,0,1,0.7962317067811223,1
18730,3,1,0,1,0.2856407875390272,1
18731,3,1,1,1,1.123784832457409,1
18732,3,1,0,0,1.364500865354851,1
18733,2,1,1,1,0.4191629570588721,1
18734,3,1,1,1,2.209947343116353,1
18735,2,1,0,0,0.7422059828053806,0
18736,2,1,1,0,1.2347434194245968,0
18737,1,1,1,0,-0.5569064795884322,0
18738,2,1,0,1,-0.29889401982261415,1
18739,3,1,0,0,0.9526675755461261,0
18740,3,1,1,1,1.6054869776031722,1
18741,3,0,1,0,1.551640942331256,1
18742,3,0,0,0,0.39165359690071433,1
18743,3,0,0,1,1.2467141216711815,0
18744,2,0,1,1,0.35084272675442507,1
18745,3,0,0,1,1.7528292074063498,1
18746,2,0,1,0,-inf,1
18747,2,0,0,0,1.0764554296020734,1
18748,1,0,1,1,0.9719774056130537,1
18749,3,1,1,0,1.2604330051611599,0
18750,3,1,1,1,1.538811000927624,1
18751,3,1,0,0,0.49891230217011,0
18752,1,1,0,1,-0.8535617338636026,1
18753,3,1,0,0,1.2894413236660731,0
18754,2,1,0,0,0.38181362395966373,0
18755,2,0,0,1,0.708045255993635,1
18756,2,1,0,1,0.4984261956776317,0
18757,1,1,1,1,1.0968115152463078,0
18758,1,0,0,1,0.24122248924140466,0
18759,3,0,1,1,-inf,1
18760,1,1,1,1,1.9050718812256966,0
18761,1,0,1,1,-inf,1
18762,1,0,1,1,0.1323655847544517,1
18763,3,0,0,0,0.06794672668255175,0
18764,2,1,1,1,1.2078967754599967,1
18765,2,0,1,0,1.2994257516773373,1
18766,2,1,0,0,-0.11867618415853443,0
18767,3,1,1,0,-inf,0
18768,2,1,0,0,1.764308317864529,1
18769,1,1,1,1,2.018960057987234,0
18770,1,1,0,0,-1.0642110584217628,0
18771,2,0,1,1,1.6177664137189647,0
18772,1,0,1,1,1.046710123041452,1
18773,1,1,0,0,-0.28174925425134123,0
18774,3,0,1,0,-inf,0
18775,2,1,0,0,0.5055835518833569,0
18776,2,1,1,1,1.0539963517977864,0
18777,2,1,1,0,-inf,1
18778,2,0,1,1,0.8164254249143073,1
18779,2,1,0,0,0.2617294463781782,0
18780,1,0,0,0,0.505945698078503,0
18781,1,0,0,0,-0.2924379247778823,1
18782,2,0,0,1,0.8487789490325213,1
18783,1,0,1,0,-0.29207425248436214,1
18784,3,1,0,0,1.5340907125155059,0
18785,3,0,1,1,1.7962975573887556,1
18786,3,0,1,1,0.5230423538393825,1
18787,2,0,1,0,-inf,1
18788,2,1,0,1,-0.47917240698144753,1
18789,1,0,1,1,0.6500362980789144,1
18790,2,0,1,0,1.206561154863716,1
18791,2,1,0,1,0.23594607308996923,0
18792,3,1,0,0,1.0040143553960141,0
18793,1,1,1,0,1.7963827142798279,0
18794,2,0,0,1,1.3141577035429355,0
18795,1,1,1,1,0.8036376682080436,0
18796,2,0,0,0,0.9113995461406927,1
18797,2,1,0,1,-0.017767105698204055,0
18798,3,1,0,1,-0.7084528408694226,0
18799,3,0,0,0,1.2182914242638598,1
18800,2,0,0,1,0.2886182750566673,0
18801,1,1,1,1,1.2696879166182222,0
18802,1,1,1,0,0.14327270570869383,0
18803,3,1,0,0,0.5717619710393367,0
18804,3,1,0,0,0.6827965699110126,0
18805,2,1,1,1,1.6815705752605905,1
18806,3,0,0,0,0.8907472534537803,0
18807,2,1,0,0,0.7965778004244553,0
18808,2,1,0,1,-inf,0
18809,2,1,1,1,-inf,1
18810,1,0,1,1,0.7042265183534641,0
18811,3,1,1,0,1.8763439379242424,1
18812,2,1,1,0,-0.059795281689107194,1
18813,2,1,1,1,0.8335154977843342,1
18814,3,0,0,1,0.4144892172448412,1
18815,1,0,1,0,-0.0700506320505293,1
18816,3,0,0,1,1.5484656126282532,1
18817,1,0,1,1,1.2622395811190983,1
18818,1,1,0,0,-0.17042439257695405,0
18819,1,1,0,0,-1.170341234794249,1
18820,3,0,0,1,0.7491756461394972,0
18821,1,0,1,1,-0.07887796477008235,1
18822,3,0,1,0,2.5638214525846235,1
18823,1,1,1,1,0.7095868380047425,0
18824,2,1,0,1,-0.365993629060926,0
18825,3,1,1,0,1.1544833341739134,0
18826,3,1,1,0,1.5509142527875426,0
18827,2,1,1,0,1.0716804572965533,1
18828,2,0,0,1,0.9040862190253108,1
18829,1,0,1,0,1.4928159145367497,1
18830,2,0,1,0,0.16047415329046877,1
18831,2,1,1,1,0.47758822399381406,1
18832,3,1,1,1,-inf,1
18833,3,0,0,1,1.6679723887734839,1
18834,2,1,0,1,-inf,0
18835,1,1,1,1,0.06329379340530905,1
18836,3,0,0,0,1.7376741637395337,1
18837,1,1,1,1,-1.0024111697820544,0
18838,1,1,1,0,0.3243591551427667,0
18839,2,1,0,1,0.2902721235296558,0
18840,3,1,0,0,0.9624934223310762,0
18841,2,0,0,1,-0.074680747774305,0
18842,2,1,0,1,-0.5373692800823275,0
18843,2,1,1,1,0.05788437294548099,1
18844,1,1,0,0,-0.7418158636609156,0
18845,1,1,1,0,1.2551085080652102,0
18846,3,1,0,0,0.7468464987071395,0
18847,1,1,0,0,-1.3856665425995793,0
18848,2,1,0,0,-inf,0
18849,1,0,1,0,1.8009231321670387,0
18850,2,0,1,0,1.912281419957698,0
18851,1,1,1,0,-1.4699189035671343,0
18852,3,1,0,1,0.5354934029782709,0
18853,2,0,0,0,1.9474332303540391,1
18854,2,0,0,0,0.71241828368047,1
18855,2,1,0,1,0.8258893792339441,0
18856,3,1,1,0,0.4695067816398255,1
18857,3,0,0,0,-0.013719890616753494,1
18858,3,0,1,1,0.41272266336262553,0
18859,1,1,0,0,-0.9442811656964685,1
18860,1,0,0,0,1.5744801590748536,0
18861,2,0,1,1,2.2846692567528244,1
18862,3,1,0,1,1.6487211306173113,1
18863,1,0,1,0,0.5195717880078128,1
18864,1,1,1,0,-inf,0
18865,2,1,0,1,-inf,0
18866,3,0,0,1,0.7958752095371793,1
18867,3,1,0,0,0.7537801843948104,0
18868,1,0,0,0,0.13971664334227157,1
18869,1,1,1,0,-0.8077925112242821,1
18870,1,1,1,0,0.7526636035527298,0
18871,1,1,0,0,0.1413282157313504,0
18872,2,1,1,1,1.3484018099501676,1
18873,3,0,1,1,2.218093543655416,1
18874,1,0,0,1,-0.6016550106009995,1
18875,3,0,1,1,1.0420071512732576,0
18876,2,0,0,1,0.4923067690645845,1
18877,1,0,1,0,1.2136546277951437,0
18878,1,0,1,0,-inf,1
18879,1,0,1,1,-0.29925528738114904,1
18880,1,1,1,0,-0.20584322429446184,0
18881,2,1,0,1,0.35003354666054637,1
18882,3,1,1,1,2.5213453475874497,1
18883,2,1,0,0,0.8408560108625391,0
18884,3,0,0,1,0.4612486877904709,1
18885,2,0,0,0,0.8099912541284107,0
18886,1,1,1,1,-0.07749760087869628,0
18887,3,1,0,1,1.0526144364885106,0
18888,2,0,0,0,0.4976371040499146,0
18889,2,1,1,1,1.0230616965243402,1
18890,3,0,1,0,1.7534818744746192,1
18891,3,0,0,1,0.6178604263420553,0
18892,2,1,0,1,-0.5842371832178825,0
18893,2,1,0,1,-0.28758285267039896,0
18894,3,1,0,1,0.7514432213743227,1
18895,2,1,1,0,0.5848508134878854,1
18896,2,0,1,1,0.3229376363114531,0
18897,3,0,0,0,2.2710046494870424,0
18898,2,1,0,0,-inf,0
18899,2,1,1,1,1.5204384903132353,1
18900,3,1,0,1,0.8333301592285187,0
18901,1,1,1,0,1.3194504291818725,0
18902,1,0,1,0,0.6598298729845695,0
18903,3,1,0,0,0.3632294965825295,0
18904,3,1,1,1,1.2823029834924786,1
18905,2,1,0,1,-0.5409928113853804,0
18906,2,1,1,1,0.5255471185457873,0
18907,1,0,1,1,1.4306999682717714,0
18908,2,0,1,0,1.744140852004497,0
18909,1,0,0,0,-0.12371603651035723,1
18910,3,1,1,1,-0.022279805683432796,1
18911,3,1,0,1,-0.04704929101592492,1
18912,1,1,1,0,-0.09221234201515194,0
18913,1,1,1,0,-0.5469411858143844,0
18914,2,0,0,0,1.1055042540926703,1
18915,3,1,0,1,1.0116144341402409,1
18916,2,0,0,0,-1.0099608173402277,1
18917,1,1,0,1,-0.6500056975316904,1
18918,3,1,0,1,0.545943508864521,0
18919,1,1,1,1,0.356605103377525,0
18920,1,1,0,1,-0.02311542168666808,0
18921,2,1,0,1,-0.15167894375109603,0
18922,2,0,0,1,-0.1793134315452224,1
18923,3,0,0,0,-inf,1
18924,1,0,0,1,0.5903797839454417,1
18925,1,1,1,0,-0.5315095446827449,0
18926,1,1,0,1,-0.7430132249372337,1
18927,3,1,1,0,1.1673051584607614,0
18928,2,1,0,0,0.35623909852187163,0
18929,2,1,0,1,-0.5444433670669484,1
18930,3,0,0,1,-0.5853546738608999,1
18931,2,0,0,0,0.839360242784325,1
18932,2,0,1,0,-0.3151295399446803,1
18933,1,0,0,0,1.2203953373022176,0
18934,3,0,1,1,-inf,0
18935,2,0,0,0,1.7047084824084882,0
18936,2,0,0,0,0.35460652216943045,1
18937,2,1,1,0,2.3522308257805964,0
18938,1,1,0,0,-0.28959311472568594,1
18939,2,0,1,1,0.9934965049168691,1
18940,3,1,0,0,0.19626806359324123,0
18941,2,0,0,0,0.11672330131864922,1
18942,1,0,0,0,0.6883762955647527,1
18943,1,1,0,0,-inf,1
18944,2,0,0,1,0.21778275796868984,1
18945,3,0,0,0,1.6613687078020865,1
18946,1,0,1,1,1.626710660005647,1
18947,2,0,0,0,1.9572355728243962,0
18948,2,1,1,0,0.9361654118655527,0
18949,3,1,0,1,1.4301024404393001,0
18950,2,1,0,1,-0.24023104164514292,0
18951,1,0,1,1,0.37896022268128443,0
18952,2,0,0,1,-0.633344686240898,1
18953,3,0,1,1,2.1964177832235676,1
18954,3,0,1,0,1.0421563156617688,1
18955,2,1,0,1,-0.8515505599135007,0
18956,2,1,0,0,-0.9594857848278948,1
18957,1,0,0,1,-0.306198543963153,0
18958,1,1,0,0,-0.8141134480630707,1
18959,3,1,0,1,-inf,1
18960,1,0,0,1,0.39516587838582584,1
18961,3,0,0,0,1.3032135819407136,0
18962,2,1,1,1,2.0497660288232837,1
18963,2,1,0,1,-1.2583718055290933,0
18964,3,1,0,1,1.0972007750731316,1
18965,3,0,1,1,2.4844644786140258,1
18966,3,0,0,0,0.7037844028730201,0
18967,2,0,0,0,0.764219144938094,1
18968,3,1,1,1,1.6149870256401875,0
18969,1,1,1,0,0.7958397861657616,0
18970,3,1,0,0,0.39610869911262747,0
18971,3,1,0,1,0.49664887424267135,0
18972,3,0,1,1,1.4281369943402922,0
18973,3,0,1,1,2.4668236147540483,1
18974,3,0,0,1,1.4943557534725347,1
18975,1,0,1,0,1.4802732106895378,0
18976,3,1,0,0,0.23088180716227136,0
18977,2,0,1,1,1.388119757725807,1
18978,1,0,1,1,1.1621306980861938,1
18979,2,0,1,1,0.7228775998603203,1
18980,1,0,1,1,1.1867883368577405,1
18981,1,0,0,0,1.0538139727558802,0
18982,3,0,0,0,-inf,1
18983,2,1,0,0,-0.22634135701217578,0
18984,3,1,1,1,0.7564310715286774,1
18985,3,0,0,0,1.1169728438758988,0
18986,2,1,1,1,1.0639599935183737,1
18987,3,0,0,1,0.6445683148077476,1
18988,2,1,0,1,0.45811769201859237,0
18989,3,0,1,1,2.59762217530786,0
18990,3,0,1,0,2.7877180594045075,1
18991,1,0,0,1,-inf,1
18992,2,0,0,1,0.5393559099749319,0
18993,3,0,0,0,-inf,1
18994,2,1,0,0,-0.5538270241482088,0
18995,2,1,1,1,0.3167168472162011,1
18996,3,1,0,1,1.7970897882695738,1
18997,2,0,1,1,-inf,1
18998,3,1,0,1,1.2623702619947843,0
18999,1,0,0,0,-inf,0
19000,2,0,1,0,-1.1840796217316558,1
19001,1,1,1,0,-0.4350686499480851,0
19002,2,1,0,0,-0.585288134237457,0
19003,3,0,1,1,1.8653916156547672,1
19004,2,1,0,0,0.22421777397747972,0
19005,3,1,0,1,-0.17992450132907434,1
19006,1,0,1,1,-inf,1
19007,3,1,1,1,1.282780889809833,1
19008,1,1,0,1,-0.6564515716250741,1
19009,3,0,0,1,1.0993202542060385,0
19010,1,0,1,0,1.504391429386697,1
19011,2,0,1,1,2.2476763312639525,1
19012,2,0,0,0,-0.3307108424893511,0
19013,1,1,1,1,0.5609980963940794,0
19014,3,1,1,0,1.9638285076878024,1
19015,2,0,1,1,1.8898083547739253,1
19016,3,1,0,0,0.8267145623984807,0
19017,2,1,0,1,0.7664666779794724,0
19018,1,0,0,0,-0.18401413779096776,0
19019,1,0,0,0,0.2757337212323949,1
19020,3,0,1,1,0.9669910907137239,1
19021,2,1,0,0,0.5914214136076781,1
19022,2,0,1,1,2.2672613463260607,1
19023,3,1,0,1,-inf,0
19024,2,0,0,0,-inf,0
19025,1,1,1,0,0.8534805406228699,0
19026,2,1,1,0,0.13710725455294825,0
19027,3,1,1,0,0.9364136743840838,1
19028,3,1,1,1,1.7718632889839583,1
19029,3,1,0,0,0.4374090746540173,1
19030,2,0,0,1,0.48249315925465946,1
19031,3,1,0,0,0.902822090218103,0
19032,3,0,0,1,1.5961141618213475,1
19033,3,0,0,1,-0.07072058070933962,0
19034,3,0,0,0,0.9795025468558392,1
19035,2,1,0,1,1.6542151491297845,1
19036,1,0,0,1,-0.2261354235045502,1
19037,2,0,0,0,0.6105016152339918,0
19038,2,0,0,1,0.6715463961725483,1
19039,1,0,1,1,-inf,1
19040,1,0,0,1,0.6578841972050233,1
19041,1,0,1,0,0.41740761591052494,0
19042,1,1,1,0,-0.4422640980909373,0
19043,2,0,0,1,-0.449505458560735,1
19044,2,0,0,0,1.8124158753524686,1
19045,2,1,1,0,0.1803060302931575,0
19046,3,1,0,1,0.39813911838544414,1
19047,2,0,1,1,2.4309189274877605,1
19048,1,0,0,1,0.10586847260963331,0
19049,2,0,0,1,-0.21809318494613072,1
19050,3,1,0,1,0.3444725330911763,0
19051,3,0,0,0,2.130769594008194,0
19052,3,1,0,1,0.9610377830130701,0
19053,2,1,0,0,0.026332675363113733,0
19054,2,1,1,1,0.8688472079494372,1
19055,2,1,0,0,0.7024491091290763,0
19056,2,0,0,1,-0.1838708197208514,0
19057,1,1,1,1,2.038933947606366,0
19058,2,0,1,1,-inf,1
19059,3,1,0,1,0.3788152293038144,0
19060,2,0,1,0,0.46872456008274843,1
19061,1,1,1,0,1.0490995152567162,0
19062,3,0,0,1,1.901708957487136,1
19063,3,1,0,0,1.4390078795131243,0
19064,3,1,0,0,-inf,0
19065,1,1,0,0,-0.6361753530292441,1
19066,2,1,1,0,1.8464694590866415,1
19067,3,1,1,0,1.1667432530284216,0
19068,2,0,0,0,-0.33957948577958397,0
19069,1,1,1,0,-inf,0
19070,3,1,1,1,2.0142207459450754,1
19071,2,1,1,0,-inf,1
19072,2,0,0,0,-inf,1
19073,2,0,0,0,0.7768199435940331,0
19074,3,0,1,0,1.8567894145990134,1
19075,1,0,1,0,-inf,0
19076,3,0,0,0,0.7893036483741389,0
19077,3,1,1,1,2.378571740547996,0
19078,3,0,0,1,0.8126065006560629,0
19079,3,1,0,0,0.8634997450807808,0
19080,3,0,0,1,-inf,1
19081,2,0,0,1,0.3615516811499112,1
19082,2,0,0,0,0.06440086754077334,0
19083,3,1,1,0,1.1314685301189575,0
19084,3,1,0,0,0.7335307169453193,0
19085,2,0,0,0,1.3748675413548326,0
19086,3,1,1,1,0.499952229086855,1
19087,3,1,0,0,0.06378971115537868,0
19088,2,0,1,0,2.1063033330626624,1
19089,1,0,0,0,-1.3915583143019243,0
19090,1,0,1,1,0.9435905008774665,1
19091,3,1,0,1,1.3409916034232596,1
19092,2,1,1,1,2.234035839931894,1
19093,1,1,1,1,1.8719787791341767,1
19094,2,0,0,0,0.1402024822066334,1
19095,3,1,0,1,1.9250880740415723,0
19096,1,1,1,1,-inf,0
19097,2,1,1,0,-inf,1
19098,3,0,0,0,1.3170428762626214,0
19099,3,0,0,0,1.296392316181186,0
19100,1,1,0,1,0.22439813525228108,1
19101,2,0,0,1,0.2012332547737266,1
19102,2,0,1,1,0.9610307424716031,1
19103,3,1,0,1,1.1189589580480868,1
19104,1,1,1,0,1.1487911107599638,0
19105,2,0,1,1,2.500119928430674,1
19106,2,0,1,1,1.6597353833757622,1
19107,2,1,0,1,-inf,0
19108,1,0,0,1,-0.025891963539655588,0
19109,1,1,0,1,1.1839001584086746,0
19110,2,0,1,0,1.777453323131182,0
19111,2,1,0,1,0.6612869478298165,0
19112,2,1,0,0,0.13977572078407746,1
19113,2,0,0,0,-inf,1
19114,1,0,0,1,-1.057776665334963,1
19115,1,0,0,0,0.3964247860263841,0
19116,3,0,0,1,0.27796168902194385,1
19117,3,0,1,0,2.2023607880095923,0
19118,2,1,0,0,0.3814461508625593,0
19119,2,0,1,1,2.63905147261855,0
19120,1,1,0,1,1.039150203866421,0
19121,3,0,0,1,1.181722561644292,0
19122,2,0,0,1,1.0631997892969056,1
19123,1,1,1,0,-inf,0
19124,3,1,0,1,1.0755431071369856,1
19125,2,1,1,1,0.9780691003602299,1
19126,1,0,1,0,1.4607660418564121,1
19127,1,1,1,1,0.07062727430031779,1
19128,3,1,1,0,1.8690381645922292,1
19129,2,1,0,1,-0.10150007600553146,0
19130,2,0,0,1,0.029659182906089043,1
19131,3,1,1,0,1.10136939790681,0
19132,1,0,1,0,1.1360077681482141,1
19133,2,0,1,0,0.7593003070975437,1
19134,1,1,1,0,-0.3872690332899135,0
19135,1,1,0,1,-1.2729091630419405,0
19136,1,1,1,1,-0.6664901788721331,1
19137,3,1,0,0,-inf,1
19138,3,0,1,1,2.0035583830859443,0
19139,1,0,1,0,1.0963873191431504,1
19140,1,0,1,0,-0.3067602707985294,1
19141,2,1,1,0,-inf,1
19142,3,0,1,0,2.965056196991517,0
19143,1,1,0,0,1.2144274025320925,1
19144,2,0,1,0,1.2023335384810223,1
19145,2,0,1,0,1.1896621103640497,0
19146,3,1,0,0,0.7597910649860604,0
19147,3,1,0,0,0.4625510101905423,0
19148,3,0,0,1,1.02689185296816,0
19149,2,0,0,1,1.2865315434778037,1
19150,1,1,1,1,0.9096307245750814,0
19151,2,0,1,0,0.3807697944737347,0
19152,1,1,1,1,0.1960822852737786,0
19153,1,1,1,1,-inf,1
19154,3,1,0,0,1.7174886453246458,0
19155,2,0,0,0,1.6330504491405295,1
19156,2,0,0,1,-0.3946122606335246,1
19157,3,0,0,0,-inf,0
19158,1,0,1,0,-inf,1
19159,2,1,0,0,0.09972794485821312,0
19160,1,0,1,1,-inf,1
19161,1,1,1,1,0.8522775937563748,0
19162,3,1,0,1,1.3139345068957575,0
19163,2,1,0,1,-1.0174813664889961,1
19164,3,0,1,0,-inf,0
19165,3,0,0,1,1.301124775443776,0
19166,1,0,0,1,-0.17037486427989545,1
19167,3,1,0,1,1.659874262198723,1
19168,3,0,0,1,0.037726562309894796,1
19169,2,0,0,1,0.48025681985922214,0
19170,1,1,0,0,-inf,0
19171,2,0,1,0,0.46314681027393845,1
19172,2,0,1,1,0.9716758775365577,1
19173,3,1,0,0,0.358842877375381,0
19174,3,1,1,1,2.9157349176674785,1
19175,1,0,0,0,1.559586365626065,0
19176,3,1,0,1,1.3863010559196263,1
19177,2,0,0,1,1.2298667129029097,1
19178,2,1,1,0,0.4364823166656352,0
19179,3,1,0,1,1.1920696524978078,1
19180,2,1,0,1,0.9329506401497096,0
19181,3,0,1,1,-inf,1
19182,1,0,0,1,0.08518575773219644,1
19183,3,1,1,1,0.47533066338989927,1
19184,1,1,0,1,-1.029317430199927,0
19185,1,1,1,0,-0.7164728923292656,0
19186,3,0,0,0,0.9490147888717441,0
19187,1,1,0,0,1.4252405988597505,0
19188,2,1,1,0,0.7338396213823999,1
19189,3,0,1,1,1.2123862907289993,1
19190,1,0,1,0,0.9214494564338487,1
19191,2,1,0,0,0.05284325054544314,0
19192,2,0,0,1,0.943654170157602,0
19193,3,1,1,1,0.7064655873912664,0
19194,2,0,1,1,-inf,1
19195,3,1,0,0,1.0139836531615527,0
19196,3,0,1,0,1.4191412189375414,0
19197,1,0,1,0,1.3517046617935482,0
19198,3,0,0,0,0.26130601458618785,0
19199,2,1,0,1,0.44165879580436773,0
19200,3,0,1,1,-inf,1
19201,2,1,1,1,-inf,1
19202,1,0,1,0,0.5591658578161701,1
19203,1,0,1,0,0.30690266001818506,1
19204,1,0,0,0,-0.8711081997907173,1
19205,3,1,0,1,1.834269668638681,1
19206,2,1,1,1,0.8452580693343033,1
19207,3,0,0,1,0.1909327013757035,1
19208,3,1,1,1,0.3253673763315996,0
19209,1,0,1,1,0.00012400461890604841,0
19210,1,1,0,1,-1.335961414451549,1
19211,2,1,0,0,-0.6474613506516573,1
19212,2,1,0,1,-0.6754858954599667,0
19213,1,0,1,1,1.9922319041896692,0
19214,1,0,1,1,0.46621085214474467,1
19215,2,1,1,1,1.1156861693711448,1
19216,3,0,0,0,1.0511203071168944,0
19217,3,0,0,1,1.7244970037655327,1
19218,2,0,0,0,0.18470279045632826,0
19219,3,1,0,1,1.2005024547640852,1
19220,3,1,1,1,2.1381571398786186,1
19221,2,0,0,1,-inf,0
19222,2,0,0,0,-0.02860400121279638,1
19223,3,0,0,0,0.5476242615573568,0
19224,3,1,0,0,0.8106225270945734,0
19225,1,1,0,1,-0.9876325514308444,1
19226,3,1,0,1,0.13340113180014046,0
19227,1,1,0,1,0.23598878627747227,1
19228,1,0,0,1,-0.6788259161853252,0
19229,1,0,1,1,-0.09783480822088708,1
19230,2,1,0,1,-0.49446203136603756,0
19231,3,1,0,0,0.9677201452447035,0
19232,3,0,1,0,1.665496029327029,1
19233,1,1,0,1,0.12411204805440806,1
19234,3,0,0,0,-inf,0
19235,3,0,0,1,1.4915176016121983,1
19236,1,0,1,1,-inf,1
19237,3,1,0,1,1.5035282624461686,1
19238,1,0,1,0,-0.4650840815730758,1
19239,2,0,0,0,-inf,0
19240,3,1,1,0,1.4977467586633826,1
19241,3,1,1,1,1.8260944245497461,1
19242,3,1,1,0,2.2414290651907245,0
19243,1,0,0,0,0.6422221036267934,1
19244,3,0,0,0,1.1951970108557184,0
19245,1,0,1,0,0.9461010851727448,1
19246,2,1,1,1,1.4925555563606723,0
19247,1,0,1,1,1.0021192997786958,1
19248,3,1,0,1,0.5847613215207524,0
19249,2,0,1,0,2.0471556170024257,1
19250,3,1,0,0,-0.0424189701475336,0
19251,2,1,0,1,-0.9543328777300424,0
19252,3,0,0,0,1.6105770799369012,1
19253,1,1,1,1,0.696629627595702,0
19254,3,1,0,1,-inf,0
19255,2,1,1,0,2.035806240511255,1
19256,1,1,0,1,-1.2096817649950342,1
19257,2,1,1,1,-0.2741278508880922,1
19258,2,1,1,1,0.6998698604796882,1
19259,3,1,0,1,0.6574408266271887,1
19260,1,0,1,0,0.6723274742081343,1
19261,2,1,1,1,1.2548546584709255,1
19262,2,1,0,0,0.49638842742749284,1
19263,3,0,1,0,0.865901608736513,1
19264,2,1,0,1,0.9286245388962899,0
19265,2,1,1,1,0.8043781310931971,1
19266,1,1,1,0,-0.3040815853875621,0
19267,2,0,1,1,0.6469813034287464,1
19268,2,1,0,0,-0.657711987442323,0
19269,1,0,0,1,-0.03962976484689342,1
19270,1,1,1,0,-0.3195176428981315,0
19271,2,1,1,1,1.775248554360458,0
19272,3,1,1,1,0.7913938950990308,1
19273,1,0,0,0,-0.6918610443250569,1
19274,2,1,0,1,1.0327865555158995,0
19275,1,0,1,1,0.8627205667583908,1
19276,1,0,0,1,1.6234719990294715,1
19277,3,1,1,1,2.346124137925467,1
19278,2,1,0,0,0.4604060528146923,0
19279,2,1,1,1,2.149066682908919,0
19280,1,0,0,1,-1.3094791486092863,0
19281,2,1,0,0,0.17003671960513017,1
19282,1,1,1,1,0.7630452767254627,1
19283,2,1,1,1,0.5736232023635146,0
19284,3,1,1,1,0.6690944476432203,1
19285,3,1,0,0,-inf,0
19286,2,0,0,1,-inf,1
19287,3,0,0,1,1.1227420123916345,1
19288,3,0,1,0,1.9525459117007278,1
19289,3,1,1,1,0.9283944093362388,1
19290,1,0,0,1,0.7347553379325105,1
19291,3,1,1,1,0.22278503220649237,0
19292,3,0,1,1,1.3986976416529249,0
19293,2,1,0,0,-inf,0
19294,1,0,0,0,-0.9576295741443606,0
19295,3,0,0,0,1.2709553532695623,1
19296,1,1,0,0,-2.215195133969952,1
19297,1,1,1,1,-inf,0
19298,1,1,0,0,-0.12173871438401102,1
19299,2,0,1,1,0.2536720989505079,0
19300,2,0,1,0,1.8023260205417346,1
19301,2,1,1,0,-inf,1
19302,2,0,0,0,0.32415292375325017,0
19303,2,1,0,1,-0.20757843440634305,1
19304,2,1,1,0,1.3767638543462453,1
19305,3,1,0,1,1.0151864927144372,0
19306,1,1,0,1,-0.23494561708498513,1
19307,3,0,0,1,2.415371028690471,0
19308,2,1,1,1,0.10690245472464999,1
19309,2,0,1,0,0.7766687338895506,0
19310,1,1,0,1,0.5869122327824212,0
19311,2,1,1,0,2.0925266464076033,0
19312,2,1,0,1,-0.09123576392332494,1
19313,3,0,0,0,-0.2595355316460144,0
19314,2,0,0,1,-0.06261169091068208,1
19315,2,0,0,1,0.30642718698077265,1
19316,2,0,1,0,1.5533480302823566,1
19317,2,1,0,0,-0.12268096648406424,0
19318,3,1,0,0,0.63299596611136,0
19319,2,1,0,1,1.650987332322751,0
19320,3,1,1,0,-inf,1
19321,3,0,1,0,2.700345901284976,1
19322,1,0,1,1,0.6959126832012196,0
19323,3,1,0,0,1.305376283011499,1
19324,2,1,0,0,0.03215478576731892,0
19325,1,1,0,1,-0.7895794676634063,1
19326,2,0,0,1,0.5964549803421236,1
19327,1,0,0,0,-0.449096177084562,0
19328,3,0,0,0,1.2126301045604082,1
19329,2,1,0,1,-1.4099217376824646,1
19330,3,0,0,1,2.5319121493540897,0
19331,1,0,0,0,-inf,1
19332,2,0,0,1,1.6348394998290374,1
19333,1,0,0,0,-0.42433524421154556,0
19334,3,0,1,1,1.9179318035933108,1
19335,2,0,0,1,0.5697102711072242,1
19336,3,1,0,0,-inf,1
19337,3,1,0,0,-inf,1
19338,3,1,0,0,1.7459581788074359,1
19339,3,1,0,1,1.115935708127033,1
19340,3,0,1,0,-inf,0
19341,1,1,1,1,-inf,0
19342,3,0,0,1,1.6704240416491438,1
19343,3,0,0,1,0.25784976740930765,1
19344,2,0,1,0,0.13573033838844872,0
19345,3,1,1,0,2.3062137953596613,1
19346,2,0,0,0,0.7086251007828183,1
19347,3,0,0,0,-inf,1
19348,2,1,1,0,2.7302313836454624,1
19349,2,1,1,1,0.8101109390085994,1
19350,1,1,0,0,-0.6500430574064948,0
19351,2,0,0,1,1.2180646696338875,1
19352,3,1,0,0,2.249683089270407,0
19353,1,1,0,0,-inf,1
19354,1,1,1,0,0.7319150192006441,0
19355,1,1,0,1,-0.44522058575825724,0
19356,2,0,1,1,1.0435898492313973,0
19357,2,1,1,0,0.9934850326144364,0
19358,2,0,1,1,1.714394475647134,0
19359,1,0,1,0,0.897427116144631,0
19360,1,0,0,0,0.7554435742622156,1
19361,1,0,0,0,1.3270968670414907,1
19362,3,1,1,1,1.5369245218872538,0
19363,3,0,0,1,-inf,0
19364,1,1,0,0,-0.391475787593164,0
19365,2,1,0,1,-0.36858638240173053,0
19366,1,0,0,1,0.4108103664386732,1
19367,3,1,1,1,2.469398118778865,1
19368,1,0,0,1,0.37692867721859064,0
19369,1,0,0,1,-1.882727860991197,1
19370,1,0,1,1,0.24645317316191584,1
19371,1,1,1,0,1.2649746962980957,0
19372,2,0,0,0,0.2520113227634033,1
19373,2,0,1,0,1.032456939364798,1
19374,2,1,0,1,1.500671604410102,0
19375,2,0,1,0,0.736270993302386,0
19376,1,1,1,1,0.14338574867888448,0
19377,3,1,1,1,1.8370126866864447,1
19378,3,0,0,0,1.5527968737337012,1
19379,2,1,0,1,0.9128953688895174,0
19380,2,1,1,1,1.9576308336428347,0
19381,2,1,0,0,0.9206137240381373,0
19382,3,0,1,0,2.7320797821512013,1
19383,3,1,0,1,0.35298525599971875,1
19384,2,1,1,1,-0.2355936368410796,1
19385,2,0,1,0,0.5330446694783588,1
19386,1,0,1,1,0.5938106668803405,1
19387,3,1,0,1,1.5865699367015405,0
19388,3,0,1,0,2.7092252523064575,1
19389,2,1,1,0,2.2484220589033725,0
19390,3,1,0,0,1.5806334847668353,0
19391,2,1,1,1,1.026551144606892,1
19392,2,0,1,1,0.40828374023816216,0
19393,3,1,1,0,-0.5908883998511749,0
19394,2,1,1,0,1.8425369293524558,1
19395,2,0,0,1,1.2133624415795743,1
19396,2,0,0,1,-0.6828115319350387,1
19397,2,0,1,1,-inf,0
19398,3,0,0,1,0.5851558520970827,0
19399,3,1,0,1,1.6801167602027696,0
19400,3,0,0,1,2.0468433775679697,0
19401,1,1,0,0,-0.486707419577185,0
19402,3,0,1,0,1.7344970678595568,1
19403,2,0,0,0,0.8662771625629155,0
19404,3,0,0,1,1.7680867055431422,0
19405,1,1,0,0,-1.4917815480655363,0
19406,2,0,0,0,0.7917391432644983,0
19407,1,1,0,1,-inf,0
19408,3,0,1,0,2.0972084063997674,1
19409,2,1,0,1,0.3689303448002568,0
19410,2,1,1,1,-0.3470411257085271,0
19411,1,0,0,1,-0.7883979949647923,0
19412,2,0,0,0,-0.4239985426023849,0
19413,2,0,0,1,1.4991059141665688,1
19414,3,1,0,0,1.606747287575717,0
19415,3,0,0,1,0.38711830666564917,1
19416,1,1,1,1,2.274961822644069,0
19417,3,0,0,1,0.26072190357808545,1
19418,2,0,1,0,0.7249601051908904,1
19419,1,0,0,0,-inf,0
19420,1,0,0,0,-0.3933558281134014,0
19421,3,1,0,1,-0.31793332261141805,0
19422,2,0,1,1,1.6422227874085995,0
19423,2,1,1,1,2.8632314462605017,0
19424,2,0,1,1,-inf,1
19425,2,1,1,1,0.9590155107030633,1
19426,2,1,0,1,-1.0460027572554664,0
19427,1,1,1,0,-inf,0
19428,1,0,1,1,-0.5076865811214054,1
19429,2,1,1,1,1.5513746022855797,1
19430,2,0,1,0,1.4079207528440396,0
19431,1,1,0,0,0.5820586472551095,0
19432,3,0,0,0,-inf,1
19433,2,0,1,0,0.9817266838277945,1
19434,3,1,0,1,1.7658526884901693,1
19435,2,0,0,0,-1.3075876586338553,1
19436,3,1,1,0,1.7033971473081522,0
19437,3,1,0,1,-0.396670779357043,0
19438,2,1,0,0,0.9057439534073881,0
19439,1,0,0,1,1.5661764357059798,0
19440,1,0,1,1,0.888997844118784,1
19441,2,1,0,0,-0.5713072201755376,1
19442,2,1,1,0,0.4045630531928742,1
19443,3,1,0,0,0.7844348391620921,0
19444,3,1,1,0,1.488088498841799,1
19445,3,0,0,0,1.533975988094578,0
19446,3,1,1,1,2.9933598697024255,0
19447,2,0,0,0,-inf,1
19448,2,1,1,1,1.4858748656400558,0
19449,1,0,0,0,0.5779175095628374,1
19450,1,0,0,0,-1.4538149724729763,0
19451,1,1,0,0,-0.10740359984334696,0
19452,1,1,1,1,0.5279602848745694,0
19453,2,1,0,1,1.5844032000332804,1
19454,2,0,0,0,0.6183184204330421,1
19455,1,0,1,0,0.5296925861859642,1
19456,3,0,0,1,2.2280072555765793,0
19457,3,1,0,1,0.4360292400366598,1
19458,2,1,0,1,-0.5033504472036623,1
19459,2,0,0,0,-0.4789245279673543,1
19460,3,1,0,1,0.052502451319013876,1
19461,3,0,0,1,0.4144474104079747,1
19462,3,0,0,0,1.8720373535846653,0
19463,2,0,0,1,0.20362937019194027,1
19464,2,0,0,1,0.4966354810222085,1
19465,2,0,0,0,0.6068573002032809,1
19466,2,1,0,1,-0.1673920096747311,0
19467,2,1,0,0,-0.6547853551155784,0
19468,2,0,0,0,1.0163135077487608,1
19469,1,0,1,0,-inf,1
19470,2,0,0,0,0.11765043970115391,0
19471,1,1,0,1,0.06985663124916913,1
19472,1,0,1,0,0.49195964415644927,0
19473,2,0,1,1,1.8632875893684604,0
19474,2,0,1,1,-inf,0
19475,3,0,0,0,2.9903568450589555,1
19476,2,0,1,1,1.5668743355268593,1
19477,1,1,0,0,-1.2149721909960214,0
19478,1,0,0,0,-0.8074155087721863,0
19479,3,1,0,1,0.6585854580464874,0
19480,2,1,0,1,-1.6861813413504014,0
19481,1,1,0,0,-0.7866088638429218,0
19482,2,0,0,0,-0.3021977392765548,1
19483,2,1,1,0,1.0511071045782499,0
19484,2,0,1,1,1.132672299647171,1
19485,2,0,1,0,0.5033047027393567,1
19486,2,1,1,0,0.1500290298883502,1
19487,3,0,0,0,0.696844795874496,0
19488,2,0,1,1,-inf,0
19489,2,0,0,0,-inf,0
19490,2,1,1,1,1.3165020633854445,1
19491,2,0,0,1,0.6373375459506487,0
19492,1,0,0,1,0.6219379404771527,1
19493,3,0,0,0,1.180482769908993,0
19494,2,0,0,0,1.2208990665029313,1
19495,1,1,0,0,-0.09461950331349611,1
19496,1,0,1,1,0.24925125280528437,1
19497,1,1,0,1,-1.2955338461827597,1
19498,2,0,1,1,1.9625481730435452,1
19499,3,0,0,1,0.10653235875863276,0
19500,2,0,0,0,-0.40236631001908174,1
19501,2,0,0,0,-0.14225956346923374,1
19502,1,1,1,1,-inf,1
19503,2,1,1,0,0.6818651434931071,0
19504,3,0,1,1,1.7205546436341141,0
19505,3,1,1,1,0.794927569116098,1
19506,3,0,0,0,-inf,0
19507,3,0,0,1,-inf,0
19508,2,0,1,0,2.599375151273491,1
19509,1,1,0,1,0.9621305846349091,1
19510,2,1,0,1,-0.7838123541307078,0
19511,2,0,1,1,0.8758073315142025,1
19512,1,0,1,1,-0.03434928656916891,1
19513,3,0,1,0,2.0061819221916277,1
19514,1,0,1,0,-inf,0
19515,1,1,1,1,-inf,0
19516,3,1,0,1,0.27154339664258187,0
19517,3,1,0,1,2.1386662282135864,1
19518,1,1,1,0,0.8137771405804822,0
19519,2,1,1,1,1.5890256380989547,0
19520,3,1,1,0,2.1937653918866302,0
19521,2,0,1,1,1.6745438742106065,0
19522,2,1,1,1,1.2674851929224,1
19523,2,1,0,1,0.25538134085842096,0
19524,3,1,1,0,1.8994875958647368,0
19525,2,0,0,1,-inf,1
19526,3,0,1,1,0.8797678273149099,0
19527,3,1,0,0,1.0048336669205633,0
19528,2,1,0,0,0.43127381457158787,0
19529,1,0,1,1,0.5440279772979447,1
19530,2,1,0,0,-0.5269272695111773,1
19531,1,1,0,1,0.06820988288940255,1
19532,3,1,0,0,1.060147101156084,1
19533,1,0,1,0,-0.3268813117611621,1
19534,1,1,0,0,-0.828699074133042,1
19535,3,1,0,0,0.47630420246717203,1
19536,1,0,0,0,0.3675596261943281,1
19537,2,1,0,1,-inf,1
19538,2,1,0,0,1.0047423686466914,0
19539,1,0,1,1,-0.4323793814944875,0
19540,2,0,0,0,-inf,1
19541,2,1,0,1,-inf,0
19542,3,0,1,1,-0.4252615880087516,0
19543,1,0,0,1,1.1583886973014685,1
19544,1,0,1,1,1.161309699200973,1
19545,3,0,0,0,1.3177275662855297,1
19546,2,0,1,0,1.6726959182421623,0
19547,2,0,1,0,0.2944673924335388,0
19548,2,0,0,0,1.2473394750655376,1
19549,2,0,0,1,1.3205996193548077,1
19550,2,0,0,0,0.19353944580032784,0
19551,2,0,1,1,1.4844894273052485,0
19552,3,1,1,0,0.7343733992202026,0
19553,3,0,0,1,-inf,1
19554,3,0,1,0,3.065548747365752,1
19555,1,1,0,0,0.22657814482763444,1
19556,3,1,0,1,-0.6154995668971914,0
19557,3,0,1,1,2.401088685165532,1
19558,1,0,1,0,0.6315302001347215,1
19559,1,0,0,1,1.0547869784027397,1
19560,3,1,0,1,1.3381501700741691,0
19561,3,0,1,0,2.962363285320352,0
19562,3,1,1,0,-inf,1
19563,3,1,1,0,1.4082320125544618,0
19564,1,1,1,1,1.0250820956057765,0
19565,1,0,1,1,0.9531397414910198,1
19566,2,1,0,0,-0.2794973238912713,0
19567,2,1,0,0,-0.92762346811798,0
19568,2,0,1,1,1.1464044766081312,1
19569,2,1,1,1,-inf,0
19570,3,0,0,1,0.6740655740526009,0
19571,3,1,0,1,-inf,1
19572,2,0,1,1,1.3728986865800967,0
19573,2,1,1,1,2.289252565617708,1
19574,3,0,0,0,1.3233862898889013,0
19575,2,1,1,0,-inf,0
19576,3,1,0,1,-inf,1
19577,2,0,0,0,1.6744617977684408,0
19578,2,1,0,1,0.5142180580792397,0
19579,3,0,0,0,-1.1252796080143952,1
19580,1,0,1,0,0.309904217553726,1
19581,2,0,0,1,0.9533608632149475,1
19582,1,0,1,1,0.3809250751826304,1
19583,1,1,0,0,-1.1579383746627352,0
19584,3,0,0,1,0.673986761162786,1
19585,2,1,0,1,0.02999066660367375,0
19586,2,1,0,0,-0.08882492374770379,0
19587,2,0,1,1,2.305449306597561,1
19588,2,1,0,0,-inf,0
19589,2,0,0,1,0.03942655044983184,1
19590,2,0,1,1,2.0855137314081023,1
19591,2,0,0,1,1.1059387120431836,1
19592,1,1,0,1,-0.6470798698660296,1
19593,2,0,0,0,2.937862149914916,0
19594,3,1,1,1,1.3111780136031181,1
19595,1,0,1,1,1.024975967339616,1
19596,1,1,1,1,-0.3149436326625729,0
19597,2,1,0,0,-0.11795239073839714,0
19598,1,0,1,1,1.7670223988033276,1
19599,2,0,0,1,0.38391066260859796,1
19600,2,1,0,0,-0.3797034058269823,0
19601,2,0,1,0,2.0305430980473953,1
19602,3,1,0,0,-inf,1
19603,1,1,1,0,1.0147116163449637,0
19604,3,0,0,0,1.3892484744255296,0
19605,3,0,0,0,2.1793219845179372,1
19606,3,0,0,0,0.061588907400570214,0
19607,1,1,0,0,-0.2928147022286189,1
19608,2,1,0,0,-0.5955224646305373,0
19609,2,1,1,0,-0.22266750983412376,1
19610,2,0,0,0,0.770767938559977,1
19611,2,0,1,1,0.8896707598710587,1
19612,2,1,0,1,-0.3074435505601098,0
19613,3,0,1,1,1.2657450615018844,1
19614,3,1,1,1,1.882698133527437,1
19615,2,1,1,0,1.374879459755593,0
19616,2,1,1,1,-inf,1
19617,2,0,0,0,1.0394393352069324,1
19618,3,0,1,0,1.8052896066202242,1
19619,2,1,1,0,0.8477446148084754,0
19620,3,0,0,0,1.4973105855134023,0
19621,1,0,0,0,1.2431688402738077,1
19622,1,0,0,0,0.8890490765292115,1
19623,2,0,1,0,2.5755830775218227,0
19624,1,0,0,1,0.544072457206027,1
19625,3,0,0,0,0.8448686046193782,0
19626,3,1,0,1,1.5324407396837116,0
19627,1,0,0,1,-0.690590062957436,1
19628,2,0,0,1,0.5434147885938594,0
19629,1,0,0,0,-0.004092195998872367,0
19630,1,1,0,1,-0.4990020128469337,1
19631,2,1,1,1,1.9391229782006743,0
19632,2,0,1,1,1.6779084323902052,0
19633,3,1,0,0,0.5969233045271926,0
19634,2,1,1,1,1.3267524499793588,1
19635,2,1,0,0,-inf,0
19636,3,1,1,1,1.5433551717712288,0
19637,2,0,0,1,0.7977287061242402,1
19638,3,0,0,1,1.2312795945019506,1
19639,3,0,0,0,-inf,0
19640,1,0,1,1,0.51481938490809,1
19641,3,1,0,0,1.172064078057721,1
19642,3,1,1,1,0.7837005086051662,0
19643,1,1,1,0,-0.18893628870611529,0
19644,1,0,1,0,1.4600571912379672,1
19645,2,1,0,0,-inf,0
19646,1,1,1,1,1.255005171818601,0
19647,1,1,0,0,-1.4918012213333975,0
19648,2,1,0,1,-0.14350135559829824,0
19649,2,1,1,0,1.689597128776784,0
19650,2,0,1,0,1.5439549484697275,1
19651,1,0,0,0,-0.26530054938273673,0
19652,1,1,0,1,-0.6297521853479332,1
19653,2,1,1,0,1.3084622933864045,0
19654,2,1,1,0,-inf,0
19655,3,0,0,1,0.44563482950963285,0
19656,3,0,0,1,1.9649579142288052,1
19657,2,1,0,1,0.008177530717597303,0
19658,2,1,1,0,0.847980555243371,1
19659,2,0,0,1,0.5590829635274415,1
19660,2,0,0,0,0.4117360175880878,1
19661,2,1,1,0,0.6427034552710341,0
19662,1,1,1,1,-0.08698971129534877,0
19663,1,1,1,1,1.2505186192812672,0
19664,1,1,0,1,-0.4473479647031755,0
19665,2,1,0,1,0.08376932460690406,0
19666,1,1,1,1,0.15716397746442334,0
19667,2,1,0,1,0.14030616193939716,0
19668,2,1,0,0,-0.33424034771263783,0
19669,2,1,1,1,1.323937536318771,1
19670,2,1,1,0,0.38439513870162734,1
19671,2,0,1,1,1.8032688746897165,1
19672,3,1,0,1,0.5635776394841603,0
19673,2,0,1,1,-inf,1
19674,3,1,0,0,0.6276745902837578,1
19675,2,0,0,1,1.1262246329040582,1
19676,3,0,0,1,0.10130695343012364,1
19677,2,1,0,1,0.672150166633265,0
19678,2,0,1,1,1.0924068246545602,1
19679,1,0,1,0,-0.5177433452506247,0
19680,1,0,1,0,0.3550500326048923,0
19681,1,0,1,0,0.04118255978764962,0
19682,3,0,0,1,1.312473987968031,1
19683,3,0,0,0,0.3417965971331254,1
19684,3,1,1,0,0.7393297242333852,1
19685,2,0,0,0,-inf,1
19686,3,1,0,1,-0.030251734435669864,1
19687,1,0,0,0,-0.11445405547791437,0
19688,2,1,1,1,0.5250088228027613,1
19689,3,0,0,1,1.5433400935892791,1
19690,2,1,0,1,-0.7432431245474058,0
19691,2,1,1,1,2.143400332943066,1
19692,3,0,0,0,0.5949778091145272,0
19693,3,1,0,1,0.04312031888882395,1
19694,3,1,0,0,-inf,0
19695,2,1,0,0,-1.7895615678701597,0
19696,3,1,1,1,0.4912428229511141,1
19697,2,1,1,1,1.4787908070078823,1
19698,1,0,1,0,1.1550871163545957,1
19699,2,1,1,1,1.0375014934355387,0
19700,3,1,1,1,2.765406584168196,1
19701,2,0,1,1,0.09545094348566141,1
19702,3,0,0,1,0.30269141485583595,1
19703,1,0,0,0,0.8810797975255498,0
19704,3,0,1,1,2.0575239172712405,1
19705,3,1,1,1,1.801637663364338,0
19706,3,0,0,1,2.1869553071414334,1
19707,2,0,0,1,1.835767669264566,1
19708,2,0,0,1,1.5995817379878194,1
19709,2,1,1,0,1.6065472012985809,1
19710,1,0,0,0,0.6362385488205401,0
19711,3,0,1,1,2.285600785342724,0
19712,3,1,0,0,0.21049051339470604,0
19713,1,0,1,0,0.1794808126218277,0
19714,2,0,1,0,1.0657168775129569,1
19715,1,1,0,0,-0.8094955765410783,1
19716,3,0,1,1,2.002088697285378,0
19717,3,0,1,0,1.2139762298017158,0
19718,3,1,1,1,1.5635264569104157,1
19719,2,1,0,1,-inf,0
19720,3,0,1,1,1.0639639003566854,1
19721,2,1,0,1,-0.0145085577690518,0
19722,3,0,0,1,1.3707915355478575,1
19723,2,0,0,0,1.4691943977997566,1
19724,2,0,1,1,-inf,1
19725,3,0,0,1,0.6217767858934486,1
19726,3,0,1,1,1.2062264391760626,0
19727,3,0,0,1,0.7724257987815488,1
19728,1,1,0,1,-1.9608123666229844,0
19729,2,1,1,0,1.282880757426601,0
19730,2,0,0,1,1.6223146297080246,1
19731,1,1,1,1,0.2699649403452683,0
19732,3,0,1,0,1.6083688429639664,0
19733,1,0,1,1,1.2272689063357314,1
19734,3,1,0,0,1.4739723486619467,0
19735,1,1,0,0,-0.7832265345561776,1
19736,3,0,1,1,-inf,0
19737,2,0,0,0,1.48007675921057,0
19738,2,0,0,1,0.5151533676252206,1
19739,1,1,1,1,1.2207877475485158,0
19740,3,1,0,1,0.5215161834321514,0
19741,2,0,1,0,0.6035580969907589,0
19742,3,1,0,1,1.32594808355715,0
19743,2,0,1,0,1.3538974376835444,0
19744,3,1,0,1,-inf,0
19745,2,1,1,1,-0.17511822948905165,1
19746,3,0,0,1,2.1562366794506693,0
19747,1,0,1,1,1.0769248875900026,1
19748,2,1,1,1,0.29796554419614285,0
19749,2,0,0,1,1.255052343927933,1
19750,1,0,0,1,-0.23146180832946822,1
19751,2,0,0,1,0.08479978403456495,1
19752,1,0,1,1,-0.039987914403627145,0
19753,2,1,0,1,0.17695615409318113,0
19754,1,0,0,0,-1.020449401507049,1
19755,1,0,1,1,0.6989971945225145,1
19756,2,0,0,0,1.7445933614989404,1
19757,3,1,0,0,1.116414841215408,0
19758,3,0,0,0,2.1689404215610484,0
19759,1,1,1,1,-inf,0
19760,3,0,0,0,1.593974759707834,1
19761,1,1,1,1,0.7510347770708015,0
19762,1,1,1,1,0.3755535566231889,0
19763,3,1,1,0,-inf,0
19764,2,1,0,1,0.5966516459439314,1
19765,3,1,0,1,0.842961690850381,1
19766,2,0,0,0,1.8338682214513957,1
19767,2,1,1,1,1.2229374739241505,0
19768,1,1,1,1,1.1910199203603833,0
19769,1,1,0,0,0.436920992874219,0
19770,2,1,1,1,2.1369370648014634,1
19771,3,1,0,1,0.781281647399394,1
19772,2,1,1,0,-inf,1
19773,2,1,1,1,0.4647717119848197,1
19774,2,0,1,0,2.1137121628786892,0
19775,3,1,0,0,-inf,1
19776,2,0,0,1,1.088023579683827,1
19777,1,0,1,1,0.0778246332067587,0
19778,3,0,1,1,0.8913220469939216,0
19779,3,1,0,1,0.5872555651316896,1
19780,2,1,0,1,0.14495169133045163,1
19781,3,0,1,0,-inf,1
19782,2,1,1,1,0.9717960428983539,1
19783,2,0,1,1,0.8472412332255528,1
19784,2,0,1,1,2.440683856027805,1
19785,2,1,1,0,0.5713982532363691,1
19786,3,1,0,0,-inf,0
19787,2,1,0,1,-0.40361727152745047,0
19788,3,0,0,1,1.4883858589806778,0
19789,1,0,0,1,-0.18828405829650324,0
19790,2,1,1,0,0.7701783922307742,0
19791,1,0,0,1,-0.45856403956664216,1
19792,2,1,0,0,-0.7439970743967133,0
19793,1,1,1,1,0.4647093048472497,0
19794,2,1,0,1,1.075510980944976,1
19795,1,0,1,1,1.268303209546184,0
19796,2,1,1,1,0.09261632498515504,0
19797,1,0,0,0,-0.017004529112443614,0
19798,3,1,0,1,1.5919623354104775,1
19799,3,0,0,1,1.1634127936161949,0
19800,1,0,1,1,-0.18356209594714423,1
19801,2,0,1,0,0.036476266593216566,0
19802,3,1,0,0,0.6976969961363783,0
19803,1,0,1,1,0.4407333642320829,1
19804,2,1,0,1,1.0557101487454452,0
19805,1,0,0,0,0.29275056158808793,1
19806,1,0,0,1,-0.5749437813247804,1
19807,1,1,1,0,0.5813820568645975,1
19808,3,0,0,1,0.2509439584918788,1
19809,2,0,1,1,0.7988765370860393,0
19810,2,0,1,1,0.6716577786363096,1
19811,1,0,1,0,-inf,0
19812,2,1,0,0,0.2994883350515794,0
19813,1,1,0,0,-0.5549589570349563,1
19814,3,0,0,0,1.8609100706720163,1
19815,2,1,0,1,0.45100080854072555,1
19816,3,0,0,0,1.0661528533376832,0
19817,1,1,1,1,0.6693715389113051,1
19818,1,0,0,1,-0.794513450474217,1
19819,3,1,0,0,0.9201673074444192,0
19820,2,0,1,1,2.1027242135790676,1
19821,2,0,0,1,1.199179483312852,0
19822,1,0,0,1,-0.6975374315377155,0
19823,1,0,0,1,-0.052228992361643314,0
19824,2,1,1,0,1.581756973158872,1
19825,3,1,0,0,3.183648392283697,0
19826,2,0,1,0,1.2899545596326996,1
19827,2,1,0,1,0.008268853807953391,0
19828,2,0,0,0,1.3203178858387252,1
19829,2,0,1,1,2.3994771291815686,1
19830,2,1,0,0,-0.6999297841803713,0
19831,1,0,0,1,0.1442793081399279,0
19832,2,1,1,0,1.1853319082716054,0
19833,2,1,0,1,-0.059328522484794366,1
19834,1,0,0,0,0.3955502840031071,0
19835,2,1,0,0,0.28962400612963435,0
19836,3,0,0,1,0.8281401307692506,0
19837,3,1,0,1,2.361743333743714,1
19838,2,1,1,1,1.8745263425635457,1
19839,1,0,1,0,0.6993162790961144,1
19840,1,0,1,0,0.2782021181803449,1
19841,1,1,1,1,0.6253237395096698,0
19842,3,1,0,0,-inf,1
19843,2,0,0,0,0.25491998929044624,1
19844,2,0,0,0,0.44868357997885044,1
19845,2,1,1,1,0.682010864561053,1
19846,2,0,0,1,-inf,0
19847,2,0,0,1,-0.26378321079337885,1
19848,3,1,0,0,0.7926181380743241,0
19849,2,0,0,0,0.8166648441197708,0
19850,1,0,1,1,0.4114972286676577,1
19851,1,1,1,1,-inf,0
19852,3,1,0,1,0.5125750416478635,0
19853,2,0,0,0,1.3479575109521829,1
19854,2,0,1,1,1.8222208948450325,0
19855,3,1,0,0,2.259422357095221,0
19856,2,0,0,0,1.0211448898111821,0
19857,3,1,1,0,0.26808203069226977,1
19858,2,0,1,0,1.5286684532810677,1
19859,1,0,1,0,0.6695529064317516,0
19860,3,0,1,0,-inf,1
19861,3,0,1,0,1.686432111522329,0
19862,3,1,1,0,0.7017664025114709,0
19863,2,0,1,0,-inf,1
19864,3,0,0,0,0.14562389565881229,0
19865,3,1,0,0,1.3890432332127363,1
19866,2,0,0,1,-inf,1
19867,3,1,0,0,-inf,1
19868,2,1,0,0,0.7542776029751828,0
19869,2,1,0,0,0.2890543286304473,0
19870,2,0,1,0,-inf,0
19871,3,0,1,0,1.8563363674858206,1
19872,2,1,1,1,1.6639449685373155,1
19873,3,1,0,1,1.2545586902295407,0
19874,3,1,0,0,1.5046144680599705,1
19875,2,1,0,0,0.8295607480424116,0
19876,3,0,0,0,0.05225082870075082,1
19877,1,0,1,0,-0.14307587085996587,1
19878,2,0,0,0,0.1878141234058398,0
19879,2,0,1,1,2.108135207250439,1
19880,2,0,0,0,0.1052306519249781,1
19881,2,0,0,1,-0.06791138215248471,0
19882,1,1,0,1,0.8701498508595908,1
19883,3,0,1,0,1.885910756171651,0
19884,2,1,0,0,0.0906333422102309,0
19885,1,1,1,0,1.1932001805597994,0
19886,3,1,0,1,-0.1994752834366601,1
19887,2,0,0,0,0.20853149880885608,0
19888,2,0,1,0,0.8844292111857202,0
19889,2,1,1,1,1.6841410989010503,0
19890,2,1,1,0,1.5638933962701402,1
19891,1,1,0,0,-1.0354357138814168,1
19892,3,1,1,1,1.2430739654925187,1
19893,2,0,1,1,0.8418103392130086,1
19894,2,1,0,0,0.33057115098345347,0
19895,2,0,1,1,2.207782046932082,1
19896,1,0,1,1,0.41046941439405876,1
19897,2,0,1,1,1.397726421960216,0
19898,1,0,1,0,1.4939118412177073,1
19899,2,0,0,1,0.7373623936794611,1
19900,3,0,0,0,0.5236135106489903,0
19901,3,1,0,1,0.6950563894609114,1
19902,1,0,1,0,0.40101760659161056,0
19903,3,0,1,1,2.402531009503256,1
19904,3,1,0,1,2.2867761456940516,1
19905,1,1,1,0,-inf,0
19906,3,0,0,0,1.4837812567554896,0
19907,1,0,0,1,-inf,1
19908,1,1,1,0,-inf,0
19909,3,0,0,1,1.471851414846908,1
19910,2,1,0,1,0.3295259849709455,1
19911,3,0,1,0,2.09751051695384,1
19912,1,1,1,0,-0.03381506287078839,0
19913,2,1,0,1,-inf,0
19914,2,1,0,1,-0.8754538873512256,0
19915,2,1,1,0,0.2166732101728407,1
19916,1,0,0,1,-0.6370887067961959,1
19917,2,0,0,0,0.5701947083320513,1
19918,1,0,0,0,-0.49306457363849937,0
19919,3,0,0,1,0.9354079688435999,0
19920,2,1,1,1,-0.4305537965030808,1
19921,2,0,0,0,0.4475274929948783,1
19922,3,1,0,1,0.07389335355339122,0
19923,2,1,1,0,0.9038720936590786,1
19924,2,0,1,1,1.8109776228169072,1
19925,1,1,1,0,-0.5799498838776613,0
19926,1,1,1,0,-inf,0
19927,2,1,1,0,1.6975592972535454,1
19928,2,0,1,1,2.420275621152217,0
19929,2,0,0,0,0.8378017895952777,0
19930,3,0,1,1,3.2766843170500977,0
19931,2,0,1,0,1.9327607405058873,1
19932,1,1,1,0,-0.13427650976732403,0
19933,2,1,1,0,1.1817228691268586,1
19934,2,0,1,1,1.7553414167035193,0
19935,3,1,0,0,-inf,1
19936,3,1,0,1,0.6388760544233948,1
19937,2,1,1,1,2.5419295557022794,1
19938,2,0,0,1,1.020449507377481,1
19939,2,1,1,1,0.6916082188964066,1
19940,1,0,1,0,0.1741647632674106,0
19941,2,0,1,1,0.20719741991209495,0
19942,2,1,0,1,1.2123968389680033,1
19943,1,1,1,0,-0.35909972081960934,0
19944,1,0,1,1,1.2110351233833205,1
19945,3,1,0,0,0.043585323275689314,0
19946,2,0,1,1,1.991548420951164,1
19947,2,0,1,0,1.0308353971547461,1
19948,1,1,0,0,-0.7214126327870636,1
19949,2,0,1,0,1.9638587263419351,1
19950,1,1,0,0,-0.6703805879404285,0
19951,3,0,1,1,2.5355557136017985,1
19952,2,1,0,1,0.7080794359850411,0
19953,3,0,1,1,1.0289742612386852,1
19954,1,0,1,0,1.0729632896426267,1
19955,1,1,0,0,-0.38218502783652497,0
19956,3,0,0,0,0.46242947480175267,1
19957,3,1,0,0,2.4074681946918517,0
19958,2,0,0,0,0.375155940908548,0
19959,1,0,0,0,-inf,1
19960,3,0,0,1,0.40763263672775607,1
19961,1,1,0,1,-0.7785459254893863,0
19962,1,1,1,1,-0.049004493750226086,0
19963,1,1,1,1,-0.24228021588741594,1
19964,1,0,0,0,-0.3961331709290718,0
19965,2,1,0,0,-0.391069990232987,0
19966,2,1,1,1,1.8895715154770683,0
19967,3,1,0,0,0.5227912388565409,0
19968,2,1,1,1,1.805519817981784,1
19969,2,0,0,0,-0.8175291413016554,0
19970,2,1,0,0,-0.45524475046171736,0
19971,1,1,1,1,0.7991659603996951,0
19972,1,1,0,0,-0.12388606110913314,1
19973,1,0,1,1,-0.013114218806530853,1
19974,2,1,0,1,-inf,0
19975,3,1,1,1,0.911374924783534,1
19976,1,0,0,0,0.4393926984292491,0
19977,3,1,1,0,2.3162014865059586,1
19978,3,1,0,1,0.647999974039724,0
19979,2,1,0,1,0.3679393951589982,0
19980,1,1,0,1,0.4519504216505105,0
19981,2,1,0,0,0.9293153159573264,0
19982,1,0,0,0,1.5994902974444938,0
19983,1,1,0,1,-1.4151122526884599,0
19984,2,0,0,0,1.2338133951282777,0
19985,2,0,1,0,1.7176820933649748,0
19986,1,0,0,0,0.03849717621151333,0
19987,1,0,0,1,-0.9916329587881909,0
19988,3,0,1,0,2.36575238457073,1
19989,2,0,1,1,2.568502265966021,1
19990,1,1,0,1,-0.9147192361591627,1
19991,2,1,1,0,0.22144100112552323,1
19992,1,1,1,0,0.8324814228281132,0
19993,1,1,0,0,-0.1510922506405073,0
19994,1,0,0,0,0.6740279031353263,1
19995,2,1,0,1,0.3531257335964043,0
19996,2,0,0,1,0.5054481038979965,1
19997,3,1,0,0,-0.10023486813399296,1
19998,3,1,0,1,0.7381301692707486,1
19999,3,0,0,1,1.1722526188914382,0
20000,2,0,0,0,1.2846107108089646,0
